transformer_id,timestamp,anomaly_score,health_score
0157b60c-d630-40b5-b45b-668666f76c5a,2026-07-30,5.0,95
0157b60c-d630-40b5-b45b-668666f76c5a,2026-07-31,5.0,95
0157b60c-d630-40b5-b45b-668666f76c5a,2026-08-01,5.0,95
0157b60c-d630-40b5-b45b-668666f76c5a,2026-08-02,5.0,95
0157b60c-d630-40b5-b45b-668666f76c5a,2026-08-03,5.0,95
0157b60c-d630-40b5-b45b-668666f76c5a,2026-08-04,5.0,95
0157b60c-d630-40b5-b45b-668666f76c5a,2026-08-05,1.4,98
01a00cd8-69b9-4996-ae0f-041ff2478d9b,2026-07-30,5.0,95
01a00cd8-69b9-4996-ae0f-041ff2478d9b,2026-07-31,5.26,94
01a00cd8-69b9-4996-ae0f-041ff2478d9b,2026-08-01,5.0,95
01a00cd8-69b9-4996-ae0f-041ff2478d9b,2026-08-02,5.0,95
01a00cd8-69b9-4996-ae0f-041ff2478d9b,2026-08-03,6.4,93
01a00cd8-69b9-4996-ae0f-041ff2478d9b,2026-08-04,6.64,93
01a00cd8-69b9-4996-ae0f-041ff2478d9b,2026-08-05,6.8,93
03829337-06dc-4339-88be-70c9e7cba626,2026-07-30,5.0,95
03829337-06dc-4339-88be-70c9e7cba626,2026-07-31,5.0,95
03829337-06dc-4339-88be-70c9e7cba626,2026-08-01,5.0,95
03829337-06dc-4339-88be-70c9e7cba626,2026-08-02,5.0,95
03829337-06dc-4339-88be-70c9e7cba626,2026-08-03,5.0,95
03829337-06dc-4339-88be-70c9e7cba626,2026-08-04,6.55,93
03829337-06dc-4339-88be-70c9e7cba626,2026-08-05,3.3,96
03885733-23ce-4e6f-a07a-c49466a85dbb,2026-07-30,8.71,91
03885733-23ce-4e6f-a07a-c49466a85dbb,2026-07-31,10.5,89
03885733-23ce-4e6f-a07a-c49466a85dbb,2026-08-01,20.02,79
03885733-23ce-4e6f-a07a-c49466a85dbb,2026-08-02,11.16,88
03885733-23ce-4e6f-a07a-c49466a85dbb,2026-08-03,14.95,85
03885733-23ce-4e6f-a07a-c49466a85dbb,2026-08-04,16.96,83
03885733-23ce-4e6f-a07a-c49466a85dbb,2026-08-05,16.5,83
03940694-6b33-490c-afc3-267bd64bf402,2026-07-30,5.0,95
03940694-6b33-490c-afc3-267bd64bf402,2026-07-31,5.05,94
03940694-6b33-490c-afc3-267bd64bf402,2026-08-01,5.0,95
03940694-6b33-490c-afc3-267bd64bf402,2026-08-02,5.0,95
03940694-6b33-490c-afc3-267bd64bf402,2026-08-03,5.0,95
03940694-6b33-490c-afc3-267bd64bf402,2026-08-04,5.0,95
03940694-6b33-490c-afc3-267bd64bf402,2026-08-05,1.4,98
0406f7e2-bb36-4546-a3be-daa55725fa9b,2026-07-30,5.0,95
0406f7e2-bb36-4546-a3be-daa55725fa9b,2026-07-31,5.0,95
0406f7e2-bb36-4546-a3be-daa55725fa9b,2026-08-01,5.0,95
0406f7e2-bb36-4546-a3be-daa55725fa9b,2026-08-02,5.0,95
0406f7e2-bb36-4546-a3be-daa55725fa9b,2026-08-03,5.0,95
0406f7e2-bb36-4546-a3be-daa55725fa9b,2026-08-04,5.0,95
0406f7e2-bb36-4546-a3be-daa55725fa9b,2026-08-05,1.4,98
046a46df-7649-46ef-9946-eb024949b139,2026-07-30,5.0,95
046a46df-7649-46ef-9946-eb024949b139,2026-07-31,5.0,95
046a46df-7649-46ef-9946-eb024949b139,2026-08-01,5.0,95
046a46df-7649-46ef-9946-eb024949b139,2026-08-02,5.0,95
046a46df-7649-46ef-9946-eb024949b139,2026-08-03,5.0,95
046a46df-7649-46ef-9946-eb024949b139,2026-08-04,5.0,95
046a46df-7649-46ef-9946-eb024949b139,2026-08-05,1.4,98
0470cc96-9f22-4ad4-bfd2-cb674063ef19,2026-07-30,5.0,95
0470cc96-9f22-4ad4-bfd2-cb674063ef19,2026-07-31,5.01,94
0470cc96-9f22-4ad4-bfd2-cb674063ef19,2026-08-01,5.0,95
0470cc96-9f22-4ad4-bfd2-cb674063ef19,2026-08-02,5.0,95
0470cc96-9f22-4ad4-bfd2-cb674063ef19,2026-08-03,5.0,95
0470cc96-9f22-4ad4-bfd2-cb674063ef19,2026-08-04,5.0,95
0470cc96-9f22-4ad4-bfd2-cb674063ef19,2026-08-05,1.4,98
04f4d3fa-ba6d-4814-abdc-f7d1857c49b6,2026-07-30,5.0,95
04f4d3fa-ba6d-4814-abdc-f7d1857c49b6,2026-07-31,5.0,95
04f4d3fa-ba6d-4814-abdc-f7d1857c49b6,2026-08-01,5.0,95
04f4d3fa-ba6d-4814-abdc-f7d1857c49b6,2026-08-02,5.0,95
04f4d3fa-ba6d-4814-abdc-f7d1857c49b6,2026-08-03,5.0,95
04f4d3fa-ba6d-4814-abdc-f7d1857c49b6,2026-08-04,5.0,95
04f4d3fa-ba6d-4814-abdc-f7d1857c49b6,2026-08-05,1.4,98
07b47c85-d843-4f51-86c8-ed8e0f322c8b,2026-07-30,5.0,95
07b47c85-d843-4f51-86c8-ed8e0f322c8b,2026-07-31,5.0,95
07b47c85-d843-4f51-86c8-ed8e0f322c8b,2026-08-01,5.0,95
07b47c85-d843-4f51-86c8-ed8e0f322c8b,2026-08-02,5.0,95
07b47c85-d843-4f51-86c8-ed8e0f322c8b,2026-08-03,5.0,95
07b47c85-d843-4f51-86c8-ed8e0f322c8b,2026-08-04,5.0,95
07b47c85-d843-4f51-86c8-ed8e0f322c8b,2026-08-05,1.4,98
086ac255-af98-4988-aa3d-1fc435479b9f,2026-07-30,5.0,95
086ac255-af98-4988-aa3d-1fc435479b9f,2026-07-31,5.0,95
086ac255-af98-4988-aa3d-1fc435479b9f,2026-08-01,5.14,94
086ac255-af98-4988-aa3d-1fc435479b9f,2026-08-02,5.0,95
086ac255-af98-4988-aa3d-1fc435479b9f,2026-08-03,5.0,95
086ac255-af98-4988-aa3d-1fc435479b9f,2026-08-04,5.0,95
086ac255-af98-4988-aa3d-1fc435479b9f,2026-08-05,1.4,98
0ca0de77-6b95-4685-844b-b20240080bc9,2026-07-30,5.0,95
0ca0de77-6b95-4685-844b-b20240080bc9,2026-07-31,5.0,95
0ca0de77-6b95-4685-844b-b20240080bc9,2026-08-01,5.0,95
0ca0de77-6b95-4685-844b-b20240080bc9,2026-08-02,5.0,95
0ca0de77-6b95-4685-844b-b20240080bc9,2026-08-03,5.0,95
0ca0de77-6b95-4685-844b-b20240080bc9,2026-08-04,5.0,95
0ca0de77-6b95-4685-844b-b20240080bc9,2026-08-05,1.4,98
0f7c920e-b653-4aa3-a5ab-9f868da9d222,2026-07-30,7.51,92
0f7c920e-b653-4aa3-a5ab-9f868da9d222,2026-07-31,6.08,93
0f7c920e-b653-4aa3-a5ab-9f868da9d222,2026-08-01,5.0,95
0f7c920e-b653-4aa3-a5ab-9f868da9d222,2026-08-02,5.0,95
0f7c920e-b653-4aa3-a5ab-9f868da9d222,2026-08-03,5.0,95
0f7c920e-b653-4aa3-a5ab-9f868da9d222,2026-08-04,5.0,95
0f7c920e-b653-4aa3-a5ab-9f868da9d222,2026-08-05,1.4,98
13966d0c-16bf-4d95-90c1-ff776459c2fe,2026-07-30,5.0,95
13966d0c-16bf-4d95-90c1-ff776459c2fe,2026-07-31,5.0,95
13966d0c-16bf-4d95-90c1-ff776459c2fe,2026-08-01,5.0,95
13966d0c-16bf-4d95-90c1-ff776459c2fe,2026-08-02,5.0,95
13966d0c-16bf-4d95-90c1-ff776459c2fe,2026-08-03,5.1,94
13966d0c-16bf-4d95-90c1-ff776459c2fe,2026-08-04,5.0,95
13966d0c-16bf-4d95-90c1-ff776459c2fe,2026-08-05,1.4,98
14104917-e0bc-4ca5-a56a-45374c20879d,2026-07-30,87.02,12
14104917-e0bc-4ca5-a56a-45374c20879d,2026-07-31,98.0,2
14104917-e0bc-4ca5-a56a-45374c20879d,2026-08-01,96.85,3
14104917-e0bc-4ca5-a56a-45374c20879d,2026-08-02,90.79,9
14104917-e0bc-4ca5-a56a-45374c20879d,2026-08-03,92.88,7
14104917-e0bc-4ca5-a56a-45374c20879d,2026-08-04,95.77,4
14104917-e0bc-4ca5-a56a-45374c20879d,2026-08-05,95.6,4
144f1e05-a8d1-4722-adbf-cc2d32910bcb,2026-07-30,87.06,12
144f1e05-a8d1-4722-adbf-cc2d32910bcb,2026-07-31,83.8,16
144f1e05-a8d1-4722-adbf-cc2d32910bcb,2026-08-01,90.93,9
144f1e05-a8d1-4722-adbf-cc2d32910bcb,2026-08-02,90.08,9
144f1e05-a8d1-4722-adbf-cc2d32910bcb,2026-08-03,88.76,11
144f1e05-a8d1-4722-adbf-cc2d32910bcb,2026-08-04,90.54,9
144f1e05-a8d1-4722-adbf-cc2d32910bcb,2026-08-05,92.8,7
14c69d47-92e3-49c4-8d92-a9ca0252005f,2026-07-30,5.0,95
14c69d47-92e3-49c4-8d92-a9ca0252005f,2026-07-31,5.0,95
14c69d47-92e3-49c4-8d92-a9ca0252005f,2026-08-01,5.0,95
14c69d47-92e3-49c4-8d92-a9ca0252005f,2026-08-02,5.0,95
14c69d47-92e3-49c4-8d92-a9ca0252005f,2026-08-03,5.0,95
14c69d47-92e3-49c4-8d92-a9ca0252005f,2026-08-04,5.0,95
14c69d47-92e3-49c4-8d92-a9ca0252005f,2026-08-05,2.3,97
14d1cf54-d3e4-4862-90c7-34e0441e4b82,2026-07-30,5.0,95
14d1cf54-d3e4-4862-90c7-34e0441e4b82,2026-07-31,5.0,95
14d1cf54-d3e4-4862-90c7-34e0441e4b82,2026-08-01,5.0,95
14d1cf54-d3e4-4862-90c7-34e0441e4b82,2026-08-02,5.0,95
14d1cf54-d3e4-4862-90c7-34e0441e4b82,2026-08-03,5.0,95
14d1cf54-d3e4-4862-90c7-34e0441e4b82,2026-08-04,5.0,95
14d1cf54-d3e4-4862-90c7-34e0441e4b82,2026-08-05,1.4,98
2c5e5049-a59c-4ce6-ae37-58a2b8b66a15,2026-07-30,5.58,94
2c5e5049-a59c-4ce6-ae37-58a2b8b66a15,2026-07-31,5.0,95
2c5e5049-a59c-4ce6-ae37-58a2b8b66a15,2026-08-01,5.0,95
2c5e5049-a59c-4ce6-ae37-58a2b8b66a15,2026-08-02,5.0,95
2c5e5049-a59c-4ce6-ae37-58a2b8b66a15,2026-08-03,5.0,95
2c5e5049-a59c-4ce6-ae37-58a2b8b66a15,2026-08-04,5.0,95
2c5e5049-a59c-4ce6-ae37-58a2b8b66a15,2026-08-05,1.4,98
2c984da0-aa5a-48fb-a809-7d3c6ce8bc61,2026-07-30,5.0,95
2c984da0-aa5a-48fb-a809-7d3c6ce8bc61,2026-07-31,5.0,95
2c984da0-aa5a-48fb-a809-7d3c6ce8bc61,2026-08-01,5.0,95
2c984da0-aa5a-48fb-a809-7d3c6ce8bc61,2026-08-02,5.0,95
2c984da0-aa5a-48fb-a809-7d3c6ce8bc61,2026-08-03,5.0,95
2c984da0-aa5a-48fb-a809-7d3c6ce8bc61,2026-08-04,5.0,95
2c984da0-aa5a-48fb-a809-7d3c6ce8bc61,2026-08-05,3.4,96
2ccc7a6d-32e6-44ff-94e7-70c15f289f3a,2026-07-30,5.0,95
2ccc7a6d-32e6-44ff-94e7-70c15f289f3a,2026-07-31,5.0,95
2ccc7a6d-32e6-44ff-94e7-70c15f289f3a,2026-08-01,5.0,95
2ccc7a6d-32e6-44ff-94e7-70c15f289f3a,2026-08-02,5.0,95
2ccc7a6d-32e6-44ff-94e7-70c15f289f3a,2026-08-03,5.0,95
2ccc7a6d-32e6-44ff-94e7-70c15f289f3a,2026-08-04,5.0,95
2ccc7a6d-32e6-44ff-94e7-70c15f289f3a,2026-08-05,1.4,98
2da91934-8299-4139-9745-ff04f70f62a0,2026-07-30,5.0,95
2da91934-8299-4139-9745-ff04f70f62a0,2026-07-31,5.0,95
2da91934-8299-4139-9745-ff04f70f62a0,2026-08-01,5.0,95
2da91934-8299-4139-9745-ff04f70f62a0,2026-08-02,5.0,95
2da91934-8299-4139-9745-ff04f70f62a0,2026-08-03,5.0,95
2da91934-8299-4139-9745-ff04f70f62a0,2026-08-04,5.0,95
2da91934-8299-4139-9745-ff04f70f62a0,2026-08-05,2.6,97
2dc35fc0-6471-406b-aa70-ae5eb122a824,2026-07-30,5.0,95
2dc35fc0-6471-406b-aa70-ae5eb122a824,2026-07-31,5.0,95
2dc35fc0-6471-406b-aa70-ae5eb122a824,2026-08-01,5.0,95
2dc35fc0-6471-406b-aa70-ae5eb122a824,2026-08-02,5.0,95
2dc35fc0-6471-406b-aa70-ae5eb122a824,2026-08-03,5.0,95
2dc35fc0-6471-406b-aa70-ae5eb122a824,2026-08-04,5.0,95
2dc35fc0-6471-406b-aa70-ae5eb122a824,2026-08-05,1.4,98
2e9451b7-90ab-4d9a-8b7e-2d1ed78ae5c6,2026-07-30,5.0,95
2e9451b7-90ab-4d9a-8b7e-2d1ed78ae5c6,2026-07-31,5.0,95
2e9451b7-90ab-4d9a-8b7e-2d1ed78ae5c6,2026-08-01,5.0,95
2e9451b7-90ab-4d9a-8b7e-2d1ed78ae5c6,2026-08-02,5.0,95
2e9451b7-90ab-4d9a-8b7e-2d1ed78ae5c6,2026-08-03,5.0,95
2e9451b7-90ab-4d9a-8b7e-2d1ed78ae5c6,2026-08-04,5.0,95
2e9451b7-90ab-4d9a-8b7e-2d1ed78ae5c6,2026-08-05,4.3,95
021c52df-15b0-49c7-9b24-b65568d61a22,2026-07-30,5.0,95
021c52df-15b0-49c7-9b24-b65568d61a22,2026-07-31,5.0,95
021c52df-15b0-49c7-9b24-b65568d61a22,2026-08-01,5.0,95
021c52df-15b0-49c7-9b24-b65568d61a22,2026-08-02,5.0,95
021c52df-15b0-49c7-9b24-b65568d61a22,2026-08-03,5.0,95
021c52df-15b0-49c7-9b24-b65568d61a22,2026-08-04,5.0,95
021c52df-15b0-49c7-9b24-b65568d61a22,2026-08-05,1.4,98
2ec08bdf-108d-4af7-b251-f6cb014aa31b,2026-07-30,5.0,95
2ec08bdf-108d-4af7-b251-f6cb014aa31b,2026-07-31,5.0,95
2ec08bdf-108d-4af7-b251-f6cb014aa31b,2026-08-01,5.0,95
2ec08bdf-108d-4af7-b251-f6cb014aa31b,2026-08-02,5.0,95
2ec08bdf-108d-4af7-b251-f6cb014aa31b,2026-08-03,5.0,95
2ec08bdf-108d-4af7-b251-f6cb014aa31b,2026-08-04,5.0,95
2ec08bdf-108d-4af7-b251-f6cb014aa31b,2026-08-05,1.4,98
301a4380-24f2-4ebd-9702-41bf0c1257f2,2026-07-30,5.0,95
301a4380-24f2-4ebd-9702-41bf0c1257f2,2026-07-31,5.0,95
301a4380-24f2-4ebd-9702-41bf0c1257f2,2026-08-01,5.0,95
301a4380-24f2-4ebd-9702-41bf0c1257f2,2026-08-02,5.0,95
301a4380-24f2-4ebd-9702-41bf0c1257f2,2026-08-03,5.0,95
301a4380-24f2-4ebd-9702-41bf0c1257f2,2026-08-04,5.0,95
301a4380-24f2-4ebd-9702-41bf0c1257f2,2026-08-05,1.4,98
30b6ef6e-b002-4b30-879d-6ff608991b7f,2026-07-30,5.0,95
30b6ef6e-b002-4b30-879d-6ff608991b7f,2026-07-31,5.0,95
30b6ef6e-b002-4b30-879d-6ff608991b7f,2026-08-01,5.0,95
30b6ef6e-b002-4b30-879d-6ff608991b7f,2026-08-02,5.0,95
30b6ef6e-b002-4b30-879d-6ff608991b7f,2026-08-03,5.0,95
30b6ef6e-b002-4b30-879d-6ff608991b7f,2026-08-04,5.0,95
30b6ef6e-b002-4b30-879d-6ff608991b7f,2026-08-05,2.5,97
32b42b36-2362-4b71-bc53-dcbecbe021a9,2026-07-30,5.0,95
32b42b36-2362-4b71-bc53-dcbecbe021a9,2026-07-31,5.0,95
32b42b36-2362-4b71-bc53-dcbecbe021a9,2026-08-01,5.0,95
32b42b36-2362-4b71-bc53-dcbecbe021a9,2026-08-02,5.0,95
32b42b36-2362-4b71-bc53-dcbecbe021a9,2026-08-03,5.0,95
32b42b36-2362-4b71-bc53-dcbecbe021a9,2026-08-04,5.0,95
32b42b36-2362-4b71-bc53-dcbecbe021a9,2026-08-05,1.4,98
34827431-62fd-4295-8238-3948c4040439,2026-07-30,5.0,95
34827431-62fd-4295-8238-3948c4040439,2026-07-31,5.0,95
34827431-62fd-4295-8238-3948c4040439,2026-08-01,5.5,94
34827431-62fd-4295-8238-3948c4040439,2026-08-02,5.0,95
34827431-62fd-4295-8238-3948c4040439,2026-08-03,5.0,95
34827431-62fd-4295-8238-3948c4040439,2026-08-04,5.0,95
34827431-62fd-4295-8238-3948c4040439,2026-08-05,1.4,98
354ef242-8434-49ba-bf0a-466a0beff92b,2026-07-30,5.0,95
354ef242-8434-49ba-bf0a-466a0beff92b,2026-07-31,5.0,95
354ef242-8434-49ba-bf0a-466a0beff92b,2026-08-01,5.0,95
354ef242-8434-49ba-bf0a-466a0beff92b,2026-08-02,5.0,95
354ef242-8434-49ba-bf0a-466a0beff92b,2026-08-03,5.0,95
354ef242-8434-49ba-bf0a-466a0beff92b,2026-08-04,5.0,95
354ef242-8434-49ba-bf0a-466a0beff92b,2026-08-05,1.4,98
3581cf74-4b66-4b3d-ba88-4b35f0ae3a73,2026-07-30,5.0,95
3581cf74-4b66-4b3d-ba88-4b35f0ae3a73,2026-07-31,5.0,95
3581cf74-4b66-4b3d-ba88-4b35f0ae3a73,2026-08-01,5.0,95
3581cf74-4b66-4b3d-ba88-4b35f0ae3a73,2026-08-02,5.0,95
3581cf74-4b66-4b3d-ba88-4b35f0ae3a73,2026-08-03,5.0,95
3581cf74-4b66-4b3d-ba88-4b35f0ae3a73,2026-08-04,5.0,95
3581cf74-4b66-4b3d-ba88-4b35f0ae3a73,2026-08-05,1.3,98
35896d7f-b9a9-408c-87c1-be1604b4bc8f,2026-07-30,5.0,95
35896d7f-b9a9-408c-87c1-be1604b4bc8f,2026-07-31,5.0,95
35896d7f-b9a9-408c-87c1-be1604b4bc8f,2026-08-01,5.0,95
35896d7f-b9a9-408c-87c1-be1604b4bc8f,2026-08-02,5.0,95
35896d7f-b9a9-408c-87c1-be1604b4bc8f,2026-08-03,5.0,95
35896d7f-b9a9-408c-87c1-be1604b4bc8f,2026-08-04,5.0,95
35896d7f-b9a9-408c-87c1-be1604b4bc8f,2026-08-05,1.4,98
35bd23de-d58e-4ee1-ad8b-2ef5a13b68d9,2026-07-30,5.0,95
35bd23de-d58e-4ee1-ad8b-2ef5a13b68d9,2026-07-31,5.0,95
35bd23de-d58e-4ee1-ad8b-2ef5a13b68d9,2026-08-01,5.0,95
35bd23de-d58e-4ee1-ad8b-2ef5a13b68d9,2026-08-02,5.0,95
35bd23de-d58e-4ee1-ad8b-2ef5a13b68d9,2026-08-03,5.0,95
35bd23de-d58e-4ee1-ad8b-2ef5a13b68d9,2026-08-04,5.0,95
35bd23de-d58e-4ee1-ad8b-2ef5a13b68d9,2026-08-05,1.4,98
35e271a0-1f70-44cc-96cd-baa3f636cc28,2026-07-30,5.0,95
35e271a0-1f70-44cc-96cd-baa3f636cc28,2026-07-31,5.0,95
35e271a0-1f70-44cc-96cd-baa3f636cc28,2026-08-01,5.0,95
35e271a0-1f70-44cc-96cd-baa3f636cc28,2026-08-02,5.0,95
35e271a0-1f70-44cc-96cd-baa3f636cc28,2026-08-03,5.0,95
35e271a0-1f70-44cc-96cd-baa3f636cc28,2026-08-04,5.0,95
35e271a0-1f70-44cc-96cd-baa3f636cc28,2026-08-05,1.4,98
371cf229-c309-442c-9977-549c93027b4c,2026-07-30,5.0,95
371cf229-c309-442c-9977-549c93027b4c,2026-07-31,5.0,95
371cf229-c309-442c-9977-549c93027b4c,2026-08-01,5.38,94
371cf229-c309-442c-9977-549c93027b4c,2026-08-02,5.0,95
371cf229-c309-442c-9977-549c93027b4c,2026-08-03,5.0,95
371cf229-c309-442c-9977-549c93027b4c,2026-08-04,5.0,95
371cf229-c309-442c-9977-549c93027b4c,2026-08-05,1.3,98
374d9de8-ff44-476f-8635-e470cbdf28c8,2026-07-30,5.0,95
374d9de8-ff44-476f-8635-e470cbdf28c8,2026-07-31,5.0,95
374d9de8-ff44-476f-8635-e470cbdf28c8,2026-08-01,5.0,95
374d9de8-ff44-476f-8635-e470cbdf28c8,2026-08-02,5.0,95
374d9de8-ff44-476f-8635-e470cbdf28c8,2026-08-03,5.0,95
374d9de8-ff44-476f-8635-e470cbdf28c8,2026-08-04,5.0,95
374d9de8-ff44-476f-8635-e470cbdf28c8,2026-08-05,1.4,98
37cd3676-b16b-4553-88ba-2b353699ac07,2026-07-30,5.0,95
37cd3676-b16b-4553-88ba-2b353699ac07,2026-07-31,5.0,95
37cd3676-b16b-4553-88ba-2b353699ac07,2026-08-01,5.0,95
37cd3676-b16b-4553-88ba-2b353699ac07,2026-08-02,5.0,95
37cd3676-b16b-4553-88ba-2b353699ac07,2026-08-03,5.0,95
37cd3676-b16b-4553-88ba-2b353699ac07,2026-08-04,5.0,95
37cd3676-b16b-4553-88ba-2b353699ac07,2026-08-05,1.4,98
37f1312e-b540-4d00-9869-1d317ab1fd85,2026-07-30,5.0,95
37f1312e-b540-4d00-9869-1d317ab1fd85,2026-07-31,5.0,95
37f1312e-b540-4d00-9869-1d317ab1fd85,2026-08-01,5.0,95
37f1312e-b540-4d00-9869-1d317ab1fd85,2026-08-02,5.28,94
37f1312e-b540-4d00-9869-1d317ab1fd85,2026-08-03,5.0,95
37f1312e-b540-4d00-9869-1d317ab1fd85,2026-08-04,5.0,95
37f1312e-b540-4d00-9869-1d317ab1fd85,2026-08-05,1.4,98
3a0d8f4b-515e-4a94-9ab2-52f42f5c6fbb,2026-07-30,5.0,95
3a0d8f4b-515e-4a94-9ab2-52f42f5c6fbb,2026-07-31,5.0,95
3a0d8f4b-515e-4a94-9ab2-52f42f5c6fbb,2026-08-01,5.0,95
3a0d8f4b-515e-4a94-9ab2-52f42f5c6fbb,2026-08-02,5.0,95
3a0d8f4b-515e-4a94-9ab2-52f42f5c6fbb,2026-08-03,5.0,95
3a0d8f4b-515e-4a94-9ab2-52f42f5c6fbb,2026-08-04,5.0,95
3a0d8f4b-515e-4a94-9ab2-52f42f5c6fbb,2026-08-05,1.4,98
3a41cde5-c772-4958-b604-3c6bc63e2a6c,2026-07-30,5.0,95
3a41cde5-c772-4958-b604-3c6bc63e2a6c,2026-07-31,5.0,95
3a41cde5-c772-4958-b604-3c6bc63e2a6c,2026-08-01,5.0,95
3a41cde5-c772-4958-b604-3c6bc63e2a6c,2026-08-02,5.0,95
3a41cde5-c772-4958-b604-3c6bc63e2a6c,2026-08-03,5.0,95
3a41cde5-c772-4958-b604-3c6bc63e2a6c,2026-08-04,5.04,94
3a41cde5-c772-4958-b604-3c6bc63e2a6c,2026-08-05,2.8,97
3a79318a-4860-413d-9a6a-45f0ca4d25a4,2026-07-30,5.0,95
3a79318a-4860-413d-9a6a-45f0ca4d25a4,2026-07-31,5.0,95
3a79318a-4860-413d-9a6a-45f0ca4d25a4,2026-08-01,5.0,95
3a79318a-4860-413d-9a6a-45f0ca4d25a4,2026-08-02,5.0,95
3a79318a-4860-413d-9a6a-45f0ca4d25a4,2026-08-03,5.03,94
3a79318a-4860-413d-9a6a-45f0ca4d25a4,2026-08-04,5.0,95
3a79318a-4860-413d-9a6a-45f0ca4d25a4,2026-08-05,1.4,98
3a7d27c9-36cf-4246-a5e2-0f857b6a5f83,2026-07-30,5.0,95
3a7d27c9-36cf-4246-a5e2-0f857b6a5f83,2026-07-31,5.0,95
3a7d27c9-36cf-4246-a5e2-0f857b6a5f83,2026-08-01,5.0,95
3a7d27c9-36cf-4246-a5e2-0f857b6a5f83,2026-08-02,5.0,95
3a7d27c9-36cf-4246-a5e2-0f857b6a5f83,2026-08-03,5.0,95
3a7d27c9-36cf-4246-a5e2-0f857b6a5f83,2026-08-04,5.0,95
3a7d27c9-36cf-4246-a5e2-0f857b6a5f83,2026-08-05,1.3,98
3abb9d03-7f5e-41c9-8057-279dd2a26b2c,2026-07-30,5.0,95
3abb9d03-7f5e-41c9-8057-279dd2a26b2c,2026-07-31,5.0,95
3abb9d03-7f5e-41c9-8057-279dd2a26b2c,2026-08-01,5.0,95
3abb9d03-7f5e-41c9-8057-279dd2a26b2c,2026-08-02,5.0,95
3abb9d03-7f5e-41c9-8057-279dd2a26b2c,2026-08-03,5.06,94
3abb9d03-7f5e-41c9-8057-279dd2a26b2c,2026-08-04,5.0,95
3abb9d03-7f5e-41c9-8057-279dd2a26b2c,2026-08-05,1.4,98
3c2e80d6-f286-4090-bc7f-75bfde08e854,2026-07-30,5.0,95
3c2e80d6-f286-4090-bc7f-75bfde08e854,2026-07-31,5.0,95
3c2e80d6-f286-4090-bc7f-75bfde08e854,2026-08-01,5.0,95
3c2e80d6-f286-4090-bc7f-75bfde08e854,2026-08-02,5.0,95
3c2e80d6-f286-4090-bc7f-75bfde08e854,2026-08-03,5.0,95
3c2e80d6-f286-4090-bc7f-75bfde08e854,2026-08-04,5.0,95
3c2e80d6-f286-4090-bc7f-75bfde08e854,2026-08-05,1.4,98
434208c3-69cf-4982-a198-8d59c4186edd,2026-07-30,5.0,95
434208c3-69cf-4982-a198-8d59c4186edd,2026-07-31,5.0,95
434208c3-69cf-4982-a198-8d59c4186edd,2026-08-01,5.0,95
434208c3-69cf-4982-a198-8d59c4186edd,2026-08-02,5.0,95
434208c3-69cf-4982-a198-8d59c4186edd,2026-08-03,5.0,95
434208c3-69cf-4982-a198-8d59c4186edd,2026-08-04,5.0,95
434208c3-69cf-4982-a198-8d59c4186edd,2026-08-05,1.4,98
43edc274-39a9-430d-b2bf-7c464fdb1303,2026-07-30,5.0,95
43edc274-39a9-430d-b2bf-7c464fdb1303,2026-07-31,5.0,95
43edc274-39a9-430d-b2bf-7c464fdb1303,2026-08-01,5.0,95
43edc274-39a9-430d-b2bf-7c464fdb1303,2026-08-02,5.0,95
43edc274-39a9-430d-b2bf-7c464fdb1303,2026-08-03,5.0,95
43edc274-39a9-430d-b2bf-7c464fdb1303,2026-08-04,5.0,95
43edc274-39a9-430d-b2bf-7c464fdb1303,2026-08-05,3.1,96
45a5c1ad-a3ad-4dc7-8df5-3ab8009f875c,2026-07-30,5.0,95
45a5c1ad-a3ad-4dc7-8df5-3ab8009f875c,2026-07-31,5.0,95
45a5c1ad-a3ad-4dc7-8df5-3ab8009f875c,2026-08-01,6.95,93
45a5c1ad-a3ad-4dc7-8df5-3ab8009f875c,2026-08-02,5.0,95
45a5c1ad-a3ad-4dc7-8df5-3ab8009f875c,2026-08-03,5.0,95
45a5c1ad-a3ad-4dc7-8df5-3ab8009f875c,2026-08-04,5.0,95
45a5c1ad-a3ad-4dc7-8df5-3ab8009f875c,2026-08-05,1.4,98
468dfee2-f26a-4f0b-95ee-6cd4674866d7,2026-07-30,5.0,95
468dfee2-f26a-4f0b-95ee-6cd4674866d7,2026-07-31,5.0,95
468dfee2-f26a-4f0b-95ee-6cd4674866d7,2026-08-01,5.0,95
468dfee2-f26a-4f0b-95ee-6cd4674866d7,2026-08-02,5.79,94
468dfee2-f26a-4f0b-95ee-6cd4674866d7,2026-08-03,5.0,95
468dfee2-f26a-4f0b-95ee-6cd4674866d7,2026-08-04,5.0,95
468dfee2-f26a-4f0b-95ee-6cd4674866d7,2026-08-05,1.4,98
468eca21-9f23-4a17-a128-74f9a1c946c2,2026-07-30,5.0,95
468eca21-9f23-4a17-a128-74f9a1c946c2,2026-07-31,5.0,95
468eca21-9f23-4a17-a128-74f9a1c946c2,2026-08-01,5.0,95
468eca21-9f23-4a17-a128-74f9a1c946c2,2026-08-02,5.0,95
468eca21-9f23-4a17-a128-74f9a1c946c2,2026-08-03,5.0,95
468eca21-9f23-4a17-a128-74f9a1c946c2,2026-08-04,5.0,95
468eca21-9f23-4a17-a128-74f9a1c946c2,2026-08-05,1.4,98
469c9721-ff18-43aa-9b54-ee51fd5c6255,2026-07-30,5.0,95
469c9721-ff18-43aa-9b54-ee51fd5c6255,2026-07-31,5.0,95
469c9721-ff18-43aa-9b54-ee51fd5c6255,2026-08-01,5.0,95
469c9721-ff18-43aa-9b54-ee51fd5c6255,2026-08-02,5.0,95
469c9721-ff18-43aa-9b54-ee51fd5c6255,2026-08-03,5.0,95
469c9721-ff18-43aa-9b54-ee51fd5c6255,2026-08-04,5.0,95
469c9721-ff18-43aa-9b54-ee51fd5c6255,2026-08-05,1.4,98
469e5049-8351-4dbc-a2bf-212f5ef3b9c9,2026-07-30,5.0,95
469e5049-8351-4dbc-a2bf-212f5ef3b9c9,2026-07-31,5.0,95
469e5049-8351-4dbc-a2bf-212f5ef3b9c9,2026-08-01,5.0,95
469e5049-8351-4dbc-a2bf-212f5ef3b9c9,2026-08-02,5.0,95
469e5049-8351-4dbc-a2bf-212f5ef3b9c9,2026-08-03,5.0,95
469e5049-8351-4dbc-a2bf-212f5ef3b9c9,2026-08-04,5.0,95
469e5049-8351-4dbc-a2bf-212f5ef3b9c9,2026-08-05,1.4,98
46f06db7-a3ae-4e97-9ba7-80048414a5f8,2026-07-30,5.0,95
46f06db7-a3ae-4e97-9ba7-80048414a5f8,2026-07-31,5.0,95
46f06db7-a3ae-4e97-9ba7-80048414a5f8,2026-08-01,5.0,95
46f06db7-a3ae-4e97-9ba7-80048414a5f8,2026-08-02,5.0,95
46f06db7-a3ae-4e97-9ba7-80048414a5f8,2026-08-03,5.0,95
46f06db7-a3ae-4e97-9ba7-80048414a5f8,2026-08-04,5.0,95
46f06db7-a3ae-4e97-9ba7-80048414a5f8,2026-08-05,1.4,98
477f3e30-abb6-42cb-9fc0-db22b96b5331,2026-07-30,5.0,95
477f3e30-abb6-42cb-9fc0-db22b96b5331,2026-07-31,5.0,95
477f3e30-abb6-42cb-9fc0-db22b96b5331,2026-08-01,5.0,95
477f3e30-abb6-42cb-9fc0-db22b96b5331,2026-08-02,5.0,95
477f3e30-abb6-42cb-9fc0-db22b96b5331,2026-08-03,5.0,95
477f3e30-abb6-42cb-9fc0-db22b96b5331,2026-08-04,5.0,95
477f3e30-abb6-42cb-9fc0-db22b96b5331,2026-08-05,1.4,98
47a904d9-622b-4161-9808-6e68bc5d4a26,2026-07-30,5.0,95
47a904d9-622b-4161-9808-6e68bc5d4a26,2026-07-31,5.0,95
47a904d9-622b-4161-9808-6e68bc5d4a26,2026-08-01,5.0,95
47a904d9-622b-4161-9808-6e68bc5d4a26,2026-08-02,5.74,94
47a904d9-622b-4161-9808-6e68bc5d4a26,2026-08-03,5.0,95
47a904d9-622b-4161-9808-6e68bc5d4a26,2026-08-04,5.0,95
47a904d9-622b-4161-9808-6e68bc5d4a26,2026-08-05,1.4,98
4863faaf-fffc-4c92-8667-ca7d4a1ffcc8,2026-07-30,5.0,95
4863faaf-fffc-4c92-8667-ca7d4a1ffcc8,2026-07-31,5.0,95
4863faaf-fffc-4c92-8667-ca7d4a1ffcc8,2026-08-01,5.0,95
4863faaf-fffc-4c92-8667-ca7d4a1ffcc8,2026-08-02,5.0,95
4863faaf-fffc-4c92-8667-ca7d4a1ffcc8,2026-08-03,5.0,95
4863faaf-fffc-4c92-8667-ca7d4a1ffcc8,2026-08-04,5.0,95
4863faaf-fffc-4c92-8667-ca7d4a1ffcc8,2026-08-05,3.3,96
486c74de-b8e4-46e0-8e21-17b68164c101,2026-07-30,90.94,9
486c74de-b8e4-46e0-8e21-17b68164c101,2026-07-31,97.31,2
486c74de-b8e4-46e0-8e21-17b68164c101,2026-08-01,94.04,5
486c74de-b8e4-46e0-8e21-17b68164c101,2026-08-02,89.44,10
486c74de-b8e4-46e0-8e21-17b68164c101,2026-08-03,98.0,2
486c74de-b8e4-46e0-8e21-17b68164c101,2026-08-04,97.66,2
486c74de-b8e4-46e0-8e21-17b68164c101,2026-08-05,95.8,4
48786624-3003-44a0-9fcf-e0373b24f13e,2026-07-30,5.0,95
48786624-3003-44a0-9fcf-e0373b24f13e,2026-07-31,5.0,95
48786624-3003-44a0-9fcf-e0373b24f13e,2026-08-01,5.0,95
48786624-3003-44a0-9fcf-e0373b24f13e,2026-08-02,5.0,95
48786624-3003-44a0-9fcf-e0373b24f13e,2026-08-03,5.0,95
48786624-3003-44a0-9fcf-e0373b24f13e,2026-08-04,5.0,95
48786624-3003-44a0-9fcf-e0373b24f13e,2026-08-05,1.4,98
4895adb3-3f1c-48f8-9576-9cec5f4ff3bd,2026-07-30,5.0,95
4895adb3-3f1c-48f8-9576-9cec5f4ff3bd,2026-07-31,5.0,95
4895adb3-3f1c-48f8-9576-9cec5f4ff3bd,2026-08-01,5.0,95
4895adb3-3f1c-48f8-9576-9cec5f4ff3bd,2026-08-02,5.0,95
4895adb3-3f1c-48f8-9576-9cec5f4ff3bd,2026-08-03,5.0,95
4895adb3-3f1c-48f8-9576-9cec5f4ff3bd,2026-08-04,5.0,95
4895adb3-3f1c-48f8-9576-9cec5f4ff3bd,2026-08-05,1.3,98
4914b646-c999-438c-9e35-50d28f9606f3,2026-07-30,5.0,95
4914b646-c999-438c-9e35-50d28f9606f3,2026-07-31,5.0,95
4914b646-c999-438c-9e35-50d28f9606f3,2026-08-01,6.78,93
4914b646-c999-438c-9e35-50d28f9606f3,2026-08-02,5.0,95
4914b646-c999-438c-9e35-50d28f9606f3,2026-08-03,5.0,95
4914b646-c999-438c-9e35-50d28f9606f3,2026-08-04,5.0,95
4914b646-c999-438c-9e35-50d28f9606f3,2026-08-05,1.4,98
49dbc77c-f6fc-45ff-a468-afa38fa8e0cd,2026-07-30,5.0,95
49dbc77c-f6fc-45ff-a468-afa38fa8e0cd,2026-07-31,5.09,94
49dbc77c-f6fc-45ff-a468-afa38fa8e0cd,2026-08-01,5.0,95
49dbc77c-f6fc-45ff-a468-afa38fa8e0cd,2026-08-02,5.0,95
49dbc77c-f6fc-45ff-a468-afa38fa8e0cd,2026-08-03,5.0,95
49dbc77c-f6fc-45ff-a468-afa38fa8e0cd,2026-08-04,5.0,95
49dbc77c-f6fc-45ff-a468-afa38fa8e0cd,2026-08-05,1.4,98
4a05391c-7bd8-4631-aec8-31c6d962bea5,2026-07-30,5.0,95
4a05391c-7bd8-4631-aec8-31c6d962bea5,2026-07-31,5.0,95
4a05391c-7bd8-4631-aec8-31c6d962bea5,2026-08-01,5.0,95
4a05391c-7bd8-4631-aec8-31c6d962bea5,2026-08-02,5.45,94
4a05391c-7bd8-4631-aec8-31c6d962bea5,2026-08-03,5.0,95
4a05391c-7bd8-4631-aec8-31c6d962bea5,2026-08-04,5.0,95
4a05391c-7bd8-4631-aec8-31c6d962bea5,2026-08-05,1.4,98
4a3105c2-ef70-4359-932d-e232d0099214,2026-07-30,5.0,95
4a3105c2-ef70-4359-932d-e232d0099214,2026-07-31,5.0,95
4a3105c2-ef70-4359-932d-e232d0099214,2026-08-01,5.0,95
4a3105c2-ef70-4359-932d-e232d0099214,2026-08-02,5.0,95
4a3105c2-ef70-4359-932d-e232d0099214,2026-08-03,5.0,95
4a3105c2-ef70-4359-932d-e232d0099214,2026-08-04,5.0,95
4a3105c2-ef70-4359-932d-e232d0099214,2026-08-05,1.4,98
4a71dafb-640d-4c71-b454-165fa370d4c3,2026-07-30,5.0,95
4a71dafb-640d-4c71-b454-165fa370d4c3,2026-07-31,5.0,95
4a71dafb-640d-4c71-b454-165fa370d4c3,2026-08-01,5.0,95
4a71dafb-640d-4c71-b454-165fa370d4c3,2026-08-02,5.0,95
4a71dafb-640d-4c71-b454-165fa370d4c3,2026-08-03,5.34,94
4a71dafb-640d-4c71-b454-165fa370d4c3,2026-08-04,5.0,95
4a71dafb-640d-4c71-b454-165fa370d4c3,2026-08-05,1.4,98
4ac4b20a-d2e3-419e-a991-7b0f157728b2,2026-07-30,5.0,95
4ac4b20a-d2e3-419e-a991-7b0f157728b2,2026-07-31,5.0,95
4ac4b20a-d2e3-419e-a991-7b0f157728b2,2026-08-01,5.0,95
4ac4b20a-d2e3-419e-a991-7b0f157728b2,2026-08-02,5.0,95
4ac4b20a-d2e3-419e-a991-7b0f157728b2,2026-08-03,5.0,95
4ac4b20a-d2e3-419e-a991-7b0f157728b2,2026-08-04,5.0,95
4ac4b20a-d2e3-419e-a991-7b0f157728b2,2026-08-05,2.1,97
4bf71370-4da5-43d6-9ba1-954a1fe72717,2026-07-30,5.0,95
4bf71370-4da5-43d6-9ba1-954a1fe72717,2026-07-31,5.0,95
4bf71370-4da5-43d6-9ba1-954a1fe72717,2026-08-01,5.0,95
4bf71370-4da5-43d6-9ba1-954a1fe72717,2026-08-02,5.32,94
4bf71370-4da5-43d6-9ba1-954a1fe72717,2026-08-03,5.0,95
4bf71370-4da5-43d6-9ba1-954a1fe72717,2026-08-04,5.0,95
4bf71370-4da5-43d6-9ba1-954a1fe72717,2026-08-05,2.8,97
5038c316-3ef3-4216-9d23-9d196424ad19,2026-07-30,5.0,95
5038c316-3ef3-4216-9d23-9d196424ad19,2026-07-31,5.0,95
5038c316-3ef3-4216-9d23-9d196424ad19,2026-08-01,5.0,95
5038c316-3ef3-4216-9d23-9d196424ad19,2026-08-02,5.0,95
5038c316-3ef3-4216-9d23-9d196424ad19,2026-08-03,5.0,95
5038c316-3ef3-4216-9d23-9d196424ad19,2026-08-04,5.0,95
5038c316-3ef3-4216-9d23-9d196424ad19,2026-08-05,2.5,97
533dce0d-c428-4ab1-a127-ac73a0739b5e,2026-07-30,5.0,95
533dce0d-c428-4ab1-a127-ac73a0739b5e,2026-07-31,5.0,95
533dce0d-c428-4ab1-a127-ac73a0739b5e,2026-08-01,5.0,95
533dce0d-c428-4ab1-a127-ac73a0739b5e,2026-08-02,5.0,95
533dce0d-c428-4ab1-a127-ac73a0739b5e,2026-08-03,5.0,95
533dce0d-c428-4ab1-a127-ac73a0739b5e,2026-08-04,5.0,95
533dce0d-c428-4ab1-a127-ac73a0739b5e,2026-08-05,2.8,97
536b4c06-0d8e-4b76-9f1f-ee9b303ead07,2026-07-30,5.0,95
536b4c06-0d8e-4b76-9f1f-ee9b303ead07,2026-07-31,5.0,95
536b4c06-0d8e-4b76-9f1f-ee9b303ead07,2026-08-01,5.0,95
536b4c06-0d8e-4b76-9f1f-ee9b303ead07,2026-08-02,5.0,95
536b4c06-0d8e-4b76-9f1f-ee9b303ead07,2026-08-03,5.0,95
536b4c06-0d8e-4b76-9f1f-ee9b303ead07,2026-08-04,5.0,95
536b4c06-0d8e-4b76-9f1f-ee9b303ead07,2026-08-05,1.4,98
5378d6c7-534e-45e4-a81d-5519bc082cdd,2026-07-30,5.0,95
5378d6c7-534e-45e4-a81d-5519bc082cdd,2026-07-31,5.0,95
5378d6c7-534e-45e4-a81d-5519bc082cdd,2026-08-01,5.0,95
5378d6c7-534e-45e4-a81d-5519bc082cdd,2026-08-02,5.0,95
5378d6c7-534e-45e4-a81d-5519bc082cdd,2026-08-03,5.0,95
5378d6c7-534e-45e4-a81d-5519bc082cdd,2026-08-04,5.0,95
5378d6c7-534e-45e4-a81d-5519bc082cdd,2026-08-05,1.4,98
74bd0024-b106-4d3e-bf1d-c2f0720e73e8,2026-07-30,5.0,95
74bd0024-b106-4d3e-bf1d-c2f0720e73e8,2026-07-31,5.0,95
74bd0024-b106-4d3e-bf1d-c2f0720e73e8,2026-08-01,5.0,95
74bd0024-b106-4d3e-bf1d-c2f0720e73e8,2026-08-02,5.24,94
74bd0024-b106-4d3e-bf1d-c2f0720e73e8,2026-08-03,5.0,95
74bd0024-b106-4d3e-bf1d-c2f0720e73e8,2026-08-04,6.26,93
74bd0024-b106-4d3e-bf1d-c2f0720e73e8,2026-08-05,2.2,97
7526d0d9-0556-4c22-9035-d0040e9c9ede,2026-07-30,5.0,95
7526d0d9-0556-4c22-9035-d0040e9c9ede,2026-07-31,5.0,95
7526d0d9-0556-4c22-9035-d0040e9c9ede,2026-08-01,5.0,95
7526d0d9-0556-4c22-9035-d0040e9c9ede,2026-08-02,5.0,95
7526d0d9-0556-4c22-9035-d0040e9c9ede,2026-08-03,5.0,95
7526d0d9-0556-4c22-9035-d0040e9c9ede,2026-08-04,5.0,95
7526d0d9-0556-4c22-9035-d0040e9c9ede,2026-08-05,1.4,98
c21c0e82-4558-43ac-9ef2-fee850323de4,2026-07-30,5.0,95
c21c0e82-4558-43ac-9ef2-fee850323de4,2026-07-31,5.0,95
c21c0e82-4558-43ac-9ef2-fee850323de4,2026-08-01,5.0,95
c21c0e82-4558-43ac-9ef2-fee850323de4,2026-08-02,5.0,95
c21c0e82-4558-43ac-9ef2-fee850323de4,2026-08-03,5.0,95
c21c0e82-4558-43ac-9ef2-fee850323de4,2026-08-04,5.0,95
c21c0e82-4558-43ac-9ef2-fee850323de4,2026-08-05,1.4,98
c2d3a6ab-f77e-4f5e-a84d-c22d42f3f6b8,2026-07-30,5.0,95
c2d3a6ab-f77e-4f5e-a84d-c22d42f3f6b8,2026-07-31,5.0,95
c2d3a6ab-f77e-4f5e-a84d-c22d42f3f6b8,2026-08-01,5.0,95
c2d3a6ab-f77e-4f5e-a84d-c22d42f3f6b8,2026-08-02,5.0,95
c2d3a6ab-f77e-4f5e-a84d-c22d42f3f6b8,2026-08-03,5.0,95
c2d3a6ab-f77e-4f5e-a84d-c22d42f3f6b8,2026-08-04,5.0,95
c2d3a6ab-f77e-4f5e-a84d-c22d42f3f6b8,2026-08-05,1.4,98
c3955b7d-78ad-4afd-b0fd-c9c55a778311,2026-07-30,5.0,95
c3955b7d-78ad-4afd-b0fd-c9c55a778311,2026-07-31,6.77,93
c3955b7d-78ad-4afd-b0fd-c9c55a778311,2026-08-01,5.0,95
c3955b7d-78ad-4afd-b0fd-c9c55a778311,2026-08-02,5.0,95
c3955b7d-78ad-4afd-b0fd-c9c55a778311,2026-08-03,5.0,95
c3955b7d-78ad-4afd-b0fd-c9c55a778311,2026-08-04,5.0,95
c3955b7d-78ad-4afd-b0fd-c9c55a778311,2026-08-05,2.6,97
c3edec9b-c69e-4941-ba94-a408f7490767,2026-07-30,82.0,18
c3edec9b-c69e-4941-ba94-a408f7490767,2026-07-31,85.75,14
c3edec9b-c69e-4941-ba94-a408f7490767,2026-08-01,90.48,9
c3edec9b-c69e-4941-ba94-a408f7490767,2026-08-02,95.68,4
c3edec9b-c69e-4941-ba94-a408f7490767,2026-08-03,87.47,12
c3edec9b-c69e-4941-ba94-a408f7490767,2026-08-04,89.76,10
c3edec9b-c69e-4941-ba94-a408f7490767,2026-08-05,92.8,7
c4893825-1042-4372-bb24-ac68e41d670c,2026-07-30,5.0,95
c4893825-1042-4372-bb24-ac68e41d670c,2026-07-31,5.0,95
c4893825-1042-4372-bb24-ac68e41d670c,2026-08-01,5.0,95
c4893825-1042-4372-bb24-ac68e41d670c,2026-08-02,5.0,95
c4893825-1042-4372-bb24-ac68e41d670c,2026-08-03,5.0,95
c4893825-1042-4372-bb24-ac68e41d670c,2026-08-04,5.0,95
c4893825-1042-4372-bb24-ac68e41d670c,2026-08-05,2.3,97
c49c8af7-711a-4867-8d64-88e56ad8346d,2026-07-30,93.92,6
c49c8af7-711a-4867-8d64-88e56ad8346d,2026-07-31,90.98,9
c49c8af7-711a-4867-8d64-88e56ad8346d,2026-08-01,93.69,6
c49c8af7-711a-4867-8d64-88e56ad8346d,2026-08-02,91.1,8
c49c8af7-711a-4867-8d64-88e56ad8346d,2026-08-03,97.22,2
c49c8af7-711a-4867-8d64-88e56ad8346d,2026-08-04,98.0,2
c49c8af7-711a-4867-8d64-88e56ad8346d,2026-08-05,97.0,3
fd99c724-6d07-4fc9-bf33-ebe9c33cedee,2026-07-30,5.0,95
fd99c724-6d07-4fc9-bf33-ebe9c33cedee,2026-07-31,5.0,95
fd99c724-6d07-4fc9-bf33-ebe9c33cedee,2026-08-01,5.0,95
fd99c724-6d07-4fc9-bf33-ebe9c33cedee,2026-08-02,5.0,95
fd99c724-6d07-4fc9-bf33-ebe9c33cedee,2026-08-03,5.0,95
fd99c724-6d07-4fc9-bf33-ebe9c33cedee,2026-08-04,5.0,95
fd99c724-6d07-4fc9-bf33-ebe9c33cedee,2026-08-05,1.3,98
fdc436d8-3bd9-4553-a7f9-9d607c0a1ec7,2026-07-30,5.0,95
fdc436d8-3bd9-4553-a7f9-9d607c0a1ec7,2026-07-31,5.0,95
fdc436d8-3bd9-4553-a7f9-9d607c0a1ec7,2026-08-01,5.0,95
fdc436d8-3bd9-4553-a7f9-9d607c0a1ec7,2026-08-02,5.0,95
fdc436d8-3bd9-4553-a7f9-9d607c0a1ec7,2026-08-03,5.0,95
fdc436d8-3bd9-4553-a7f9-9d607c0a1ec7,2026-08-04,5.3,94
fdc436d8-3bd9-4553-a7f9-9d607c0a1ec7,2026-08-05,1.4,98
0595f822-6ed0-4d94-8aad-3426636c66c9,2026-07-30,5.0,95
0595f822-6ed0-4d94-8aad-3426636c66c9,2026-07-31,5.0,95
0595f822-6ed0-4d94-8aad-3426636c66c9,2026-08-01,5.0,95
0595f822-6ed0-4d94-8aad-3426636c66c9,2026-08-02,5.81,94
0595f822-6ed0-4d94-8aad-3426636c66c9,2026-08-03,5.0,95
0595f822-6ed0-4d94-8aad-3426636c66c9,2026-08-04,5.0,95
0595f822-6ed0-4d94-8aad-3426636c66c9,2026-08-05,1.4,98
05ce703d-b6d6-440c-85ff-8cf923ebcb9f,2026-07-30,5.0,95
05ce703d-b6d6-440c-85ff-8cf923ebcb9f,2026-07-31,5.0,95
05ce703d-b6d6-440c-85ff-8cf923ebcb9f,2026-08-01,5.0,95
05ce703d-b6d6-440c-85ff-8cf923ebcb9f,2026-08-02,7.55,92
05ce703d-b6d6-440c-85ff-8cf923ebcb9f,2026-08-03,5.0,95
05ce703d-b6d6-440c-85ff-8cf923ebcb9f,2026-08-04,6.95,93
05ce703d-b6d6-440c-85ff-8cf923ebcb9f,2026-08-05,4.3,95
05f86144-e328-4924-9806-8b567cbcc0af,2026-07-30,5.0,95
05f86144-e328-4924-9806-8b567cbcc0af,2026-07-31,5.0,95
05f86144-e328-4924-9806-8b567cbcc0af,2026-08-01,5.0,95
05f86144-e328-4924-9806-8b567cbcc0af,2026-08-02,5.0,95
05f86144-e328-4924-9806-8b567cbcc0af,2026-08-03,5.0,95
05f86144-e328-4924-9806-8b567cbcc0af,2026-08-04,5.0,95
05f86144-e328-4924-9806-8b567cbcc0af,2026-08-05,2.3,97
063d0139-a812-4631-bcbb-4ce3e80b4411,2026-07-30,5.0,95
063d0139-a812-4631-bcbb-4ce3e80b4411,2026-07-31,5.0,95
063d0139-a812-4631-bcbb-4ce3e80b4411,2026-08-01,5.0,95
063d0139-a812-4631-bcbb-4ce3e80b4411,2026-08-02,5.0,95
063d0139-a812-4631-bcbb-4ce3e80b4411,2026-08-03,5.0,95
063d0139-a812-4631-bcbb-4ce3e80b4411,2026-08-04,5.0,95
063d0139-a812-4631-bcbb-4ce3e80b4411,2026-08-05,1.4,98
081638b9-77f1-41f1-a826-ff03e810472a,2026-07-30,5.0,95
081638b9-77f1-41f1-a826-ff03e810472a,2026-07-31,5.0,95
081638b9-77f1-41f1-a826-ff03e810472a,2026-08-01,5.0,95
081638b9-77f1-41f1-a826-ff03e810472a,2026-08-02,5.0,95
081638b9-77f1-41f1-a826-ff03e810472a,2026-08-03,5.0,95
081638b9-77f1-41f1-a826-ff03e810472a,2026-08-04,5.0,95
081638b9-77f1-41f1-a826-ff03e810472a,2026-08-05,1.4,98
08a317db-d476-4579-a666-c1d65c2ccfb6,2026-07-30,5.0,95
08a317db-d476-4579-a666-c1d65c2ccfb6,2026-07-31,5.0,95
08a317db-d476-4579-a666-c1d65c2ccfb6,2026-08-01,5.0,95
08a317db-d476-4579-a666-c1d65c2ccfb6,2026-08-02,5.0,95
08a317db-d476-4579-a666-c1d65c2ccfb6,2026-08-03,5.0,95
08a317db-d476-4579-a666-c1d65c2ccfb6,2026-08-04,5.0,95
08a317db-d476-4579-a666-c1d65c2ccfb6,2026-08-05,1.4,98
08d874c6-49fb-49b7-bd73-823dee94f62a,2026-07-30,5.0,95
08d874c6-49fb-49b7-bd73-823dee94f62a,2026-07-31,5.0,95
08d874c6-49fb-49b7-bd73-823dee94f62a,2026-08-01,5.0,95
08d874c6-49fb-49b7-bd73-823dee94f62a,2026-08-02,5.0,95
08d874c6-49fb-49b7-bd73-823dee94f62a,2026-08-03,5.0,95
08d874c6-49fb-49b7-bd73-823dee94f62a,2026-08-04,5.0,95
08d874c6-49fb-49b7-bd73-823dee94f62a,2026-08-05,1.4,98
091cf1a7-11b3-488b-a95c-07bd6df5bcd8,2026-07-30,5.0,95
091cf1a7-11b3-488b-a95c-07bd6df5bcd8,2026-07-31,5.0,95
091cf1a7-11b3-488b-a95c-07bd6df5bcd8,2026-08-01,5.0,95
091cf1a7-11b3-488b-a95c-07bd6df5bcd8,2026-08-02,5.0,95
091cf1a7-11b3-488b-a95c-07bd6df5bcd8,2026-08-03,5.0,95
091cf1a7-11b3-488b-a95c-07bd6df5bcd8,2026-08-04,5.0,95
091cf1a7-11b3-488b-a95c-07bd6df5bcd8,2026-08-05,1.4,98
09779050-a1a4-4925-b2ed-873a8ed3bf76,2026-07-30,26.45,73
09779050-a1a4-4925-b2ed-873a8ed3bf76,2026-07-31,35.0,64
09779050-a1a4-4925-b2ed-873a8ed3bf76,2026-08-01,32.9,67
09779050-a1a4-4925-b2ed-873a8ed3bf76,2026-08-02,35.93,64
09779050-a1a4-4925-b2ed-873a8ed3bf76,2026-08-03,31.07,68
09779050-a1a4-4925-b2ed-873a8ed3bf76,2026-08-04,31.27,68
09779050-a1a4-4925-b2ed-873a8ed3bf76,2026-08-05,31.6,68
09823adc-ece7-4ccb-a0c3-34d324f4121f,2026-07-30,5.0,95
09823adc-ece7-4ccb-a0c3-34d324f4121f,2026-07-31,5.0,95
09823adc-ece7-4ccb-a0c3-34d324f4121f,2026-08-01,5.0,95
09823adc-ece7-4ccb-a0c3-34d324f4121f,2026-08-02,5.0,95
09823adc-ece7-4ccb-a0c3-34d324f4121f,2026-08-03,5.0,95
09823adc-ece7-4ccb-a0c3-34d324f4121f,2026-08-04,5.0,95
09823adc-ece7-4ccb-a0c3-34d324f4121f,2026-08-05,1.4,98
09b43136-99ed-496f-8421-817e7c203f80,2026-07-30,5.0,95
09b43136-99ed-496f-8421-817e7c203f80,2026-07-31,5.0,95
09b43136-99ed-496f-8421-817e7c203f80,2026-08-01,5.0,95
09b43136-99ed-496f-8421-817e7c203f80,2026-08-02,5.0,95
09b43136-99ed-496f-8421-817e7c203f80,2026-08-03,5.0,95
09b43136-99ed-496f-8421-817e7c203f80,2026-08-04,5.0,95
09b43136-99ed-496f-8421-817e7c203f80,2026-08-05,1.4,98
0a458455-0123-4396-adff-0cc9b660bec4,2026-07-30,5.0,95
0a458455-0123-4396-adff-0cc9b660bec4,2026-07-31,5.0,95
0a458455-0123-4396-adff-0cc9b660bec4,2026-08-01,5.0,95
0a458455-0123-4396-adff-0cc9b660bec4,2026-08-02,5.0,95
0a458455-0123-4396-adff-0cc9b660bec4,2026-08-03,5.0,95
0a458455-0123-4396-adff-0cc9b660bec4,2026-08-04,5.0,95
0a458455-0123-4396-adff-0cc9b660bec4,2026-08-05,1.4,98
0b0e0844-dcb4-488b-9551-3dd0674dea72,2026-07-30,5.0,95
0b0e0844-dcb4-488b-9551-3dd0674dea72,2026-07-31,5.0,95
0b0e0844-dcb4-488b-9551-3dd0674dea72,2026-08-01,5.0,95
0b0e0844-dcb4-488b-9551-3dd0674dea72,2026-08-02,5.0,95
0b0e0844-dcb4-488b-9551-3dd0674dea72,2026-08-03,5.31,94
0b0e0844-dcb4-488b-9551-3dd0674dea72,2026-08-04,5.0,95
0b0e0844-dcb4-488b-9551-3dd0674dea72,2026-08-05,1.4,98
0b4f2a21-2ef7-4b6f-9046-a3c1703cb5bf,2026-07-30,5.0,95
0b4f2a21-2ef7-4b6f-9046-a3c1703cb5bf,2026-07-31,5.0,95
0b4f2a21-2ef7-4b6f-9046-a3c1703cb5bf,2026-08-01,5.0,95
0b4f2a21-2ef7-4b6f-9046-a3c1703cb5bf,2026-08-02,5.0,95
0b4f2a21-2ef7-4b6f-9046-a3c1703cb5bf,2026-08-03,5.0,95
0b4f2a21-2ef7-4b6f-9046-a3c1703cb5bf,2026-08-04,5.0,95
0b4f2a21-2ef7-4b6f-9046-a3c1703cb5bf,2026-08-05,1.4,98
0b59af88-618c-4365-afe7-c1f2d323a69e,2026-07-30,5.0,95
0b59af88-618c-4365-afe7-c1f2d323a69e,2026-07-31,5.0,95
0b59af88-618c-4365-afe7-c1f2d323a69e,2026-08-01,5.0,95
0b59af88-618c-4365-afe7-c1f2d323a69e,2026-08-02,5.0,95
0b59af88-618c-4365-afe7-c1f2d323a69e,2026-08-03,5.0,95
0b59af88-618c-4365-afe7-c1f2d323a69e,2026-08-04,5.0,95
0b59af88-618c-4365-afe7-c1f2d323a69e,2026-08-05,1.4,98
0c42ae1e-d497-4dcb-a946-c9f31817c473,2026-07-30,5.0,95
0c42ae1e-d497-4dcb-a946-c9f31817c473,2026-07-31,5.0,95
0c42ae1e-d497-4dcb-a946-c9f31817c473,2026-08-01,5.0,95
0c42ae1e-d497-4dcb-a946-c9f31817c473,2026-08-02,5.0,95
0c42ae1e-d497-4dcb-a946-c9f31817c473,2026-08-03,5.0,95
0c42ae1e-d497-4dcb-a946-c9f31817c473,2026-08-04,5.0,95
0c42ae1e-d497-4dcb-a946-c9f31817c473,2026-08-05,1.4,98
0ce5ad44-6937-471d-aa92-7c1a8011ffe5,2026-07-30,5.0,95
0ce5ad44-6937-471d-aa92-7c1a8011ffe5,2026-07-31,5.0,95
0ce5ad44-6937-471d-aa92-7c1a8011ffe5,2026-08-01,5.0,95
0ce5ad44-6937-471d-aa92-7c1a8011ffe5,2026-08-02,5.0,95
0ce5ad44-6937-471d-aa92-7c1a8011ffe5,2026-08-03,5.0,95
0ce5ad44-6937-471d-aa92-7c1a8011ffe5,2026-08-04,5.0,95
0ce5ad44-6937-471d-aa92-7c1a8011ffe5,2026-08-05,2.1,97
10f5d6de-ccb2-4b11-a482-2aad3e596877,2026-07-30,5.0,95
10f5d6de-ccb2-4b11-a482-2aad3e596877,2026-07-31,5.0,95
10f5d6de-ccb2-4b11-a482-2aad3e596877,2026-08-01,5.0,95
10f5d6de-ccb2-4b11-a482-2aad3e596877,2026-08-02,5.0,95
10f5d6de-ccb2-4b11-a482-2aad3e596877,2026-08-03,5.0,95
10f5d6de-ccb2-4b11-a482-2aad3e596877,2026-08-04,5.0,95
10f5d6de-ccb2-4b11-a482-2aad3e596877,2026-08-05,1.4,98
110c3aef-90e5-4dae-bbc8-eef30b98dd6c,2026-07-30,5.16,94
110c3aef-90e5-4dae-bbc8-eef30b98dd6c,2026-07-31,5.0,95
110c3aef-90e5-4dae-bbc8-eef30b98dd6c,2026-08-01,5.0,95
110c3aef-90e5-4dae-bbc8-eef30b98dd6c,2026-08-02,5.0,95
110c3aef-90e5-4dae-bbc8-eef30b98dd6c,2026-08-03,5.0,95
110c3aef-90e5-4dae-bbc8-eef30b98dd6c,2026-08-04,5.27,94
110c3aef-90e5-4dae-bbc8-eef30b98dd6c,2026-08-05,1.3,98
183af824-d8a9-4129-b766-5d4b716633a1,2026-07-30,5.0,95
183af824-d8a9-4129-b766-5d4b716633a1,2026-07-31,5.0,95
183af824-d8a9-4129-b766-5d4b716633a1,2026-08-01,5.0,95
183af824-d8a9-4129-b766-5d4b716633a1,2026-08-02,5.0,95
183af824-d8a9-4129-b766-5d4b716633a1,2026-08-03,5.0,95
183af824-d8a9-4129-b766-5d4b716633a1,2026-08-04,5.0,95
183af824-d8a9-4129-b766-5d4b716633a1,2026-08-05,1.4,98
022bcf2a-5fe7-4d37-ae65-fc422939176f,2026-07-30,5.0,95
022bcf2a-5fe7-4d37-ae65-fc422939176f,2026-07-31,5.0,95
022bcf2a-5fe7-4d37-ae65-fc422939176f,2026-08-01,5.0,95
022bcf2a-5fe7-4d37-ae65-fc422939176f,2026-08-02,5.0,95
022bcf2a-5fe7-4d37-ae65-fc422939176f,2026-08-03,5.0,95
022bcf2a-5fe7-4d37-ae65-fc422939176f,2026-08-04,5.1,94
022bcf2a-5fe7-4d37-ae65-fc422939176f,2026-08-05,1.4,98
0350a872-5474-48ce-a738-2a8425c5d4ca,2026-07-30,5.0,95
0350a872-5474-48ce-a738-2a8425c5d4ca,2026-07-31,5.0,95
0350a872-5474-48ce-a738-2a8425c5d4ca,2026-08-01,5.0,95
0350a872-5474-48ce-a738-2a8425c5d4ca,2026-08-02,5.0,95
0350a872-5474-48ce-a738-2a8425c5d4ca,2026-08-03,5.0,95
0350a872-5474-48ce-a738-2a8425c5d4ca,2026-08-04,5.0,95
0350a872-5474-48ce-a738-2a8425c5d4ca,2026-08-05,1.4,98
0354e4d0-46f8-4e85-8f3c-e50661a385ff,2026-07-30,5.0,95
0354e4d0-46f8-4e85-8f3c-e50661a385ff,2026-07-31,5.0,95
0354e4d0-46f8-4e85-8f3c-e50661a385ff,2026-08-01,5.0,95
0354e4d0-46f8-4e85-8f3c-e50661a385ff,2026-08-02,5.0,95
0354e4d0-46f8-4e85-8f3c-e50661a385ff,2026-08-03,5.0,95
0354e4d0-46f8-4e85-8f3c-e50661a385ff,2026-08-04,5.0,95
0354e4d0-46f8-4e85-8f3c-e50661a385ff,2026-08-05,1.4,98
0367d102-ae36-4dea-800e-b5c2ec303af3,2026-07-30,91.69,8
0367d102-ae36-4dea-800e-b5c2ec303af3,2026-07-31,98.0,2
0367d102-ae36-4dea-800e-b5c2ec303af3,2026-08-01,91.69,8
0367d102-ae36-4dea-800e-b5c2ec303af3,2026-08-02,97.9,2
0367d102-ae36-4dea-800e-b5c2ec303af3,2026-08-03,90.29,9
0367d102-ae36-4dea-800e-b5c2ec303af3,2026-08-04,93.76,6
0367d102-ae36-4dea-800e-b5c2ec303af3,2026-08-05,96.7,3
0459805e-9aeb-47e6-ac2d-2ecddafe2b74,2026-07-30,5.0,95
0459805e-9aeb-47e6-ac2d-2ecddafe2b74,2026-07-31,5.0,95
0459805e-9aeb-47e6-ac2d-2ecddafe2b74,2026-08-01,6.15,93
0459805e-9aeb-47e6-ac2d-2ecddafe2b74,2026-08-02,5.0,95
0459805e-9aeb-47e6-ac2d-2ecddafe2b74,2026-08-03,6.05,93
0459805e-9aeb-47e6-ac2d-2ecddafe2b74,2026-08-04,5.0,95
0459805e-9aeb-47e6-ac2d-2ecddafe2b74,2026-08-05,1.4,98
064227f3-d106-4e66-99d9-84e5525ac4fa,2026-07-30,83.31,16
064227f3-d106-4e66-99d9-84e5525ac4fa,2026-07-31,86.24,13
064227f3-d106-4e66-99d9-84e5525ac4fa,2026-08-01,87.13,12
064227f3-d106-4e66-99d9-84e5525ac4fa,2026-08-02,85.16,14
064227f3-d106-4e66-99d9-84e5525ac4fa,2026-08-03,88.36,11
064227f3-d106-4e66-99d9-84e5525ac4fa,2026-08-04,89.48,10
064227f3-d106-4e66-99d9-84e5525ac4fa,2026-08-05,89.0,11
06919610-8d8e-4753-84d4-222842fe9912,2026-07-30,5.0,95
06919610-8d8e-4753-84d4-222842fe9912,2026-07-31,5.0,95
06919610-8d8e-4753-84d4-222842fe9912,2026-08-01,5.0,95
06919610-8d8e-4753-84d4-222842fe9912,2026-08-02,5.0,95
06919610-8d8e-4753-84d4-222842fe9912,2026-08-03,5.0,95
06919610-8d8e-4753-84d4-222842fe9912,2026-08-04,5.0,95
06919610-8d8e-4753-84d4-222842fe9912,2026-08-05,2.3,97
06a29078-b0c7-4ab3-a06b-94b6ed9cf1ba,2026-07-30,5.0,95
06a29078-b0c7-4ab3-a06b-94b6ed9cf1ba,2026-07-31,5.0,95
06a29078-b0c7-4ab3-a06b-94b6ed9cf1ba,2026-08-01,8.36,91
06a29078-b0c7-4ab3-a06b-94b6ed9cf1ba,2026-08-02,5.0,95
06a29078-b0c7-4ab3-a06b-94b6ed9cf1ba,2026-08-03,5.0,95
06a29078-b0c7-4ab3-a06b-94b6ed9cf1ba,2026-08-04,5.0,95
06a29078-b0c7-4ab3-a06b-94b6ed9cf1ba,2026-08-05,4.6,95
0762213e-7232-4867-8f65-87f9d85132f5,2026-07-30,90.9,9
0762213e-7232-4867-8f65-87f9d85132f5,2026-07-31,98.0,2
0762213e-7232-4867-8f65-87f9d85132f5,2026-08-01,98.0,2
0762213e-7232-4867-8f65-87f9d85132f5,2026-08-02,96.76,3
0762213e-7232-4867-8f65-87f9d85132f5,2026-08-03,93.36,6
0762213e-7232-4867-8f65-87f9d85132f5,2026-08-04,98.0,2
0762213e-7232-4867-8f65-87f9d85132f5,2026-08-05,96.2,3
09366509-c42f-4d12-be6d-6437df72db1a,2026-07-30,5.0,95
09366509-c42f-4d12-be6d-6437df72db1a,2026-07-31,5.0,95
09366509-c42f-4d12-be6d-6437df72db1a,2026-08-01,5.0,95
09366509-c42f-4d12-be6d-6437df72db1a,2026-08-02,5.0,95
09366509-c42f-4d12-be6d-6437df72db1a,2026-08-03,5.0,95
09366509-c42f-4d12-be6d-6437df72db1a,2026-08-04,5.0,95
09366509-c42f-4d12-be6d-6437df72db1a,2026-08-05,1.4,98
0ffffc61-de15-4262-a48b-af4638832e7a,2026-07-30,5.0,95
0ffffc61-de15-4262-a48b-af4638832e7a,2026-07-31,5.0,95
0ffffc61-de15-4262-a48b-af4638832e7a,2026-08-01,5.0,95
0ffffc61-de15-4262-a48b-af4638832e7a,2026-08-02,5.0,95
0ffffc61-de15-4262-a48b-af4638832e7a,2026-08-03,5.0,95
0ffffc61-de15-4262-a48b-af4638832e7a,2026-08-04,5.0,95
0ffffc61-de15-4262-a48b-af4638832e7a,2026-08-05,2.5,97
1294df26-6f8b-45cc-9e61-4db94f977e5d,2026-07-30,5.0,95
1294df26-6f8b-45cc-9e61-4db94f977e5d,2026-07-31,5.0,95
1294df26-6f8b-45cc-9e61-4db94f977e5d,2026-08-01,5.0,95
1294df26-6f8b-45cc-9e61-4db94f977e5d,2026-08-02,5.0,95
1294df26-6f8b-45cc-9e61-4db94f977e5d,2026-08-03,5.0,95
1294df26-6f8b-45cc-9e61-4db94f977e5d,2026-08-04,5.0,95
1294df26-6f8b-45cc-9e61-4db94f977e5d,2026-08-05,1.4,98
139fe3af-3a17-424f-abda-c317a21e555c,2026-07-30,5.0,95
139fe3af-3a17-424f-abda-c317a21e555c,2026-07-31,5.5,94
139fe3af-3a17-424f-abda-c317a21e555c,2026-08-01,5.0,95
139fe3af-3a17-424f-abda-c317a21e555c,2026-08-02,5.0,95
139fe3af-3a17-424f-abda-c317a21e555c,2026-08-03,5.0,95
139fe3af-3a17-424f-abda-c317a21e555c,2026-08-04,5.0,95
139fe3af-3a17-424f-abda-c317a21e555c,2026-08-05,3.0,97
1aa0550b-7cb9-41f5-9f8a-909a72fd1462,2026-07-30,5.0,95
1aa0550b-7cb9-41f5-9f8a-909a72fd1462,2026-07-31,5.0,95
1aa0550b-7cb9-41f5-9f8a-909a72fd1462,2026-08-01,5.0,95
1aa0550b-7cb9-41f5-9f8a-909a72fd1462,2026-08-02,5.0,95
1aa0550b-7cb9-41f5-9f8a-909a72fd1462,2026-08-03,5.0,95
1aa0550b-7cb9-41f5-9f8a-909a72fd1462,2026-08-04,5.0,95
1aa0550b-7cb9-41f5-9f8a-909a72fd1462,2026-08-05,1.4,98
1afb2e13-4f14-4ec4-872c-dc33bb42f56c,2026-07-30,5.0,95
1afb2e13-4f14-4ec4-872c-dc33bb42f56c,2026-07-31,5.0,95
1afb2e13-4f14-4ec4-872c-dc33bb42f56c,2026-08-01,5.0,95
1afb2e13-4f14-4ec4-872c-dc33bb42f56c,2026-08-02,5.0,95
1afb2e13-4f14-4ec4-872c-dc33bb42f56c,2026-08-03,5.0,95
1afb2e13-4f14-4ec4-872c-dc33bb42f56c,2026-08-04,5.0,95
1afb2e13-4f14-4ec4-872c-dc33bb42f56c,2026-08-05,1.4,98
1e79e9d5-260e-421f-ba5b-b7134e11f39e,2026-07-30,5.0,95
1e79e9d5-260e-421f-ba5b-b7134e11f39e,2026-07-31,5.0,95
1e79e9d5-260e-421f-ba5b-b7134e11f39e,2026-08-01,5.0,95
1e79e9d5-260e-421f-ba5b-b7134e11f39e,2026-08-02,5.0,95
1e79e9d5-260e-421f-ba5b-b7134e11f39e,2026-08-03,5.0,95
1e79e9d5-260e-421f-ba5b-b7134e11f39e,2026-08-04,5.0,95
1e79e9d5-260e-421f-ba5b-b7134e11f39e,2026-08-05,1.4,98
036eb449-e490-4b50-8beb-64ffc45dcf00,2026-07-30,5.0,95
036eb449-e490-4b50-8beb-64ffc45dcf00,2026-07-31,5.0,95
036eb449-e490-4b50-8beb-64ffc45dcf00,2026-08-01,5.0,95
036eb449-e490-4b50-8beb-64ffc45dcf00,2026-08-02,5.0,95
036eb449-e490-4b50-8beb-64ffc45dcf00,2026-08-03,5.0,95
036eb449-e490-4b50-8beb-64ffc45dcf00,2026-08-04,5.0,95
036eb449-e490-4b50-8beb-64ffc45dcf00,2026-08-05,1.4,98
2732cc9c-9816-4a3f-8933-f074c6a48af1,2026-07-30,5.0,95
2732cc9c-9816-4a3f-8933-f074c6a48af1,2026-07-31,5.0,95
2732cc9c-9816-4a3f-8933-f074c6a48af1,2026-08-01,5.0,95
2732cc9c-9816-4a3f-8933-f074c6a48af1,2026-08-02,5.0,95
2732cc9c-9816-4a3f-8933-f074c6a48af1,2026-08-03,5.0,95
2732cc9c-9816-4a3f-8933-f074c6a48af1,2026-08-04,5.0,95
2732cc9c-9816-4a3f-8933-f074c6a48af1,2026-08-05,1.4,98
276acd8c-bd5c-4bda-88f8-4115349f0ea0,2026-07-30,5.0,95
276acd8c-bd5c-4bda-88f8-4115349f0ea0,2026-07-31,5.0,95
276acd8c-bd5c-4bda-88f8-4115349f0ea0,2026-08-01,5.0,95
276acd8c-bd5c-4bda-88f8-4115349f0ea0,2026-08-02,5.0,95
276acd8c-bd5c-4bda-88f8-4115349f0ea0,2026-08-03,5.0,95
276acd8c-bd5c-4bda-88f8-4115349f0ea0,2026-08-04,5.0,95
276acd8c-bd5c-4bda-88f8-4115349f0ea0,2026-08-05,1.4,98
276d9106-aa9b-44b1-ba98-d6faa96439de,2026-07-30,5.0,95
276d9106-aa9b-44b1-ba98-d6faa96439de,2026-07-31,5.0,95
276d9106-aa9b-44b1-ba98-d6faa96439de,2026-08-01,5.0,95
276d9106-aa9b-44b1-ba98-d6faa96439de,2026-08-02,5.0,95
276d9106-aa9b-44b1-ba98-d6faa96439de,2026-08-03,5.0,95
276d9106-aa9b-44b1-ba98-d6faa96439de,2026-08-04,5.0,95
276d9106-aa9b-44b1-ba98-d6faa96439de,2026-08-05,2.6,97
2a4e3b6c-da86-43e8-b174-6eb235c7fe8e,2026-07-30,5.0,95
2a4e3b6c-da86-43e8-b174-6eb235c7fe8e,2026-07-31,5.0,95
2a4e3b6c-da86-43e8-b174-6eb235c7fe8e,2026-08-01,5.0,95
2a4e3b6c-da86-43e8-b174-6eb235c7fe8e,2026-08-02,5.0,95
2a4e3b6c-da86-43e8-b174-6eb235c7fe8e,2026-08-03,5.0,95
2a4e3b6c-da86-43e8-b174-6eb235c7fe8e,2026-08-04,5.0,95
2a4e3b6c-da86-43e8-b174-6eb235c7fe8e,2026-08-05,1.4,98
2ad62388-497c-4673-8a29-1f15e079de04,2026-07-30,5.0,95
2ad62388-497c-4673-8a29-1f15e079de04,2026-07-31,5.0,95
2ad62388-497c-4673-8a29-1f15e079de04,2026-08-01,5.0,95
2ad62388-497c-4673-8a29-1f15e079de04,2026-08-02,5.0,95
2ad62388-497c-4673-8a29-1f15e079de04,2026-08-03,5.0,95
2ad62388-497c-4673-8a29-1f15e079de04,2026-08-04,5.0,95
2ad62388-497c-4673-8a29-1f15e079de04,2026-08-05,1.4,98
2ae903d4-43be-4d2e-9df2-bb865ba9828a,2026-07-30,5.0,95
2ae903d4-43be-4d2e-9df2-bb865ba9828a,2026-07-31,5.0,95
2ae903d4-43be-4d2e-9df2-bb865ba9828a,2026-08-01,5.0,95
2ae903d4-43be-4d2e-9df2-bb865ba9828a,2026-08-02,5.0,95
2ae903d4-43be-4d2e-9df2-bb865ba9828a,2026-08-03,5.0,95
2ae903d4-43be-4d2e-9df2-bb865ba9828a,2026-08-04,5.0,95
2ae903d4-43be-4d2e-9df2-bb865ba9828a,2026-08-05,1.4,98
2aeb0756-bcfd-43fb-9aeb-8fe401eeffd5,2026-07-30,5.0,95
2aeb0756-bcfd-43fb-9aeb-8fe401eeffd5,2026-07-31,5.0,95
2aeb0756-bcfd-43fb-9aeb-8fe401eeffd5,2026-08-01,5.0,95
2aeb0756-bcfd-43fb-9aeb-8fe401eeffd5,2026-08-02,5.0,95
2aeb0756-bcfd-43fb-9aeb-8fe401eeffd5,2026-08-03,5.0,95
2aeb0756-bcfd-43fb-9aeb-8fe401eeffd5,2026-08-04,5.0,95
2aeb0756-bcfd-43fb-9aeb-8fe401eeffd5,2026-08-05,1.4,98
2af59397-fc0e-4df6-bc83-b57dfa455510,2026-07-30,6.07,93
2af59397-fc0e-4df6-bc83-b57dfa455510,2026-07-31,5.0,95
2af59397-fc0e-4df6-bc83-b57dfa455510,2026-08-01,5.0,95
2af59397-fc0e-4df6-bc83-b57dfa455510,2026-08-02,5.0,95
2af59397-fc0e-4df6-bc83-b57dfa455510,2026-08-03,5.0,95
2af59397-fc0e-4df6-bc83-b57dfa455510,2026-08-04,5.0,95
2af59397-fc0e-4df6-bc83-b57dfa455510,2026-08-05,1.4,98
2b12dfd2-bcff-4b2a-aa6b-3c32e03de60d,2026-07-30,5.0,95
2b12dfd2-bcff-4b2a-aa6b-3c32e03de60d,2026-07-31,5.0,95
2b12dfd2-bcff-4b2a-aa6b-3c32e03de60d,2026-08-01,5.0,95
2b12dfd2-bcff-4b2a-aa6b-3c32e03de60d,2026-08-02,5.0,95
2b12dfd2-bcff-4b2a-aa6b-3c32e03de60d,2026-08-03,5.0,95
2b12dfd2-bcff-4b2a-aa6b-3c32e03de60d,2026-08-04,5.0,95
2b12dfd2-bcff-4b2a-aa6b-3c32e03de60d,2026-08-05,1.4,98
2badc1d3-1353-4b31-9ed7-b376920c10ef,2026-07-30,5.0,95
2badc1d3-1353-4b31-9ed7-b376920c10ef,2026-07-31,5.0,95
2badc1d3-1353-4b31-9ed7-b376920c10ef,2026-08-01,5.0,95
2badc1d3-1353-4b31-9ed7-b376920c10ef,2026-08-02,5.0,95
2badc1d3-1353-4b31-9ed7-b376920c10ef,2026-08-03,5.0,95
2badc1d3-1353-4b31-9ed7-b376920c10ef,2026-08-04,5.0,95
2badc1d3-1353-4b31-9ed7-b376920c10ef,2026-08-05,1.3,98
41f8218a-f644-441c-ad7c-dcf76f1c20f7,2026-07-30,5.0,95
41f8218a-f644-441c-ad7c-dcf76f1c20f7,2026-07-31,5.0,95
41f8218a-f644-441c-ad7c-dcf76f1c20f7,2026-08-01,5.0,95
41f8218a-f644-441c-ad7c-dcf76f1c20f7,2026-08-02,5.0,95
41f8218a-f644-441c-ad7c-dcf76f1c20f7,2026-08-03,5.0,95
41f8218a-f644-441c-ad7c-dcf76f1c20f7,2026-08-04,5.0,95
41f8218a-f644-441c-ad7c-dcf76f1c20f7,2026-08-05,1.4,98
430cc1bb-5c6c-484c-93d5-3b5a1ba2d3b0,2026-07-30,5.84,94
430cc1bb-5c6c-484c-93d5-3b5a1ba2d3b0,2026-07-31,5.0,95
430cc1bb-5c6c-484c-93d5-3b5a1ba2d3b0,2026-08-01,5.0,95
430cc1bb-5c6c-484c-93d5-3b5a1ba2d3b0,2026-08-02,5.0,95
430cc1bb-5c6c-484c-93d5-3b5a1ba2d3b0,2026-08-03,5.0,95
430cc1bb-5c6c-484c-93d5-3b5a1ba2d3b0,2026-08-04,5.0,95
430cc1bb-5c6c-484c-93d5-3b5a1ba2d3b0,2026-08-05,1.4,98
4324e7ec-3a26-4113-b623-b02d5f4b657d,2026-07-30,5.0,95
4324e7ec-3a26-4113-b623-b02d5f4b657d,2026-07-31,5.0,95
4324e7ec-3a26-4113-b623-b02d5f4b657d,2026-08-01,6.89,93
4324e7ec-3a26-4113-b623-b02d5f4b657d,2026-08-02,5.0,95
4324e7ec-3a26-4113-b623-b02d5f4b657d,2026-08-03,5.0,95
4324e7ec-3a26-4113-b623-b02d5f4b657d,2026-08-04,5.0,95
4324e7ec-3a26-4113-b623-b02d5f4b657d,2026-08-05,2.6,97
57c4d282-8d56-4b1b-9e22-db515dd5c123,2026-07-30,5.0,95
57c4d282-8d56-4b1b-9e22-db515dd5c123,2026-07-31,5.0,95
57c4d282-8d56-4b1b-9e22-db515dd5c123,2026-08-01,5.0,95
57c4d282-8d56-4b1b-9e22-db515dd5c123,2026-08-02,7.25,92
57c4d282-8d56-4b1b-9e22-db515dd5c123,2026-08-03,5.0,95
57c4d282-8d56-4b1b-9e22-db515dd5c123,2026-08-04,5.0,95
57c4d282-8d56-4b1b-9e22-db515dd5c123,2026-08-05,3.5,96
59d69931-2de7-405c-9db5-75e5a9bd22a7,2026-07-30,5.0,95
59d69931-2de7-405c-9db5-75e5a9bd22a7,2026-07-31,5.0,95
59d69931-2de7-405c-9db5-75e5a9bd22a7,2026-08-01,5.0,95
59d69931-2de7-405c-9db5-75e5a9bd22a7,2026-08-02,5.0,95
59d69931-2de7-405c-9db5-75e5a9bd22a7,2026-08-03,5.0,95
59d69931-2de7-405c-9db5-75e5a9bd22a7,2026-08-04,5.0,95
59d69931-2de7-405c-9db5-75e5a9bd22a7,2026-08-05,2.5,97
65310890-c3a8-463a-b365-b4626c24c45b,2026-07-30,5.0,95
65310890-c3a8-463a-b365-b4626c24c45b,2026-07-31,5.0,95
65310890-c3a8-463a-b365-b4626c24c45b,2026-08-01,5.0,95
65310890-c3a8-463a-b365-b4626c24c45b,2026-08-02,5.0,95
65310890-c3a8-463a-b365-b4626c24c45b,2026-08-03,5.0,95
65310890-c3a8-463a-b365-b4626c24c45b,2026-08-04,5.0,95
65310890-c3a8-463a-b365-b4626c24c45b,2026-08-05,1.4,98
653bed5a-be82-4fd8-8e51-d761a27097e0,2026-07-30,5.0,95
653bed5a-be82-4fd8-8e51-d761a27097e0,2026-07-31,5.0,95
653bed5a-be82-4fd8-8e51-d761a27097e0,2026-08-01,5.15,94
653bed5a-be82-4fd8-8e51-d761a27097e0,2026-08-02,5.0,95
653bed5a-be82-4fd8-8e51-d761a27097e0,2026-08-03,5.0,95
653bed5a-be82-4fd8-8e51-d761a27097e0,2026-08-04,5.0,95
653bed5a-be82-4fd8-8e51-d761a27097e0,2026-08-05,3.7,96
656a827b-0ca2-4738-a6dd-f9cf0e7193fd,2026-07-30,5.0,95
656a827b-0ca2-4738-a6dd-f9cf0e7193fd,2026-07-31,5.0,95
656a827b-0ca2-4738-a6dd-f9cf0e7193fd,2026-08-01,5.0,95
656a827b-0ca2-4738-a6dd-f9cf0e7193fd,2026-08-02,5.0,95
656a827b-0ca2-4738-a6dd-f9cf0e7193fd,2026-08-03,5.0,95
656a827b-0ca2-4738-a6dd-f9cf0e7193fd,2026-08-04,5.0,95
656a827b-0ca2-4738-a6dd-f9cf0e7193fd,2026-08-05,1.4,98
656a8514-a7fc-406e-b5ea-90733e8f8cac,2026-07-30,5.0,95
656a8514-a7fc-406e-b5ea-90733e8f8cac,2026-07-31,5.0,95
656a8514-a7fc-406e-b5ea-90733e8f8cac,2026-08-01,5.0,95
656a8514-a7fc-406e-b5ea-90733e8f8cac,2026-08-02,5.0,95
656a8514-a7fc-406e-b5ea-90733e8f8cac,2026-08-03,5.0,95
656a8514-a7fc-406e-b5ea-90733e8f8cac,2026-08-04,5.0,95
656a8514-a7fc-406e-b5ea-90733e8f8cac,2026-08-05,1.4,98
657fd7a2-c26e-4032-b690-fdcd232805f6,2026-07-30,5.0,95
657fd7a2-c26e-4032-b690-fdcd232805f6,2026-07-31,5.0,95
657fd7a2-c26e-4032-b690-fdcd232805f6,2026-08-01,5.0,95
657fd7a2-c26e-4032-b690-fdcd232805f6,2026-08-02,5.0,95
657fd7a2-c26e-4032-b690-fdcd232805f6,2026-08-03,5.0,95
657fd7a2-c26e-4032-b690-fdcd232805f6,2026-08-04,5.0,95
657fd7a2-c26e-4032-b690-fdcd232805f6,2026-08-05,1.4,98
67e913b0-7968-436f-b863-b5cf9d70e9a2,2026-07-30,5.0,95
67e913b0-7968-436f-b863-b5cf9d70e9a2,2026-07-31,5.0,95
67e913b0-7968-436f-b863-b5cf9d70e9a2,2026-08-01,5.0,95
67e913b0-7968-436f-b863-b5cf9d70e9a2,2026-08-02,5.0,95
67e913b0-7968-436f-b863-b5cf9d70e9a2,2026-08-03,5.0,95
67e913b0-7968-436f-b863-b5cf9d70e9a2,2026-08-04,5.0,95
67e913b0-7968-436f-b863-b5cf9d70e9a2,2026-08-05,1.4,98
756e918a-dd2c-4d11-813f-ab33569df19b,2026-07-30,5.0,95
756e918a-dd2c-4d11-813f-ab33569df19b,2026-07-31,5.0,95
756e918a-dd2c-4d11-813f-ab33569df19b,2026-08-01,5.0,95
756e918a-dd2c-4d11-813f-ab33569df19b,2026-08-02,5.0,95
756e918a-dd2c-4d11-813f-ab33569df19b,2026-08-03,5.0,95
756e918a-dd2c-4d11-813f-ab33569df19b,2026-08-04,5.0,95
756e918a-dd2c-4d11-813f-ab33569df19b,2026-08-05,1.4,98
76ff1d39-93d9-4da2-b539-a180efe4c807,2026-07-30,6.07,93
76ff1d39-93d9-4da2-b539-a180efe4c807,2026-07-31,5.0,95
76ff1d39-93d9-4da2-b539-a180efe4c807,2026-08-01,5.0,95
76ff1d39-93d9-4da2-b539-a180efe4c807,2026-08-02,5.0,95
76ff1d39-93d9-4da2-b539-a180efe4c807,2026-08-03,5.0,95
76ff1d39-93d9-4da2-b539-a180efe4c807,2026-08-04,5.0,95
76ff1d39-93d9-4da2-b539-a180efe4c807,2026-08-05,1.4,98
77103d61-7722-44cd-8236-7af73e14e546,2026-07-30,5.0,95
77103d61-7722-44cd-8236-7af73e14e546,2026-07-31,5.0,95
77103d61-7722-44cd-8236-7af73e14e546,2026-08-01,5.0,95
77103d61-7722-44cd-8236-7af73e14e546,2026-08-02,5.0,95
77103d61-7722-44cd-8236-7af73e14e546,2026-08-03,5.0,95
77103d61-7722-44cd-8236-7af73e14e546,2026-08-04,5.0,95
77103d61-7722-44cd-8236-7af73e14e546,2026-08-05,1.4,98
7733afcc-ec59-4172-a1b4-34117762a8d9,2026-07-30,82.78,17
7733afcc-ec59-4172-a1b4-34117762a8d9,2026-07-31,87.96,12
7733afcc-ec59-4172-a1b4-34117762a8d9,2026-08-01,85.65,14
7733afcc-ec59-4172-a1b4-34117762a8d9,2026-08-02,93.12,6
7733afcc-ec59-4172-a1b4-34117762a8d9,2026-08-03,94.7,5
7733afcc-ec59-4172-a1b4-34117762a8d9,2026-08-04,93.36,6
7733afcc-ec59-4172-a1b4-34117762a8d9,2026-08-05,92.4,7
775698e2-2633-4f3a-9567-9bb6ca029840,2026-07-30,5.0,95
775698e2-2633-4f3a-9567-9bb6ca029840,2026-07-31,5.0,95
775698e2-2633-4f3a-9567-9bb6ca029840,2026-08-01,5.0,95
775698e2-2633-4f3a-9567-9bb6ca029840,2026-08-02,5.0,95
775698e2-2633-4f3a-9567-9bb6ca029840,2026-08-03,5.0,95
775698e2-2633-4f3a-9567-9bb6ca029840,2026-08-04,5.0,95
775698e2-2633-4f3a-9567-9bb6ca029840,2026-08-05,1.4,98
77795bd9-f7a3-4a1e-a8bb-f54517e2d46d,2026-07-30,5.0,95
77795bd9-f7a3-4a1e-a8bb-f54517e2d46d,2026-07-31,5.0,95
77795bd9-f7a3-4a1e-a8bb-f54517e2d46d,2026-08-01,5.39,94
77795bd9-f7a3-4a1e-a8bb-f54517e2d46d,2026-08-02,5.0,95
77795bd9-f7a3-4a1e-a8bb-f54517e2d46d,2026-08-03,5.0,95
77795bd9-f7a3-4a1e-a8bb-f54517e2d46d,2026-08-04,5.0,95
77795bd9-f7a3-4a1e-a8bb-f54517e2d46d,2026-08-05,1.4,98
778e8816-aafd-4077-9285-d6a5c967a548,2026-07-30,5.0,95
778e8816-aafd-4077-9285-d6a5c967a548,2026-07-31,5.0,95
778e8816-aafd-4077-9285-d6a5c967a548,2026-08-01,5.0,95
778e8816-aafd-4077-9285-d6a5c967a548,2026-08-02,5.0,95
778e8816-aafd-4077-9285-d6a5c967a548,2026-08-03,5.0,95
778e8816-aafd-4077-9285-d6a5c967a548,2026-08-04,5.0,95
778e8816-aafd-4077-9285-d6a5c967a548,2026-08-05,1.3,98
77b6472f-8312-4b86-8d02-ab7d5bd2db22,2026-07-30,5.0,95
77b6472f-8312-4b86-8d02-ab7d5bd2db22,2026-07-31,5.0,95
77b6472f-8312-4b86-8d02-ab7d5bd2db22,2026-08-01,5.0,95
77b6472f-8312-4b86-8d02-ab7d5bd2db22,2026-08-02,5.0,95
77b6472f-8312-4b86-8d02-ab7d5bd2db22,2026-08-03,5.0,95
77b6472f-8312-4b86-8d02-ab7d5bd2db22,2026-08-04,5.0,95
77b6472f-8312-4b86-8d02-ab7d5bd2db22,2026-08-05,1.4,98
77bb9dc6-48c5-4dbb-8696-67db0328f1e9,2026-07-30,5.0,95
77bb9dc6-48c5-4dbb-8696-67db0328f1e9,2026-07-31,5.0,95
77bb9dc6-48c5-4dbb-8696-67db0328f1e9,2026-08-01,5.0,95
77bb9dc6-48c5-4dbb-8696-67db0328f1e9,2026-08-02,5.0,95
77bb9dc6-48c5-4dbb-8696-67db0328f1e9,2026-08-03,5.0,95
77bb9dc6-48c5-4dbb-8696-67db0328f1e9,2026-08-04,5.0,95
77bb9dc6-48c5-4dbb-8696-67db0328f1e9,2026-08-05,1.4,98
7852d4f4-f540-4caa-b436-f8238ac51319,2026-07-30,5.0,95
7852d4f4-f540-4caa-b436-f8238ac51319,2026-07-31,5.0,95
7852d4f4-f540-4caa-b436-f8238ac51319,2026-08-01,5.0,95
7852d4f4-f540-4caa-b436-f8238ac51319,2026-08-02,5.0,95
7852d4f4-f540-4caa-b436-f8238ac51319,2026-08-03,5.0,95
7852d4f4-f540-4caa-b436-f8238ac51319,2026-08-04,5.0,95
7852d4f4-f540-4caa-b436-f8238ac51319,2026-08-05,1.4,98
78c38427-5ab0-4cda-b279-ac95557a0a3b,2026-07-30,5.0,95
78c38427-5ab0-4cda-b279-ac95557a0a3b,2026-07-31,5.0,95
78c38427-5ab0-4cda-b279-ac95557a0a3b,2026-08-01,5.0,95
78c38427-5ab0-4cda-b279-ac95557a0a3b,2026-08-02,5.0,95
78c38427-5ab0-4cda-b279-ac95557a0a3b,2026-08-03,5.0,95
78c38427-5ab0-4cda-b279-ac95557a0a3b,2026-08-04,5.0,95
78c38427-5ab0-4cda-b279-ac95557a0a3b,2026-08-05,1.4,98
7902e847-3e68-4652-be3c-17acb6350de8,2026-07-30,5.0,95
7902e847-3e68-4652-be3c-17acb6350de8,2026-07-31,5.0,95
7902e847-3e68-4652-be3c-17acb6350de8,2026-08-01,5.0,95
7902e847-3e68-4652-be3c-17acb6350de8,2026-08-02,5.0,95
7902e847-3e68-4652-be3c-17acb6350de8,2026-08-03,5.0,95
7902e847-3e68-4652-be3c-17acb6350de8,2026-08-04,5.0,95
7902e847-3e68-4652-be3c-17acb6350de8,2026-08-05,1.4,98
18f8519c-fc57-485c-aefa-21b79e2c8530,2026-07-30,5.0,95
18f8519c-fc57-485c-aefa-21b79e2c8530,2026-07-31,5.0,95
18f8519c-fc57-485c-aefa-21b79e2c8530,2026-08-01,6.61,93
18f8519c-fc57-485c-aefa-21b79e2c8530,2026-08-02,5.0,95
18f8519c-fc57-485c-aefa-21b79e2c8530,2026-08-03,5.0,95
18f8519c-fc57-485c-aefa-21b79e2c8530,2026-08-04,5.0,95
18f8519c-fc57-485c-aefa-21b79e2c8530,2026-08-05,1.4,98
1d9c4c50-8d93-4727-a4eb-bf9c628e10ec,2026-07-30,5.0,95
1d9c4c50-8d93-4727-a4eb-bf9c628e10ec,2026-07-31,5.0,95
1d9c4c50-8d93-4727-a4eb-bf9c628e10ec,2026-08-01,5.0,95
1d9c4c50-8d93-4727-a4eb-bf9c628e10ec,2026-08-02,5.0,95
1d9c4c50-8d93-4727-a4eb-bf9c628e10ec,2026-08-03,5.0,95
1d9c4c50-8d93-4727-a4eb-bf9c628e10ec,2026-08-04,5.0,95
1d9c4c50-8d93-4727-a4eb-bf9c628e10ec,2026-08-05,1.4,98
1dbbdf2d-ad76-415f-a36c-292e9cf34526,2026-07-30,5.0,95
1dbbdf2d-ad76-415f-a36c-292e9cf34526,2026-07-31,5.0,95
1dbbdf2d-ad76-415f-a36c-292e9cf34526,2026-08-01,5.0,95
1dbbdf2d-ad76-415f-a36c-292e9cf34526,2026-08-02,5.0,95
1dbbdf2d-ad76-415f-a36c-292e9cf34526,2026-08-03,5.0,95
1dbbdf2d-ad76-415f-a36c-292e9cf34526,2026-08-04,5.0,95
1dbbdf2d-ad76-415f-a36c-292e9cf34526,2026-08-05,1.4,98
1e08229b-5c26-40fd-b195-631821db4af6,2026-07-30,5.0,95
1e08229b-5c26-40fd-b195-631821db4af6,2026-07-31,5.0,95
1e08229b-5c26-40fd-b195-631821db4af6,2026-08-01,5.0,95
1e08229b-5c26-40fd-b195-631821db4af6,2026-08-02,5.0,95
1e08229b-5c26-40fd-b195-631821db4af6,2026-08-03,5.0,95
1e08229b-5c26-40fd-b195-631821db4af6,2026-08-04,5.0,95
1e08229b-5c26-40fd-b195-631821db4af6,2026-08-05,1.4,98
1e732644-b139-4333-8336-441348fe9ec6,2026-07-30,92.42,7
1e732644-b139-4333-8336-441348fe9ec6,2026-07-31,90.57,9
1e732644-b139-4333-8336-441348fe9ec6,2026-08-01,89.29,10
1e732644-b139-4333-8336-441348fe9ec6,2026-08-02,95.18,4
1e732644-b139-4333-8336-441348fe9ec6,2026-08-03,88.7,11
1e732644-b139-4333-8336-441348fe9ec6,2026-08-04,91.22,8
1e732644-b139-4333-8336-441348fe9ec6,2026-08-05,94.8,5
20416790-b17c-42fd-8cbb-8604a9d515af,2026-07-30,5.66,94
20416790-b17c-42fd-8cbb-8604a9d515af,2026-07-31,5.75,94
20416790-b17c-42fd-8cbb-8604a9d515af,2026-08-01,5.0,95
20416790-b17c-42fd-8cbb-8604a9d515af,2026-08-02,5.0,95
20416790-b17c-42fd-8cbb-8604a9d515af,2026-08-03,5.0,95
20416790-b17c-42fd-8cbb-8604a9d515af,2026-08-04,5.0,95
20416790-b17c-42fd-8cbb-8604a9d515af,2026-08-05,1.4,98
2066f342-e29b-445b-a52e-c1ba9d102aab,2026-07-30,5.88,94
2066f342-e29b-445b-a52e-c1ba9d102aab,2026-07-31,5.0,95
2066f342-e29b-445b-a52e-c1ba9d102aab,2026-08-01,5.0,95
2066f342-e29b-445b-a52e-c1ba9d102aab,2026-08-02,5.0,95
2066f342-e29b-445b-a52e-c1ba9d102aab,2026-08-03,5.0,95
2066f342-e29b-445b-a52e-c1ba9d102aab,2026-08-04,5.0,95
2066f342-e29b-445b-a52e-c1ba9d102aab,2026-08-05,1.4,98
2204d317-2172-4177-916b-2192b01922f4,2026-07-30,5.0,95
2204d317-2172-4177-916b-2192b01922f4,2026-07-31,5.0,95
2204d317-2172-4177-916b-2192b01922f4,2026-08-01,5.0,95
2204d317-2172-4177-916b-2192b01922f4,2026-08-02,5.0,95
2204d317-2172-4177-916b-2192b01922f4,2026-08-03,5.0,95
2204d317-2172-4177-916b-2192b01922f4,2026-08-04,5.0,95
2204d317-2172-4177-916b-2192b01922f4,2026-08-05,1.4,98
51dff27f-0f13-4786-8a01-ef0bab42feae,2026-07-30,5.0,95
51dff27f-0f13-4786-8a01-ef0bab42feae,2026-07-31,6.35,93
51dff27f-0f13-4786-8a01-ef0bab42feae,2026-08-01,5.0,95
51dff27f-0f13-4786-8a01-ef0bab42feae,2026-08-02,5.0,95
51dff27f-0f13-4786-8a01-ef0bab42feae,2026-08-03,5.0,95
51dff27f-0f13-4786-8a01-ef0bab42feae,2026-08-04,5.0,95
51dff27f-0f13-4786-8a01-ef0bab42feae,2026-08-05,1.3,98
5f3ca43b-5dd5-4836-817e-663c96ae1114,2026-07-30,5.0,95
5f3ca43b-5dd5-4836-817e-663c96ae1114,2026-07-31,5.0,95
5f3ca43b-5dd5-4836-817e-663c96ae1114,2026-08-01,5.0,95
5f3ca43b-5dd5-4836-817e-663c96ae1114,2026-08-02,5.0,95
5f3ca43b-5dd5-4836-817e-663c96ae1114,2026-08-03,5.0,95
5f3ca43b-5dd5-4836-817e-663c96ae1114,2026-08-04,5.0,95
5f3ca43b-5dd5-4836-817e-663c96ae1114,2026-08-05,1.4,98
66498e16-c153-4a95-a44e-be8729c052bc,2026-07-30,7.22,92
66498e16-c153-4a95-a44e-be8729c052bc,2026-07-31,5.0,95
66498e16-c153-4a95-a44e-be8729c052bc,2026-08-01,5.0,95
66498e16-c153-4a95-a44e-be8729c052bc,2026-08-02,5.0,95
66498e16-c153-4a95-a44e-be8729c052bc,2026-08-03,5.0,95
66498e16-c153-4a95-a44e-be8729c052bc,2026-08-04,5.0,95
66498e16-c153-4a95-a44e-be8729c052bc,2026-08-05,1.4,98
66794c01-ac67-44df-b178-f0b4f038ab2e,2026-07-30,5.0,95
66794c01-ac67-44df-b178-f0b4f038ab2e,2026-07-31,5.7,94
66794c01-ac67-44df-b178-f0b4f038ab2e,2026-08-01,5.0,95
66794c01-ac67-44df-b178-f0b4f038ab2e,2026-08-02,5.0,95
66794c01-ac67-44df-b178-f0b4f038ab2e,2026-08-03,5.0,95
66794c01-ac67-44df-b178-f0b4f038ab2e,2026-08-04,5.0,95
66794c01-ac67-44df-b178-f0b4f038ab2e,2026-08-05,2.3,97
66f48d07-ad23-4198-9499-e681336ec0dc,2026-07-30,5.0,95
66f48d07-ad23-4198-9499-e681336ec0dc,2026-07-31,5.0,95
66f48d07-ad23-4198-9499-e681336ec0dc,2026-08-01,5.0,95
66f48d07-ad23-4198-9499-e681336ec0dc,2026-08-02,5.0,95
66f48d07-ad23-4198-9499-e681336ec0dc,2026-08-03,5.0,95
66f48d07-ad23-4198-9499-e681336ec0dc,2026-08-04,5.0,95
66f48d07-ad23-4198-9499-e681336ec0dc,2026-08-05,1.4,98
67894037-0716-44eb-86a8-0e8166a643e1,2026-07-30,5.0,95
67894037-0716-44eb-86a8-0e8166a643e1,2026-07-31,5.0,95
67894037-0716-44eb-86a8-0e8166a643e1,2026-08-01,5.0,95
67894037-0716-44eb-86a8-0e8166a643e1,2026-08-02,5.0,95
67894037-0716-44eb-86a8-0e8166a643e1,2026-08-03,5.0,95
67894037-0716-44eb-86a8-0e8166a643e1,2026-08-04,5.0,95
67894037-0716-44eb-86a8-0e8166a643e1,2026-08-05,2.4,97
68a765dc-9597-47dd-9f5c-4615a3127c1e,2026-07-30,5.0,95
68a765dc-9597-47dd-9f5c-4615a3127c1e,2026-07-31,5.0,95
68a765dc-9597-47dd-9f5c-4615a3127c1e,2026-08-01,5.0,95
68a765dc-9597-47dd-9f5c-4615a3127c1e,2026-08-02,5.0,95
68a765dc-9597-47dd-9f5c-4615a3127c1e,2026-08-03,5.0,95
68a765dc-9597-47dd-9f5c-4615a3127c1e,2026-08-04,5.0,95
68a765dc-9597-47dd-9f5c-4615a3127c1e,2026-08-05,1.4,98
68addd7d-64c8-4b60-840c-76aa55e80ba4,2026-07-30,5.0,95
68addd7d-64c8-4b60-840c-76aa55e80ba4,2026-07-31,5.0,95
68addd7d-64c8-4b60-840c-76aa55e80ba4,2026-08-01,5.0,95
68addd7d-64c8-4b60-840c-76aa55e80ba4,2026-08-02,5.0,95
68addd7d-64c8-4b60-840c-76aa55e80ba4,2026-08-03,5.0,95
68addd7d-64c8-4b60-840c-76aa55e80ba4,2026-08-04,5.0,95
68addd7d-64c8-4b60-840c-76aa55e80ba4,2026-08-05,2.3,97
68f62942-e488-4f60-a4c4-527afc7695bc,2026-07-30,87.83,12
68f62942-e488-4f60-a4c4-527afc7695bc,2026-07-31,91.02,8
68f62942-e488-4f60-a4c4-527afc7695bc,2026-08-01,93.09,6
68f62942-e488-4f60-a4c4-527afc7695bc,2026-08-02,87.37,12
68f62942-e488-4f60-a4c4-527afc7695bc,2026-08-03,93.72,6
68f62942-e488-4f60-a4c4-527afc7695bc,2026-08-04,89.79,10
68f62942-e488-4f60-a4c4-527afc7695bc,2026-08-05,92.3,7
69c931c2-4b5b-41b4-b195-12fcf61355cd,2026-07-30,5.0,95
69c931c2-4b5b-41b4-b195-12fcf61355cd,2026-07-31,5.0,95
69c931c2-4b5b-41b4-b195-12fcf61355cd,2026-08-01,5.0,95
69c931c2-4b5b-41b4-b195-12fcf61355cd,2026-08-02,5.0,95
69c931c2-4b5b-41b4-b195-12fcf61355cd,2026-08-03,5.0,95
69c931c2-4b5b-41b4-b195-12fcf61355cd,2026-08-04,5.0,95
69c931c2-4b5b-41b4-b195-12fcf61355cd,2026-08-05,2.4,97
6cfa11ac-c673-4467-a2e3-a56e8bb63486,2026-07-30,5.0,95
6cfa11ac-c673-4467-a2e3-a56e8bb63486,2026-07-31,5.0,95
6cfa11ac-c673-4467-a2e3-a56e8bb63486,2026-08-01,5.0,95
6cfa11ac-c673-4467-a2e3-a56e8bb63486,2026-08-02,5.0,95
6cfa11ac-c673-4467-a2e3-a56e8bb63486,2026-08-03,5.0,95
6cfa11ac-c673-4467-a2e3-a56e8bb63486,2026-08-04,5.0,95
6cfa11ac-c673-4467-a2e3-a56e8bb63486,2026-08-05,1.4,98
6dd6bce1-5372-41f0-b2ec-c7764c96fcd8,2026-07-30,5.0,95
6dd6bce1-5372-41f0-b2ec-c7764c96fcd8,2026-07-31,5.0,95
6dd6bce1-5372-41f0-b2ec-c7764c96fcd8,2026-08-01,5.0,95
6dd6bce1-5372-41f0-b2ec-c7764c96fcd8,2026-08-02,5.0,95
6dd6bce1-5372-41f0-b2ec-c7764c96fcd8,2026-08-03,5.0,95
6dd6bce1-5372-41f0-b2ec-c7764c96fcd8,2026-08-04,5.0,95
6dd6bce1-5372-41f0-b2ec-c7764c96fcd8,2026-08-05,1.4,98
186afad1-2d20-4bd7-b75c-73a52fff502c,2026-07-30,5.0,95
186afad1-2d20-4bd7-b75c-73a52fff502c,2026-07-31,5.11,94
186afad1-2d20-4bd7-b75c-73a52fff502c,2026-08-01,5.51,94
186afad1-2d20-4bd7-b75c-73a52fff502c,2026-08-02,5.0,95
186afad1-2d20-4bd7-b75c-73a52fff502c,2026-08-03,5.0,95
186afad1-2d20-4bd7-b75c-73a52fff502c,2026-08-04,5.0,95
186afad1-2d20-4bd7-b75c-73a52fff502c,2026-08-05,1.4,98
1a25c438-b0ef-4258-a6c6-25fe8e918e44,2026-07-30,5.0,95
1a25c438-b0ef-4258-a6c6-25fe8e918e44,2026-07-31,5.0,95
1a25c438-b0ef-4258-a6c6-25fe8e918e44,2026-08-01,5.0,95
1a25c438-b0ef-4258-a6c6-25fe8e918e44,2026-08-02,5.0,95
1a25c438-b0ef-4258-a6c6-25fe8e918e44,2026-08-03,5.0,95
1a25c438-b0ef-4258-a6c6-25fe8e918e44,2026-08-04,5.0,95
1a25c438-b0ef-4258-a6c6-25fe8e918e44,2026-08-05,1.4,98
1a39ebf9-42dd-415e-893f-35ada8a9b58f,2026-07-30,5.0,95
1a39ebf9-42dd-415e-893f-35ada8a9b58f,2026-07-31,5.0,95
1a39ebf9-42dd-415e-893f-35ada8a9b58f,2026-08-01,5.0,95
1a39ebf9-42dd-415e-893f-35ada8a9b58f,2026-08-02,5.0,95
1a39ebf9-42dd-415e-893f-35ada8a9b58f,2026-08-03,5.0,95
1a39ebf9-42dd-415e-893f-35ada8a9b58f,2026-08-04,5.0,95
1a39ebf9-42dd-415e-893f-35ada8a9b58f,2026-08-05,1.4,98
1a481638-dacc-4cae-97bf-f3d6f74d659d,2026-07-30,5.0,95
1a481638-dacc-4cae-97bf-f3d6f74d659d,2026-07-31,5.0,95
1a481638-dacc-4cae-97bf-f3d6f74d659d,2026-08-01,5.0,95
1a481638-dacc-4cae-97bf-f3d6f74d659d,2026-08-02,5.0,95
1a481638-dacc-4cae-97bf-f3d6f74d659d,2026-08-03,5.0,95
1a481638-dacc-4cae-97bf-f3d6f74d659d,2026-08-04,5.0,95
1a481638-dacc-4cae-97bf-f3d6f74d659d,2026-08-05,1.4,98
1a95e21b-8fcd-4e5a-8448-fc82ad77091b,2026-07-30,5.0,95
1a95e21b-8fcd-4e5a-8448-fc82ad77091b,2026-07-31,5.0,95
1a95e21b-8fcd-4e5a-8448-fc82ad77091b,2026-08-01,5.0,95
1a95e21b-8fcd-4e5a-8448-fc82ad77091b,2026-08-02,5.0,95
1a95e21b-8fcd-4e5a-8448-fc82ad77091b,2026-08-03,5.0,95
1a95e21b-8fcd-4e5a-8448-fc82ad77091b,2026-08-04,5.0,95
1a95e21b-8fcd-4e5a-8448-fc82ad77091b,2026-08-05,1.4,98
1aad410f-a4fb-4ab8-8b8a-2d4ce26bfed6,2026-07-30,5.0,95
1aad410f-a4fb-4ab8-8b8a-2d4ce26bfed6,2026-07-31,5.0,95
1aad410f-a4fb-4ab8-8b8a-2d4ce26bfed6,2026-08-01,5.0,95
1aad410f-a4fb-4ab8-8b8a-2d4ce26bfed6,2026-08-02,5.0,95
1aad410f-a4fb-4ab8-8b8a-2d4ce26bfed6,2026-08-03,5.0,95
1aad410f-a4fb-4ab8-8b8a-2d4ce26bfed6,2026-08-04,5.0,95
1aad410f-a4fb-4ab8-8b8a-2d4ce26bfed6,2026-08-05,1.4,98
1b56c622-4896-4bb7-bdcf-a9b646e7dd58,2026-07-30,5.0,95
1b56c622-4896-4bb7-bdcf-a9b646e7dd58,2026-07-31,5.0,95
1b56c622-4896-4bb7-bdcf-a9b646e7dd58,2026-08-01,5.0,95
1b56c622-4896-4bb7-bdcf-a9b646e7dd58,2026-08-02,5.0,95
1b56c622-4896-4bb7-bdcf-a9b646e7dd58,2026-08-03,5.0,95
1b56c622-4896-4bb7-bdcf-a9b646e7dd58,2026-08-04,5.0,95
1b56c622-4896-4bb7-bdcf-a9b646e7dd58,2026-08-05,1.4,98
1b5b2512-17b4-4205-8e13-bc92ca28e14f,2026-07-30,5.0,95
1b5b2512-17b4-4205-8e13-bc92ca28e14f,2026-07-31,5.0,95
1b5b2512-17b4-4205-8e13-bc92ca28e14f,2026-08-01,5.0,95
1b5b2512-17b4-4205-8e13-bc92ca28e14f,2026-08-02,5.0,95
1b5b2512-17b4-4205-8e13-bc92ca28e14f,2026-08-03,5.0,95
1b5b2512-17b4-4205-8e13-bc92ca28e14f,2026-08-04,5.0,95
1b5b2512-17b4-4205-8e13-bc92ca28e14f,2026-08-05,1.4,98
1b8d8dbb-67a3-41f7-a146-275a47a988e6,2026-07-30,5.0,95
1b8d8dbb-67a3-41f7-a146-275a47a988e6,2026-07-31,5.0,95
1b8d8dbb-67a3-41f7-a146-275a47a988e6,2026-08-01,5.0,95
1b8d8dbb-67a3-41f7-a146-275a47a988e6,2026-08-02,5.0,95
1b8d8dbb-67a3-41f7-a146-275a47a988e6,2026-08-03,6.1,93
1b8d8dbb-67a3-41f7-a146-275a47a988e6,2026-08-04,5.0,95
1b8d8dbb-67a3-41f7-a146-275a47a988e6,2026-08-05,1.4,98
1bd7bad0-860c-491e-ac1b-1c2074bb2cf8,2026-07-30,5.0,95
1bd7bad0-860c-491e-ac1b-1c2074bb2cf8,2026-07-31,5.0,95
1bd7bad0-860c-491e-ac1b-1c2074bb2cf8,2026-08-01,5.0,95
1bd7bad0-860c-491e-ac1b-1c2074bb2cf8,2026-08-02,5.0,95
1bd7bad0-860c-491e-ac1b-1c2074bb2cf8,2026-08-03,5.0,95
1bd7bad0-860c-491e-ac1b-1c2074bb2cf8,2026-08-04,5.0,95
1bd7bad0-860c-491e-ac1b-1c2074bb2cf8,2026-08-05,1.4,98
1c41e13a-2bc4-4d8f-b759-0143006bf2ba,2026-07-30,5.0,95
1c41e13a-2bc4-4d8f-b759-0143006bf2ba,2026-07-31,5.0,95
1c41e13a-2bc4-4d8f-b759-0143006bf2ba,2026-08-01,5.0,95
1c41e13a-2bc4-4d8f-b759-0143006bf2ba,2026-08-02,5.0,95
1c41e13a-2bc4-4d8f-b759-0143006bf2ba,2026-08-03,5.58,94
1c41e13a-2bc4-4d8f-b759-0143006bf2ba,2026-08-04,5.0,95
1c41e13a-2bc4-4d8f-b759-0143006bf2ba,2026-08-05,1.4,98
1c8b7639-8ae8-41c2-b1cf-077b4679f5be,2026-07-30,5.53,94
1c8b7639-8ae8-41c2-b1cf-077b4679f5be,2026-07-31,5.0,95
1c8b7639-8ae8-41c2-b1cf-077b4679f5be,2026-08-01,5.0,95
1c8b7639-8ae8-41c2-b1cf-077b4679f5be,2026-08-02,5.0,95
1c8b7639-8ae8-41c2-b1cf-077b4679f5be,2026-08-03,5.0,95
1c8b7639-8ae8-41c2-b1cf-077b4679f5be,2026-08-04,5.0,95
1c8b7639-8ae8-41c2-b1cf-077b4679f5be,2026-08-05,1.4,98
1ebd59aa-acc6-4f07-97e8-f7ce1173ab48,2026-07-30,5.0,95
1ebd59aa-acc6-4f07-97e8-f7ce1173ab48,2026-07-31,5.0,95
1ebd59aa-acc6-4f07-97e8-f7ce1173ab48,2026-08-01,5.0,95
1ebd59aa-acc6-4f07-97e8-f7ce1173ab48,2026-08-02,5.0,95
1ebd59aa-acc6-4f07-97e8-f7ce1173ab48,2026-08-03,5.0,95
1ebd59aa-acc6-4f07-97e8-f7ce1173ab48,2026-08-04,5.0,95
1ebd59aa-acc6-4f07-97e8-f7ce1173ab48,2026-08-05,1.4,98
1ff4a8af-6b89-4b37-8335-855a19b76a38,2026-07-30,5.0,95
1ff4a8af-6b89-4b37-8335-855a19b76a38,2026-07-31,5.0,95
1ff4a8af-6b89-4b37-8335-855a19b76a38,2026-08-01,5.0,95
1ff4a8af-6b89-4b37-8335-855a19b76a38,2026-08-02,5.0,95
1ff4a8af-6b89-4b37-8335-855a19b76a38,2026-08-03,5.0,95
1ff4a8af-6b89-4b37-8335-855a19b76a38,2026-08-04,5.0,95
1ff4a8af-6b89-4b37-8335-855a19b76a38,2026-08-05,1.4,98
2220f622-7fb2-4b61-953d-1c0fc7f29cde,2026-07-30,5.0,95
2220f622-7fb2-4b61-953d-1c0fc7f29cde,2026-07-31,5.0,95
2220f622-7fb2-4b61-953d-1c0fc7f29cde,2026-08-01,5.0,95
2220f622-7fb2-4b61-953d-1c0fc7f29cde,2026-08-02,5.0,95
2220f622-7fb2-4b61-953d-1c0fc7f29cde,2026-08-03,5.0,95
2220f622-7fb2-4b61-953d-1c0fc7f29cde,2026-08-04,5.0,95
2220f622-7fb2-4b61-953d-1c0fc7f29cde,2026-08-05,1.4,98
2329df62-5b54-42ce-8852-3418c947ee00,2026-07-30,5.0,95
2329df62-5b54-42ce-8852-3418c947ee00,2026-07-31,6.32,93
2329df62-5b54-42ce-8852-3418c947ee00,2026-08-01,5.0,95
2329df62-5b54-42ce-8852-3418c947ee00,2026-08-02,5.0,95
2329df62-5b54-42ce-8852-3418c947ee00,2026-08-03,5.0,95
2329df62-5b54-42ce-8852-3418c947ee00,2026-08-04,5.0,95
2329df62-5b54-42ce-8852-3418c947ee00,2026-08-05,1.4,98
25d4c390-86e5-4055-9bc4-4a3d1d663d28,2026-07-30,5.0,95
25d4c390-86e5-4055-9bc4-4a3d1d663d28,2026-07-31,5.0,95
25d4c390-86e5-4055-9bc4-4a3d1d663d28,2026-08-01,5.0,95
25d4c390-86e5-4055-9bc4-4a3d1d663d28,2026-08-02,5.0,95
25d4c390-86e5-4055-9bc4-4a3d1d663d28,2026-08-03,5.0,95
25d4c390-86e5-4055-9bc4-4a3d1d663d28,2026-08-04,5.0,95
25d4c390-86e5-4055-9bc4-4a3d1d663d28,2026-08-05,1.4,98
2653beee-0ff4-49d8-bab7-8dd49ee75e37,2026-07-30,95.07,4
2653beee-0ff4-49d8-bab7-8dd49ee75e37,2026-07-31,94.76,5
2653beee-0ff4-49d8-bab7-8dd49ee75e37,2026-08-01,91.57,8
2653beee-0ff4-49d8-bab7-8dd49ee75e37,2026-08-02,96.38,3
2653beee-0ff4-49d8-bab7-8dd49ee75e37,2026-08-03,93.77,6
2653beee-0ff4-49d8-bab7-8dd49ee75e37,2026-08-04,92.62,7
2653beee-0ff4-49d8-bab7-8dd49ee75e37,2026-08-05,97.3,2
392e83f2-9204-4718-beba-2514254ecdad,2026-07-30,5.0,95
392e83f2-9204-4718-beba-2514254ecdad,2026-07-31,5.0,95
392e83f2-9204-4718-beba-2514254ecdad,2026-08-01,5.0,95
392e83f2-9204-4718-beba-2514254ecdad,2026-08-02,5.0,95
392e83f2-9204-4718-beba-2514254ecdad,2026-08-03,5.53,94
392e83f2-9204-4718-beba-2514254ecdad,2026-08-04,5.0,95
392e83f2-9204-4718-beba-2514254ecdad,2026-08-05,4.2,95
3a19acf1-6ea7-41cf-80eb-19889e91e26f,2026-07-30,5.0,95
3a19acf1-6ea7-41cf-80eb-19889e91e26f,2026-07-31,5.0,95
3a19acf1-6ea7-41cf-80eb-19889e91e26f,2026-08-01,5.0,95
3a19acf1-6ea7-41cf-80eb-19889e91e26f,2026-08-02,5.0,95
3a19acf1-6ea7-41cf-80eb-19889e91e26f,2026-08-03,5.0,95
3a19acf1-6ea7-41cf-80eb-19889e91e26f,2026-08-04,5.0,95
3a19acf1-6ea7-41cf-80eb-19889e91e26f,2026-08-05,1.4,98
3ec21e4d-5132-4010-9c24-6cf88b63c37c,2026-07-30,5.0,95
3ec21e4d-5132-4010-9c24-6cf88b63c37c,2026-07-31,5.0,95
3ec21e4d-5132-4010-9c24-6cf88b63c37c,2026-08-01,5.0,95
3ec21e4d-5132-4010-9c24-6cf88b63c37c,2026-08-02,5.0,95
3ec21e4d-5132-4010-9c24-6cf88b63c37c,2026-08-03,5.0,95
3ec21e4d-5132-4010-9c24-6cf88b63c37c,2026-08-04,5.16,94
3ec21e4d-5132-4010-9c24-6cf88b63c37c,2026-08-05,1.3,98
41064f91-03b0-4afb-9c71-6706680eb22a,2026-07-30,5.0,95
41064f91-03b0-4afb-9c71-6706680eb22a,2026-07-31,5.0,95
41064f91-03b0-4afb-9c71-6706680eb22a,2026-08-01,5.0,95
41064f91-03b0-4afb-9c71-6706680eb22a,2026-08-02,5.0,95
41064f91-03b0-4afb-9c71-6706680eb22a,2026-08-03,5.0,95
41064f91-03b0-4afb-9c71-6706680eb22a,2026-08-04,5.0,95
41064f91-03b0-4afb-9c71-6706680eb22a,2026-08-05,1.4,98
41629929-e6bc-48c8-81a5-f60ee0e2da82,2026-07-30,5.0,95
41629929-e6bc-48c8-81a5-f60ee0e2da82,2026-07-31,5.0,95
41629929-e6bc-48c8-81a5-f60ee0e2da82,2026-08-01,5.0,95
41629929-e6bc-48c8-81a5-f60ee0e2da82,2026-08-02,5.0,95
41629929-e6bc-48c8-81a5-f60ee0e2da82,2026-08-03,5.0,95
41629929-e6bc-48c8-81a5-f60ee0e2da82,2026-08-04,5.0,95
41629929-e6bc-48c8-81a5-f60ee0e2da82,2026-08-05,1.4,98
4164e7ee-b9dd-4f65-a711-4e70ffedd349,2026-07-30,5.0,95
4164e7ee-b9dd-4f65-a711-4e70ffedd349,2026-07-31,5.0,95
4164e7ee-b9dd-4f65-a711-4e70ffedd349,2026-08-01,5.0,95
4164e7ee-b9dd-4f65-a711-4e70ffedd349,2026-08-02,5.0,95
4164e7ee-b9dd-4f65-a711-4e70ffedd349,2026-08-03,5.0,95
4164e7ee-b9dd-4f65-a711-4e70ffedd349,2026-08-04,5.0,95
4164e7ee-b9dd-4f65-a711-4e70ffedd349,2026-08-05,1.3,98
4194cda1-8544-4a99-9f8d-729d529563b8,2026-07-30,5.0,95
4194cda1-8544-4a99-9f8d-729d529563b8,2026-07-31,5.0,95
4194cda1-8544-4a99-9f8d-729d529563b8,2026-08-01,5.0,95
4194cda1-8544-4a99-9f8d-729d529563b8,2026-08-02,5.0,95
4194cda1-8544-4a99-9f8d-729d529563b8,2026-08-03,5.0,95
4194cda1-8544-4a99-9f8d-729d529563b8,2026-08-04,5.0,95
4194cda1-8544-4a99-9f8d-729d529563b8,2026-08-05,2.2,97
014ba0d6-26a1-428e-b564-d91160b5ca94,2026-07-30,5.0,95
014ba0d6-26a1-428e-b564-d91160b5ca94,2026-07-31,5.0,95
014ba0d6-26a1-428e-b564-d91160b5ca94,2026-08-01,5.0,95
014ba0d6-26a1-428e-b564-d91160b5ca94,2026-08-02,5.0,95
014ba0d6-26a1-428e-b564-d91160b5ca94,2026-08-03,5.0,95
014ba0d6-26a1-428e-b564-d91160b5ca94,2026-08-04,5.0,95
014ba0d6-26a1-428e-b564-d91160b5ca94,2026-08-05,1.4,98
6f4f50aa-ae80-410c-b199-a32cc5b7a947,2026-07-30,5.0,95
6f4f50aa-ae80-410c-b199-a32cc5b7a947,2026-07-31,5.0,95
6f4f50aa-ae80-410c-b199-a32cc5b7a947,2026-08-01,5.0,95
6f4f50aa-ae80-410c-b199-a32cc5b7a947,2026-08-02,5.0,95
6f4f50aa-ae80-410c-b199-a32cc5b7a947,2026-08-03,5.0,95
6f4f50aa-ae80-410c-b199-a32cc5b7a947,2026-08-04,5.0,95
6f4f50aa-ae80-410c-b199-a32cc5b7a947,2026-08-05,1.4,98
81e81059-3b4a-4a2d-8be7-e27cce588deb,2026-07-30,5.0,95
81e81059-3b4a-4a2d-8be7-e27cce588deb,2026-07-31,5.0,95
81e81059-3b4a-4a2d-8be7-e27cce588deb,2026-08-01,5.0,95
81e81059-3b4a-4a2d-8be7-e27cce588deb,2026-08-02,5.0,95
81e81059-3b4a-4a2d-8be7-e27cce588deb,2026-08-03,5.0,95
81e81059-3b4a-4a2d-8be7-e27cce588deb,2026-08-04,5.0,95
81e81059-3b4a-4a2d-8be7-e27cce588deb,2026-08-05,1.4,98
81eb1894-7ebc-4ffd-be65-ddecb25008aa,2026-07-30,5.0,95
81eb1894-7ebc-4ffd-be65-ddecb25008aa,2026-07-31,5.0,95
81eb1894-7ebc-4ffd-be65-ddecb25008aa,2026-08-01,6.41,93
81eb1894-7ebc-4ffd-be65-ddecb25008aa,2026-08-02,5.0,95
81eb1894-7ebc-4ffd-be65-ddecb25008aa,2026-08-03,5.0,95
81eb1894-7ebc-4ffd-be65-ddecb25008aa,2026-08-04,5.0,95
81eb1894-7ebc-4ffd-be65-ddecb25008aa,2026-08-05,1.4,98
825be6fb-8538-409a-b6e4-65e0cb5910d7,2026-07-30,5.0,95
825be6fb-8538-409a-b6e4-65e0cb5910d7,2026-07-31,5.0,95
825be6fb-8538-409a-b6e4-65e0cb5910d7,2026-08-01,5.0,95
825be6fb-8538-409a-b6e4-65e0cb5910d7,2026-08-02,5.36,94
825be6fb-8538-409a-b6e4-65e0cb5910d7,2026-08-03,5.0,95
825be6fb-8538-409a-b6e4-65e0cb5910d7,2026-08-04,5.0,95
825be6fb-8538-409a-b6e4-65e0cb5910d7,2026-08-05,1.3,98
82fe8cd0-1fe8-426d-a7b2-8929e2e3ef54,2026-07-30,5.0,95
82fe8cd0-1fe8-426d-a7b2-8929e2e3ef54,2026-07-31,5.0,95
82fe8cd0-1fe8-426d-a7b2-8929e2e3ef54,2026-08-01,5.0,95
82fe8cd0-1fe8-426d-a7b2-8929e2e3ef54,2026-08-02,5.0,95
82fe8cd0-1fe8-426d-a7b2-8929e2e3ef54,2026-08-03,5.0,95
82fe8cd0-1fe8-426d-a7b2-8929e2e3ef54,2026-08-04,5.0,95
82fe8cd0-1fe8-426d-a7b2-8929e2e3ef54,2026-08-05,1.4,98
831d0067-3b2d-417e-899d-43cac1db6903,2026-07-30,5.0,95
831d0067-3b2d-417e-899d-43cac1db6903,2026-07-31,5.0,95
831d0067-3b2d-417e-899d-43cac1db6903,2026-08-01,5.0,95
831d0067-3b2d-417e-899d-43cac1db6903,2026-08-02,5.0,95
831d0067-3b2d-417e-899d-43cac1db6903,2026-08-03,5.0,95
831d0067-3b2d-417e-899d-43cac1db6903,2026-08-04,5.0,95
831d0067-3b2d-417e-899d-43cac1db6903,2026-08-05,1.4,98
833c5a25-c100-4021-8fdd-edf64bd4b7da,2026-07-30,5.0,95
833c5a25-c100-4021-8fdd-edf64bd4b7da,2026-07-31,5.0,95
833c5a25-c100-4021-8fdd-edf64bd4b7da,2026-08-01,5.0,95
833c5a25-c100-4021-8fdd-edf64bd4b7da,2026-08-02,5.0,95
833c5a25-c100-4021-8fdd-edf64bd4b7da,2026-08-03,5.0,95
833c5a25-c100-4021-8fdd-edf64bd4b7da,2026-08-04,5.0,95
833c5a25-c100-4021-8fdd-edf64bd4b7da,2026-08-05,1.4,98
84f53fd4-c419-4759-bf9e-63e0991e305c,2026-07-30,5.0,95
84f53fd4-c419-4759-bf9e-63e0991e305c,2026-07-31,5.0,95
84f53fd4-c419-4759-bf9e-63e0991e305c,2026-08-01,5.0,95
84f53fd4-c419-4759-bf9e-63e0991e305c,2026-08-02,5.0,95
84f53fd4-c419-4759-bf9e-63e0991e305c,2026-08-03,5.0,95
84f53fd4-c419-4759-bf9e-63e0991e305c,2026-08-04,5.0,95
84f53fd4-c419-4759-bf9e-63e0991e305c,2026-08-05,1.4,98
8532d37f-2abb-403b-8b29-42dbb3859280,2026-07-30,5.0,95
8532d37f-2abb-403b-8b29-42dbb3859280,2026-07-31,5.0,95
8532d37f-2abb-403b-8b29-42dbb3859280,2026-08-01,5.0,95
8532d37f-2abb-403b-8b29-42dbb3859280,2026-08-02,5.0,95
8532d37f-2abb-403b-8b29-42dbb3859280,2026-08-03,5.0,95
8532d37f-2abb-403b-8b29-42dbb3859280,2026-08-04,5.0,95
8532d37f-2abb-403b-8b29-42dbb3859280,2026-08-05,1.4,98
86aa28d6-daa8-4b29-ba52-aabd26c45f0c,2026-07-30,5.0,95
86aa28d6-daa8-4b29-ba52-aabd26c45f0c,2026-07-31,5.0,95
86aa28d6-daa8-4b29-ba52-aabd26c45f0c,2026-08-01,5.0,95
86aa28d6-daa8-4b29-ba52-aabd26c45f0c,2026-08-02,5.0,95
86aa28d6-daa8-4b29-ba52-aabd26c45f0c,2026-08-03,5.0,95
86aa28d6-daa8-4b29-ba52-aabd26c45f0c,2026-08-04,5.0,95
86aa28d6-daa8-4b29-ba52-aabd26c45f0c,2026-08-05,1.4,98
877e23fc-6e66-46e5-a407-6ad1989909d8,2026-07-30,5.0,95
877e23fc-6e66-46e5-a407-6ad1989909d8,2026-07-31,6.11,93
877e23fc-6e66-46e5-a407-6ad1989909d8,2026-08-01,5.0,95
877e23fc-6e66-46e5-a407-6ad1989909d8,2026-08-02,5.0,95
877e23fc-6e66-46e5-a407-6ad1989909d8,2026-08-03,5.0,95
877e23fc-6e66-46e5-a407-6ad1989909d8,2026-08-04,5.0,95
877e23fc-6e66-46e5-a407-6ad1989909d8,2026-08-05,1.4,98
87a40a9e-c262-451b-8e94-6159c265c580,2026-07-30,5.0,95
87a40a9e-c262-451b-8e94-6159c265c580,2026-07-31,5.0,95
87a40a9e-c262-451b-8e94-6159c265c580,2026-08-01,5.0,95
87a40a9e-c262-451b-8e94-6159c265c580,2026-08-02,5.0,95
87a40a9e-c262-451b-8e94-6159c265c580,2026-08-03,5.0,95
87a40a9e-c262-451b-8e94-6159c265c580,2026-08-04,5.0,95
87a40a9e-c262-451b-8e94-6159c265c580,2026-08-05,1.4,98
b442de83-b264-4b56-9e5c-637e49b5d1fe,2026-07-30,59.47,40
b442de83-b264-4b56-9e5c-637e49b5d1fe,2026-07-31,63.13,36
b442de83-b264-4b56-9e5c-637e49b5d1fe,2026-08-01,58.85,41
b442de83-b264-4b56-9e5c-637e49b5d1fe,2026-08-02,59.85,40
b442de83-b264-4b56-9e5c-637e49b5d1fe,2026-08-03,63.05,36
b442de83-b264-4b56-9e5c-637e49b5d1fe,2026-08-04,59.34,40
b442de83-b264-4b56-9e5c-637e49b5d1fe,2026-08-05,60.7,39
bc390714-5515-4183-a50f-693a81259691,2026-07-30,5.77,94
bc390714-5515-4183-a50f-693a81259691,2026-07-31,5.0,95
bc390714-5515-4183-a50f-693a81259691,2026-08-01,5.0,95
bc390714-5515-4183-a50f-693a81259691,2026-08-02,5.0,95
bc390714-5515-4183-a50f-693a81259691,2026-08-03,5.0,95
bc390714-5515-4183-a50f-693a81259691,2026-08-04,5.0,95
bc390714-5515-4183-a50f-693a81259691,2026-08-05,1.4,98
bfb4bf7b-802b-445c-bbb0-9d54f7174ee4,2026-07-30,5.0,95
bfb4bf7b-802b-445c-bbb0-9d54f7174ee4,2026-07-31,5.0,95
bfb4bf7b-802b-445c-bbb0-9d54f7174ee4,2026-08-01,5.0,95
bfb4bf7b-802b-445c-bbb0-9d54f7174ee4,2026-08-02,5.0,95
bfb4bf7b-802b-445c-bbb0-9d54f7174ee4,2026-08-03,5.0,95
bfb4bf7b-802b-445c-bbb0-9d54f7174ee4,2026-08-04,5.0,95
bfb4bf7b-802b-445c-bbb0-9d54f7174ee4,2026-08-05,1.4,98
c529df8d-d6bb-4214-94d2-e6979e27ed6d,2026-07-30,5.88,94
c529df8d-d6bb-4214-94d2-e6979e27ed6d,2026-07-31,5.0,95
c529df8d-d6bb-4214-94d2-e6979e27ed6d,2026-08-01,5.0,95
c529df8d-d6bb-4214-94d2-e6979e27ed6d,2026-08-02,5.0,95
c529df8d-d6bb-4214-94d2-e6979e27ed6d,2026-08-03,5.0,95
c529df8d-d6bb-4214-94d2-e6979e27ed6d,2026-08-04,5.0,95
c529df8d-d6bb-4214-94d2-e6979e27ed6d,2026-08-05,1.4,98
c52fbf39-495f-47a3-af9c-8a56cbd9ebc1,2026-07-30,5.0,95
c52fbf39-495f-47a3-af9c-8a56cbd9ebc1,2026-07-31,5.0,95
c52fbf39-495f-47a3-af9c-8a56cbd9ebc1,2026-08-01,5.0,95
c52fbf39-495f-47a3-af9c-8a56cbd9ebc1,2026-08-02,5.0,95
c52fbf39-495f-47a3-af9c-8a56cbd9ebc1,2026-08-03,5.0,95
c52fbf39-495f-47a3-af9c-8a56cbd9ebc1,2026-08-04,5.0,95
c52fbf39-495f-47a3-af9c-8a56cbd9ebc1,2026-08-05,1.4,98
c571f904-8db4-41c1-8ad7-aa4140574a7b,2026-07-30,5.0,95
c571f904-8db4-41c1-8ad7-aa4140574a7b,2026-07-31,5.0,95
c571f904-8db4-41c1-8ad7-aa4140574a7b,2026-08-01,5.96,94
c571f904-8db4-41c1-8ad7-aa4140574a7b,2026-08-02,5.0,95
c571f904-8db4-41c1-8ad7-aa4140574a7b,2026-08-03,5.0,95
c571f904-8db4-41c1-8ad7-aa4140574a7b,2026-08-04,5.0,95
c571f904-8db4-41c1-8ad7-aa4140574a7b,2026-08-05,1.4,98
c5aac4f6-3c32-4a17-939b-560ec8b95e1f,2026-07-30,5.0,95
c5aac4f6-3c32-4a17-939b-560ec8b95e1f,2026-07-31,5.0,95
c5aac4f6-3c32-4a17-939b-560ec8b95e1f,2026-08-01,5.0,95
c5aac4f6-3c32-4a17-939b-560ec8b95e1f,2026-08-02,5.0,95
c5aac4f6-3c32-4a17-939b-560ec8b95e1f,2026-08-03,5.0,95
c5aac4f6-3c32-4a17-939b-560ec8b95e1f,2026-08-04,5.0,95
c5aac4f6-3c32-4a17-939b-560ec8b95e1f,2026-08-05,1.4,98
c5c4b1ad-bda6-405d-a06d-1b5101b85c2e,2026-07-30,5.0,95
c5c4b1ad-bda6-405d-a06d-1b5101b85c2e,2026-07-31,5.4,94
c5c4b1ad-bda6-405d-a06d-1b5101b85c2e,2026-08-01,5.0,95
c5c4b1ad-bda6-405d-a06d-1b5101b85c2e,2026-08-02,5.0,95
c5c4b1ad-bda6-405d-a06d-1b5101b85c2e,2026-08-03,5.0,95
c5c4b1ad-bda6-405d-a06d-1b5101b85c2e,2026-08-04,5.0,95
c5c4b1ad-bda6-405d-a06d-1b5101b85c2e,2026-08-05,1.4,98
c63f0b55-8352-4f28-848a-acde99713e5a,2026-07-30,5.0,95
c63f0b55-8352-4f28-848a-acde99713e5a,2026-07-31,5.0,95
c63f0b55-8352-4f28-848a-acde99713e5a,2026-08-01,5.0,95
c63f0b55-8352-4f28-848a-acde99713e5a,2026-08-02,5.0,95
c63f0b55-8352-4f28-848a-acde99713e5a,2026-08-03,5.0,95
c63f0b55-8352-4f28-848a-acde99713e5a,2026-08-04,5.0,95
c63f0b55-8352-4f28-848a-acde99713e5a,2026-08-05,1.4,98
c835c73a-5476-4f8c-bcfd-1866e7169349,2026-07-30,5.0,95
c835c73a-5476-4f8c-bcfd-1866e7169349,2026-07-31,5.0,95
c835c73a-5476-4f8c-bcfd-1866e7169349,2026-08-01,5.0,95
c835c73a-5476-4f8c-bcfd-1866e7169349,2026-08-02,5.0,95
c835c73a-5476-4f8c-bcfd-1866e7169349,2026-08-03,5.0,95
c835c73a-5476-4f8c-bcfd-1866e7169349,2026-08-04,5.16,94
c835c73a-5476-4f8c-bcfd-1866e7169349,2026-08-05,1.4,98
c861062e-55bc-44be-a932-41e78c424633,2026-07-30,5.0,95
c861062e-55bc-44be-a932-41e78c424633,2026-07-31,5.0,95
c861062e-55bc-44be-a932-41e78c424633,2026-08-01,5.0,95
c861062e-55bc-44be-a932-41e78c424633,2026-08-02,5.0,95
c861062e-55bc-44be-a932-41e78c424633,2026-08-03,5.0,95
c861062e-55bc-44be-a932-41e78c424633,2026-08-04,5.0,95
c861062e-55bc-44be-a932-41e78c424633,2026-08-05,1.4,98
c907cc89-558d-41d8-ae45-97693eb02388,2026-07-30,5.0,95
c907cc89-558d-41d8-ae45-97693eb02388,2026-07-31,5.0,95
c907cc89-558d-41d8-ae45-97693eb02388,2026-08-01,5.0,95
c907cc89-558d-41d8-ae45-97693eb02388,2026-08-02,5.0,95
c907cc89-558d-41d8-ae45-97693eb02388,2026-08-03,5.0,95
c907cc89-558d-41d8-ae45-97693eb02388,2026-08-04,5.0,95
c907cc89-558d-41d8-ae45-97693eb02388,2026-08-05,1.4,98
caa52e21-1c16-4636-aa11-bc0eeb410a2f,2026-07-30,5.0,95
caa52e21-1c16-4636-aa11-bc0eeb410a2f,2026-07-31,5.0,95
caa52e21-1c16-4636-aa11-bc0eeb410a2f,2026-08-01,5.0,95
caa52e21-1c16-4636-aa11-bc0eeb410a2f,2026-08-02,5.0,95
caa52e21-1c16-4636-aa11-bc0eeb410a2f,2026-08-03,5.0,95
caa52e21-1c16-4636-aa11-bc0eeb410a2f,2026-08-04,5.0,95
caa52e21-1c16-4636-aa11-bc0eeb410a2f,2026-08-05,1.4,98
cec6c76c-b203-4122-a52b-66debc43a4b0,2026-07-30,5.0,95
cec6c76c-b203-4122-a52b-66debc43a4b0,2026-07-31,5.0,95
cec6c76c-b203-4122-a52b-66debc43a4b0,2026-08-01,5.0,95
cec6c76c-b203-4122-a52b-66debc43a4b0,2026-08-02,5.0,95
cec6c76c-b203-4122-a52b-66debc43a4b0,2026-08-03,5.0,95
cec6c76c-b203-4122-a52b-66debc43a4b0,2026-08-04,5.0,95
cec6c76c-b203-4122-a52b-66debc43a4b0,2026-08-05,1.4,98
10038082-26a0-4597-86f5-6029ea5d8149,2026-07-30,5.0,95
10038082-26a0-4597-86f5-6029ea5d8149,2026-07-31,5.0,95
10038082-26a0-4597-86f5-6029ea5d8149,2026-08-01,5.0,95
10038082-26a0-4597-86f5-6029ea5d8149,2026-08-02,5.0,95
10038082-26a0-4597-86f5-6029ea5d8149,2026-08-03,5.0,95
10038082-26a0-4597-86f5-6029ea5d8149,2026-08-04,5.0,95
10038082-26a0-4597-86f5-6029ea5d8149,2026-08-05,1.4,98
1e971021-d58f-4187-9f42-9ec3b89b5be8,2026-07-30,5.0,95
1e971021-d58f-4187-9f42-9ec3b89b5be8,2026-07-31,5.0,95
1e971021-d58f-4187-9f42-9ec3b89b5be8,2026-08-01,5.0,95
1e971021-d58f-4187-9f42-9ec3b89b5be8,2026-08-02,5.0,95
1e971021-d58f-4187-9f42-9ec3b89b5be8,2026-08-03,5.6,94
1e971021-d58f-4187-9f42-9ec3b89b5be8,2026-08-04,5.0,95
1e971021-d58f-4187-9f42-9ec3b89b5be8,2026-08-05,1.4,98
1ff609ad-cb60-48f4-97a6-bb3b0bcf0f25,2026-07-30,5.0,95
1ff609ad-cb60-48f4-97a6-bb3b0bcf0f25,2026-07-31,5.0,95
1ff609ad-cb60-48f4-97a6-bb3b0bcf0f25,2026-08-01,5.0,95
1ff609ad-cb60-48f4-97a6-bb3b0bcf0f25,2026-08-02,5.0,95
1ff609ad-cb60-48f4-97a6-bb3b0bcf0f25,2026-08-03,5.0,95
1ff609ad-cb60-48f4-97a6-bb3b0bcf0f25,2026-08-04,5.0,95
1ff609ad-cb60-48f4-97a6-bb3b0bcf0f25,2026-08-05,1.4,98
23542851-5c9e-46ae-8db0-3df9e7179f2f,2026-07-30,5.82,94
23542851-5c9e-46ae-8db0-3df9e7179f2f,2026-07-31,5.0,95
23542851-5c9e-46ae-8db0-3df9e7179f2f,2026-08-01,5.0,95
23542851-5c9e-46ae-8db0-3df9e7179f2f,2026-08-02,5.0,95
23542851-5c9e-46ae-8db0-3df9e7179f2f,2026-08-03,5.0,95
23542851-5c9e-46ae-8db0-3df9e7179f2f,2026-08-04,5.0,95
23542851-5c9e-46ae-8db0-3df9e7179f2f,2026-08-05,1.4,98
2529023f-7c76-4b3c-9fc4-c23be49b1e9d,2026-07-30,5.0,95
2529023f-7c76-4b3c-9fc4-c23be49b1e9d,2026-07-31,5.0,95
2529023f-7c76-4b3c-9fc4-c23be49b1e9d,2026-08-01,5.0,95
2529023f-7c76-4b3c-9fc4-c23be49b1e9d,2026-08-02,5.0,95
2529023f-7c76-4b3c-9fc4-c23be49b1e9d,2026-08-03,5.0,95
2529023f-7c76-4b3c-9fc4-c23be49b1e9d,2026-08-04,5.0,95
2529023f-7c76-4b3c-9fc4-c23be49b1e9d,2026-08-05,1.4,98
25606bcb-7d6f-40da-bc41-d4932dfdfede,2026-07-30,5.0,95
25606bcb-7d6f-40da-bc41-d4932dfdfede,2026-07-31,5.0,95
25606bcb-7d6f-40da-bc41-d4932dfdfede,2026-08-01,5.0,95
25606bcb-7d6f-40da-bc41-d4932dfdfede,2026-08-02,5.0,95
25606bcb-7d6f-40da-bc41-d4932dfdfede,2026-08-03,5.0,95
25606bcb-7d6f-40da-bc41-d4932dfdfede,2026-08-04,5.0,95
25606bcb-7d6f-40da-bc41-d4932dfdfede,2026-08-05,1.4,98
e0fff1b4-e0e2-422f-b917-5f6f62f5e1d4,2026-07-30,5.0,95
e0fff1b4-e0e2-422f-b917-5f6f62f5e1d4,2026-07-31,5.0,95
e0fff1b4-e0e2-422f-b917-5f6f62f5e1d4,2026-08-01,5.0,95
e0fff1b4-e0e2-422f-b917-5f6f62f5e1d4,2026-08-02,5.0,95
e0fff1b4-e0e2-422f-b917-5f6f62f5e1d4,2026-08-03,5.0,95
e0fff1b4-e0e2-422f-b917-5f6f62f5e1d4,2026-08-04,5.58,94
e0fff1b4-e0e2-422f-b917-5f6f62f5e1d4,2026-08-05,1.4,98
41e2336e-0d4a-468f-91b9-e466c9a5740c,2026-07-30,5.0,95
41e2336e-0d4a-468f-91b9-e466c9a5740c,2026-07-31,6.48,93
41e2336e-0d4a-468f-91b9-e466c9a5740c,2026-08-01,5.0,95
41e2336e-0d4a-468f-91b9-e466c9a5740c,2026-08-02,5.0,95
41e2336e-0d4a-468f-91b9-e466c9a5740c,2026-08-03,5.0,95
41e2336e-0d4a-468f-91b9-e466c9a5740c,2026-08-04,5.0,95
41e2336e-0d4a-468f-91b9-e466c9a5740c,2026-08-05,1.4,98
4208e3fc-34c9-4f7c-90e4-710b7d52150e,2026-07-30,5.0,95
4208e3fc-34c9-4f7c-90e4-710b7d52150e,2026-07-31,5.0,95
4208e3fc-34c9-4f7c-90e4-710b7d52150e,2026-08-01,5.0,95
4208e3fc-34c9-4f7c-90e4-710b7d52150e,2026-08-02,5.0,95
4208e3fc-34c9-4f7c-90e4-710b7d52150e,2026-08-03,5.0,95
4208e3fc-34c9-4f7c-90e4-710b7d52150e,2026-08-04,5.0,95
4208e3fc-34c9-4f7c-90e4-710b7d52150e,2026-08-05,1.4,98
427b0cee-799e-4a38-8506-d4de48c73cfa,2026-07-30,5.0,95
427b0cee-799e-4a38-8506-d4de48c73cfa,2026-07-31,5.0,95
427b0cee-799e-4a38-8506-d4de48c73cfa,2026-08-01,5.0,95
427b0cee-799e-4a38-8506-d4de48c73cfa,2026-08-02,5.0,95
427b0cee-799e-4a38-8506-d4de48c73cfa,2026-08-03,5.0,95
427b0cee-799e-4a38-8506-d4de48c73cfa,2026-08-04,5.0,95
427b0cee-799e-4a38-8506-d4de48c73cfa,2026-08-05,1.4,98
42a7cd6f-2528-479f-ac63-51c84db7e9fa,2026-07-30,5.0,95
42a7cd6f-2528-479f-ac63-51c84db7e9fa,2026-07-31,5.0,95
42a7cd6f-2528-479f-ac63-51c84db7e9fa,2026-08-01,5.0,95
42a7cd6f-2528-479f-ac63-51c84db7e9fa,2026-08-02,5.0,95
42a7cd6f-2528-479f-ac63-51c84db7e9fa,2026-08-03,5.0,95
42a7cd6f-2528-479f-ac63-51c84db7e9fa,2026-08-04,5.0,95
42a7cd6f-2528-479f-ac63-51c84db7e9fa,2026-08-05,1.4,98
42aacc22-4465-4b0b-903a-92eace7ab8ec,2026-07-30,5.62,94
42aacc22-4465-4b0b-903a-92eace7ab8ec,2026-07-31,5.0,95
42aacc22-4465-4b0b-903a-92eace7ab8ec,2026-08-01,5.0,95
42aacc22-4465-4b0b-903a-92eace7ab8ec,2026-08-02,5.0,95
42aacc22-4465-4b0b-903a-92eace7ab8ec,2026-08-03,5.0,94
42aacc22-4465-4b0b-903a-92eace7ab8ec,2026-08-04,5.0,95
42aacc22-4465-4b0b-903a-92eace7ab8ec,2026-08-05,1.3,98
cf98b0b7-ed20-429a-a24f-b31b980643b9,2026-07-30,5.0,95
cf98b0b7-ed20-429a-a24f-b31b980643b9,2026-07-31,5.0,95
cf98b0b7-ed20-429a-a24f-b31b980643b9,2026-08-01,5.0,95
cf98b0b7-ed20-429a-a24f-b31b980643b9,2026-08-02,5.0,95
cf98b0b7-ed20-429a-a24f-b31b980643b9,2026-08-03,5.0,95
cf98b0b7-ed20-429a-a24f-b31b980643b9,2026-08-04,5.0,95
cf98b0b7-ed20-429a-a24f-b31b980643b9,2026-08-05,1.4,98
d11eb395-f3c9-471c-86a6-985a809466b1,2026-07-30,5.0,95
d11eb395-f3c9-471c-86a6-985a809466b1,2026-07-31,7.32,92
d11eb395-f3c9-471c-86a6-985a809466b1,2026-08-01,5.85,94
d11eb395-f3c9-471c-86a6-985a809466b1,2026-08-02,5.0,95
d11eb395-f3c9-471c-86a6-985a809466b1,2026-08-03,5.0,95
d11eb395-f3c9-471c-86a6-985a809466b1,2026-08-04,5.0,95
d11eb395-f3c9-471c-86a6-985a809466b1,2026-08-05,1.4,98
d170fdf3-1087-4364-8046-5b402ba397df,2026-07-30,5.0,95
d170fdf3-1087-4364-8046-5b402ba397df,2026-07-31,5.02,94
d170fdf3-1087-4364-8046-5b402ba397df,2026-08-01,6.89,93
d170fdf3-1087-4364-8046-5b402ba397df,2026-08-02,5.0,95
d170fdf3-1087-4364-8046-5b402ba397df,2026-08-03,5.0,95
d170fdf3-1087-4364-8046-5b402ba397df,2026-08-04,5.0,95
d170fdf3-1087-4364-8046-5b402ba397df,2026-08-05,3.5,96
d4069232-359e-4780-9d2a-2794161580e7,2026-07-30,5.0,95
d4069232-359e-4780-9d2a-2794161580e7,2026-07-31,5.0,95
d4069232-359e-4780-9d2a-2794161580e7,2026-08-01,5.0,95
d4069232-359e-4780-9d2a-2794161580e7,2026-08-02,5.0,95
d4069232-359e-4780-9d2a-2794161580e7,2026-08-03,5.0,95
d4069232-359e-4780-9d2a-2794161580e7,2026-08-04,5.0,95
d4069232-359e-4780-9d2a-2794161580e7,2026-08-05,1.4,98
d43ecd8b-48b8-4aeb-97c9-c30c82f5456b,2026-07-30,5.0,95
d43ecd8b-48b8-4aeb-97c9-c30c82f5456b,2026-07-31,5.0,95
d43ecd8b-48b8-4aeb-97c9-c30c82f5456b,2026-08-01,5.0,95
d43ecd8b-48b8-4aeb-97c9-c30c82f5456b,2026-08-02,5.0,95
d43ecd8b-48b8-4aeb-97c9-c30c82f5456b,2026-08-03,5.0,95
d43ecd8b-48b8-4aeb-97c9-c30c82f5456b,2026-08-04,5.0,95
d43ecd8b-48b8-4aeb-97c9-c30c82f5456b,2026-08-05,1.3,98
d5195eeb-2a69-4016-a721-883f35056f7d,2026-07-30,5.0,95
d5195eeb-2a69-4016-a721-883f35056f7d,2026-07-31,7.51,92
d5195eeb-2a69-4016-a721-883f35056f7d,2026-08-01,5.0,95
d5195eeb-2a69-4016-a721-883f35056f7d,2026-08-02,5.0,95
d5195eeb-2a69-4016-a721-883f35056f7d,2026-08-03,5.0,95
d5195eeb-2a69-4016-a721-883f35056f7d,2026-08-04,5.0,95
d5195eeb-2a69-4016-a721-883f35056f7d,2026-08-05,1.4,98
d60036ff-184d-4fa0-ad2d-1c1a373657ab,2026-07-30,5.0,95
d60036ff-184d-4fa0-ad2d-1c1a373657ab,2026-07-31,5.0,95
d60036ff-184d-4fa0-ad2d-1c1a373657ab,2026-08-01,5.0,95
d60036ff-184d-4fa0-ad2d-1c1a373657ab,2026-08-02,5.0,95
d60036ff-184d-4fa0-ad2d-1c1a373657ab,2026-08-03,5.0,95
d60036ff-184d-4fa0-ad2d-1c1a373657ab,2026-08-04,5.0,95
d60036ff-184d-4fa0-ad2d-1c1a373657ab,2026-08-05,1.4,98
d613f582-c357-4f78-9ba0-00da8f4dfd0d,2026-07-30,5.0,95
d613f582-c357-4f78-9ba0-00da8f4dfd0d,2026-07-31,5.0,95
d613f582-c357-4f78-9ba0-00da8f4dfd0d,2026-08-01,5.0,95
d613f582-c357-4f78-9ba0-00da8f4dfd0d,2026-08-02,5.0,95
d613f582-c357-4f78-9ba0-00da8f4dfd0d,2026-08-03,5.0,95
d613f582-c357-4f78-9ba0-00da8f4dfd0d,2026-08-04,5.0,95
d613f582-c357-4f78-9ba0-00da8f4dfd0d,2026-08-05,1.4,98
d6a3be1e-eaa8-41c8-ae41-4822a5e9fe3a,2026-07-30,5.0,95
d6a3be1e-eaa8-41c8-ae41-4822a5e9fe3a,2026-07-31,5.0,95
d6a3be1e-eaa8-41c8-ae41-4822a5e9fe3a,2026-08-01,5.0,95
d6a3be1e-eaa8-41c8-ae41-4822a5e9fe3a,2026-08-02,5.0,95
d6a3be1e-eaa8-41c8-ae41-4822a5e9fe3a,2026-08-03,5.0,95
d6a3be1e-eaa8-41c8-ae41-4822a5e9fe3a,2026-08-04,5.0,95
d6a3be1e-eaa8-41c8-ae41-4822a5e9fe3a,2026-08-05,1.4,98
d6a696a6-cff3-45a4-bb15-f45b5f31f3cd,2026-07-30,90.82,9
d6a696a6-cff3-45a4-bb15-f45b5f31f3cd,2026-07-31,94.04,5
d6a696a6-cff3-45a4-bb15-f45b5f31f3cd,2026-08-01,90.58,9
d6a696a6-cff3-45a4-bb15-f45b5f31f3cd,2026-08-02,93.55,6
d6a696a6-cff3-45a4-bb15-f45b5f31f3cd,2026-08-03,97.98,2
d6a696a6-cff3-45a4-bb15-f45b5f31f3cd,2026-08-04,95.52,4
d6a696a6-cff3-45a4-bb15-f45b5f31f3cd,2026-08-05,97.0,3
d71cef1c-593a-40d8-bbd8-11ea3cb9595e,2026-07-30,5.0,95
d71cef1c-593a-40d8-bbd8-11ea3cb9595e,2026-07-31,5.6,94
d71cef1c-593a-40d8-bbd8-11ea3cb9595e,2026-08-01,5.0,95
d71cef1c-593a-40d8-bbd8-11ea3cb9595e,2026-08-02,5.0,95
d71cef1c-593a-40d8-bbd8-11ea3cb9595e,2026-08-03,5.0,95
d71cef1c-593a-40d8-bbd8-11ea3cb9595e,2026-08-04,5.0,95
d71cef1c-593a-40d8-bbd8-11ea3cb9595e,2026-08-05,1.4,98
d7378b51-daab-4f70-ab41-c2f965542788,2026-07-30,5.0,95
d7378b51-daab-4f70-ab41-c2f965542788,2026-07-31,5.0,95
d7378b51-daab-4f70-ab41-c2f965542788,2026-08-01,5.0,95
d7378b51-daab-4f70-ab41-c2f965542788,2026-08-02,5.0,95
d7378b51-daab-4f70-ab41-c2f965542788,2026-08-03,5.0,95
d7378b51-daab-4f70-ab41-c2f965542788,2026-08-04,5.0,95
d7378b51-daab-4f70-ab41-c2f965542788,2026-08-05,1.4,98
d920c0ba-f4e3-4349-98c0-35d1c33898fe,2026-07-30,5.0,95
d920c0ba-f4e3-4349-98c0-35d1c33898fe,2026-07-31,5.0,95
d920c0ba-f4e3-4349-98c0-35d1c33898fe,2026-08-01,5.0,95
d920c0ba-f4e3-4349-98c0-35d1c33898fe,2026-08-02,5.0,95
d920c0ba-f4e3-4349-98c0-35d1c33898fe,2026-08-03,5.0,95
d920c0ba-f4e3-4349-98c0-35d1c33898fe,2026-08-04,5.0,95
d920c0ba-f4e3-4349-98c0-35d1c33898fe,2026-08-05,1.4,98
d9a9f145-fe10-44dd-8561-22ed63acaa6c,2026-07-30,5.0,95
d9a9f145-fe10-44dd-8561-22ed63acaa6c,2026-07-31,5.0,95
d9a9f145-fe10-44dd-8561-22ed63acaa6c,2026-08-01,5.0,95
d9a9f145-fe10-44dd-8561-22ed63acaa6c,2026-08-02,5.0,95
d9a9f145-fe10-44dd-8561-22ed63acaa6c,2026-08-03,5.0,95
d9a9f145-fe10-44dd-8561-22ed63acaa6c,2026-08-04,5.0,95
d9a9f145-fe10-44dd-8561-22ed63acaa6c,2026-08-05,1.4,98
da196b7c-5b44-4141-a271-76c20d734c02,2026-07-30,7.3,92
da196b7c-5b44-4141-a271-76c20d734c02,2026-07-31,5.0,95
da196b7c-5b44-4141-a271-76c20d734c02,2026-08-01,5.0,95
da196b7c-5b44-4141-a271-76c20d734c02,2026-08-02,5.0,95
da196b7c-5b44-4141-a271-76c20d734c02,2026-08-03,5.0,95
da196b7c-5b44-4141-a271-76c20d734c02,2026-08-04,5.0,95
da196b7c-5b44-4141-a271-76c20d734c02,2026-08-05,1.4,98
2e24b1c7-fa3d-4a9f-8254-f56892046ef5,2026-07-30,6.8,93
2e24b1c7-fa3d-4a9f-8254-f56892046ef5,2026-07-31,5.0,95
2e24b1c7-fa3d-4a9f-8254-f56892046ef5,2026-08-01,5.0,95
2e24b1c7-fa3d-4a9f-8254-f56892046ef5,2026-08-02,5.0,95
2e24b1c7-fa3d-4a9f-8254-f56892046ef5,2026-08-03,5.0,95
2e24b1c7-fa3d-4a9f-8254-f56892046ef5,2026-08-04,5.0,95
2e24b1c7-fa3d-4a9f-8254-f56892046ef5,2026-08-05,1.4,98
2e3e8667-b6b6-4f01-b56d-78d9d4af20e1,2026-07-30,5.0,95
2e3e8667-b6b6-4f01-b56d-78d9d4af20e1,2026-07-31,5.0,95
2e3e8667-b6b6-4f01-b56d-78d9d4af20e1,2026-08-01,5.0,95
2e3e8667-b6b6-4f01-b56d-78d9d4af20e1,2026-08-02,5.0,95
2e3e8667-b6b6-4f01-b56d-78d9d4af20e1,2026-08-03,5.0,95
2e3e8667-b6b6-4f01-b56d-78d9d4af20e1,2026-08-04,5.0,95
2e3e8667-b6b6-4f01-b56d-78d9d4af20e1,2026-08-05,1.4,98
2eae18bf-5351-4d5a-bdf8-73a10d14b625,2026-07-30,5.0,95
2eae18bf-5351-4d5a-bdf8-73a10d14b625,2026-07-31,5.0,95
2eae18bf-5351-4d5a-bdf8-73a10d14b625,2026-08-01,5.56,94
2eae18bf-5351-4d5a-bdf8-73a10d14b625,2026-08-02,5.0,95
2eae18bf-5351-4d5a-bdf8-73a10d14b625,2026-08-03,5.0,95
2eae18bf-5351-4d5a-bdf8-73a10d14b625,2026-08-04,5.0,95
2eae18bf-5351-4d5a-bdf8-73a10d14b625,2026-08-05,1.4,98
da19c276-8163-46a9-9306-dafcbbf9e390,2026-07-30,6.01,93
da19c276-8163-46a9-9306-dafcbbf9e390,2026-07-31,6.06,93
da19c276-8163-46a9-9306-dafcbbf9e390,2026-08-01,5.0,95
da19c276-8163-46a9-9306-dafcbbf9e390,2026-08-02,5.0,95
da19c276-8163-46a9-9306-dafcbbf9e390,2026-08-03,5.09,94
da19c276-8163-46a9-9306-dafcbbf9e390,2026-08-04,5.0,95
da19c276-8163-46a9-9306-dafcbbf9e390,2026-08-05,1.4,98
da4a90a4-44dd-4232-9766-2f61388f676e,2026-07-30,5.0,95
da4a90a4-44dd-4232-9766-2f61388f676e,2026-07-31,5.0,95
da4a90a4-44dd-4232-9766-2f61388f676e,2026-08-01,5.0,95
da4a90a4-44dd-4232-9766-2f61388f676e,2026-08-02,5.0,95
da4a90a4-44dd-4232-9766-2f61388f676e,2026-08-03,5.0,95
da4a90a4-44dd-4232-9766-2f61388f676e,2026-08-04,5.0,95
da4a90a4-44dd-4232-9766-2f61388f676e,2026-08-05,1.4,98
da7ab633-8d9c-4390-901d-54bfdcaa238a,2026-07-30,5.0,95
da7ab633-8d9c-4390-901d-54bfdcaa238a,2026-07-31,5.0,95
da7ab633-8d9c-4390-901d-54bfdcaa238a,2026-08-01,5.0,95
da7ab633-8d9c-4390-901d-54bfdcaa238a,2026-08-02,5.0,95
da7ab633-8d9c-4390-901d-54bfdcaa238a,2026-08-03,5.0,95
da7ab633-8d9c-4390-901d-54bfdcaa238a,2026-08-04,5.0,95
da7ab633-8d9c-4390-901d-54bfdcaa238a,2026-08-05,1.4,98
38399dc7-bb40-4614-a9ad-c6c1cfe5c834,2026-07-30,5.0,95
38399dc7-bb40-4614-a9ad-c6c1cfe5c834,2026-07-31,5.0,95
38399dc7-bb40-4614-a9ad-c6c1cfe5c834,2026-08-01,5.0,95
38399dc7-bb40-4614-a9ad-c6c1cfe5c834,2026-08-02,6.18,93
38399dc7-bb40-4614-a9ad-c6c1cfe5c834,2026-08-03,5.0,95
38399dc7-bb40-4614-a9ad-c6c1cfe5c834,2026-08-04,5.0,95
38399dc7-bb40-4614-a9ad-c6c1cfe5c834,2026-08-05,1.4,98
388fb673-1580-4150-947f-76b5cad42b9c,2026-07-30,5.0,95
388fb673-1580-4150-947f-76b5cad42b9c,2026-07-31,5.0,95
388fb673-1580-4150-947f-76b5cad42b9c,2026-08-01,6.62,93
388fb673-1580-4150-947f-76b5cad42b9c,2026-08-02,5.0,95
388fb673-1580-4150-947f-76b5cad42b9c,2026-08-03,5.0,95
388fb673-1580-4150-947f-76b5cad42b9c,2026-08-04,5.0,95
388fb673-1580-4150-947f-76b5cad42b9c,2026-08-05,1.4,98
daca609c-2731-41ba-b535-e545876c77e8,2026-07-30,82.19,17
daca609c-2731-41ba-b535-e545876c77e8,2026-07-31,85.75,14
daca609c-2731-41ba-b535-e545876c77e8,2026-08-01,96.57,3
daca609c-2731-41ba-b535-e545876c77e8,2026-08-02,89.76,10
daca609c-2731-41ba-b535-e545876c77e8,2026-08-03,96.98,3
daca609c-2731-41ba-b535-e545876c77e8,2026-08-04,94.07,5
daca609c-2731-41ba-b535-e545876c77e8,2026-08-05,92.9,7
dbcf44c7-df50-4af3-89ad-2b80477e6d34,2026-07-30,5.0,95
dbcf44c7-df50-4af3-89ad-2b80477e6d34,2026-07-31,5.0,95
dbcf44c7-df50-4af3-89ad-2b80477e6d34,2026-08-01,5.0,95
dbcf44c7-df50-4af3-89ad-2b80477e6d34,2026-08-02,5.0,95
dbcf44c7-df50-4af3-89ad-2b80477e6d34,2026-08-03,5.0,95
dbcf44c7-df50-4af3-89ad-2b80477e6d34,2026-08-04,5.0,95
dbcf44c7-df50-4af3-89ad-2b80477e6d34,2026-08-05,1.4,98
dc02a7b7-c469-4047-a3c0-731150cc0e58,2026-07-30,5.0,95
dc02a7b7-c469-4047-a3c0-731150cc0e58,2026-07-31,5.0,95
dc02a7b7-c469-4047-a3c0-731150cc0e58,2026-08-01,6.48,93
dc02a7b7-c469-4047-a3c0-731150cc0e58,2026-08-02,5.0,95
dc02a7b7-c469-4047-a3c0-731150cc0e58,2026-08-03,5.0,95
dc02a7b7-c469-4047-a3c0-731150cc0e58,2026-08-04,5.0,95
dc02a7b7-c469-4047-a3c0-731150cc0e58,2026-08-05,1.4,98
de1bd719-7ccd-4a7d-bd76-a6497722d280,2026-07-30,5.0,95
de1bd719-7ccd-4a7d-bd76-a6497722d280,2026-07-31,5.0,95
de1bd719-7ccd-4a7d-bd76-a6497722d280,2026-08-01,5.0,95
de1bd719-7ccd-4a7d-bd76-a6497722d280,2026-08-02,5.0,95
de1bd719-7ccd-4a7d-bd76-a6497722d280,2026-08-03,5.0,95
de1bd719-7ccd-4a7d-bd76-a6497722d280,2026-08-04,5.0,95
de1bd719-7ccd-4a7d-bd76-a6497722d280,2026-08-05,1.3,98
de245b4b-e668-4371-a8fa-bf90d6c62b35,2026-07-30,5.0,95
de245b4b-e668-4371-a8fa-bf90d6c62b35,2026-07-31,5.0,95
de245b4b-e668-4371-a8fa-bf90d6c62b35,2026-08-01,5.81,94
de245b4b-e668-4371-a8fa-bf90d6c62b35,2026-08-02,5.0,95
de245b4b-e668-4371-a8fa-bf90d6c62b35,2026-08-03,5.0,95
de245b4b-e668-4371-a8fa-bf90d6c62b35,2026-08-04,5.0,95
de245b4b-e668-4371-a8fa-bf90d6c62b35,2026-08-05,1.4,98
dea709f6-535b-4236-9193-f3953e557c0a,2026-07-30,5.0,95
dea709f6-535b-4236-9193-f3953e557c0a,2026-07-31,5.0,95
dea709f6-535b-4236-9193-f3953e557c0a,2026-08-01,5.0,95
dea709f6-535b-4236-9193-f3953e557c0a,2026-08-02,5.0,95
dea709f6-535b-4236-9193-f3953e557c0a,2026-08-03,5.0,95
dea709f6-535b-4236-9193-f3953e557c0a,2026-08-04,5.0,95
dea709f6-535b-4236-9193-f3953e557c0a,2026-08-05,1.4,98
debe61aa-683e-4a21-accf-c0b8b13d1421,2026-07-30,5.0,95
debe61aa-683e-4a21-accf-c0b8b13d1421,2026-07-31,5.0,95
debe61aa-683e-4a21-accf-c0b8b13d1421,2026-08-01,5.0,95
debe61aa-683e-4a21-accf-c0b8b13d1421,2026-08-02,5.0,95
debe61aa-683e-4a21-accf-c0b8b13d1421,2026-08-03,5.0,95
debe61aa-683e-4a21-accf-c0b8b13d1421,2026-08-04,5.0,95
debe61aa-683e-4a21-accf-c0b8b13d1421,2026-08-05,1.4,98
dee8f65a-480a-4d4e-ae99-a59fbae28a3a,2026-07-30,5.0,95
dee8f65a-480a-4d4e-ae99-a59fbae28a3a,2026-07-31,5.0,95
dee8f65a-480a-4d4e-ae99-a59fbae28a3a,2026-08-01,5.0,95
dee8f65a-480a-4d4e-ae99-a59fbae28a3a,2026-08-02,5.0,95
dee8f65a-480a-4d4e-ae99-a59fbae28a3a,2026-08-03,5.0,95
dee8f65a-480a-4d4e-ae99-a59fbae28a3a,2026-08-04,5.0,95
dee8f65a-480a-4d4e-ae99-a59fbae28a3a,2026-08-05,1.4,98
df854c20-7202-486d-adc4-6f33687e8277,2026-07-30,5.0,95
df854c20-7202-486d-adc4-6f33687e8277,2026-07-31,5.0,95
df854c20-7202-486d-adc4-6f33687e8277,2026-08-01,5.0,95
df854c20-7202-486d-adc4-6f33687e8277,2026-08-02,5.0,95
df854c20-7202-486d-adc4-6f33687e8277,2026-08-03,5.0,95
df854c20-7202-486d-adc4-6f33687e8277,2026-08-04,5.0,95
df854c20-7202-486d-adc4-6f33687e8277,2026-08-05,1.4,98
e0809bc7-5506-4216-b3aa-0a19b7eb33ce,2026-07-30,5.0,95
e0809bc7-5506-4216-b3aa-0a19b7eb33ce,2026-07-31,5.0,95
e0809bc7-5506-4216-b3aa-0a19b7eb33ce,2026-08-01,5.0,95
e0809bc7-5506-4216-b3aa-0a19b7eb33ce,2026-08-02,5.0,95
e0809bc7-5506-4216-b3aa-0a19b7eb33ce,2026-08-03,5.0,95
e0809bc7-5506-4216-b3aa-0a19b7eb33ce,2026-08-04,5.0,95
e0809bc7-5506-4216-b3aa-0a19b7eb33ce,2026-08-05,1.4,98
e137ce2d-b487-4ea1-8d95-d033d5889e99,2026-07-30,5.0,95
e137ce2d-b487-4ea1-8d95-d033d5889e99,2026-07-31,5.0,95
e137ce2d-b487-4ea1-8d95-d033d5889e99,2026-08-01,5.0,95
e137ce2d-b487-4ea1-8d95-d033d5889e99,2026-08-02,5.0,95
e137ce2d-b487-4ea1-8d95-d033d5889e99,2026-08-03,5.0,95
e137ce2d-b487-4ea1-8d95-d033d5889e99,2026-08-04,5.0,95
e137ce2d-b487-4ea1-8d95-d033d5889e99,2026-08-05,1.4,98
e155ea5d-c731-46d6-b34e-3b4a4c707fe7,2026-07-30,5.0,95
e155ea5d-c731-46d6-b34e-3b4a4c707fe7,2026-07-31,5.0,95
e155ea5d-c731-46d6-b34e-3b4a4c707fe7,2026-08-01,5.0,95
e155ea5d-c731-46d6-b34e-3b4a4c707fe7,2026-08-02,5.0,95
e155ea5d-c731-46d6-b34e-3b4a4c707fe7,2026-08-03,5.0,95
e155ea5d-c731-46d6-b34e-3b4a4c707fe7,2026-08-04,5.0,95
e155ea5d-c731-46d6-b34e-3b4a4c707fe7,2026-08-05,1.3,98
e16a2702-6276-4cfb-b639-33affee6db26,2026-07-30,5.0,95
e16a2702-6276-4cfb-b639-33affee6db26,2026-07-31,5.0,95
e16a2702-6276-4cfb-b639-33affee6db26,2026-08-01,5.0,95
e16a2702-6276-4cfb-b639-33affee6db26,2026-08-02,5.53,94
e16a2702-6276-4cfb-b639-33affee6db26,2026-08-03,5.0,95
e16a2702-6276-4cfb-b639-33affee6db26,2026-08-04,5.0,95
e16a2702-6276-4cfb-b639-33affee6db26,2026-08-05,1.4,98
e1abfb34-9db3-482e-961a-56fa80b84bfe,2026-07-30,5.0,95
e1abfb34-9db3-482e-961a-56fa80b84bfe,2026-07-31,5.0,95
e1abfb34-9db3-482e-961a-56fa80b84bfe,2026-08-01,5.0,95
e1abfb34-9db3-482e-961a-56fa80b84bfe,2026-08-02,5.0,95
e1abfb34-9db3-482e-961a-56fa80b84bfe,2026-08-03,5.0,95
e1abfb34-9db3-482e-961a-56fa80b84bfe,2026-08-04,5.0,95
e1abfb34-9db3-482e-961a-56fa80b84bfe,2026-08-05,1.3,98
e1f497ee-5159-4c9e-afc9-3e76d2fde342,2026-07-30,6.42,93
e1f497ee-5159-4c9e-afc9-3e76d2fde342,2026-07-31,5.0,95
e1f497ee-5159-4c9e-afc9-3e76d2fde342,2026-08-01,5.12,94
e1f497ee-5159-4c9e-afc9-3e76d2fde342,2026-08-02,5.0,95
e1f497ee-5159-4c9e-afc9-3e76d2fde342,2026-08-03,5.0,95
e1f497ee-5159-4c9e-afc9-3e76d2fde342,2026-08-04,5.0,95
e1f497ee-5159-4c9e-afc9-3e76d2fde342,2026-08-05,1.3,98
e35d7c5d-5c9e-4b86-b1d3-2b3bc1a2caa5,2026-07-30,6.31,93
e35d7c5d-5c9e-4b86-b1d3-2b3bc1a2caa5,2026-07-31,5.0,95
e35d7c5d-5c9e-4b86-b1d3-2b3bc1a2caa5,2026-08-01,5.0,95
e35d7c5d-5c9e-4b86-b1d3-2b3bc1a2caa5,2026-08-02,5.0,95
e35d7c5d-5c9e-4b86-b1d3-2b3bc1a2caa5,2026-08-03,5.0,95
e35d7c5d-5c9e-4b86-b1d3-2b3bc1a2caa5,2026-08-04,5.0,95
e35d7c5d-5c9e-4b86-b1d3-2b3bc1a2caa5,2026-08-05,1.4,98
e39c4794-dfd1-4c7d-bab1-b356918b41ec,2026-07-30,5.0,95
e39c4794-dfd1-4c7d-bab1-b356918b41ec,2026-07-31,5.0,95
e39c4794-dfd1-4c7d-bab1-b356918b41ec,2026-08-01,5.0,95
e39c4794-dfd1-4c7d-bab1-b356918b41ec,2026-08-02,5.0,95
e39c4794-dfd1-4c7d-bab1-b356918b41ec,2026-08-03,5.0,95
e39c4794-dfd1-4c7d-bab1-b356918b41ec,2026-08-04,5.0,95
e39c4794-dfd1-4c7d-bab1-b356918b41ec,2026-08-05,1.4,98
e6766d04-763d-4e4f-9dca-485287bfece4,2026-07-30,5.0,95
e6766d04-763d-4e4f-9dca-485287bfece4,2026-07-31,5.0,95
e6766d04-763d-4e4f-9dca-485287bfece4,2026-08-01,5.0,95
e6766d04-763d-4e4f-9dca-485287bfece4,2026-08-02,5.0,95
e6766d04-763d-4e4f-9dca-485287bfece4,2026-08-03,5.0,95
e6766d04-763d-4e4f-9dca-485287bfece4,2026-08-04,5.0,95
e6766d04-763d-4e4f-9dca-485287bfece4,2026-08-05,1.3,98
e6ba9930-b563-4af6-b748-73443cdab1c5,2026-07-30,5.0,95
e6ba9930-b563-4af6-b748-73443cdab1c5,2026-07-31,5.0,95
e6ba9930-b563-4af6-b748-73443cdab1c5,2026-08-01,5.0,95
e6ba9930-b563-4af6-b748-73443cdab1c5,2026-08-02,5.0,95
e6ba9930-b563-4af6-b748-73443cdab1c5,2026-08-03,5.0,95
e6ba9930-b563-4af6-b748-73443cdab1c5,2026-08-04,5.0,95
e6ba9930-b563-4af6-b748-73443cdab1c5,2026-08-05,1.4,98
e70fa743-3191-41e6-8fb5-5dc84d373b5d,2026-07-30,5.0,95
e70fa743-3191-41e6-8fb5-5dc84d373b5d,2026-07-31,5.0,95
e70fa743-3191-41e6-8fb5-5dc84d373b5d,2026-08-01,5.0,95
e70fa743-3191-41e6-8fb5-5dc84d373b5d,2026-08-02,5.0,95
e70fa743-3191-41e6-8fb5-5dc84d373b5d,2026-08-03,5.0,95
e70fa743-3191-41e6-8fb5-5dc84d373b5d,2026-08-04,5.0,95
e70fa743-3191-41e6-8fb5-5dc84d373b5d,2026-08-05,1.4,98
e7c5ef90-a5cc-43ff-97d4-22aac187bbcd,2026-07-30,5.0,95
e7c5ef90-a5cc-43ff-97d4-22aac187bbcd,2026-07-31,5.0,95
e7c5ef90-a5cc-43ff-97d4-22aac187bbcd,2026-08-01,5.0,95
e7c5ef90-a5cc-43ff-97d4-22aac187bbcd,2026-08-02,5.0,95
e7c5ef90-a5cc-43ff-97d4-22aac187bbcd,2026-08-03,5.0,95
e7c5ef90-a5cc-43ff-97d4-22aac187bbcd,2026-08-04,5.0,95
e7c5ef90-a5cc-43ff-97d4-22aac187bbcd,2026-08-05,1.4,98
e82c3836-694e-4398-8eb5-7fb2f8db3397,2026-07-30,5.0,95
e82c3836-694e-4398-8eb5-7fb2f8db3397,2026-07-31,5.0,95
e82c3836-694e-4398-8eb5-7fb2f8db3397,2026-08-01,5.0,95
e82c3836-694e-4398-8eb5-7fb2f8db3397,2026-08-02,5.0,95
e82c3836-694e-4398-8eb5-7fb2f8db3397,2026-08-03,5.0,95
e82c3836-694e-4398-8eb5-7fb2f8db3397,2026-08-04,5.0,95
e82c3836-694e-4398-8eb5-7fb2f8db3397,2026-08-05,1.4,98
e8deed57-612d-47ab-8610-77de3bdd6138,2026-07-30,5.0,95
e8deed57-612d-47ab-8610-77de3bdd6138,2026-07-31,5.0,95
e8deed57-612d-47ab-8610-77de3bdd6138,2026-08-01,5.0,95
e8deed57-612d-47ab-8610-77de3bdd6138,2026-08-02,5.0,95
e8deed57-612d-47ab-8610-77de3bdd6138,2026-08-03,5.0,95
e8deed57-612d-47ab-8610-77de3bdd6138,2026-08-04,5.0,95
e8deed57-612d-47ab-8610-77de3bdd6138,2026-08-05,1.4,98
f38bcd15-d1db-4980-a0e0-d626915287cb,2026-07-30,5.0,95
f38bcd15-d1db-4980-a0e0-d626915287cb,2026-07-31,5.0,95
f38bcd15-d1db-4980-a0e0-d626915287cb,2026-08-01,5.0,95
f38bcd15-d1db-4980-a0e0-d626915287cb,2026-08-02,5.0,95
f38bcd15-d1db-4980-a0e0-d626915287cb,2026-08-03,5.0,95
f38bcd15-d1db-4980-a0e0-d626915287cb,2026-08-04,5.0,95
f38bcd15-d1db-4980-a0e0-d626915287cb,2026-08-05,1.4,98
f55fc4a8-550b-4a2e-ab4b-1047ea6f7f59,2026-07-30,5.0,95
f55fc4a8-550b-4a2e-ab4b-1047ea6f7f59,2026-07-31,5.93,94
f55fc4a8-550b-4a2e-ab4b-1047ea6f7f59,2026-08-01,5.0,95
f55fc4a8-550b-4a2e-ab4b-1047ea6f7f59,2026-08-02,5.0,95
f55fc4a8-550b-4a2e-ab4b-1047ea6f7f59,2026-08-03,5.0,95
f55fc4a8-550b-4a2e-ab4b-1047ea6f7f59,2026-08-04,5.0,95
f55fc4a8-550b-4a2e-ab4b-1047ea6f7f59,2026-08-05,2.5,97
f5bcef1a-51ec-4810-b4f6-f2e12386d3e6,2026-07-30,5.0,95
f5bcef1a-51ec-4810-b4f6-f2e12386d3e6,2026-07-31,5.0,95
f5bcef1a-51ec-4810-b4f6-f2e12386d3e6,2026-08-01,5.0,95
f5bcef1a-51ec-4810-b4f6-f2e12386d3e6,2026-08-02,5.0,95
f5bcef1a-51ec-4810-b4f6-f2e12386d3e6,2026-08-03,5.0,95
f5bcef1a-51ec-4810-b4f6-f2e12386d3e6,2026-08-04,5.0,95
f5bcef1a-51ec-4810-b4f6-f2e12386d3e6,2026-08-05,2.9,97
f5eb1874-56ae-4d78-9749-0f1e46e8ff0e,2026-07-30,5.0,95
f5eb1874-56ae-4d78-9749-0f1e46e8ff0e,2026-07-31,5.0,95
f5eb1874-56ae-4d78-9749-0f1e46e8ff0e,2026-08-01,5.0,95
f5eb1874-56ae-4d78-9749-0f1e46e8ff0e,2026-08-02,5.0,95
f5eb1874-56ae-4d78-9749-0f1e46e8ff0e,2026-08-03,5.0,95
f5eb1874-56ae-4d78-9749-0f1e46e8ff0e,2026-08-04,5.0,95
f5eb1874-56ae-4d78-9749-0f1e46e8ff0e,2026-08-05,1.3,98
f6475310-88a6-4f2b-833d-5073ce93674a,2026-07-30,5.0,95
f6475310-88a6-4f2b-833d-5073ce93674a,2026-07-31,5.0,95
f6475310-88a6-4f2b-833d-5073ce93674a,2026-08-01,5.0,95
f6475310-88a6-4f2b-833d-5073ce93674a,2026-08-02,7.94,92
f6475310-88a6-4f2b-833d-5073ce93674a,2026-08-03,8.62,91
f6475310-88a6-4f2b-833d-5073ce93674a,2026-08-04,5.0,95
f6475310-88a6-4f2b-833d-5073ce93674a,2026-08-05,5.2,94
f7bcee8a-e8e1-48b5-bd12-861a21aaed95,2026-07-30,85.6,14
f7bcee8a-e8e1-48b5-bd12-861a21aaed95,2026-07-31,87.42,12
f7bcee8a-e8e1-48b5-bd12-861a21aaed95,2026-08-01,94.59,5
f7bcee8a-e8e1-48b5-bd12-861a21aaed95,2026-08-02,90.86,9
f7bcee8a-e8e1-48b5-bd12-861a21aaed95,2026-08-03,98.0,2
f7bcee8a-e8e1-48b5-bd12-861a21aaed95,2026-08-04,91.84,8
f7bcee8a-e8e1-48b5-bd12-861a21aaed95,2026-08-05,95.9,4
fcfcb92a-85c3-4860-a860-c37e3b206c1e,2026-07-30,5.0,95
fcfcb92a-85c3-4860-a860-c37e3b206c1e,2026-07-31,5.0,95
fcfcb92a-85c3-4860-a860-c37e3b206c1e,2026-08-01,5.0,95
fcfcb92a-85c3-4860-a860-c37e3b206c1e,2026-08-02,5.0,95
fcfcb92a-85c3-4860-a860-c37e3b206c1e,2026-08-03,5.0,95
fcfcb92a-85c3-4860-a860-c37e3b206c1e,2026-08-04,5.0,95
fcfcb92a-85c3-4860-a860-c37e3b206c1e,2026-08-05,1.4,98
fdcf4e6e-5f62-4615-8aee-6ecfebb8bd34,2026-07-30,5.0,95
fdcf4e6e-5f62-4615-8aee-6ecfebb8bd34,2026-07-31,5.0,95
fdcf4e6e-5f62-4615-8aee-6ecfebb8bd34,2026-08-01,5.0,95
fdcf4e6e-5f62-4615-8aee-6ecfebb8bd34,2026-08-02,5.0,95
fdcf4e6e-5f62-4615-8aee-6ecfebb8bd34,2026-08-03,5.0,95
fdcf4e6e-5f62-4615-8aee-6ecfebb8bd34,2026-08-04,5.0,95
fdcf4e6e-5f62-4615-8aee-6ecfebb8bd34,2026-08-05,1.4,98
7960dbe3-211a-48b0-b93a-5e5472d5f576,2026-07-30,5.0,95
7960dbe3-211a-48b0-b93a-5e5472d5f576,2026-07-31,5.0,95
7960dbe3-211a-48b0-b93a-5e5472d5f576,2026-08-01,5.0,95
7960dbe3-211a-48b0-b93a-5e5472d5f576,2026-08-02,5.0,95
7960dbe3-211a-48b0-b93a-5e5472d5f576,2026-08-03,5.0,95
7960dbe3-211a-48b0-b93a-5e5472d5f576,2026-08-04,5.0,95
7960dbe3-211a-48b0-b93a-5e5472d5f576,2026-08-05,1.4,98
7993d599-ff1e-4735-b341-e7a281199297,2026-07-30,5.0,95
7993d599-ff1e-4735-b341-e7a281199297,2026-07-31,5.0,95
7993d599-ff1e-4735-b341-e7a281199297,2026-08-01,6.19,93
7993d599-ff1e-4735-b341-e7a281199297,2026-08-02,5.0,95
7993d599-ff1e-4735-b341-e7a281199297,2026-08-03,5.0,95
7993d599-ff1e-4735-b341-e7a281199297,2026-08-04,5.0,95
7993d599-ff1e-4735-b341-e7a281199297,2026-08-05,1.3,98
09b58db6-eaf9-41bf-9aaa-ca92576c36d3,2026-07-30,5.0,95
09b58db6-eaf9-41bf-9aaa-ca92576c36d3,2026-07-31,5.0,95
09b58db6-eaf9-41bf-9aaa-ca92576c36d3,2026-08-01,5.0,95
09b58db6-eaf9-41bf-9aaa-ca92576c36d3,2026-08-02,5.0,95
09b58db6-eaf9-41bf-9aaa-ca92576c36d3,2026-08-03,5.0,95
09b58db6-eaf9-41bf-9aaa-ca92576c36d3,2026-08-04,5.0,95
09b58db6-eaf9-41bf-9aaa-ca92576c36d3,2026-08-05,1.4,98
141710ea-3f5a-4e0d-bbc7-d308f3273ec4,2026-07-30,5.0,95
141710ea-3f5a-4e0d-bbc7-d308f3273ec4,2026-07-31,5.0,95
141710ea-3f5a-4e0d-bbc7-d308f3273ec4,2026-08-01,5.0,95
141710ea-3f5a-4e0d-bbc7-d308f3273ec4,2026-08-02,5.0,95
141710ea-3f5a-4e0d-bbc7-d308f3273ec4,2026-08-03,5.0,95
141710ea-3f5a-4e0d-bbc7-d308f3273ec4,2026-08-04,5.0,95
141710ea-3f5a-4e0d-bbc7-d308f3273ec4,2026-08-05,1.4,98
15290125-f49c-4573-905a-38c5d243d409,2026-07-30,5.0,95
15290125-f49c-4573-905a-38c5d243d409,2026-07-31,5.0,95
15290125-f49c-4573-905a-38c5d243d409,2026-08-01,5.0,95
15290125-f49c-4573-905a-38c5d243d409,2026-08-02,6.7,93
15290125-f49c-4573-905a-38c5d243d409,2026-08-03,5.0,95
15290125-f49c-4573-905a-38c5d243d409,2026-08-04,5.0,95
15290125-f49c-4573-905a-38c5d243d409,2026-08-05,2.3,97
196c06e5-3efe-4355-9590-0a2e578a8d41,2026-07-30,5.0,95
196c06e5-3efe-4355-9590-0a2e578a8d41,2026-07-31,5.0,95
196c06e5-3efe-4355-9590-0a2e578a8d41,2026-08-01,5.0,95
196c06e5-3efe-4355-9590-0a2e578a8d41,2026-08-02,5.0,95
196c06e5-3efe-4355-9590-0a2e578a8d41,2026-08-03,5.0,95
196c06e5-3efe-4355-9590-0a2e578a8d41,2026-08-04,5.0,95
196c06e5-3efe-4355-9590-0a2e578a8d41,2026-08-05,1.4,98
19c91f06-daad-416b-849c-d861651c2bee,2026-07-30,5.0,95
19c91f06-daad-416b-849c-d861651c2bee,2026-07-31,5.0,95
19c91f06-daad-416b-849c-d861651c2bee,2026-08-01,5.0,95
19c91f06-daad-416b-849c-d861651c2bee,2026-08-02,5.0,95
19c91f06-daad-416b-849c-d861651c2bee,2026-08-03,5.0,95
19c91f06-daad-416b-849c-d861651c2bee,2026-08-04,5.0,95
19c91f06-daad-416b-849c-d861651c2bee,2026-08-05,1.4,98
20a736c6-c193-4264-b452-cf2985c06378,2026-07-30,5.0,95
20a736c6-c193-4264-b452-cf2985c06378,2026-07-31,5.55,94
20a736c6-c193-4264-b452-cf2985c06378,2026-08-01,5.0,95
20a736c6-c193-4264-b452-cf2985c06378,2026-08-02,5.0,95
20a736c6-c193-4264-b452-cf2985c06378,2026-08-03,5.0,95
20a736c6-c193-4264-b452-cf2985c06378,2026-08-04,5.0,95
20a736c6-c193-4264-b452-cf2985c06378,2026-08-05,3.0,97
211f9d99-ae17-49b8-a5e0-673f912cb08b,2026-07-30,5.0,95
211f9d99-ae17-49b8-a5e0-673f912cb08b,2026-07-31,5.77,94
211f9d99-ae17-49b8-a5e0-673f912cb08b,2026-08-01,5.0,95
211f9d99-ae17-49b8-a5e0-673f912cb08b,2026-08-02,5.0,95
211f9d99-ae17-49b8-a5e0-673f912cb08b,2026-08-03,5.0,95
211f9d99-ae17-49b8-a5e0-673f912cb08b,2026-08-04,5.52,94
211f9d99-ae17-49b8-a5e0-673f912cb08b,2026-08-05,1.4,98
35e3e18f-85a3-4117-87ab-9792d726d773,2026-07-30,5.0,95
35e3e18f-85a3-4117-87ab-9792d726d773,2026-07-31,5.0,95
35e3e18f-85a3-4117-87ab-9792d726d773,2026-08-01,5.0,95
35e3e18f-85a3-4117-87ab-9792d726d773,2026-08-02,5.0,95
35e3e18f-85a3-4117-87ab-9792d726d773,2026-08-03,5.0,95
35e3e18f-85a3-4117-87ab-9792d726d773,2026-08-04,5.0,95
35e3e18f-85a3-4117-87ab-9792d726d773,2026-08-05,1.4,98
35e867f2-dcb9-4dde-b672-7ba8d5e475e0,2026-07-30,5.0,95
35e867f2-dcb9-4dde-b672-7ba8d5e475e0,2026-07-31,5.0,95
35e867f2-dcb9-4dde-b672-7ba8d5e475e0,2026-08-01,5.0,95
35e867f2-dcb9-4dde-b672-7ba8d5e475e0,2026-08-02,5.0,95
35e867f2-dcb9-4dde-b672-7ba8d5e475e0,2026-08-03,5.0,95
35e867f2-dcb9-4dde-b672-7ba8d5e475e0,2026-08-04,5.0,95
35e867f2-dcb9-4dde-b672-7ba8d5e475e0,2026-08-05,1.4,98
40bc9197-cf23-4b0c-9831-b561e1ce837c,2026-07-30,5.0,95
40bc9197-cf23-4b0c-9831-b561e1ce837c,2026-07-31,5.0,95
40bc9197-cf23-4b0c-9831-b561e1ce837c,2026-08-01,5.0,95
40bc9197-cf23-4b0c-9831-b561e1ce837c,2026-08-02,5.0,95
40bc9197-cf23-4b0c-9831-b561e1ce837c,2026-08-03,5.0,95
40bc9197-cf23-4b0c-9831-b561e1ce837c,2026-08-04,5.0,95
40bc9197-cf23-4b0c-9831-b561e1ce837c,2026-08-05,1.3,98
53e98354-be99-47a2-a256-33d97e2de6bb,2026-07-30,5.0,95
53e98354-be99-47a2-a256-33d97e2de6bb,2026-07-31,5.06,94
53e98354-be99-47a2-a256-33d97e2de6bb,2026-08-01,5.0,95
53e98354-be99-47a2-a256-33d97e2de6bb,2026-08-02,5.0,95
53e98354-be99-47a2-a256-33d97e2de6bb,2026-08-03,5.0,95
53e98354-be99-47a2-a256-33d97e2de6bb,2026-08-04,5.0,95
53e98354-be99-47a2-a256-33d97e2de6bb,2026-08-05,1.4,98
5596610f-ba5b-4b51-8ece-a7883894e556,2026-07-30,5.0,95
5596610f-ba5b-4b51-8ece-a7883894e556,2026-07-31,5.0,95
5596610f-ba5b-4b51-8ece-a7883894e556,2026-08-01,5.0,95
5596610f-ba5b-4b51-8ece-a7883894e556,2026-08-02,5.0,95
5596610f-ba5b-4b51-8ece-a7883894e556,2026-08-03,5.0,95
5596610f-ba5b-4b51-8ece-a7883894e556,2026-08-04,5.0,95
5596610f-ba5b-4b51-8ece-a7883894e556,2026-08-05,1.4,98
55dd4209-bddd-4418-ba0b-ece1ebf34637,2026-07-30,84.19,15
55dd4209-bddd-4418-ba0b-ece1ebf34637,2026-07-31,90.5,9
55dd4209-bddd-4418-ba0b-ece1ebf34637,2026-08-01,92.31,7
55dd4209-bddd-4418-ba0b-ece1ebf34637,2026-08-02,95.14,4
55dd4209-bddd-4418-ba0b-ece1ebf34637,2026-08-03,89.85,10
55dd4209-bddd-4418-ba0b-ece1ebf34637,2026-08-04,93.74,6
55dd4209-bddd-4418-ba0b-ece1ebf34637,2026-08-05,94.2,5
56275d06-e223-4be8-ae1a-9a8eb5a6fd18,2026-07-30,84.99,15
56275d06-e223-4be8-ae1a-9a8eb5a6fd18,2026-07-31,98.0,2
56275d06-e223-4be8-ae1a-9a8eb5a6fd18,2026-08-01,91.05,8
56275d06-e223-4be8-ae1a-9a8eb5a6fd18,2026-08-02,92.34,7
56275d06-e223-4be8-ae1a-9a8eb5a6fd18,2026-08-03,89.25,10
56275d06-e223-4be8-ae1a-9a8eb5a6fd18,2026-08-04,96.16,3
56275d06-e223-4be8-ae1a-9a8eb5a6fd18,2026-08-05,94.2,5
566d0ce8-6305-4a8d-8fd4-59f033c9fbbd,2026-07-30,5.0,95
566d0ce8-6305-4a8d-8fd4-59f033c9fbbd,2026-07-31,5.0,95
566d0ce8-6305-4a8d-8fd4-59f033c9fbbd,2026-08-01,5.0,95
566d0ce8-6305-4a8d-8fd4-59f033c9fbbd,2026-08-02,5.0,95
566d0ce8-6305-4a8d-8fd4-59f033c9fbbd,2026-08-03,5.0,95
566d0ce8-6305-4a8d-8fd4-59f033c9fbbd,2026-08-04,5.0,95
566d0ce8-6305-4a8d-8fd4-59f033c9fbbd,2026-08-05,1.4,98
56908331-6d9b-46cb-9e3c-ede0ebd7f921,2026-07-30,5.0,95
56908331-6d9b-46cb-9e3c-ede0ebd7f921,2026-07-31,5.0,95
56908331-6d9b-46cb-9e3c-ede0ebd7f921,2026-08-01,5.0,95
56908331-6d9b-46cb-9e3c-ede0ebd7f921,2026-08-02,5.0,95
56908331-6d9b-46cb-9e3c-ede0ebd7f921,2026-08-03,5.0,95
56908331-6d9b-46cb-9e3c-ede0ebd7f921,2026-08-04,5.0,95
56908331-6d9b-46cb-9e3c-ede0ebd7f921,2026-08-05,1.4,98
56eabe9a-e234-478e-8ab1-71fe068bc551,2026-07-30,5.0,95
56eabe9a-e234-478e-8ab1-71fe068bc551,2026-07-31,5.0,95
56eabe9a-e234-478e-8ab1-71fe068bc551,2026-08-01,5.0,95
56eabe9a-e234-478e-8ab1-71fe068bc551,2026-08-02,5.0,95
56eabe9a-e234-478e-8ab1-71fe068bc551,2026-08-03,5.0,95
56eabe9a-e234-478e-8ab1-71fe068bc551,2026-08-04,5.0,95
56eabe9a-e234-478e-8ab1-71fe068bc551,2026-08-05,1.4,98
b9ab0903-e113-49a2-84ae-86a044f2a5e1,2026-07-30,5.89,94
b9ab0903-e113-49a2-84ae-86a044f2a5e1,2026-07-31,5.0,95
b9ab0903-e113-49a2-84ae-86a044f2a5e1,2026-08-01,5.0,95
b9ab0903-e113-49a2-84ae-86a044f2a5e1,2026-08-02,5.0,95
b9ab0903-e113-49a2-84ae-86a044f2a5e1,2026-08-03,5.0,95
b9ab0903-e113-49a2-84ae-86a044f2a5e1,2026-08-04,5.0,95
b9ab0903-e113-49a2-84ae-86a044f2a5e1,2026-08-05,1.4,98
ca2e8c49-0bae-4892-89dd-bbd73cc7d738,2026-07-30,5.0,95
ca2e8c49-0bae-4892-89dd-bbd73cc7d738,2026-07-31,5.0,95
ca2e8c49-0bae-4892-89dd-bbd73cc7d738,2026-08-01,5.0,95
ca2e8c49-0bae-4892-89dd-bbd73cc7d738,2026-08-02,5.0,95
ca2e8c49-0bae-4892-89dd-bbd73cc7d738,2026-08-03,5.0,95
ca2e8c49-0bae-4892-89dd-bbd73cc7d738,2026-08-04,5.0,95
ca2e8c49-0bae-4892-89dd-bbd73cc7d738,2026-08-05,1.4,98
caf71d2d-3cc1-48e9-92d9-e4b41b63c945,2026-07-30,5.0,95
caf71d2d-3cc1-48e9-92d9-e4b41b63c945,2026-07-31,5.0,95
caf71d2d-3cc1-48e9-92d9-e4b41b63c945,2026-08-01,5.0,95
caf71d2d-3cc1-48e9-92d9-e4b41b63c945,2026-08-02,5.0,95
caf71d2d-3cc1-48e9-92d9-e4b41b63c945,2026-08-03,5.0,95
caf71d2d-3cc1-48e9-92d9-e4b41b63c945,2026-08-04,5.31,94
caf71d2d-3cc1-48e9-92d9-e4b41b63c945,2026-08-05,1.4,98
cb350988-d2d2-4345-98e3-3950cb1478ba,2026-07-30,5.0,95
cb350988-d2d2-4345-98e3-3950cb1478ba,2026-07-31,5.0,95
cb350988-d2d2-4345-98e3-3950cb1478ba,2026-08-01,5.0,95
cb350988-d2d2-4345-98e3-3950cb1478ba,2026-08-02,5.0,95
cb350988-d2d2-4345-98e3-3950cb1478ba,2026-08-03,5.0,95
cb350988-d2d2-4345-98e3-3950cb1478ba,2026-08-04,5.0,95
cb350988-d2d2-4345-98e3-3950cb1478ba,2026-08-05,1.4,98
cb6b2dc8-6d3c-4ac5-be69-7789b0980609,2026-07-30,5.0,95
cb6b2dc8-6d3c-4ac5-be69-7789b0980609,2026-07-31,5.0,95
cb6b2dc8-6d3c-4ac5-be69-7789b0980609,2026-08-01,5.0,95
cb6b2dc8-6d3c-4ac5-be69-7789b0980609,2026-08-02,5.0,95
cb6b2dc8-6d3c-4ac5-be69-7789b0980609,2026-08-03,5.0,95
cb6b2dc8-6d3c-4ac5-be69-7789b0980609,2026-08-04,5.0,95
cb6b2dc8-6d3c-4ac5-be69-7789b0980609,2026-08-05,1.4,98
cbc644b9-8587-47ed-9c70-4e44a6633892,2026-07-30,5.0,95
cbc644b9-8587-47ed-9c70-4e44a6633892,2026-07-31,5.0,95
cbc644b9-8587-47ed-9c70-4e44a6633892,2026-08-01,5.0,95
cbc644b9-8587-47ed-9c70-4e44a6633892,2026-08-02,5.0,95
cbc644b9-8587-47ed-9c70-4e44a6633892,2026-08-03,5.0,95
cbc644b9-8587-47ed-9c70-4e44a6633892,2026-08-04,5.0,95
cbc644b9-8587-47ed-9c70-4e44a6633892,2026-08-05,1.4,98
cbc67559-e0f6-4cb9-b66a-e6db15515135,2026-07-30,5.0,95
cbc67559-e0f6-4cb9-b66a-e6db15515135,2026-07-31,5.0,95
cbc67559-e0f6-4cb9-b66a-e6db15515135,2026-08-01,5.0,95
cbc67559-e0f6-4cb9-b66a-e6db15515135,2026-08-02,5.0,95
cbc67559-e0f6-4cb9-b66a-e6db15515135,2026-08-03,5.0,95
cbc67559-e0f6-4cb9-b66a-e6db15515135,2026-08-04,5.0,95
cbc67559-e0f6-4cb9-b66a-e6db15515135,2026-08-05,1.4,98
cc1b377e-da6a-4166-8d86-20e3a2c89efd,2026-07-30,5.0,95
cc1b377e-da6a-4166-8d86-20e3a2c89efd,2026-07-31,5.0,95
cc1b377e-da6a-4166-8d86-20e3a2c89efd,2026-08-01,5.0,95
cc1b377e-da6a-4166-8d86-20e3a2c89efd,2026-08-02,5.0,95
cc1b377e-da6a-4166-8d86-20e3a2c89efd,2026-08-03,5.0,95
cc1b377e-da6a-4166-8d86-20e3a2c89efd,2026-08-04,5.0,95
cc1b377e-da6a-4166-8d86-20e3a2c89efd,2026-08-05,1.4,98
cc54d20f-edd0-4428-a56e-bc8fa9d0718d,2026-07-30,5.0,95
cc54d20f-edd0-4428-a56e-bc8fa9d0718d,2026-07-31,5.0,95
cc54d20f-edd0-4428-a56e-bc8fa9d0718d,2026-08-01,5.0,95
cc54d20f-edd0-4428-a56e-bc8fa9d0718d,2026-08-02,5.0,95
cc54d20f-edd0-4428-a56e-bc8fa9d0718d,2026-08-03,5.0,95
cc54d20f-edd0-4428-a56e-bc8fa9d0718d,2026-08-04,5.0,95
cc54d20f-edd0-4428-a56e-bc8fa9d0718d,2026-08-05,1.4,98
cd200eff-0c12-4a64-8183-c6357301bed7,2026-07-30,5.0,95
cd200eff-0c12-4a64-8183-c6357301bed7,2026-07-31,5.0,95
cd200eff-0c12-4a64-8183-c6357301bed7,2026-08-01,5.0,95
cd200eff-0c12-4a64-8183-c6357301bed7,2026-08-02,5.0,95
cd200eff-0c12-4a64-8183-c6357301bed7,2026-08-03,5.0,95
cd200eff-0c12-4a64-8183-c6357301bed7,2026-08-04,5.0,95
cd200eff-0c12-4a64-8183-c6357301bed7,2026-08-05,1.4,98
cd5ab914-f467-4f3e-8fd9-727427d9b0eb,2026-07-30,81.14,18
cd5ab914-f467-4f3e-8fd9-727427d9b0eb,2026-07-31,92.04,7
cd5ab914-f467-4f3e-8fd9-727427d9b0eb,2026-08-01,84.86,15
cd5ab914-f467-4f3e-8fd9-727427d9b0eb,2026-08-02,92.6,7
cd5ab914-f467-4f3e-8fd9-727427d9b0eb,2026-08-03,96.52,3
cd5ab914-f467-4f3e-8fd9-727427d9b0eb,2026-08-04,95.48,4
cd5ab914-f467-4f3e-8fd9-727427d9b0eb,2026-08-05,93.0,7
cd749026-dd6b-4bfd-84fb-6eccf953c1a9,2026-07-30,5.0,95
cd749026-dd6b-4bfd-84fb-6eccf953c1a9,2026-07-31,5.0,95
cd749026-dd6b-4bfd-84fb-6eccf953c1a9,2026-08-01,5.35,94
cd749026-dd6b-4bfd-84fb-6eccf953c1a9,2026-08-02,5.0,95
cd749026-dd6b-4bfd-84fb-6eccf953c1a9,2026-08-03,5.0,95
cd749026-dd6b-4bfd-84fb-6eccf953c1a9,2026-08-04,5.0,95
cd749026-dd6b-4bfd-84fb-6eccf953c1a9,2026-08-05,1.4,98
cd8b6db6-a192-4afe-92f9-f880ab17d95c,2026-07-30,5.0,95
cd8b6db6-a192-4afe-92f9-f880ab17d95c,2026-07-31,5.0,95
cd8b6db6-a192-4afe-92f9-f880ab17d95c,2026-08-01,5.0,95
cd8b6db6-a192-4afe-92f9-f880ab17d95c,2026-08-02,5.0,95
cd8b6db6-a192-4afe-92f9-f880ab17d95c,2026-08-03,5.0,95
cd8b6db6-a192-4afe-92f9-f880ab17d95c,2026-08-04,5.0,95
cd8b6db6-a192-4afe-92f9-f880ab17d95c,2026-08-05,1.4,98
cdf05f6c-42db-472b-9273-d98edea1cf84,2026-07-30,5.0,95
cdf05f6c-42db-472b-9273-d98edea1cf84,2026-07-31,5.0,95
cdf05f6c-42db-472b-9273-d98edea1cf84,2026-08-01,5.0,95
cdf05f6c-42db-472b-9273-d98edea1cf84,2026-08-02,5.0,95
cdf05f6c-42db-472b-9273-d98edea1cf84,2026-08-03,5.0,95
cdf05f6c-42db-472b-9273-d98edea1cf84,2026-08-04,5.0,95
cdf05f6c-42db-472b-9273-d98edea1cf84,2026-08-05,1.4,98
ce042467-2785-474a-9cc5-adcd37e3e14a,2026-07-30,5.0,95
ce042467-2785-474a-9cc5-adcd37e3e14a,2026-07-31,5.0,95
ce042467-2785-474a-9cc5-adcd37e3e14a,2026-08-01,5.0,95
ce042467-2785-474a-9cc5-adcd37e3e14a,2026-08-02,5.0,95
ce042467-2785-474a-9cc5-adcd37e3e14a,2026-08-03,5.0,95
ce042467-2785-474a-9cc5-adcd37e3e14a,2026-08-04,5.0,95
ce042467-2785-474a-9cc5-adcd37e3e14a,2026-08-05,1.4,98
ce242296-cd24-4889-9bbd-9e7f88951fa9,2026-07-30,5.0,95
ce242296-cd24-4889-9bbd-9e7f88951fa9,2026-07-31,5.58,94
ce242296-cd24-4889-9bbd-9e7f88951fa9,2026-08-01,5.0,95
ce242296-cd24-4889-9bbd-9e7f88951fa9,2026-08-02,5.5,94
ce242296-cd24-4889-9bbd-9e7f88951fa9,2026-08-03,5.0,95
ce242296-cd24-4889-9bbd-9e7f88951fa9,2026-08-04,5.0,95
ce242296-cd24-4889-9bbd-9e7f88951fa9,2026-08-05,1.4,98
ce2a2839-9849-4e92-9a62-676ce62e0c28,2026-07-30,5.0,95
ce2a2839-9849-4e92-9a62-676ce62e0c28,2026-07-31,5.0,95
ce2a2839-9849-4e92-9a62-676ce62e0c28,2026-08-01,5.0,95
ce2a2839-9849-4e92-9a62-676ce62e0c28,2026-08-02,5.0,95
ce2a2839-9849-4e92-9a62-676ce62e0c28,2026-08-03,5.0,95
ce2a2839-9849-4e92-9a62-676ce62e0c28,2026-08-04,5.0,95
ce2a2839-9849-4e92-9a62-676ce62e0c28,2026-08-05,1.4,98
d01b3464-0e4e-451d-ab8a-c52fd9cf68c5,2026-07-30,5.0,95
d01b3464-0e4e-451d-ab8a-c52fd9cf68c5,2026-07-31,5.0,95
d01b3464-0e4e-451d-ab8a-c52fd9cf68c5,2026-08-01,5.0,95
d01b3464-0e4e-451d-ab8a-c52fd9cf68c5,2026-08-02,5.24,94
d01b3464-0e4e-451d-ab8a-c52fd9cf68c5,2026-08-03,5.0,95
d01b3464-0e4e-451d-ab8a-c52fd9cf68c5,2026-08-04,5.78,94
d01b3464-0e4e-451d-ab8a-c52fd9cf68c5,2026-08-05,1.4,98
d058cda8-47cc-499a-87a7-ee9a1cd302c7,2026-07-30,5.0,95
d058cda8-47cc-499a-87a7-ee9a1cd302c7,2026-07-31,5.0,95
d058cda8-47cc-499a-87a7-ee9a1cd302c7,2026-08-01,5.0,95
d058cda8-47cc-499a-87a7-ee9a1cd302c7,2026-08-02,5.0,95
d058cda8-47cc-499a-87a7-ee9a1cd302c7,2026-08-03,5.0,95
d058cda8-47cc-499a-87a7-ee9a1cd302c7,2026-08-04,5.0,95
d058cda8-47cc-499a-87a7-ee9a1cd302c7,2026-08-05,1.4,98
d08537ff-b864-4129-986f-aa3d12c9a594,2026-07-30,5.0,95
d08537ff-b864-4129-986f-aa3d12c9a594,2026-07-31,5.0,95
d08537ff-b864-4129-986f-aa3d12c9a594,2026-08-01,5.0,95
d08537ff-b864-4129-986f-aa3d12c9a594,2026-08-02,5.0,95
d08537ff-b864-4129-986f-aa3d12c9a594,2026-08-03,5.0,95
d08537ff-b864-4129-986f-aa3d12c9a594,2026-08-04,5.0,95
d08537ff-b864-4129-986f-aa3d12c9a594,2026-08-05,1.4,98
d0f5bcd6-85a2-4acf-bb4d-f34d3a5a5421,2026-07-30,5.0,95
d0f5bcd6-85a2-4acf-bb4d-f34d3a5a5421,2026-07-31,5.0,95
d0f5bcd6-85a2-4acf-bb4d-f34d3a5a5421,2026-08-01,5.0,95
d0f5bcd6-85a2-4acf-bb4d-f34d3a5a5421,2026-08-02,5.0,95
d0f5bcd6-85a2-4acf-bb4d-f34d3a5a5421,2026-08-03,5.12,94
d0f5bcd6-85a2-4acf-bb4d-f34d3a5a5421,2026-08-04,5.0,95
d0f5bcd6-85a2-4acf-bb4d-f34d3a5a5421,2026-08-05,1.4,98
d13d0c58-9955-41fc-a1ae-6070ff71494b,2026-07-30,5.0,95
d13d0c58-9955-41fc-a1ae-6070ff71494b,2026-07-31,5.0,95
d13d0c58-9955-41fc-a1ae-6070ff71494b,2026-08-01,5.0,95
d13d0c58-9955-41fc-a1ae-6070ff71494b,2026-08-02,5.0,95
d13d0c58-9955-41fc-a1ae-6070ff71494b,2026-08-03,5.0,95
d13d0c58-9955-41fc-a1ae-6070ff71494b,2026-08-04,5.0,95
d13d0c58-9955-41fc-a1ae-6070ff71494b,2026-08-05,1.4,98
d3e0f565-ecc1-4d9f-9119-186aa0fc6713,2026-07-30,5.0,95
d3e0f565-ecc1-4d9f-9119-186aa0fc6713,2026-07-31,5.0,95
d3e0f565-ecc1-4d9f-9119-186aa0fc6713,2026-08-01,5.0,95
d3e0f565-ecc1-4d9f-9119-186aa0fc6713,2026-08-02,5.0,95
d3e0f565-ecc1-4d9f-9119-186aa0fc6713,2026-08-03,5.0,95
d3e0f565-ecc1-4d9f-9119-186aa0fc6713,2026-08-04,5.0,95
d3e0f565-ecc1-4d9f-9119-186aa0fc6713,2026-08-05,1.4,98
d3f9118e-6268-4d7f-b702-e818ee7802cb,2026-07-30,5.0,95
d3f9118e-6268-4d7f-b702-e818ee7802cb,2026-07-31,5.0,95
d3f9118e-6268-4d7f-b702-e818ee7802cb,2026-08-01,5.0,95
d3f9118e-6268-4d7f-b702-e818ee7802cb,2026-08-02,5.0,95
d3f9118e-6268-4d7f-b702-e818ee7802cb,2026-08-03,5.46,94
d3f9118e-6268-4d7f-b702-e818ee7802cb,2026-08-04,5.0,95
d3f9118e-6268-4d7f-b702-e818ee7802cb,2026-08-05,1.4,98
da00fecb-f3f9-4a1a-ade0-4f684cb5ebd1,2026-07-30,5.0,95
da00fecb-f3f9-4a1a-ade0-4f684cb5ebd1,2026-07-31,5.0,95
da00fecb-f3f9-4a1a-ade0-4f684cb5ebd1,2026-08-01,5.0,95
da00fecb-f3f9-4a1a-ade0-4f684cb5ebd1,2026-08-02,5.0,95
da00fecb-f3f9-4a1a-ade0-4f684cb5ebd1,2026-08-03,5.0,95
da00fecb-f3f9-4a1a-ade0-4f684cb5ebd1,2026-08-04,5.0,95
da00fecb-f3f9-4a1a-ade0-4f684cb5ebd1,2026-08-05,3.3,96
047fe220-546b-4a38-8543-3c498f6ef0d0,2026-07-30,5.0,95
047fe220-546b-4a38-8543-3c498f6ef0d0,2026-07-31,5.0,95
047fe220-546b-4a38-8543-3c498f6ef0d0,2026-08-01,5.0,95
047fe220-546b-4a38-8543-3c498f6ef0d0,2026-08-02,5.0,95
047fe220-546b-4a38-8543-3c498f6ef0d0,2026-08-03,5.0,95
047fe220-546b-4a38-8543-3c498f6ef0d0,2026-08-04,5.0,95
047fe220-546b-4a38-8543-3c498f6ef0d0,2026-08-05,1.4,98
0701e9ce-9ae5-4ef5-a8b7-ce5fe2d02b97,2026-07-30,5.0,95
0701e9ce-9ae5-4ef5-a8b7-ce5fe2d02b97,2026-07-31,5.81,94
0701e9ce-9ae5-4ef5-a8b7-ce5fe2d02b97,2026-08-01,5.0,95
0701e9ce-9ae5-4ef5-a8b7-ce5fe2d02b97,2026-08-02,5.0,95
0701e9ce-9ae5-4ef5-a8b7-ce5fe2d02b97,2026-08-03,5.0,95
0701e9ce-9ae5-4ef5-a8b7-ce5fe2d02b97,2026-08-04,5.0,95
0701e9ce-9ae5-4ef5-a8b7-ce5fe2d02b97,2026-08-05,1.3,98
070c4d27-d480-4e48-8620-31c615c4cf4d,2026-07-30,5.0,95
070c4d27-d480-4e48-8620-31c615c4cf4d,2026-07-31,5.0,95
070c4d27-d480-4e48-8620-31c615c4cf4d,2026-08-01,5.0,95
070c4d27-d480-4e48-8620-31c615c4cf4d,2026-08-02,5.0,95
070c4d27-d480-4e48-8620-31c615c4cf4d,2026-08-03,5.0,95
070c4d27-d480-4e48-8620-31c615c4cf4d,2026-08-04,5.0,95
070c4d27-d480-4e48-8620-31c615c4cf4d,2026-08-05,1.4,98
07a683a8-2d1f-491e-b4a8-559e2f027ac9,2026-07-30,5.0,95
07a683a8-2d1f-491e-b4a8-559e2f027ac9,2026-07-31,5.0,95
07a683a8-2d1f-491e-b4a8-559e2f027ac9,2026-08-01,5.0,95
07a683a8-2d1f-491e-b4a8-559e2f027ac9,2026-08-02,5.0,95
07a683a8-2d1f-491e-b4a8-559e2f027ac9,2026-08-03,5.0,95
07a683a8-2d1f-491e-b4a8-559e2f027ac9,2026-08-04,5.0,95
07a683a8-2d1f-491e-b4a8-559e2f027ac9,2026-08-05,1.4,98
07d22f63-fd1b-4735-b3e3-2e739d088578,2026-07-30,5.0,95
07d22f63-fd1b-4735-b3e3-2e739d088578,2026-07-31,5.0,95
07d22f63-fd1b-4735-b3e3-2e739d088578,2026-08-01,5.0,95
07d22f63-fd1b-4735-b3e3-2e739d088578,2026-08-02,5.14,94
07d22f63-fd1b-4735-b3e3-2e739d088578,2026-08-03,5.0,95
07d22f63-fd1b-4735-b3e3-2e739d088578,2026-08-04,5.0,95
07d22f63-fd1b-4735-b3e3-2e739d088578,2026-08-05,1.7,98
07db850a-e6fd-40af-8d27-b98bd3d44603,2026-07-30,5.0,95
07db850a-e6fd-40af-8d27-b98bd3d44603,2026-07-31,5.0,95
07db850a-e6fd-40af-8d27-b98bd3d44603,2026-08-01,5.0,95
07db850a-e6fd-40af-8d27-b98bd3d44603,2026-08-02,5.0,95
07db850a-e6fd-40af-8d27-b98bd3d44603,2026-08-03,5.0,95
07db850a-e6fd-40af-8d27-b98bd3d44603,2026-08-04,5.0,95
07db850a-e6fd-40af-8d27-b98bd3d44603,2026-08-05,1.4,98
db0b4fbb-eb51-4f5b-bfb7-ea78c8e8e9ed,2026-07-30,5.0,95
db0b4fbb-eb51-4f5b-bfb7-ea78c8e8e9ed,2026-07-31,5.0,95
db0b4fbb-eb51-4f5b-bfb7-ea78c8e8e9ed,2026-08-01,5.0,95
db0b4fbb-eb51-4f5b-bfb7-ea78c8e8e9ed,2026-08-02,5.0,95
db0b4fbb-eb51-4f5b-bfb7-ea78c8e8e9ed,2026-08-03,5.0,95
db0b4fbb-eb51-4f5b-bfb7-ea78c8e8e9ed,2026-08-04,5.0,95
db0b4fbb-eb51-4f5b-bfb7-ea78c8e8e9ed,2026-08-05,1.4,98
dbe4206b-8bd3-4124-99c7-1842dc62f6ad,2026-07-30,5.0,95
dbe4206b-8bd3-4124-99c7-1842dc62f6ad,2026-07-31,5.0,95
dbe4206b-8bd3-4124-99c7-1842dc62f6ad,2026-08-01,5.0,95
dbe4206b-8bd3-4124-99c7-1842dc62f6ad,2026-08-02,5.0,95
dbe4206b-8bd3-4124-99c7-1842dc62f6ad,2026-08-03,5.0,95
dbe4206b-8bd3-4124-99c7-1842dc62f6ad,2026-08-04,5.0,95
dbe4206b-8bd3-4124-99c7-1842dc62f6ad,2026-08-05,1.4,98
dcb57471-d01f-4f84-a8c5-8eb3bbf68cc2,2026-07-30,5.0,95
dcb57471-d01f-4f84-a8c5-8eb3bbf68cc2,2026-07-31,5.0,95
dcb57471-d01f-4f84-a8c5-8eb3bbf68cc2,2026-08-01,5.0,95
dcb57471-d01f-4f84-a8c5-8eb3bbf68cc2,2026-08-02,5.0,95
dcb57471-d01f-4f84-a8c5-8eb3bbf68cc2,2026-08-03,5.0,95
dcb57471-d01f-4f84-a8c5-8eb3bbf68cc2,2026-08-04,5.0,95
dcb57471-d01f-4f84-a8c5-8eb3bbf68cc2,2026-08-05,1.4,98
dccee11b-9c56-49d0-af75-ff3487af04e1,2026-07-30,5.0,95
dccee11b-9c56-49d0-af75-ff3487af04e1,2026-07-31,5.0,95
dccee11b-9c56-49d0-af75-ff3487af04e1,2026-08-01,5.0,95
dccee11b-9c56-49d0-af75-ff3487af04e1,2026-08-02,5.0,95
dccee11b-9c56-49d0-af75-ff3487af04e1,2026-08-03,5.0,95
dccee11b-9c56-49d0-af75-ff3487af04e1,2026-08-04,5.0,95
dccee11b-9c56-49d0-af75-ff3487af04e1,2026-08-05,1.4,98
dcfa5356-3dbb-4e6d-a6e8-e75864b231b7,2026-07-30,5.0,95
dcfa5356-3dbb-4e6d-a6e8-e75864b231b7,2026-07-31,5.0,95
dcfa5356-3dbb-4e6d-a6e8-e75864b231b7,2026-08-01,5.0,95
dcfa5356-3dbb-4e6d-a6e8-e75864b231b7,2026-08-02,5.0,95
dcfa5356-3dbb-4e6d-a6e8-e75864b231b7,2026-08-03,5.0,95
dcfa5356-3dbb-4e6d-a6e8-e75864b231b7,2026-08-04,5.0,95
dcfa5356-3dbb-4e6d-a6e8-e75864b231b7,2026-08-05,1.4,98
dd0ae650-74f0-4a7b-ad76-07561feb242d,2026-07-30,5.0,95
dd0ae650-74f0-4a7b-ad76-07561feb242d,2026-07-31,5.0,95
dd0ae650-74f0-4a7b-ad76-07561feb242d,2026-08-01,5.0,95
dd0ae650-74f0-4a7b-ad76-07561feb242d,2026-08-02,5.0,95
dd0ae650-74f0-4a7b-ad76-07561feb242d,2026-08-03,5.0,95
dd0ae650-74f0-4a7b-ad76-07561feb242d,2026-08-04,5.0,95
dd0ae650-74f0-4a7b-ad76-07561feb242d,2026-08-05,1.4,98
dd1db263-0a93-41d6-ba6f-7466393fd44a,2026-07-30,5.0,95
dd1db263-0a93-41d6-ba6f-7466393fd44a,2026-07-31,6.29,93
dd1db263-0a93-41d6-ba6f-7466393fd44a,2026-08-01,5.0,95
dd1db263-0a93-41d6-ba6f-7466393fd44a,2026-08-02,5.0,95
dd1db263-0a93-41d6-ba6f-7466393fd44a,2026-08-03,5.0,95
dd1db263-0a93-41d6-ba6f-7466393fd44a,2026-08-04,5.56,94
dd1db263-0a93-41d6-ba6f-7466393fd44a,2026-08-05,1.4,98
dd1f5219-7608-4ae0-862e-25438e1ed6d7,2026-07-30,5.0,95
dd1f5219-7608-4ae0-862e-25438e1ed6d7,2026-07-31,5.0,95
dd1f5219-7608-4ae0-862e-25438e1ed6d7,2026-08-01,5.0,95
dd1f5219-7608-4ae0-862e-25438e1ed6d7,2026-08-02,5.0,95
dd1f5219-7608-4ae0-862e-25438e1ed6d7,2026-08-03,5.0,95
dd1f5219-7608-4ae0-862e-25438e1ed6d7,2026-08-04,5.0,95
dd1f5219-7608-4ae0-862e-25438e1ed6d7,2026-08-05,1.4,98
de1b8a65-5f96-4b21-9e33-00247b30aa21,2026-07-30,5.0,95
de1b8a65-5f96-4b21-9e33-00247b30aa21,2026-07-31,5.0,95
de1b8a65-5f96-4b21-9e33-00247b30aa21,2026-08-01,5.0,95
de1b8a65-5f96-4b21-9e33-00247b30aa21,2026-08-02,5.0,95
de1b8a65-5f96-4b21-9e33-00247b30aa21,2026-08-03,5.0,95
de1b8a65-5f96-4b21-9e33-00247b30aa21,2026-08-04,5.0,95
de1b8a65-5f96-4b21-9e33-00247b30aa21,2026-08-05,1.4,98
de399de2-780d-4b16-9eef-af32b281008e,2026-07-30,5.0,95
de399de2-780d-4b16-9eef-af32b281008e,2026-07-31,5.0,95
de399de2-780d-4b16-9eef-af32b281008e,2026-08-01,5.0,95
de399de2-780d-4b16-9eef-af32b281008e,2026-08-02,5.0,95
de399de2-780d-4b16-9eef-af32b281008e,2026-08-03,5.0,95
de399de2-780d-4b16-9eef-af32b281008e,2026-08-04,5.0,95
de399de2-780d-4b16-9eef-af32b281008e,2026-08-05,1.4,98
de612ecd-ee02-403d-b0c4-330a803d052a,2026-07-30,5.0,95
de612ecd-ee02-403d-b0c4-330a803d052a,2026-07-31,5.0,95
de612ecd-ee02-403d-b0c4-330a803d052a,2026-08-01,5.0,95
de612ecd-ee02-403d-b0c4-330a803d052a,2026-08-02,5.0,95
de612ecd-ee02-403d-b0c4-330a803d052a,2026-08-03,5.0,95
de612ecd-ee02-403d-b0c4-330a803d052a,2026-08-04,5.0,95
de612ecd-ee02-403d-b0c4-330a803d052a,2026-08-05,1.4,98
e51375f0-b5e6-4b88-94fc-aa3a46c435da,2026-07-30,5.0,95
e51375f0-b5e6-4b88-94fc-aa3a46c435da,2026-07-31,5.0,95
e51375f0-b5e6-4b88-94fc-aa3a46c435da,2026-08-01,5.0,95
e51375f0-b5e6-4b88-94fc-aa3a46c435da,2026-08-02,5.0,95
e51375f0-b5e6-4b88-94fc-aa3a46c435da,2026-08-03,5.0,95
e51375f0-b5e6-4b88-94fc-aa3a46c435da,2026-08-04,5.0,95
e51375f0-b5e6-4b88-94fc-aa3a46c435da,2026-08-05,2.3,97
e539b96b-570f-440c-beae-118bb98aba74,2026-07-30,5.0,95
e539b96b-570f-440c-beae-118bb98aba74,2026-07-31,5.0,95
e539b96b-570f-440c-beae-118bb98aba74,2026-08-01,5.0,95
e539b96b-570f-440c-beae-118bb98aba74,2026-08-02,5.0,95
e539b96b-570f-440c-beae-118bb98aba74,2026-08-03,5.0,95
e539b96b-570f-440c-beae-118bb98aba74,2026-08-04,5.0,95
e539b96b-570f-440c-beae-118bb98aba74,2026-08-05,1.4,98
e5bf41f5-7e7d-48e1-9812-05266e29246f,2026-07-30,5.0,95
e5bf41f5-7e7d-48e1-9812-05266e29246f,2026-07-31,5.0,95
e5bf41f5-7e7d-48e1-9812-05266e29246f,2026-08-01,5.0,95
e5bf41f5-7e7d-48e1-9812-05266e29246f,2026-08-02,5.0,95
e5bf41f5-7e7d-48e1-9812-05266e29246f,2026-08-03,5.0,95
e5bf41f5-7e7d-48e1-9812-05266e29246f,2026-08-04,5.0,95
e5bf41f5-7e7d-48e1-9812-05266e29246f,2026-08-05,1.4,98
e5d80598-ba6d-450c-b192-353cf9b15bde,2026-07-30,5.0,95
e5d80598-ba6d-450c-b192-353cf9b15bde,2026-07-31,5.0,95
e5d80598-ba6d-450c-b192-353cf9b15bde,2026-08-01,5.0,95
e5d80598-ba6d-450c-b192-353cf9b15bde,2026-08-02,5.0,95
e5d80598-ba6d-450c-b192-353cf9b15bde,2026-08-03,5.0,95
e5d80598-ba6d-450c-b192-353cf9b15bde,2026-08-04,5.0,95
e5d80598-ba6d-450c-b192-353cf9b15bde,2026-08-05,1.4,98
e61dc418-22b3-4a23-8767-88da2a027b7a,2026-07-30,5.0,95
e61dc418-22b3-4a23-8767-88da2a027b7a,2026-07-31,5.0,95
e61dc418-22b3-4a23-8767-88da2a027b7a,2026-08-01,5.0,95
e61dc418-22b3-4a23-8767-88da2a027b7a,2026-08-02,5.0,95
e61dc418-22b3-4a23-8767-88da2a027b7a,2026-08-03,5.0,95
e61dc418-22b3-4a23-8767-88da2a027b7a,2026-08-04,5.0,95
e61dc418-22b3-4a23-8767-88da2a027b7a,2026-08-05,1.4,98
e6746fce-7103-46d0-92c2-f712a09fe147,2026-07-30,5.0,95
e6746fce-7103-46d0-92c2-f712a09fe147,2026-07-31,5.0,95
e6746fce-7103-46d0-92c2-f712a09fe147,2026-08-01,5.0,95
e6746fce-7103-46d0-92c2-f712a09fe147,2026-08-02,5.0,95
e6746fce-7103-46d0-92c2-f712a09fe147,2026-08-03,5.0,95
e6746fce-7103-46d0-92c2-f712a09fe147,2026-08-04,5.0,95
e6746fce-7103-46d0-92c2-f712a09fe147,2026-08-05,1.4,98
e9019309-ae94-4370-9f5e-979c62ccadc6,2026-07-30,5.0,95
e9019309-ae94-4370-9f5e-979c62ccadc6,2026-07-31,5.0,95
e9019309-ae94-4370-9f5e-979c62ccadc6,2026-08-01,5.0,95
e9019309-ae94-4370-9f5e-979c62ccadc6,2026-08-02,5.0,95
e9019309-ae94-4370-9f5e-979c62ccadc6,2026-08-03,5.0,95
e9019309-ae94-4370-9f5e-979c62ccadc6,2026-08-04,5.0,95
e9019309-ae94-4370-9f5e-979c62ccadc6,2026-08-05,1.4,98
1de6f47f-b10c-4f2f-af59-e7d5a6a817c1,2026-07-30,5.0,95
1de6f47f-b10c-4f2f-af59-e7d5a6a817c1,2026-07-31,5.0,95
1de6f47f-b10c-4f2f-af59-e7d5a6a817c1,2026-08-01,5.0,95
1de6f47f-b10c-4f2f-af59-e7d5a6a817c1,2026-08-02,5.0,95
1de6f47f-b10c-4f2f-af59-e7d5a6a817c1,2026-08-03,5.0,95
1de6f47f-b10c-4f2f-af59-e7d5a6a817c1,2026-08-04,5.0,95
1de6f47f-b10c-4f2f-af59-e7d5a6a817c1,2026-08-05,1.4,98
1e99ecc1-ba17-4438-b911-3decf236af6d,2026-07-30,5.0,95
1e99ecc1-ba17-4438-b911-3decf236af6d,2026-07-31,5.0,95
1e99ecc1-ba17-4438-b911-3decf236af6d,2026-08-01,5.0,95
1e99ecc1-ba17-4438-b911-3decf236af6d,2026-08-02,5.0,95
1e99ecc1-ba17-4438-b911-3decf236af6d,2026-08-03,5.0,95
1e99ecc1-ba17-4438-b911-3decf236af6d,2026-08-04,5.0,95
1e99ecc1-ba17-4438-b911-3decf236af6d,2026-08-05,1.4,98
e92b4037-791f-481f-8676-15b35cbc5b4c,2026-07-30,5.0,95
e92b4037-791f-481f-8676-15b35cbc5b4c,2026-07-31,5.0,95
e92b4037-791f-481f-8676-15b35cbc5b4c,2026-08-01,5.0,95
e92b4037-791f-481f-8676-15b35cbc5b4c,2026-08-02,5.0,95
e92b4037-791f-481f-8676-15b35cbc5b4c,2026-08-03,5.0,95
e92b4037-791f-481f-8676-15b35cbc5b4c,2026-08-04,5.0,95
e92b4037-791f-481f-8676-15b35cbc5b4c,2026-08-05,1.4,98
e959db59-904d-4e36-bffb-6415fb238c97,2026-07-30,5.0,95
e959db59-904d-4e36-bffb-6415fb238c97,2026-07-31,5.0,95
e959db59-904d-4e36-bffb-6415fb238c97,2026-08-01,5.0,95
e959db59-904d-4e36-bffb-6415fb238c97,2026-08-02,5.0,95
e959db59-904d-4e36-bffb-6415fb238c97,2026-08-03,5.0,95
e959db59-904d-4e36-bffb-6415fb238c97,2026-08-04,5.0,95
e959db59-904d-4e36-bffb-6415fb238c97,2026-08-05,1.4,98
e95f7909-4c25-407e-801c-a43b70628bbf,2026-07-30,5.0,95
e95f7909-4c25-407e-801c-a43b70628bbf,2026-07-31,5.0,95
e95f7909-4c25-407e-801c-a43b70628bbf,2026-08-01,5.0,95
e95f7909-4c25-407e-801c-a43b70628bbf,2026-08-02,5.0,95
e95f7909-4c25-407e-801c-a43b70628bbf,2026-08-03,5.0,95
e95f7909-4c25-407e-801c-a43b70628bbf,2026-08-04,5.0,95
e95f7909-4c25-407e-801c-a43b70628bbf,2026-08-05,1.4,98
ea240b63-8aff-41d5-a155-59731cdb9233,2026-07-30,5.0,95
ea240b63-8aff-41d5-a155-59731cdb9233,2026-07-31,5.0,95
ea240b63-8aff-41d5-a155-59731cdb9233,2026-08-01,5.0,95
ea240b63-8aff-41d5-a155-59731cdb9233,2026-08-02,5.0,95
ea240b63-8aff-41d5-a155-59731cdb9233,2026-08-03,5.0,95
ea240b63-8aff-41d5-a155-59731cdb9233,2026-08-04,5.67,94
ea240b63-8aff-41d5-a155-59731cdb9233,2026-08-05,1.4,98
ea4144ce-52e4-482f-ab1b-6c0b4c64fbdd,2026-07-30,5.0,95
ea4144ce-52e4-482f-ab1b-6c0b4c64fbdd,2026-07-31,5.0,95
ea4144ce-52e4-482f-ab1b-6c0b4c64fbdd,2026-08-01,5.0,95
ea4144ce-52e4-482f-ab1b-6c0b4c64fbdd,2026-08-02,5.0,95
ea4144ce-52e4-482f-ab1b-6c0b4c64fbdd,2026-08-03,5.0,95
ea4144ce-52e4-482f-ab1b-6c0b4c64fbdd,2026-08-04,5.0,95
ea4144ce-52e4-482f-ab1b-6c0b4c64fbdd,2026-08-05,1.3,98
ea81f4ff-6f04-4a2d-a1b8-f71f29ce9d88,2026-07-30,5.0,95
ea81f4ff-6f04-4a2d-a1b8-f71f29ce9d88,2026-07-31,5.0,95
ea81f4ff-6f04-4a2d-a1b8-f71f29ce9d88,2026-08-01,5.0,95
ea81f4ff-6f04-4a2d-a1b8-f71f29ce9d88,2026-08-02,5.27,94
ea81f4ff-6f04-4a2d-a1b8-f71f29ce9d88,2026-08-03,5.0,95
ea81f4ff-6f04-4a2d-a1b8-f71f29ce9d88,2026-08-04,5.0,95
ea81f4ff-6f04-4a2d-a1b8-f71f29ce9d88,2026-08-05,1.5,98
eb507a11-57c9-4a8a-b133-e8a5f1a74e22,2026-07-30,5.0,95
eb507a11-57c9-4a8a-b133-e8a5f1a74e22,2026-07-31,5.0,95
eb507a11-57c9-4a8a-b133-e8a5f1a74e22,2026-08-01,5.0,95
eb507a11-57c9-4a8a-b133-e8a5f1a74e22,2026-08-02,5.0,95
eb507a11-57c9-4a8a-b133-e8a5f1a74e22,2026-08-03,5.0,95
eb507a11-57c9-4a8a-b133-e8a5f1a74e22,2026-08-04,6.3,93
eb507a11-57c9-4a8a-b133-e8a5f1a74e22,2026-08-05,2.3,97
eb964403-0a67-4367-8191-33111b330ea2,2026-07-30,5.0,95
eb964403-0a67-4367-8191-33111b330ea2,2026-07-31,5.0,95
eb964403-0a67-4367-8191-33111b330ea2,2026-08-01,5.0,95
eb964403-0a67-4367-8191-33111b330ea2,2026-08-02,5.0,95
eb964403-0a67-4367-8191-33111b330ea2,2026-08-03,5.0,95
eb964403-0a67-4367-8191-33111b330ea2,2026-08-04,5.0,95
eb964403-0a67-4367-8191-33111b330ea2,2026-08-05,1.4,98
ebce177c-9ef7-4fc8-a7df-df62e3b13d5a,2026-07-30,5.0,95
ebce177c-9ef7-4fc8-a7df-df62e3b13d5a,2026-07-31,5.0,95
ebce177c-9ef7-4fc8-a7df-df62e3b13d5a,2026-08-01,5.0,95
ebce177c-9ef7-4fc8-a7df-df62e3b13d5a,2026-08-02,5.0,95
ebce177c-9ef7-4fc8-a7df-df62e3b13d5a,2026-08-03,5.0,95
ebce177c-9ef7-4fc8-a7df-df62e3b13d5a,2026-08-04,5.0,95
ebce177c-9ef7-4fc8-a7df-df62e3b13d5a,2026-08-05,1.4,98
ebdc358e-43eb-4858-b64a-fafeb451e2cf,2026-07-30,5.0,95
ebdc358e-43eb-4858-b64a-fafeb451e2cf,2026-07-31,5.0,95
ebdc358e-43eb-4858-b64a-fafeb451e2cf,2026-08-01,5.0,95
ebdc358e-43eb-4858-b64a-fafeb451e2cf,2026-08-02,5.0,95
ebdc358e-43eb-4858-b64a-fafeb451e2cf,2026-08-03,5.0,95
ebdc358e-43eb-4858-b64a-fafeb451e2cf,2026-08-04,5.0,95
ebdc358e-43eb-4858-b64a-fafeb451e2cf,2026-08-05,1.4,98
ebef4478-ada6-472e-b721-fd932aa75ec7,2026-07-30,5.0,95
ebef4478-ada6-472e-b721-fd932aa75ec7,2026-07-31,5.0,95
ebef4478-ada6-472e-b721-fd932aa75ec7,2026-08-01,5.0,95
ebef4478-ada6-472e-b721-fd932aa75ec7,2026-08-02,5.0,95
ebef4478-ada6-472e-b721-fd932aa75ec7,2026-08-03,5.0,95
ebef4478-ada6-472e-b721-fd932aa75ec7,2026-08-04,5.0,95
ebef4478-ada6-472e-b721-fd932aa75ec7,2026-08-05,1.4,98
f14da96f-235d-44da-9456-ebc3cf9c23ff,2026-07-30,5.81,94
f14da96f-235d-44da-9456-ebc3cf9c23ff,2026-07-31,5.0,95
f14da96f-235d-44da-9456-ebc3cf9c23ff,2026-08-01,5.0,95
f14da96f-235d-44da-9456-ebc3cf9c23ff,2026-08-02,5.0,95
f14da96f-235d-44da-9456-ebc3cf9c23ff,2026-08-03,5.0,95
f14da96f-235d-44da-9456-ebc3cf9c23ff,2026-08-04,5.0,95
f14da96f-235d-44da-9456-ebc3cf9c23ff,2026-08-05,1.4,98
48b6332f-74ca-431e-8607-c6b647861407,2026-07-30,5.0,95
48b6332f-74ca-431e-8607-c6b647861407,2026-07-31,5.0,95
48b6332f-74ca-431e-8607-c6b647861407,2026-08-01,5.0,95
48b6332f-74ca-431e-8607-c6b647861407,2026-08-02,5.0,95
48b6332f-74ca-431e-8607-c6b647861407,2026-08-03,5.0,95
48b6332f-74ca-431e-8607-c6b647861407,2026-08-04,5.0,95
48b6332f-74ca-431e-8607-c6b647861407,2026-08-05,2.8,97
49882c8e-a27f-4f99-ab3b-62b878801b8b,2026-07-30,5.0,95
49882c8e-a27f-4f99-ab3b-62b878801b8b,2026-07-31,5.0,95
49882c8e-a27f-4f99-ab3b-62b878801b8b,2026-08-01,5.0,95
49882c8e-a27f-4f99-ab3b-62b878801b8b,2026-08-02,5.0,95
49882c8e-a27f-4f99-ab3b-62b878801b8b,2026-08-03,5.0,95
49882c8e-a27f-4f99-ab3b-62b878801b8b,2026-08-04,5.0,95
49882c8e-a27f-4f99-ab3b-62b878801b8b,2026-08-05,1.4,98
4992d50e-072c-49be-a6a7-8af887802eb2,2026-07-30,5.0,95
4992d50e-072c-49be-a6a7-8af887802eb2,2026-07-31,5.0,95
4992d50e-072c-49be-a6a7-8af887802eb2,2026-08-01,5.0,95
4992d50e-072c-49be-a6a7-8af887802eb2,2026-08-02,5.0,95
4992d50e-072c-49be-a6a7-8af887802eb2,2026-08-03,5.0,95
4992d50e-072c-49be-a6a7-8af887802eb2,2026-08-04,5.0,95
4992d50e-072c-49be-a6a7-8af887802eb2,2026-08-05,1.4,98
4a163962-67d3-4f16-82d5-4d78ac057075,2026-07-30,5.0,95
4a163962-67d3-4f16-82d5-4d78ac057075,2026-07-31,5.0,95
4a163962-67d3-4f16-82d5-4d78ac057075,2026-08-01,5.0,95
4a163962-67d3-4f16-82d5-4d78ac057075,2026-08-02,5.0,95
4a163962-67d3-4f16-82d5-4d78ac057075,2026-08-03,5.0,95
4a163962-67d3-4f16-82d5-4d78ac057075,2026-08-04,5.0,95
4a163962-67d3-4f16-82d5-4d78ac057075,2026-08-05,1.4,98
4c839651-8449-46cb-94d1-c40df013f298,2026-07-30,5.0,95
4c839651-8449-46cb-94d1-c40df013f298,2026-07-31,5.0,95
4c839651-8449-46cb-94d1-c40df013f298,2026-08-01,5.0,95
4c839651-8449-46cb-94d1-c40df013f298,2026-08-02,5.0,95
4c839651-8449-46cb-94d1-c40df013f298,2026-08-03,5.0,95
4c839651-8449-46cb-94d1-c40df013f298,2026-08-04,5.0,95
4c839651-8449-46cb-94d1-c40df013f298,2026-08-05,1.4,98
f3da9d8f-4bfe-4c61-ba74-e84f82bb5d27,2026-07-30,5.0,95
f3da9d8f-4bfe-4c61-ba74-e84f82bb5d27,2026-07-31,5.0,95
f3da9d8f-4bfe-4c61-ba74-e84f82bb5d27,2026-08-01,5.0,95
f3da9d8f-4bfe-4c61-ba74-e84f82bb5d27,2026-08-02,5.0,95
f3da9d8f-4bfe-4c61-ba74-e84f82bb5d27,2026-08-03,5.0,95
f3da9d8f-4bfe-4c61-ba74-e84f82bb5d27,2026-08-04,5.0,95
f3da9d8f-4bfe-4c61-ba74-e84f82bb5d27,2026-08-05,1.4,98
f3df3dc9-1696-4edf-a2ae-d4d273171f42,2026-07-30,5.0,95
f3df3dc9-1696-4edf-a2ae-d4d273171f42,2026-07-31,6.76,93
f3df3dc9-1696-4edf-a2ae-d4d273171f42,2026-08-01,5.0,95
f3df3dc9-1696-4edf-a2ae-d4d273171f42,2026-08-02,5.0,95
f3df3dc9-1696-4edf-a2ae-d4d273171f42,2026-08-03,5.0,95
f3df3dc9-1696-4edf-a2ae-d4d273171f42,2026-08-04,5.0,95
f3df3dc9-1696-4edf-a2ae-d4d273171f42,2026-08-05,1.4,98
f4a99764-be79-40d9-86b2-780485873a3a,2026-07-30,5.1,94
f4a99764-be79-40d9-86b2-780485873a3a,2026-07-31,5.0,95
f4a99764-be79-40d9-86b2-780485873a3a,2026-08-01,5.0,95
f4a99764-be79-40d9-86b2-780485873a3a,2026-08-02,5.0,95
f4a99764-be79-40d9-86b2-780485873a3a,2026-08-03,5.0,95
f4a99764-be79-40d9-86b2-780485873a3a,2026-08-04,5.0,95
f4a99764-be79-40d9-86b2-780485873a3a,2026-08-05,1.4,98
f50fb1a4-1cc8-4f48-8494-02c3c5eb0de6,2026-07-30,5.0,95
f50fb1a4-1cc8-4f48-8494-02c3c5eb0de6,2026-07-31,5.0,95
f50fb1a4-1cc8-4f48-8494-02c3c5eb0de6,2026-08-01,5.0,95
f50fb1a4-1cc8-4f48-8494-02c3c5eb0de6,2026-08-02,5.0,95
f50fb1a4-1cc8-4f48-8494-02c3c5eb0de6,2026-08-03,5.0,95
f50fb1a4-1cc8-4f48-8494-02c3c5eb0de6,2026-08-04,5.0,95
f50fb1a4-1cc8-4f48-8494-02c3c5eb0de6,2026-08-05,1.4,98
f5216699-a91c-435a-8458-49d48dad9a22,2026-07-30,5.0,95
f5216699-a91c-435a-8458-49d48dad9a22,2026-07-31,5.0,95
f5216699-a91c-435a-8458-49d48dad9a22,2026-08-01,5.0,95
f5216699-a91c-435a-8458-49d48dad9a22,2026-08-02,5.0,95
f5216699-a91c-435a-8458-49d48dad9a22,2026-08-03,5.0,95
f5216699-a91c-435a-8458-49d48dad9a22,2026-08-04,5.0,95
f5216699-a91c-435a-8458-49d48dad9a22,2026-08-05,1.4,98
f5334d24-9a82-4342-bad8-fb8cd6564d1e,2026-07-30,5.0,95
f5334d24-9a82-4342-bad8-fb8cd6564d1e,2026-07-31,5.0,95
f5334d24-9a82-4342-bad8-fb8cd6564d1e,2026-08-01,5.0,95
f5334d24-9a82-4342-bad8-fb8cd6564d1e,2026-08-02,5.0,95
f5334d24-9a82-4342-bad8-fb8cd6564d1e,2026-08-03,5.0,95
f5334d24-9a82-4342-bad8-fb8cd6564d1e,2026-08-04,5.0,95
f5334d24-9a82-4342-bad8-fb8cd6564d1e,2026-08-05,1.4,98
f53efbf2-19c9-48d6-b195-5a88927d9ff8,2026-07-30,5.0,95
f53efbf2-19c9-48d6-b195-5a88927d9ff8,2026-07-31,5.0,95
f53efbf2-19c9-48d6-b195-5a88927d9ff8,2026-08-01,5.0,95
f53efbf2-19c9-48d6-b195-5a88927d9ff8,2026-08-02,5.0,95
f53efbf2-19c9-48d6-b195-5a88927d9ff8,2026-08-03,5.0,95
f53efbf2-19c9-48d6-b195-5a88927d9ff8,2026-08-04,5.0,95
f53efbf2-19c9-48d6-b195-5a88927d9ff8,2026-08-05,1.4,98
f76b3c79-242b-4f3b-814e-cc6ab3995170,2026-07-30,5.0,95
f76b3c79-242b-4f3b-814e-cc6ab3995170,2026-07-31,5.0,95
f76b3c79-242b-4f3b-814e-cc6ab3995170,2026-08-01,5.0,95
f76b3c79-242b-4f3b-814e-cc6ab3995170,2026-08-02,5.0,95
f76b3c79-242b-4f3b-814e-cc6ab3995170,2026-08-03,5.0,95
f76b3c79-242b-4f3b-814e-cc6ab3995170,2026-08-04,5.0,95
f76b3c79-242b-4f3b-814e-cc6ab3995170,2026-08-05,1.4,98
f78a540c-f8c6-461c-a682-bee58855ee17,2026-07-30,5.0,95
f78a540c-f8c6-461c-a682-bee58855ee17,2026-07-31,5.0,95
f78a540c-f8c6-461c-a682-bee58855ee17,2026-08-01,5.96,94
f78a540c-f8c6-461c-a682-bee58855ee17,2026-08-02,5.0,95
f78a540c-f8c6-461c-a682-bee58855ee17,2026-08-03,5.0,95
f78a540c-f8c6-461c-a682-bee58855ee17,2026-08-04,5.0,95
f78a540c-f8c6-461c-a682-bee58855ee17,2026-08-05,1.4,98
f78b149d-076c-438e-92f4-e0a8d6abcb21,2026-07-30,5.0,95
f78b149d-076c-438e-92f4-e0a8d6abcb21,2026-07-31,5.0,95
f78b149d-076c-438e-92f4-e0a8d6abcb21,2026-08-01,5.0,95
f78b149d-076c-438e-92f4-e0a8d6abcb21,2026-08-02,5.0,95
f78b149d-076c-438e-92f4-e0a8d6abcb21,2026-08-03,5.0,95
f78b149d-076c-438e-92f4-e0a8d6abcb21,2026-08-04,5.0,95
f78b149d-076c-438e-92f4-e0a8d6abcb21,2026-08-05,1.4,98
f7ede4b9-e22f-43b1-bfcc-0ff7d043943b,2026-07-30,5.0,95
f7ede4b9-e22f-43b1-bfcc-0ff7d043943b,2026-07-31,5.0,95
f7ede4b9-e22f-43b1-bfcc-0ff7d043943b,2026-08-01,5.0,95
f7ede4b9-e22f-43b1-bfcc-0ff7d043943b,2026-08-02,5.0,95
f7ede4b9-e22f-43b1-bfcc-0ff7d043943b,2026-08-03,5.0,95
f7ede4b9-e22f-43b1-bfcc-0ff7d043943b,2026-08-04,5.0,95
f7ede4b9-e22f-43b1-bfcc-0ff7d043943b,2026-08-05,1.4,98
f8260774-e6d3-45a1-bdd5-d795e00202ba,2026-07-30,5.0,95
f8260774-e6d3-45a1-bdd5-d795e00202ba,2026-07-31,5.0,95
f8260774-e6d3-45a1-bdd5-d795e00202ba,2026-08-01,5.0,95
f8260774-e6d3-45a1-bdd5-d795e00202ba,2026-08-02,5.0,95
f8260774-e6d3-45a1-bdd5-d795e00202ba,2026-08-03,5.0,95
f8260774-e6d3-45a1-bdd5-d795e00202ba,2026-08-04,5.0,95
f8260774-e6d3-45a1-bdd5-d795e00202ba,2026-08-05,1.4,98
f827b48f-d1bd-44b2-9c5a-3ed36ca7c4dc,2026-07-30,5.0,95
f827b48f-d1bd-44b2-9c5a-3ed36ca7c4dc,2026-07-31,6.44,93
f827b48f-d1bd-44b2-9c5a-3ed36ca7c4dc,2026-08-01,5.0,95
f827b48f-d1bd-44b2-9c5a-3ed36ca7c4dc,2026-08-02,5.0,95
f827b48f-d1bd-44b2-9c5a-3ed36ca7c4dc,2026-08-03,5.0,95
f827b48f-d1bd-44b2-9c5a-3ed36ca7c4dc,2026-08-04,5.0,95
f827b48f-d1bd-44b2-9c5a-3ed36ca7c4dc,2026-08-05,3.0,97
f843abfb-83b7-4434-ae4f-0417e7cc7cea,2026-07-30,5.0,95
f843abfb-83b7-4434-ae4f-0417e7cc7cea,2026-07-31,5.43,94
f843abfb-83b7-4434-ae4f-0417e7cc7cea,2026-08-01,5.0,95
f843abfb-83b7-4434-ae4f-0417e7cc7cea,2026-08-02,5.0,95
f843abfb-83b7-4434-ae4f-0417e7cc7cea,2026-08-03,5.0,95
f843abfb-83b7-4434-ae4f-0417e7cc7cea,2026-08-04,5.0,95
f843abfb-83b7-4434-ae4f-0417e7cc7cea,2026-08-05,1.4,98
f87f64d8-82a8-48ae-8332-cf64cd96556b,2026-07-30,5.0,95
f87f64d8-82a8-48ae-8332-cf64cd96556b,2026-07-31,5.0,95
f87f64d8-82a8-48ae-8332-cf64cd96556b,2026-08-01,5.0,95
f87f64d8-82a8-48ae-8332-cf64cd96556b,2026-08-02,5.0,95
f87f64d8-82a8-48ae-8332-cf64cd96556b,2026-08-03,5.0,95
f87f64d8-82a8-48ae-8332-cf64cd96556b,2026-08-04,5.0,95
f87f64d8-82a8-48ae-8332-cf64cd96556b,2026-08-05,2.4,97
f8f59c15-d682-4743-a277-b74a253a4ef5,2026-07-30,5.0,95
f8f59c15-d682-4743-a277-b74a253a4ef5,2026-07-31,5.0,95
f8f59c15-d682-4743-a277-b74a253a4ef5,2026-08-01,5.0,95
f8f59c15-d682-4743-a277-b74a253a4ef5,2026-08-02,5.0,95
f8f59c15-d682-4743-a277-b74a253a4ef5,2026-08-03,5.0,95
f8f59c15-d682-4743-a277-b74a253a4ef5,2026-08-04,5.0,95
f8f59c15-d682-4743-a277-b74a253a4ef5,2026-08-05,1.4,98
f90b0d32-561a-4469-91b7-751b8953ad5a,2026-07-30,5.0,95
f90b0d32-561a-4469-91b7-751b8953ad5a,2026-07-31,5.0,95
f90b0d32-561a-4469-91b7-751b8953ad5a,2026-08-01,5.0,95
f90b0d32-561a-4469-91b7-751b8953ad5a,2026-08-02,5.0,95
f90b0d32-561a-4469-91b7-751b8953ad5a,2026-08-03,5.0,95
f90b0d32-561a-4469-91b7-751b8953ad5a,2026-08-04,5.0,95
f90b0d32-561a-4469-91b7-751b8953ad5a,2026-08-05,2.3,97
f9ded651-58df-4c2b-9537-9e1aa36a1cc2,2026-07-30,5.0,95
f9ded651-58df-4c2b-9537-9e1aa36a1cc2,2026-07-31,5.03,94
f9ded651-58df-4c2b-9537-9e1aa36a1cc2,2026-08-01,5.0,95
f9ded651-58df-4c2b-9537-9e1aa36a1cc2,2026-08-02,5.0,95
f9ded651-58df-4c2b-9537-9e1aa36a1cc2,2026-08-03,5.0,95
f9ded651-58df-4c2b-9537-9e1aa36a1cc2,2026-08-04,5.0,95
f9ded651-58df-4c2b-9537-9e1aa36a1cc2,2026-08-05,1.4,98
fa0a159c-84ac-4098-b1bf-9483a94de6e5,2026-07-30,5.0,95
fa0a159c-84ac-4098-b1bf-9483a94de6e5,2026-07-31,5.0,95
fa0a159c-84ac-4098-b1bf-9483a94de6e5,2026-08-01,5.0,95
fa0a159c-84ac-4098-b1bf-9483a94de6e5,2026-08-02,5.0,95
fa0a159c-84ac-4098-b1bf-9483a94de6e5,2026-08-03,5.0,95
fa0a159c-84ac-4098-b1bf-9483a94de6e5,2026-08-04,5.0,95
fa0a159c-84ac-4098-b1bf-9483a94de6e5,2026-08-05,1.4,98
fbc9e03a-fca7-44bf-8e0f-1d8681ce1ea7,2026-07-30,5.0,95
fbc9e03a-fca7-44bf-8e0f-1d8681ce1ea7,2026-07-31,5.0,95
fbc9e03a-fca7-44bf-8e0f-1d8681ce1ea7,2026-08-01,5.0,95
fbc9e03a-fca7-44bf-8e0f-1d8681ce1ea7,2026-08-02,5.0,95
fbc9e03a-fca7-44bf-8e0f-1d8681ce1ea7,2026-08-03,5.0,95
fbc9e03a-fca7-44bf-8e0f-1d8681ce1ea7,2026-08-04,5.0,95
fbc9e03a-fca7-44bf-8e0f-1d8681ce1ea7,2026-08-05,1.3,98
fc195a58-a871-4ea2-b7a9-0c5a29425093,2026-07-30,5.0,95
fc195a58-a871-4ea2-b7a9-0c5a29425093,2026-07-31,5.0,95
fc195a58-a871-4ea2-b7a9-0c5a29425093,2026-08-01,5.0,95
fc195a58-a871-4ea2-b7a9-0c5a29425093,2026-08-02,5.0,95
fc195a58-a871-4ea2-b7a9-0c5a29425093,2026-08-03,5.0,95
fc195a58-a871-4ea2-b7a9-0c5a29425093,2026-08-04,5.0,95
fc195a58-a871-4ea2-b7a9-0c5a29425093,2026-08-05,1.3,98
fdcbfd78-6065-4b5a-92fb-40f08bcc35fa,2026-07-30,5.0,95
fdcbfd78-6065-4b5a-92fb-40f08bcc35fa,2026-07-31,5.0,95
fdcbfd78-6065-4b5a-92fb-40f08bcc35fa,2026-08-01,5.0,95
fdcbfd78-6065-4b5a-92fb-40f08bcc35fa,2026-08-02,5.0,95
fdcbfd78-6065-4b5a-92fb-40f08bcc35fa,2026-08-03,5.0,95
fdcbfd78-6065-4b5a-92fb-40f08bcc35fa,2026-08-04,5.0,95
fdcbfd78-6065-4b5a-92fb-40f08bcc35fa,2026-08-05,1.4,98
5fcf93d6-b64c-48f2-939f-21b76da561f2,2026-07-30,5.0,95
5fcf93d6-b64c-48f2-939f-21b76da561f2,2026-07-31,5.0,95
5fcf93d6-b64c-48f2-939f-21b76da561f2,2026-08-01,5.0,95
5fcf93d6-b64c-48f2-939f-21b76da561f2,2026-08-02,5.0,95
5fcf93d6-b64c-48f2-939f-21b76da561f2,2026-08-03,5.0,95
5fcf93d6-b64c-48f2-939f-21b76da561f2,2026-08-04,5.0,95
5fcf93d6-b64c-48f2-939f-21b76da561f2,2026-08-05,1.4,98
600d85f7-ae33-4fa0-810b-2288aeec4e29,2026-07-30,5.0,95
600d85f7-ae33-4fa0-810b-2288aeec4e29,2026-07-31,5.0,95
600d85f7-ae33-4fa0-810b-2288aeec4e29,2026-08-01,5.0,95
600d85f7-ae33-4fa0-810b-2288aeec4e29,2026-08-02,5.0,95
600d85f7-ae33-4fa0-810b-2288aeec4e29,2026-08-03,5.0,95
600d85f7-ae33-4fa0-810b-2288aeec4e29,2026-08-04,5.0,95
600d85f7-ae33-4fa0-810b-2288aeec4e29,2026-08-05,1.4,98
69a56637-c8b1-40a8-b75c-b955542e7a9b,2026-07-30,5.0,95
69a56637-c8b1-40a8-b75c-b955542e7a9b,2026-07-31,5.0,95
69a56637-c8b1-40a8-b75c-b955542e7a9b,2026-08-01,5.0,95
69a56637-c8b1-40a8-b75c-b955542e7a9b,2026-08-02,5.0,95
69a56637-c8b1-40a8-b75c-b955542e7a9b,2026-08-03,5.0,95
69a56637-c8b1-40a8-b75c-b955542e7a9b,2026-08-04,5.0,95
69a56637-c8b1-40a8-b75c-b955542e7a9b,2026-08-05,1.4,98
6a01b0b6-64b0-46b3-ad99-917314515fdf,2026-07-30,5.0,95
6a01b0b6-64b0-46b3-ad99-917314515fdf,2026-07-31,5.0,95
6a01b0b6-64b0-46b3-ad99-917314515fdf,2026-08-01,5.0,95
6a01b0b6-64b0-46b3-ad99-917314515fdf,2026-08-02,5.0,95
6a01b0b6-64b0-46b3-ad99-917314515fdf,2026-08-03,5.0,95
6a01b0b6-64b0-46b3-ad99-917314515fdf,2026-08-04,5.0,95
6a01b0b6-64b0-46b3-ad99-917314515fdf,2026-08-05,1.4,98
237bd232-6b30-4926-b1de-31ef4c99e7a4,2026-07-30,5.72,94
237bd232-6b30-4926-b1de-31ef4c99e7a4,2026-07-31,5.0,95
237bd232-6b30-4926-b1de-31ef4c99e7a4,2026-08-01,5.0,95
237bd232-6b30-4926-b1de-31ef4c99e7a4,2026-08-02,5.0,95
237bd232-6b30-4926-b1de-31ef4c99e7a4,2026-08-03,5.0,95
237bd232-6b30-4926-b1de-31ef4c99e7a4,2026-08-04,5.0,95
237bd232-6b30-4926-b1de-31ef4c99e7a4,2026-08-05,2.5,97
2abce79c-3bce-48f1-b0e6-87fb2c17d1ab,2026-07-30,5.0,95
2abce79c-3bce-48f1-b0e6-87fb2c17d1ab,2026-07-31,5.0,95
2abce79c-3bce-48f1-b0e6-87fb2c17d1ab,2026-08-01,5.4,94
2abce79c-3bce-48f1-b0e6-87fb2c17d1ab,2026-08-02,5.0,95
2abce79c-3bce-48f1-b0e6-87fb2c17d1ab,2026-08-03,5.0,95
2abce79c-3bce-48f1-b0e6-87fb2c17d1ab,2026-08-04,5.0,95
2abce79c-3bce-48f1-b0e6-87fb2c17d1ab,2026-08-05,2.5,97
230f132c-4d43-468f-b58d-f06c6916234d,2026-07-30,5.47,94
230f132c-4d43-468f-b58d-f06c6916234d,2026-07-31,5.0,95
230f132c-4d43-468f-b58d-f06c6916234d,2026-08-01,5.0,95
230f132c-4d43-468f-b58d-f06c6916234d,2026-08-02,5.05,94
230f132c-4d43-468f-b58d-f06c6916234d,2026-08-03,5.0,95
230f132c-4d43-468f-b58d-f06c6916234d,2026-08-04,5.0,95
230f132c-4d43-468f-b58d-f06c6916234d,2026-08-05,2.6,97
232778a1-ad34-4e41-aea6-b8157424654c,2026-07-30,7.14,92
232778a1-ad34-4e41-aea6-b8157424654c,2026-07-31,5.16,94
232778a1-ad34-4e41-aea6-b8157424654c,2026-08-01,5.0,95
232778a1-ad34-4e41-aea6-b8157424654c,2026-08-02,5.0,95
232778a1-ad34-4e41-aea6-b8157424654c,2026-08-03,5.0,95
232778a1-ad34-4e41-aea6-b8157424654c,2026-08-04,5.0,95
232778a1-ad34-4e41-aea6-b8157424654c,2026-08-05,2.6,97
0ddc7271-72b9-4f43-a8dd-8ff2b1969b00,2026-07-30,5.0,95
0ddc7271-72b9-4f43-a8dd-8ff2b1969b00,2026-07-31,5.0,95
0ddc7271-72b9-4f43-a8dd-8ff2b1969b00,2026-08-01,5.0,95
0ddc7271-72b9-4f43-a8dd-8ff2b1969b00,2026-08-02,5.0,95
0ddc7271-72b9-4f43-a8dd-8ff2b1969b00,2026-08-03,5.0,95
0ddc7271-72b9-4f43-a8dd-8ff2b1969b00,2026-08-04,5.0,95
0ddc7271-72b9-4f43-a8dd-8ff2b1969b00,2026-08-05,1.4,98
109d4ec4-502c-4e84-90f4-65324af85982,2026-07-30,5.0,95
109d4ec4-502c-4e84-90f4-65324af85982,2026-07-31,5.0,95
109d4ec4-502c-4e84-90f4-65324af85982,2026-08-01,6.87,93
109d4ec4-502c-4e84-90f4-65324af85982,2026-08-02,5.0,95
109d4ec4-502c-4e84-90f4-65324af85982,2026-08-03,5.0,95
109d4ec4-502c-4e84-90f4-65324af85982,2026-08-04,5.0,95
109d4ec4-502c-4e84-90f4-65324af85982,2026-08-05,2.5,97
10d797a6-d060-4f0a-823b-d7263e4e525e,2026-07-30,5.0,95
10d797a6-d060-4f0a-823b-d7263e4e525e,2026-07-31,5.0,95
10d797a6-d060-4f0a-823b-d7263e4e525e,2026-08-01,5.0,95
10d797a6-d060-4f0a-823b-d7263e4e525e,2026-08-02,5.0,95
10d797a6-d060-4f0a-823b-d7263e4e525e,2026-08-03,5.0,95
10d797a6-d060-4f0a-823b-d7263e4e525e,2026-08-04,5.0,95
10d797a6-d060-4f0a-823b-d7263e4e525e,2026-08-05,1.4,98
11508fc3-abaa-4402-89f5-478bdc30e1fe,2026-07-30,5.0,95
11508fc3-abaa-4402-89f5-478bdc30e1fe,2026-07-31,5.0,95
11508fc3-abaa-4402-89f5-478bdc30e1fe,2026-08-01,5.0,95
11508fc3-abaa-4402-89f5-478bdc30e1fe,2026-08-02,5.0,95
11508fc3-abaa-4402-89f5-478bdc30e1fe,2026-08-03,5.0,95
11508fc3-abaa-4402-89f5-478bdc30e1fe,2026-08-04,5.0,95
11508fc3-abaa-4402-89f5-478bdc30e1fe,2026-08-05,1.4,98
11a5ceb5-4f1e-42b6-9f26-7f6430e76517,2026-07-30,5.0,95
11a5ceb5-4f1e-42b6-9f26-7f6430e76517,2026-07-31,5.0,95
11a5ceb5-4f1e-42b6-9f26-7f6430e76517,2026-08-01,5.0,95
11a5ceb5-4f1e-42b6-9f26-7f6430e76517,2026-08-02,5.0,95
11a5ceb5-4f1e-42b6-9f26-7f6430e76517,2026-08-03,5.0,95
11a5ceb5-4f1e-42b6-9f26-7f6430e76517,2026-08-04,5.0,95
11a5ceb5-4f1e-42b6-9f26-7f6430e76517,2026-08-05,2.5,97
7191875a-eef0-4c98-8573-a02e5778522d,2026-07-30,5.0,95
7191875a-eef0-4c98-8573-a02e5778522d,2026-07-31,5.0,95
7191875a-eef0-4c98-8573-a02e5778522d,2026-08-01,5.0,95
7191875a-eef0-4c98-8573-a02e5778522d,2026-08-02,5.0,95
7191875a-eef0-4c98-8573-a02e5778522d,2026-08-03,5.0,95
7191875a-eef0-4c98-8573-a02e5778522d,2026-08-04,5.0,95
7191875a-eef0-4c98-8573-a02e5778522d,2026-08-05,1.4,98
71f06e6e-167d-4ed0-816b-554542819051,2026-07-30,5.0,95
71f06e6e-167d-4ed0-816b-554542819051,2026-07-31,5.0,95
71f06e6e-167d-4ed0-816b-554542819051,2026-08-01,5.0,95
71f06e6e-167d-4ed0-816b-554542819051,2026-08-02,5.0,95
71f06e6e-167d-4ed0-816b-554542819051,2026-08-03,5.0,95
71f06e6e-167d-4ed0-816b-554542819051,2026-08-04,5.0,95
71f06e6e-167d-4ed0-816b-554542819051,2026-08-05,1.4,98
1e0c52f1-3b95-43c1-9ae8-f2a85f25f927,2026-07-30,5.0,95
1e0c52f1-3b95-43c1-9ae8-f2a85f25f927,2026-07-31,5.0,95
1e0c52f1-3b95-43c1-9ae8-f2a85f25f927,2026-08-01,5.0,95
1e0c52f1-3b95-43c1-9ae8-f2a85f25f927,2026-08-02,5.0,95
1e0c52f1-3b95-43c1-9ae8-f2a85f25f927,2026-08-03,5.0,95
1e0c52f1-3b95-43c1-9ae8-f2a85f25f927,2026-08-04,5.0,95
1e0c52f1-3b95-43c1-9ae8-f2a85f25f927,2026-08-05,1.4,98
1e118036-46d6-457b-a907-c7f510ef0e15,2026-07-30,5.0,95
1e118036-46d6-457b-a907-c7f510ef0e15,2026-07-31,5.0,95
1e118036-46d6-457b-a907-c7f510ef0e15,2026-08-01,5.0,95
1e118036-46d6-457b-a907-c7f510ef0e15,2026-08-02,5.0,95
1e118036-46d6-457b-a907-c7f510ef0e15,2026-08-03,5.0,95
1e118036-46d6-457b-a907-c7f510ef0e15,2026-08-04,5.0,95
1e118036-46d6-457b-a907-c7f510ef0e15,2026-08-05,1.4,98
1ed16d22-9fda-4f3e-b458-ad56735980e8,2026-07-30,5.0,95
1ed16d22-9fda-4f3e-b458-ad56735980e8,2026-07-31,5.0,95
1ed16d22-9fda-4f3e-b458-ad56735980e8,2026-08-01,5.0,95
1ed16d22-9fda-4f3e-b458-ad56735980e8,2026-08-02,5.0,95
1ed16d22-9fda-4f3e-b458-ad56735980e8,2026-08-03,5.0,95
1ed16d22-9fda-4f3e-b458-ad56735980e8,2026-08-04,5.0,95
1ed16d22-9fda-4f3e-b458-ad56735980e8,2026-08-05,1.4,98
294b6de8-b9e3-4cba-bf4c-fd6cfbf8f225,2026-07-30,77.35,22
294b6de8-b9e3-4cba-bf4c-fd6cfbf8f225,2026-07-31,83.36,16
294b6de8-b9e3-4cba-bf4c-fd6cfbf8f225,2026-08-01,93.85,6
294b6de8-b9e3-4cba-bf4c-fd6cfbf8f225,2026-08-02,87.0,13
294b6de8-b9e3-4cba-bf4c-fd6cfbf8f225,2026-08-03,85.77,14
294b6de8-b9e3-4cba-bf4c-fd6cfbf8f225,2026-08-04,92.94,7
294b6de8-b9e3-4cba-bf4c-fd6cfbf8f225,2026-08-05,89.6,10
2f0a19f8-7946-4a31-a3a1-b0ae741726e0,2026-07-30,5.0,95
2f0a19f8-7946-4a31-a3a1-b0ae741726e0,2026-07-31,5.0,95
2f0a19f8-7946-4a31-a3a1-b0ae741726e0,2026-08-01,5.0,95
2f0a19f8-7946-4a31-a3a1-b0ae741726e0,2026-08-02,5.0,95
2f0a19f8-7946-4a31-a3a1-b0ae741726e0,2026-08-03,5.0,95
2f0a19f8-7946-4a31-a3a1-b0ae741726e0,2026-08-04,5.0,95
2f0a19f8-7946-4a31-a3a1-b0ae741726e0,2026-08-05,1.4,98
2f7f7aa1-85a3-492b-bca8-78e9d8d87b66,2026-07-30,5.0,95
2f7f7aa1-85a3-492b-bca8-78e9d8d87b66,2026-07-31,5.0,95
2f7f7aa1-85a3-492b-bca8-78e9d8d87b66,2026-08-01,5.0,95
2f7f7aa1-85a3-492b-bca8-78e9d8d87b66,2026-08-02,5.0,95
2f7f7aa1-85a3-492b-bca8-78e9d8d87b66,2026-08-03,5.0,95
2f7f7aa1-85a3-492b-bca8-78e9d8d87b66,2026-08-04,5.0,95
2f7f7aa1-85a3-492b-bca8-78e9d8d87b66,2026-08-05,1.4,98
3112eeea-a6a4-4c27-bd4f-98884651dfa0,2026-07-30,5.0,95
3112eeea-a6a4-4c27-bd4f-98884651dfa0,2026-07-31,5.0,95
3112eeea-a6a4-4c27-bd4f-98884651dfa0,2026-08-01,5.0,95
3112eeea-a6a4-4c27-bd4f-98884651dfa0,2026-08-02,5.0,95
3112eeea-a6a4-4c27-bd4f-98884651dfa0,2026-08-03,5.0,95
3112eeea-a6a4-4c27-bd4f-98884651dfa0,2026-08-04,5.0,95
3112eeea-a6a4-4c27-bd4f-98884651dfa0,2026-08-05,1.4,98
086d8290-e955-4106-9714-ad88ffa8a0e3,2026-07-30,5.0,95
086d8290-e955-4106-9714-ad88ffa8a0e3,2026-07-31,5.0,95
086d8290-e955-4106-9714-ad88ffa8a0e3,2026-08-01,5.0,95
086d8290-e955-4106-9714-ad88ffa8a0e3,2026-08-02,5.0,95
086d8290-e955-4106-9714-ad88ffa8a0e3,2026-08-03,5.43,94
086d8290-e955-4106-9714-ad88ffa8a0e3,2026-08-04,5.0,95
086d8290-e955-4106-9714-ad88ffa8a0e3,2026-08-05,1.4,98
09d194ed-1e23-4f9a-b64c-f3bd61f24ea3,2026-07-30,6.75,93
09d194ed-1e23-4f9a-b64c-f3bd61f24ea3,2026-07-31,5.0,95
09d194ed-1e23-4f9a-b64c-f3bd61f24ea3,2026-08-01,5.0,95
09d194ed-1e23-4f9a-b64c-f3bd61f24ea3,2026-08-02,5.0,95
09d194ed-1e23-4f9a-b64c-f3bd61f24ea3,2026-08-03,5.0,95
09d194ed-1e23-4f9a-b64c-f3bd61f24ea3,2026-08-04,5.0,95
09d194ed-1e23-4f9a-b64c-f3bd61f24ea3,2026-08-05,1.4,98
09e52e34-b84d-4f8c-8c3a-f1a5e77fba55,2026-07-30,5.0,95
09e52e34-b84d-4f8c-8c3a-f1a5e77fba55,2026-07-31,5.0,95
09e52e34-b84d-4f8c-8c3a-f1a5e77fba55,2026-08-01,5.0,95
09e52e34-b84d-4f8c-8c3a-f1a5e77fba55,2026-08-02,5.0,95
09e52e34-b84d-4f8c-8c3a-f1a5e77fba55,2026-08-03,5.0,95
09e52e34-b84d-4f8c-8c3a-f1a5e77fba55,2026-08-04,5.0,95
09e52e34-b84d-4f8c-8c3a-f1a5e77fba55,2026-08-05,1.4,98
0a15858e-3eab-4fd7-876d-153b7e2a2c52,2026-07-30,5.0,95
0a15858e-3eab-4fd7-876d-153b7e2a2c52,2026-07-31,5.0,95
0a15858e-3eab-4fd7-876d-153b7e2a2c52,2026-08-01,5.0,95
0a15858e-3eab-4fd7-876d-153b7e2a2c52,2026-08-02,5.0,95
0a15858e-3eab-4fd7-876d-153b7e2a2c52,2026-08-03,5.0,95
0a15858e-3eab-4fd7-876d-153b7e2a2c52,2026-08-04,5.0,95
0a15858e-3eab-4fd7-876d-153b7e2a2c52,2026-08-05,1.4,98
108a3be9-8de4-4595-a791-ac7f1c03ceb9,2026-07-30,5.0,95
108a3be9-8de4-4595-a791-ac7f1c03ceb9,2026-07-31,5.0,95
108a3be9-8de4-4595-a791-ac7f1c03ceb9,2026-08-01,7.43,92
108a3be9-8de4-4595-a791-ac7f1c03ceb9,2026-08-02,5.0,95
108a3be9-8de4-4595-a791-ac7f1c03ceb9,2026-08-03,5.0,95
108a3be9-8de4-4595-a791-ac7f1c03ceb9,2026-08-04,5.0,95
108a3be9-8de4-4595-a791-ac7f1c03ceb9,2026-08-05,4.4,95
1d23f5ad-cf11-4a39-84b6-5287cdccc695,2026-07-30,5.0,95
1d23f5ad-cf11-4a39-84b6-5287cdccc695,2026-07-31,5.0,95
1d23f5ad-cf11-4a39-84b6-5287cdccc695,2026-08-01,5.0,95
1d23f5ad-cf11-4a39-84b6-5287cdccc695,2026-08-02,5.0,95
1d23f5ad-cf11-4a39-84b6-5287cdccc695,2026-08-03,5.0,95
1d23f5ad-cf11-4a39-84b6-5287cdccc695,2026-08-04,5.0,95
1d23f5ad-cf11-4a39-84b6-5287cdccc695,2026-08-05,1.4,98
1d86e299-6ebc-4cbd-b6e7-7c0a941fe9dd,2026-07-30,5.0,95
1d86e299-6ebc-4cbd-b6e7-7c0a941fe9dd,2026-07-31,5.0,95
1d86e299-6ebc-4cbd-b6e7-7c0a941fe9dd,2026-08-01,5.0,95
1d86e299-6ebc-4cbd-b6e7-7c0a941fe9dd,2026-08-02,5.0,95
1d86e299-6ebc-4cbd-b6e7-7c0a941fe9dd,2026-08-03,5.0,95
1d86e299-6ebc-4cbd-b6e7-7c0a941fe9dd,2026-08-04,5.0,95
1d86e299-6ebc-4cbd-b6e7-7c0a941fe9dd,2026-08-05,1.4,98
4d30c1bb-5440-4540-97ea-104ddfba2732,2026-07-30,5.0,95
4d30c1bb-5440-4540-97ea-104ddfba2732,2026-07-31,5.0,95
4d30c1bb-5440-4540-97ea-104ddfba2732,2026-08-01,5.0,95
4d30c1bb-5440-4540-97ea-104ddfba2732,2026-08-02,5.0,95
4d30c1bb-5440-4540-97ea-104ddfba2732,2026-08-03,5.0,95
4d30c1bb-5440-4540-97ea-104ddfba2732,2026-08-04,5.0,95
4d30c1bb-5440-4540-97ea-104ddfba2732,2026-08-05,1.4,98
593f65e2-a5e4-4514-9d94-7f6821236ec2,2026-07-30,5.0,95
593f65e2-a5e4-4514-9d94-7f6821236ec2,2026-07-31,5.0,95
593f65e2-a5e4-4514-9d94-7f6821236ec2,2026-08-01,5.0,95
593f65e2-a5e4-4514-9d94-7f6821236ec2,2026-08-02,5.0,95
593f65e2-a5e4-4514-9d94-7f6821236ec2,2026-08-03,5.0,95
593f65e2-a5e4-4514-9d94-7f6821236ec2,2026-08-04,5.0,95
593f65e2-a5e4-4514-9d94-7f6821236ec2,2026-08-05,1.4,98
5e4f23be-fc66-4cc5-a8c1-b9c2888524ba,2026-07-30,5.0,95
5e4f23be-fc66-4cc5-a8c1-b9c2888524ba,2026-07-31,5.0,95
5e4f23be-fc66-4cc5-a8c1-b9c2888524ba,2026-08-01,5.0,95
5e4f23be-fc66-4cc5-a8c1-b9c2888524ba,2026-08-02,5.0,95
5e4f23be-fc66-4cc5-a8c1-b9c2888524ba,2026-08-03,5.0,95
5e4f23be-fc66-4cc5-a8c1-b9c2888524ba,2026-08-04,5.0,95
5e4f23be-fc66-4cc5-a8c1-b9c2888524ba,2026-08-05,1.4,98
232f4bb1-49bd-454e-8ddd-2626baf3263f,2026-07-30,5.0,95
232f4bb1-49bd-454e-8ddd-2626baf3263f,2026-07-31,5.0,95
232f4bb1-49bd-454e-8ddd-2626baf3263f,2026-08-01,5.0,95
232f4bb1-49bd-454e-8ddd-2626baf3263f,2026-08-02,5.0,95
232f4bb1-49bd-454e-8ddd-2626baf3263f,2026-08-03,5.0,95
232f4bb1-49bd-454e-8ddd-2626baf3263f,2026-08-04,5.0,95
232f4bb1-49bd-454e-8ddd-2626baf3263f,2026-08-05,1.4,98
376496ef-8dce-4557-970d-cac76ad0eacf,2026-07-30,5.0,95
376496ef-8dce-4557-970d-cac76ad0eacf,2026-07-31,5.0,95
376496ef-8dce-4557-970d-cac76ad0eacf,2026-08-01,5.0,95
376496ef-8dce-4557-970d-cac76ad0eacf,2026-08-02,5.0,95
376496ef-8dce-4557-970d-cac76ad0eacf,2026-08-03,5.0,95
376496ef-8dce-4557-970d-cac76ad0eacf,2026-08-04,5.0,95
376496ef-8dce-4557-970d-cac76ad0eacf,2026-08-05,1.4,98
3e6dacc3-0cc5-4404-be73-ee557cb085d5,2026-07-30,5.0,95
3e6dacc3-0cc5-4404-be73-ee557cb085d5,2026-07-31,5.0,95
3e6dacc3-0cc5-4404-be73-ee557cb085d5,2026-08-01,5.0,95
3e6dacc3-0cc5-4404-be73-ee557cb085d5,2026-08-02,5.0,95
3e6dacc3-0cc5-4404-be73-ee557cb085d5,2026-08-03,5.0,95
3e6dacc3-0cc5-4404-be73-ee557cb085d5,2026-08-04,5.0,95
3e6dacc3-0cc5-4404-be73-ee557cb085d5,2026-08-05,1.3,98
3f0122f0-ad30-4e4d-a354-96605f34bd58,2026-07-30,5.0,95
3f0122f0-ad30-4e4d-a354-96605f34bd58,2026-07-31,5.0,95
3f0122f0-ad30-4e4d-a354-96605f34bd58,2026-08-01,5.54,94
3f0122f0-ad30-4e4d-a354-96605f34bd58,2026-08-02,5.0,95
3f0122f0-ad30-4e4d-a354-96605f34bd58,2026-08-03,5.0,95
3f0122f0-ad30-4e4d-a354-96605f34bd58,2026-08-04,5.0,95
3f0122f0-ad30-4e4d-a354-96605f34bd58,2026-08-05,1.4,98
3f0d8f9e-d454-4547-b680-1bd71de838b3,2026-07-30,5.0,95
3f0d8f9e-d454-4547-b680-1bd71de838b3,2026-07-31,5.0,95
3f0d8f9e-d454-4547-b680-1bd71de838b3,2026-08-01,5.0,95
3f0d8f9e-d454-4547-b680-1bd71de838b3,2026-08-02,5.0,95
3f0d8f9e-d454-4547-b680-1bd71de838b3,2026-08-03,5.0,95
3f0d8f9e-d454-4547-b680-1bd71de838b3,2026-08-04,5.0,95
3f0d8f9e-d454-4547-b680-1bd71de838b3,2026-08-05,1.4,98
3f2dd5d0-489a-4c64-b239-3ea7605e9d5d,2026-07-30,5.0,95
3f2dd5d0-489a-4c64-b239-3ea7605e9d5d,2026-07-31,5.0,95
3f2dd5d0-489a-4c64-b239-3ea7605e9d5d,2026-08-01,5.0,95
3f2dd5d0-489a-4c64-b239-3ea7605e9d5d,2026-08-02,5.0,95
3f2dd5d0-489a-4c64-b239-3ea7605e9d5d,2026-08-03,5.0,95
3f2dd5d0-489a-4c64-b239-3ea7605e9d5d,2026-08-04,5.0,95
3f2dd5d0-489a-4c64-b239-3ea7605e9d5d,2026-08-05,1.4,98
3f5bbdf5-c3f4-4864-81d9-0ee6c6a21a7c,2026-07-30,5.0,95
3f5bbdf5-c3f4-4864-81d9-0ee6c6a21a7c,2026-07-31,5.0,95
3f5bbdf5-c3f4-4864-81d9-0ee6c6a21a7c,2026-08-01,5.0,95
3f5bbdf5-c3f4-4864-81d9-0ee6c6a21a7c,2026-08-02,5.0,95
3f5bbdf5-c3f4-4864-81d9-0ee6c6a21a7c,2026-08-03,5.0,95
3f5bbdf5-c3f4-4864-81d9-0ee6c6a21a7c,2026-08-04,5.0,95
3f5bbdf5-c3f4-4864-81d9-0ee6c6a21a7c,2026-08-05,1.4,98
3f72b203-8c47-44d6-9060-35e2ce883a9e,2026-07-30,5.0,95
3f72b203-8c47-44d6-9060-35e2ce883a9e,2026-07-31,5.0,95
3f72b203-8c47-44d6-9060-35e2ce883a9e,2026-08-01,5.0,95
3f72b203-8c47-44d6-9060-35e2ce883a9e,2026-08-02,5.0,95
3f72b203-8c47-44d6-9060-35e2ce883a9e,2026-08-03,5.0,95
3f72b203-8c47-44d6-9060-35e2ce883a9e,2026-08-04,5.0,95
3f72b203-8c47-44d6-9060-35e2ce883a9e,2026-08-05,1.4,98
403bb6da-7e74-440c-aa2f-747e1ac3d78a,2026-07-30,5.0,95
403bb6da-7e74-440c-aa2f-747e1ac3d78a,2026-07-31,5.0,95
403bb6da-7e74-440c-aa2f-747e1ac3d78a,2026-08-01,5.0,95
403bb6da-7e74-440c-aa2f-747e1ac3d78a,2026-08-02,5.0,95
403bb6da-7e74-440c-aa2f-747e1ac3d78a,2026-08-03,5.0,95
403bb6da-7e74-440c-aa2f-747e1ac3d78a,2026-08-04,5.0,95
403bb6da-7e74-440c-aa2f-747e1ac3d78a,2026-08-05,1.4,98
407aca9a-554c-472f-a456-ada4680400af,2026-07-30,6.27,93
407aca9a-554c-472f-a456-ada4680400af,2026-07-31,5.0,95
407aca9a-554c-472f-a456-ada4680400af,2026-08-01,5.0,95
407aca9a-554c-472f-a456-ada4680400af,2026-08-02,5.0,95
407aca9a-554c-472f-a456-ada4680400af,2026-08-03,5.0,95
407aca9a-554c-472f-a456-ada4680400af,2026-08-04,5.0,95
407aca9a-554c-472f-a456-ada4680400af,2026-08-05,1.4,98
4214cf10-c3ba-4a2c-bb5e-4f9651872761,2026-07-30,5.0,95
4214cf10-c3ba-4a2c-bb5e-4f9651872761,2026-07-31,5.0,95
4214cf10-c3ba-4a2c-bb5e-4f9651872761,2026-08-01,5.0,95
4214cf10-c3ba-4a2c-bb5e-4f9651872761,2026-08-02,5.0,95
4214cf10-c3ba-4a2c-bb5e-4f9651872761,2026-08-03,5.0,95
4214cf10-c3ba-4a2c-bb5e-4f9651872761,2026-08-04,5.0,95
4214cf10-c3ba-4a2c-bb5e-4f9651872761,2026-08-05,1.3,98
44364b2f-1b11-42ab-b5e0-78e670d76db9,2026-07-30,5.0,95
44364b2f-1b11-42ab-b5e0-78e670d76db9,2026-07-31,5.0,95
44364b2f-1b11-42ab-b5e0-78e670d76db9,2026-08-01,5.0,95
44364b2f-1b11-42ab-b5e0-78e670d76db9,2026-08-02,5.34,94
44364b2f-1b11-42ab-b5e0-78e670d76db9,2026-08-03,5.0,95
44364b2f-1b11-42ab-b5e0-78e670d76db9,2026-08-04,5.0,95
44364b2f-1b11-42ab-b5e0-78e670d76db9,2026-08-05,1.4,98
443faeb2-2330-45ea-a059-bc13dde45885,2026-07-30,5.0,95
443faeb2-2330-45ea-a059-bc13dde45885,2026-07-31,5.0,95
443faeb2-2330-45ea-a059-bc13dde45885,2026-08-01,5.0,95
443faeb2-2330-45ea-a059-bc13dde45885,2026-08-02,5.0,95
443faeb2-2330-45ea-a059-bc13dde45885,2026-08-03,5.0,95
443faeb2-2330-45ea-a059-bc13dde45885,2026-08-04,5.0,95
443faeb2-2330-45ea-a059-bc13dde45885,2026-08-05,1.4,98
44a1fcf4-9d04-4ee1-9fb1-f6d86441da8f,2026-07-30,5.0,95
44a1fcf4-9d04-4ee1-9fb1-f6d86441da8f,2026-07-31,5.0,95
44a1fcf4-9d04-4ee1-9fb1-f6d86441da8f,2026-08-01,5.0,95
44a1fcf4-9d04-4ee1-9fb1-f6d86441da8f,2026-08-02,5.0,95
44a1fcf4-9d04-4ee1-9fb1-f6d86441da8f,2026-08-03,5.0,95
44a1fcf4-9d04-4ee1-9fb1-f6d86441da8f,2026-08-04,5.0,95
44a1fcf4-9d04-4ee1-9fb1-f6d86441da8f,2026-08-05,1.4,98
4508d764-d384-423c-b8e7-af5b31efd026,2026-07-30,5.0,95
4508d764-d384-423c-b8e7-af5b31efd026,2026-07-31,5.0,95
4508d764-d384-423c-b8e7-af5b31efd026,2026-08-01,5.0,95
4508d764-d384-423c-b8e7-af5b31efd026,2026-08-02,5.0,95
4508d764-d384-423c-b8e7-af5b31efd026,2026-08-03,5.0,95
4508d764-d384-423c-b8e7-af5b31efd026,2026-08-04,5.0,95
4508d764-d384-423c-b8e7-af5b31efd026,2026-08-05,1.3,98
522740ab-62bd-47ea-b942-1ef7fd73d67c,2026-07-30,5.0,95
522740ab-62bd-47ea-b942-1ef7fd73d67c,2026-07-31,5.0,95
522740ab-62bd-47ea-b942-1ef7fd73d67c,2026-08-01,5.0,95
522740ab-62bd-47ea-b942-1ef7fd73d67c,2026-08-02,5.0,95
522740ab-62bd-47ea-b942-1ef7fd73d67c,2026-08-03,5.0,95
522740ab-62bd-47ea-b942-1ef7fd73d67c,2026-08-04,5.0,95
522740ab-62bd-47ea-b942-1ef7fd73d67c,2026-08-05,1.4,98
535589dc-e915-43a4-8deb-1acee32630d8,2026-07-30,5.0,95
535589dc-e915-43a4-8deb-1acee32630d8,2026-07-31,5.0,95
535589dc-e915-43a4-8deb-1acee32630d8,2026-08-01,5.0,95
535589dc-e915-43a4-8deb-1acee32630d8,2026-08-02,5.0,95
535589dc-e915-43a4-8deb-1acee32630d8,2026-08-03,5.0,95
535589dc-e915-43a4-8deb-1acee32630d8,2026-08-04,5.0,95
535589dc-e915-43a4-8deb-1acee32630d8,2026-08-05,1.4,98
57964d96-449e-465f-8ed0-cc0961b1156d,2026-07-30,5.0,95
57964d96-449e-465f-8ed0-cc0961b1156d,2026-07-31,5.0,95
57964d96-449e-465f-8ed0-cc0961b1156d,2026-08-01,5.0,95
57964d96-449e-465f-8ed0-cc0961b1156d,2026-08-02,5.0,95
57964d96-449e-465f-8ed0-cc0961b1156d,2026-08-03,5.0,95
57964d96-449e-465f-8ed0-cc0961b1156d,2026-08-04,5.0,95
57964d96-449e-465f-8ed0-cc0961b1156d,2026-08-05,1.4,98
581c906f-0203-4c08-ae08-227919b5e28c,2026-07-30,5.0,95
581c906f-0203-4c08-ae08-227919b5e28c,2026-07-31,5.0,95
581c906f-0203-4c08-ae08-227919b5e28c,2026-08-01,5.0,95
581c906f-0203-4c08-ae08-227919b5e28c,2026-08-02,5.0,95
581c906f-0203-4c08-ae08-227919b5e28c,2026-08-03,5.0,95
581c906f-0203-4c08-ae08-227919b5e28c,2026-08-04,5.0,95
581c906f-0203-4c08-ae08-227919b5e28c,2026-08-05,1.4,98
5885ed71-9d84-482f-92c8-1cf7e45c0e4a,2026-07-30,5.0,95
5885ed71-9d84-482f-92c8-1cf7e45c0e4a,2026-07-31,5.26,94
5885ed71-9d84-482f-92c8-1cf7e45c0e4a,2026-08-01,5.0,95
5885ed71-9d84-482f-92c8-1cf7e45c0e4a,2026-08-02,5.0,95
5885ed71-9d84-482f-92c8-1cf7e45c0e4a,2026-08-03,5.0,95
5885ed71-9d84-482f-92c8-1cf7e45c0e4a,2026-08-04,5.0,95
5885ed71-9d84-482f-92c8-1cf7e45c0e4a,2026-08-05,1.4,98
58b0713f-a4dc-44e4-b473-bdd50e4ab9ad,2026-07-30,5.0,95
58b0713f-a4dc-44e4-b473-bdd50e4ab9ad,2026-07-31,5.0,95
58b0713f-a4dc-44e4-b473-bdd50e4ab9ad,2026-08-01,5.0,95
58b0713f-a4dc-44e4-b473-bdd50e4ab9ad,2026-08-02,5.0,95
58b0713f-a4dc-44e4-b473-bdd50e4ab9ad,2026-08-03,5.0,95
58b0713f-a4dc-44e4-b473-bdd50e4ab9ad,2026-08-04,5.0,95
58b0713f-a4dc-44e4-b473-bdd50e4ab9ad,2026-08-05,1.3,98
593a3779-3d91-4417-94e7-7c95c408df99,2026-07-30,5.0,95
593a3779-3d91-4417-94e7-7c95c408df99,2026-07-31,5.0,95
593a3779-3d91-4417-94e7-7c95c408df99,2026-08-01,5.0,95
593a3779-3d91-4417-94e7-7c95c408df99,2026-08-02,5.0,95
593a3779-3d91-4417-94e7-7c95c408df99,2026-08-03,5.0,95
593a3779-3d91-4417-94e7-7c95c408df99,2026-08-04,5.0,95
593a3779-3d91-4417-94e7-7c95c408df99,2026-08-05,1.3,98
5a069605-12d9-469f-9882-a9a39d94ad1a,2026-07-30,5.0,95
5a069605-12d9-469f-9882-a9a39d94ad1a,2026-07-31,5.0,95
5a069605-12d9-469f-9882-a9a39d94ad1a,2026-08-01,6.26,93
5a069605-12d9-469f-9882-a9a39d94ad1a,2026-08-02,5.0,95
5a069605-12d9-469f-9882-a9a39d94ad1a,2026-08-03,5.0,95
5a069605-12d9-469f-9882-a9a39d94ad1a,2026-08-04,5.0,95
5a069605-12d9-469f-9882-a9a39d94ad1a,2026-08-05,1.4,98
5a41df91-22dd-444d-be13-ee3f3fa4df92,2026-07-30,5.0,95
5a41df91-22dd-444d-be13-ee3f3fa4df92,2026-07-31,5.0,95
5a41df91-22dd-444d-be13-ee3f3fa4df92,2026-08-01,5.0,95
5a41df91-22dd-444d-be13-ee3f3fa4df92,2026-08-02,5.0,95
5a41df91-22dd-444d-be13-ee3f3fa4df92,2026-08-03,5.0,95
5a41df91-22dd-444d-be13-ee3f3fa4df92,2026-08-04,5.0,95
5a41df91-22dd-444d-be13-ee3f3fa4df92,2026-08-05,1.4,98
93ed1dbd-c19a-429a-9580-ca6e66643e21,2026-07-30,5.0,95
93ed1dbd-c19a-429a-9580-ca6e66643e21,2026-07-31,5.0,95
93ed1dbd-c19a-429a-9580-ca6e66643e21,2026-08-01,5.0,95
93ed1dbd-c19a-429a-9580-ca6e66643e21,2026-08-02,5.0,95
93ed1dbd-c19a-429a-9580-ca6e66643e21,2026-08-03,5.0,95
93ed1dbd-c19a-429a-9580-ca6e66643e21,2026-08-04,5.0,95
93ed1dbd-c19a-429a-9580-ca6e66643e21,2026-08-05,1.4,98
a50535d2-37aa-4b49-bd28-d8c324fe0472,2026-07-30,5.0,95
a50535d2-37aa-4b49-bd28-d8c324fe0472,2026-07-31,5.0,95
a50535d2-37aa-4b49-bd28-d8c324fe0472,2026-08-01,5.0,95
a50535d2-37aa-4b49-bd28-d8c324fe0472,2026-08-02,5.0,95
a50535d2-37aa-4b49-bd28-d8c324fe0472,2026-08-03,5.0,95
a50535d2-37aa-4b49-bd28-d8c324fe0472,2026-08-04,5.0,95
a50535d2-37aa-4b49-bd28-d8c324fe0472,2026-08-05,1.4,98
a53110c1-2cda-4dc6-8598-ca17e2485ae8,2026-07-30,5.0,95
a53110c1-2cda-4dc6-8598-ca17e2485ae8,2026-07-31,5.0,95
a53110c1-2cda-4dc6-8598-ca17e2485ae8,2026-08-01,5.0,95
a53110c1-2cda-4dc6-8598-ca17e2485ae8,2026-08-02,5.0,95
a53110c1-2cda-4dc6-8598-ca17e2485ae8,2026-08-03,5.0,95
a53110c1-2cda-4dc6-8598-ca17e2485ae8,2026-08-04,5.0,95
a53110c1-2cda-4dc6-8598-ca17e2485ae8,2026-08-05,1.4,98
a6000ede-c3c1-42a2-b913-23d429a79c13,2026-07-30,5.0,95
a6000ede-c3c1-42a2-b913-23d429a79c13,2026-07-31,5.0,95
a6000ede-c3c1-42a2-b913-23d429a79c13,2026-08-01,5.0,95
a6000ede-c3c1-42a2-b913-23d429a79c13,2026-08-02,5.0,95
a6000ede-c3c1-42a2-b913-23d429a79c13,2026-08-03,5.0,95
a6000ede-c3c1-42a2-b913-23d429a79c13,2026-08-04,5.0,95
a6000ede-c3c1-42a2-b913-23d429a79c13,2026-08-05,1.4,98
a62cb3d2-63e0-44a5-9f51-4d3e05dfb027,2026-07-30,5.0,95
a62cb3d2-63e0-44a5-9f51-4d3e05dfb027,2026-07-31,5.0,95
a62cb3d2-63e0-44a5-9f51-4d3e05dfb027,2026-08-01,5.0,95
a62cb3d2-63e0-44a5-9f51-4d3e05dfb027,2026-08-02,5.0,95
a62cb3d2-63e0-44a5-9f51-4d3e05dfb027,2026-08-03,5.0,95
a62cb3d2-63e0-44a5-9f51-4d3e05dfb027,2026-08-04,5.0,95
a62cb3d2-63e0-44a5-9f51-4d3e05dfb027,2026-08-05,1.4,98
a6f87eff-324a-4c9f-a94c-416a103bff46,2026-07-30,5.0,95
a6f87eff-324a-4c9f-a94c-416a103bff46,2026-07-31,5.0,95
a6f87eff-324a-4c9f-a94c-416a103bff46,2026-08-01,6.07,93
a6f87eff-324a-4c9f-a94c-416a103bff46,2026-08-02,5.0,95
a6f87eff-324a-4c9f-a94c-416a103bff46,2026-08-03,5.0,95
a6f87eff-324a-4c9f-a94c-416a103bff46,2026-08-04,5.0,95
a6f87eff-324a-4c9f-a94c-416a103bff46,2026-08-05,1.4,98
a6ff750e-a519-49a8-935d-46992f17a7dc,2026-07-30,5.0,95
a6ff750e-a519-49a8-935d-46992f17a7dc,2026-07-31,5.0,95
a6ff750e-a519-49a8-935d-46992f17a7dc,2026-08-01,5.0,95
a6ff750e-a519-49a8-935d-46992f17a7dc,2026-08-02,5.0,95
a6ff750e-a519-49a8-935d-46992f17a7dc,2026-08-03,5.0,95
a6ff750e-a519-49a8-935d-46992f17a7dc,2026-08-04,5.0,95
a6ff750e-a519-49a8-935d-46992f17a7dc,2026-08-05,1.4,98
a75ad382-bf42-4685-9a95-cf7740ad5f12,2026-07-30,5.0,95
a75ad382-bf42-4685-9a95-cf7740ad5f12,2026-07-31,5.0,95
a75ad382-bf42-4685-9a95-cf7740ad5f12,2026-08-01,5.0,95
a75ad382-bf42-4685-9a95-cf7740ad5f12,2026-08-02,5.0,95
a75ad382-bf42-4685-9a95-cf7740ad5f12,2026-08-03,5.0,95
a75ad382-bf42-4685-9a95-cf7740ad5f12,2026-08-04,5.0,95
a75ad382-bf42-4685-9a95-cf7740ad5f12,2026-08-05,1.4,98
a7964c42-2c59-4110-a550-c35c9f355945,2026-07-30,5.0,95
a7964c42-2c59-4110-a550-c35c9f355945,2026-07-31,5.0,95
a7964c42-2c59-4110-a550-c35c9f355945,2026-08-01,5.0,95
a7964c42-2c59-4110-a550-c35c9f355945,2026-08-02,5.0,95
a7964c42-2c59-4110-a550-c35c9f355945,2026-08-03,5.0,95
a7964c42-2c59-4110-a550-c35c9f355945,2026-08-04,5.0,95
a7964c42-2c59-4110-a550-c35c9f355945,2026-08-05,1.4,98
a79adf55-bba8-46a5-859e-a63868c1b252,2026-07-30,5.0,95
a79adf55-bba8-46a5-859e-a63868c1b252,2026-07-31,7.87,92
a79adf55-bba8-46a5-859e-a63868c1b252,2026-08-01,5.0,95
a79adf55-bba8-46a5-859e-a63868c1b252,2026-08-02,5.0,95
a79adf55-bba8-46a5-859e-a63868c1b252,2026-08-03,5.0,95
a79adf55-bba8-46a5-859e-a63868c1b252,2026-08-04,5.0,95
a79adf55-bba8-46a5-859e-a63868c1b252,2026-08-05,1.4,98
a7e6f7f9-cc71-4e70-883f-7bd3d46bc716,2026-07-30,5.0,95
a7e6f7f9-cc71-4e70-883f-7bd3d46bc716,2026-07-31,5.0,95
a7e6f7f9-cc71-4e70-883f-7bd3d46bc716,2026-08-01,5.0,95
a7e6f7f9-cc71-4e70-883f-7bd3d46bc716,2026-08-02,5.0,95
a7e6f7f9-cc71-4e70-883f-7bd3d46bc716,2026-08-03,5.0,95
a7e6f7f9-cc71-4e70-883f-7bd3d46bc716,2026-08-04,5.0,95
a7e6f7f9-cc71-4e70-883f-7bd3d46bc716,2026-08-05,1.4,98
a8203eb7-c1e0-4ec2-8cd7-d3c7bb890556,2026-07-30,5.0,95
a8203eb7-c1e0-4ec2-8cd7-d3c7bb890556,2026-07-31,5.0,95
a8203eb7-c1e0-4ec2-8cd7-d3c7bb890556,2026-08-01,5.0,95
a8203eb7-c1e0-4ec2-8cd7-d3c7bb890556,2026-08-02,5.0,95
a8203eb7-c1e0-4ec2-8cd7-d3c7bb890556,2026-08-03,5.0,95
a8203eb7-c1e0-4ec2-8cd7-d3c7bb890556,2026-08-04,5.0,95
a8203eb7-c1e0-4ec2-8cd7-d3c7bb890556,2026-08-05,1.4,98
a8685461-4186-41a0-87e3-c052e486e878,2026-07-30,5.0,95
a8685461-4186-41a0-87e3-c052e486e878,2026-07-31,5.0,95
a8685461-4186-41a0-87e3-c052e486e878,2026-08-01,5.0,95
a8685461-4186-41a0-87e3-c052e486e878,2026-08-02,5.0,95
a8685461-4186-41a0-87e3-c052e486e878,2026-08-03,5.0,95
a8685461-4186-41a0-87e3-c052e486e878,2026-08-04,5.0,95
a8685461-4186-41a0-87e3-c052e486e878,2026-08-05,1.4,98
a8ac6f18-5291-496c-a821-a4f605b2662b,2026-07-30,5.0,95
a8ac6f18-5291-496c-a821-a4f605b2662b,2026-07-31,5.0,95
a8ac6f18-5291-496c-a821-a4f605b2662b,2026-08-01,5.14,94
a8ac6f18-5291-496c-a821-a4f605b2662b,2026-08-02,5.0,95
a8ac6f18-5291-496c-a821-a4f605b2662b,2026-08-03,5.0,95
a8ac6f18-5291-496c-a821-a4f605b2662b,2026-08-04,5.0,95
a8ac6f18-5291-496c-a821-a4f605b2662b,2026-08-05,1.4,98
ae0da5ab-6604-4f7e-9b18-73722f7808ab,2026-07-30,5.0,95
ae0da5ab-6604-4f7e-9b18-73722f7808ab,2026-07-31,5.0,95
ae0da5ab-6604-4f7e-9b18-73722f7808ab,2026-08-01,5.0,95
ae0da5ab-6604-4f7e-9b18-73722f7808ab,2026-08-02,5.0,95
ae0da5ab-6604-4f7e-9b18-73722f7808ab,2026-08-03,5.0,95
ae0da5ab-6604-4f7e-9b18-73722f7808ab,2026-08-04,5.0,95
ae0da5ab-6604-4f7e-9b18-73722f7808ab,2026-08-05,1.4,98
ae23be07-a36f-4920-89b1-7cf396de43e9,2026-07-30,5.0,95
ae23be07-a36f-4920-89b1-7cf396de43e9,2026-07-31,6.27,93
ae23be07-a36f-4920-89b1-7cf396de43e9,2026-08-01,5.0,95
ae23be07-a36f-4920-89b1-7cf396de43e9,2026-08-02,5.0,95
ae23be07-a36f-4920-89b1-7cf396de43e9,2026-08-03,5.0,95
ae23be07-a36f-4920-89b1-7cf396de43e9,2026-08-04,5.0,95
ae23be07-a36f-4920-89b1-7cf396de43e9,2026-08-05,1.4,98
5e66a4b8-3be6-4037-bab4-bd1d9bbbdc24,2026-07-30,5.01,94
5e66a4b8-3be6-4037-bab4-bd1d9bbbdc24,2026-07-31,5.0,95
5e66a4b8-3be6-4037-bab4-bd1d9bbbdc24,2026-08-01,5.0,95
5e66a4b8-3be6-4037-bab4-bd1d9bbbdc24,2026-08-02,5.0,95
5e66a4b8-3be6-4037-bab4-bd1d9bbbdc24,2026-08-03,5.0,95
5e66a4b8-3be6-4037-bab4-bd1d9bbbdc24,2026-08-04,5.0,95
5e66a4b8-3be6-4037-bab4-bd1d9bbbdc24,2026-08-05,1.4,98
da8a05ce-ecfe-4cfe-a4be-0bcff4e935c0,2026-07-30,5.0,95
da8a05ce-ecfe-4cfe-a4be-0bcff4e935c0,2026-07-31,5.0,95
da8a05ce-ecfe-4cfe-a4be-0bcff4e935c0,2026-08-01,5.0,95
da8a05ce-ecfe-4cfe-a4be-0bcff4e935c0,2026-08-02,5.0,95
da8a05ce-ecfe-4cfe-a4be-0bcff4e935c0,2026-08-03,5.0,95
da8a05ce-ecfe-4cfe-a4be-0bcff4e935c0,2026-08-04,5.0,95
da8a05ce-ecfe-4cfe-a4be-0bcff4e935c0,2026-08-05,1.4,98
dab6a7be-db55-4b98-a27a-2f2efd201b97,2026-07-30,5.0,95
dab6a7be-db55-4b98-a27a-2f2efd201b97,2026-07-31,5.0,95
dab6a7be-db55-4b98-a27a-2f2efd201b97,2026-08-01,5.0,95
dab6a7be-db55-4b98-a27a-2f2efd201b97,2026-08-02,5.0,95
dab6a7be-db55-4b98-a27a-2f2efd201b97,2026-08-03,5.0,95
dab6a7be-db55-4b98-a27a-2f2efd201b97,2026-08-04,5.0,95
dab6a7be-db55-4b98-a27a-2f2efd201b97,2026-08-05,1.4,98
dac02df7-7b2a-44d3-9bb3-9af9a45b1a88,2026-07-30,5.27,94
dac02df7-7b2a-44d3-9bb3-9af9a45b1a88,2026-07-31,5.0,95
dac02df7-7b2a-44d3-9bb3-9af9a45b1a88,2026-08-01,5.0,95
dac02df7-7b2a-44d3-9bb3-9af9a45b1a88,2026-08-02,5.0,95
dac02df7-7b2a-44d3-9bb3-9af9a45b1a88,2026-08-03,5.0,95
dac02df7-7b2a-44d3-9bb3-9af9a45b1a88,2026-08-04,5.65,94
dac02df7-7b2a-44d3-9bb3-9af9a45b1a88,2026-08-05,1.4,98
dd9af3ed-d088-4f4d-bbfe-2e3b3b3c3dc9,2026-07-30,5.0,95
dd9af3ed-d088-4f4d-bbfe-2e3b3b3c3dc9,2026-07-31,5.0,95
dd9af3ed-d088-4f4d-bbfe-2e3b3b3c3dc9,2026-08-01,5.0,95
dd9af3ed-d088-4f4d-bbfe-2e3b3b3c3dc9,2026-08-02,5.0,95
dd9af3ed-d088-4f4d-bbfe-2e3b3b3c3dc9,2026-08-03,5.0,95
dd9af3ed-d088-4f4d-bbfe-2e3b3b3c3dc9,2026-08-04,5.0,95
dd9af3ed-d088-4f4d-bbfe-2e3b3b3c3dc9,2026-08-05,1.4,98
df507316-72ab-4987-89bd-70c89a2e6c43,2026-07-30,5.0,95
df507316-72ab-4987-89bd-70c89a2e6c43,2026-07-31,5.0,95
df507316-72ab-4987-89bd-70c89a2e6c43,2026-08-01,5.0,95
df507316-72ab-4987-89bd-70c89a2e6c43,2026-08-02,5.0,95
df507316-72ab-4987-89bd-70c89a2e6c43,2026-08-03,5.0,95
df507316-72ab-4987-89bd-70c89a2e6c43,2026-08-04,5.0,95
df507316-72ab-4987-89bd-70c89a2e6c43,2026-08-05,2.6,97
df9f9189-43d8-4706-b893-00ae7ec7731c,2026-07-30,88.53,11
df9f9189-43d8-4706-b893-00ae7ec7731c,2026-07-31,96.68,3
df9f9189-43d8-4706-b893-00ae7ec7731c,2026-08-01,96.59,3
df9f9189-43d8-4706-b893-00ae7ec7731c,2026-08-02,94.09,5
df9f9189-43d8-4706-b893-00ae7ec7731c,2026-08-03,97.55,2
df9f9189-43d8-4706-b893-00ae7ec7731c,2026-08-04,95.35,4
df9f9189-43d8-4706-b893-00ae7ec7731c,2026-08-05,97.0,3
ae3ee207-b934-48a4-9a4c-3bd27621884b,2026-07-30,5.0,95
ae3ee207-b934-48a4-9a4c-3bd27621884b,2026-07-31,5.59,94
ae3ee207-b934-48a4-9a4c-3bd27621884b,2026-08-01,5.0,95
ae3ee207-b934-48a4-9a4c-3bd27621884b,2026-08-02,5.0,95
ae3ee207-b934-48a4-9a4c-3bd27621884b,2026-08-03,5.0,95
ae3ee207-b934-48a4-9a4c-3bd27621884b,2026-08-04,5.0,95
ae3ee207-b934-48a4-9a4c-3bd27621884b,2026-08-05,1.4,98
ae5cd40e-85c6-4fbd-b6d2-a77bf36c0e15,2026-07-30,5.0,95
ae5cd40e-85c6-4fbd-b6d2-a77bf36c0e15,2026-07-31,5.0,95
ae5cd40e-85c6-4fbd-b6d2-a77bf36c0e15,2026-08-01,5.0,95
ae5cd40e-85c6-4fbd-b6d2-a77bf36c0e15,2026-08-02,5.0,95
ae5cd40e-85c6-4fbd-b6d2-a77bf36c0e15,2026-08-03,5.0,95
ae5cd40e-85c6-4fbd-b6d2-a77bf36c0e15,2026-08-04,5.0,95
ae5cd40e-85c6-4fbd-b6d2-a77bf36c0e15,2026-08-05,1.4,98
bd8e7dd6-172a-4524-a845-b1e17778ec83,2026-07-30,5.0,95
bd8e7dd6-172a-4524-a845-b1e17778ec83,2026-07-31,5.0,95
bd8e7dd6-172a-4524-a845-b1e17778ec83,2026-08-01,5.0,95
bd8e7dd6-172a-4524-a845-b1e17778ec83,2026-08-02,5.0,95
bd8e7dd6-172a-4524-a845-b1e17778ec83,2026-08-03,5.0,95
bd8e7dd6-172a-4524-a845-b1e17778ec83,2026-08-04,5.0,95
bd8e7dd6-172a-4524-a845-b1e17778ec83,2026-08-05,1.4,98
c5a24f7e-bd04-40f9-b6bc-1252480b573f,2026-07-30,5.0,95
c5a24f7e-bd04-40f9-b6bc-1252480b573f,2026-07-31,5.0,95
c5a24f7e-bd04-40f9-b6bc-1252480b573f,2026-08-01,5.0,95
c5a24f7e-bd04-40f9-b6bc-1252480b573f,2026-08-02,5.0,95
c5a24f7e-bd04-40f9-b6bc-1252480b573f,2026-08-03,5.0,95
c5a24f7e-bd04-40f9-b6bc-1252480b573f,2026-08-04,5.0,95
c5a24f7e-bd04-40f9-b6bc-1252480b573f,2026-08-05,1.4,98
c6d4cf57-dbf7-47a1-b448-6491954e84c8,2026-07-30,5.09,94
c6d4cf57-dbf7-47a1-b448-6491954e84c8,2026-07-31,6.68,93
c6d4cf57-dbf7-47a1-b448-6491954e84c8,2026-08-01,5.0,95
c6d4cf57-dbf7-47a1-b448-6491954e84c8,2026-08-02,5.0,95
c6d4cf57-dbf7-47a1-b448-6491954e84c8,2026-08-03,5.0,95
c6d4cf57-dbf7-47a1-b448-6491954e84c8,2026-08-04,5.0,95
c6d4cf57-dbf7-47a1-b448-6491954e84c8,2026-08-05,1.4,98
c91f5567-1d2f-457c-8fad-26be4d5b9f00,2026-07-30,5.0,95
c91f5567-1d2f-457c-8fad-26be4d5b9f00,2026-07-31,5.0,95
c91f5567-1d2f-457c-8fad-26be4d5b9f00,2026-08-01,5.0,95
c91f5567-1d2f-457c-8fad-26be4d5b9f00,2026-08-02,5.0,95
c91f5567-1d2f-457c-8fad-26be4d5b9f00,2026-08-03,5.0,95
c91f5567-1d2f-457c-8fad-26be4d5b9f00,2026-08-04,5.0,95
c91f5567-1d2f-457c-8fad-26be4d5b9f00,2026-08-05,1.3,98
c95e898c-5afa-4722-ab3a-afe3e646da35,2026-07-30,5.0,95
c95e898c-5afa-4722-ab3a-afe3e646da35,2026-07-31,5.0,95
c95e898c-5afa-4722-ab3a-afe3e646da35,2026-08-01,5.0,95
c95e898c-5afa-4722-ab3a-afe3e646da35,2026-08-02,5.0,95
c95e898c-5afa-4722-ab3a-afe3e646da35,2026-08-03,5.0,95
c95e898c-5afa-4722-ab3a-afe3e646da35,2026-08-04,5.0,95
c95e898c-5afa-4722-ab3a-afe3e646da35,2026-08-05,1.4,98
c9efb94a-92dc-49b2-b739-f15cafe80201,2026-07-30,5.0,95
c9efb94a-92dc-49b2-b739-f15cafe80201,2026-07-31,5.0,95
c9efb94a-92dc-49b2-b739-f15cafe80201,2026-08-01,5.0,95
c9efb94a-92dc-49b2-b739-f15cafe80201,2026-08-02,5.0,95
c9efb94a-92dc-49b2-b739-f15cafe80201,2026-08-03,5.0,95
c9efb94a-92dc-49b2-b739-f15cafe80201,2026-08-04,5.0,95
c9efb94a-92dc-49b2-b739-f15cafe80201,2026-08-05,1.3,98
c9fc5c04-2466-49b2-b46b-753e080befe2,2026-07-30,5.0,95
c9fc5c04-2466-49b2-b46b-753e080befe2,2026-07-31,5.0,95
c9fc5c04-2466-49b2-b46b-753e080befe2,2026-08-01,5.0,95
c9fc5c04-2466-49b2-b46b-753e080befe2,2026-08-02,5.0,95
c9fc5c04-2466-49b2-b46b-753e080befe2,2026-08-03,5.0,95
c9fc5c04-2466-49b2-b46b-753e080befe2,2026-08-04,5.0,95
c9fc5c04-2466-49b2-b46b-753e080befe2,2026-08-05,1.4,98
ca1b9523-c7fc-461f-91cb-35c5a25a56ff,2026-07-30,5.0,95
ca1b9523-c7fc-461f-91cb-35c5a25a56ff,2026-07-31,5.0,95
ca1b9523-c7fc-461f-91cb-35c5a25a56ff,2026-08-01,5.0,95
ca1b9523-c7fc-461f-91cb-35c5a25a56ff,2026-08-02,5.0,95
ca1b9523-c7fc-461f-91cb-35c5a25a56ff,2026-08-03,5.0,95
ca1b9523-c7fc-461f-91cb-35c5a25a56ff,2026-08-04,5.0,95
ca1b9523-c7fc-461f-91cb-35c5a25a56ff,2026-08-05,1.4,98
e3d9b39c-44d9-4067-a523-25961696326e,2026-07-30,87.67,12
e3d9b39c-44d9-4067-a523-25961696326e,2026-07-31,92.25,7
e3d9b39c-44d9-4067-a523-25961696326e,2026-08-01,91.18,8
e3d9b39c-44d9-4067-a523-25961696326e,2026-08-02,88.15,11
e3d9b39c-44d9-4067-a523-25961696326e,2026-08-03,88.83,11
e3d9b39c-44d9-4067-a523-25961696326e,2026-08-04,96.47,3
e3d9b39c-44d9-4067-a523-25961696326e,2026-08-05,94.0,6
e41d2e31-32c1-4d0d-a5fc-d52a99435edc,2026-07-30,5.0,95
e41d2e31-32c1-4d0d-a5fc-d52a99435edc,2026-07-31,5.0,95
e41d2e31-32c1-4d0d-a5fc-d52a99435edc,2026-08-01,5.0,95
e41d2e31-32c1-4d0d-a5fc-d52a99435edc,2026-08-02,5.0,95
e41d2e31-32c1-4d0d-a5fc-d52a99435edc,2026-08-03,5.0,95
e41d2e31-32c1-4d0d-a5fc-d52a99435edc,2026-08-04,5.0,95
e41d2e31-32c1-4d0d-a5fc-d52a99435edc,2026-08-05,1.4,98
e435e336-233f-479a-954b-ea47922ed102,2026-07-30,94.61,5
e435e336-233f-479a-954b-ea47922ed102,2026-07-31,95.15,4
e435e336-233f-479a-954b-ea47922ed102,2026-08-01,98.0,2
e435e336-233f-479a-954b-ea47922ed102,2026-08-02,97.52,2
e435e336-233f-479a-954b-ea47922ed102,2026-08-03,98.0,2
e435e336-233f-479a-954b-ea47922ed102,2026-08-04,95.47,4
e435e336-233f-479a-954b-ea47922ed102,2026-08-05,97.1,2
e43a5130-7fed-4217-a339-53c1a3b1af2f,2026-07-30,5.0,95
e43a5130-7fed-4217-a339-53c1a3b1af2f,2026-07-31,5.0,95
e43a5130-7fed-4217-a339-53c1a3b1af2f,2026-08-01,5.0,95
e43a5130-7fed-4217-a339-53c1a3b1af2f,2026-08-02,5.0,95
e43a5130-7fed-4217-a339-53c1a3b1af2f,2026-08-03,5.0,95
e43a5130-7fed-4217-a339-53c1a3b1af2f,2026-08-04,5.0,95
e43a5130-7fed-4217-a339-53c1a3b1af2f,2026-08-05,1.4,98
e5739440-03a6-4d65-a0e0-8422da451c42,2026-07-30,77.06,22
e5739440-03a6-4d65-a0e0-8422da451c42,2026-07-31,82.45,17
e5739440-03a6-4d65-a0e0-8422da451c42,2026-08-01,84.72,15
e5739440-03a6-4d65-a0e0-8422da451c42,2026-08-02,89.55,10
e5739440-03a6-4d65-a0e0-8422da451c42,2026-08-03,84.97,15
e5739440-03a6-4d65-a0e0-8422da451c42,2026-08-04,90.14,9
e5739440-03a6-4d65-a0e0-8422da451c42,2026-08-05,89.0,11
e5b6438b-5d74-4409-b5f0-6c8c201e022b,2026-07-30,5.0,95
e5b6438b-5d74-4409-b5f0-6c8c201e022b,2026-07-31,5.0,95
e5b6438b-5d74-4409-b5f0-6c8c201e022b,2026-08-01,5.0,95
e5b6438b-5d74-4409-b5f0-6c8c201e022b,2026-08-02,5.0,95
e5b6438b-5d74-4409-b5f0-6c8c201e022b,2026-08-03,5.0,95
e5b6438b-5d74-4409-b5f0-6c8c201e022b,2026-08-04,5.48,94
e5b6438b-5d74-4409-b5f0-6c8c201e022b,2026-08-05,3.4,96
e8d5db30-78f0-4fa8-812d-6bdd8c6610e8,2026-07-30,5.0,95
e8d5db30-78f0-4fa8-812d-6bdd8c6610e8,2026-07-31,5.0,95
e8d5db30-78f0-4fa8-812d-6bdd8c6610e8,2026-08-01,5.0,95
e8d5db30-78f0-4fa8-812d-6bdd8c6610e8,2026-08-02,5.0,95
e8d5db30-78f0-4fa8-812d-6bdd8c6610e8,2026-08-03,5.0,95
e8d5db30-78f0-4fa8-812d-6bdd8c6610e8,2026-08-04,5.0,95
e8d5db30-78f0-4fa8-812d-6bdd8c6610e8,2026-08-05,1.3,98
e8ded2f2-bdc6-4d74-ae3b-25423b983ce0,2026-07-30,5.0,95
e8ded2f2-bdc6-4d74-ae3b-25423b983ce0,2026-07-31,5.0,95
e8ded2f2-bdc6-4d74-ae3b-25423b983ce0,2026-08-01,5.0,95
e8ded2f2-bdc6-4d74-ae3b-25423b983ce0,2026-08-02,5.0,95
e8ded2f2-bdc6-4d74-ae3b-25423b983ce0,2026-08-03,5.0,95
e8ded2f2-bdc6-4d74-ae3b-25423b983ce0,2026-08-04,5.0,95
e8ded2f2-bdc6-4d74-ae3b-25423b983ce0,2026-08-05,1.4,98
ead6bf54-405f-4b60-afb0-fc4ca3688925,2026-07-30,5.0,95
ead6bf54-405f-4b60-afb0-fc4ca3688925,2026-07-31,5.0,95
ead6bf54-405f-4b60-afb0-fc4ca3688925,2026-08-01,7.06,92
ead6bf54-405f-4b60-afb0-fc4ca3688925,2026-08-02,5.0,95
ead6bf54-405f-4b60-afb0-fc4ca3688925,2026-08-03,5.0,95
ead6bf54-405f-4b60-afb0-fc4ca3688925,2026-08-04,5.0,95
ead6bf54-405f-4b60-afb0-fc4ca3688925,2026-08-05,1.4,98
ead8bb93-7ec2-4747-a4b7-4e8021e4b7c0,2026-07-30,5.0,95
ead8bb93-7ec2-4747-a4b7-4e8021e4b7c0,2026-07-31,5.0,95
ead8bb93-7ec2-4747-a4b7-4e8021e4b7c0,2026-08-01,5.0,95
ead8bb93-7ec2-4747-a4b7-4e8021e4b7c0,2026-08-02,5.0,95
ead8bb93-7ec2-4747-a4b7-4e8021e4b7c0,2026-08-03,5.0,95
ead8bb93-7ec2-4747-a4b7-4e8021e4b7c0,2026-08-04,5.0,95
ead8bb93-7ec2-4747-a4b7-4e8021e4b7c0,2026-08-05,1.4,98
eb37334b-2152-4a24-bbd2-7df9c4a46559,2026-07-30,5.0,95
eb37334b-2152-4a24-bbd2-7df9c4a46559,2026-07-31,5.0,95
eb37334b-2152-4a24-bbd2-7df9c4a46559,2026-08-01,5.0,95
eb37334b-2152-4a24-bbd2-7df9c4a46559,2026-08-02,5.0,95
eb37334b-2152-4a24-bbd2-7df9c4a46559,2026-08-03,5.0,95
eb37334b-2152-4a24-bbd2-7df9c4a46559,2026-08-04,5.0,95
eb37334b-2152-4a24-bbd2-7df9c4a46559,2026-08-05,1.4,98
ebd82bfe-030e-452b-8f8f-2f5e595adbe1,2026-07-30,5.0,95
ebd82bfe-030e-452b-8f8f-2f5e595adbe1,2026-07-31,5.0,95
ebd82bfe-030e-452b-8f8f-2f5e595adbe1,2026-08-01,5.0,95
ebd82bfe-030e-452b-8f8f-2f5e595adbe1,2026-08-02,5.0,95
ebd82bfe-030e-452b-8f8f-2f5e595adbe1,2026-08-03,5.0,95
ebd82bfe-030e-452b-8f8f-2f5e595adbe1,2026-08-04,5.0,95
ebd82bfe-030e-452b-8f8f-2f5e595adbe1,2026-08-05,1.4,98
ec729510-c185-4021-aeb1-39bfa809d827,2026-07-30,5.0,95
ec729510-c185-4021-aeb1-39bfa809d827,2026-07-31,5.0,95
ec729510-c185-4021-aeb1-39bfa809d827,2026-08-01,5.0,95
ec729510-c185-4021-aeb1-39bfa809d827,2026-08-02,5.0,95
ec729510-c185-4021-aeb1-39bfa809d827,2026-08-03,5.0,95
ec729510-c185-4021-aeb1-39bfa809d827,2026-08-04,5.0,95
ec729510-c185-4021-aeb1-39bfa809d827,2026-08-05,1.4,98
ecbcc457-67ee-4ce3-9364-161e87dc19cf,2026-07-30,5.36,94
ecbcc457-67ee-4ce3-9364-161e87dc19cf,2026-07-31,5.0,95
ecbcc457-67ee-4ce3-9364-161e87dc19cf,2026-08-01,5.0,95
ecbcc457-67ee-4ce3-9364-161e87dc19cf,2026-08-02,5.0,95
ecbcc457-67ee-4ce3-9364-161e87dc19cf,2026-08-03,5.0,95
ecbcc457-67ee-4ce3-9364-161e87dc19cf,2026-08-04,5.0,95
ecbcc457-67ee-4ce3-9364-161e87dc19cf,2026-08-05,1.4,98
ece33dcb-a40d-46a8-9123-4366781a68fe,2026-07-30,5.0,95
ece33dcb-a40d-46a8-9123-4366781a68fe,2026-07-31,5.0,95
ece33dcb-a40d-46a8-9123-4366781a68fe,2026-08-01,5.0,95
ece33dcb-a40d-46a8-9123-4366781a68fe,2026-08-02,5.0,95
ece33dcb-a40d-46a8-9123-4366781a68fe,2026-08-03,5.0,95
ece33dcb-a40d-46a8-9123-4366781a68fe,2026-08-04,5.0,95
ece33dcb-a40d-46a8-9123-4366781a68fe,2026-08-05,1.4,98
ed118bee-f3db-4fed-8ce4-4e57e0256801,2026-07-30,5.0,95
ed118bee-f3db-4fed-8ce4-4e57e0256801,2026-07-31,5.0,95
ed118bee-f3db-4fed-8ce4-4e57e0256801,2026-08-01,5.86,94
ed118bee-f3db-4fed-8ce4-4e57e0256801,2026-08-02,5.0,95
ed118bee-f3db-4fed-8ce4-4e57e0256801,2026-08-03,5.0,95
ed118bee-f3db-4fed-8ce4-4e57e0256801,2026-08-04,5.0,95
ed118bee-f3db-4fed-8ce4-4e57e0256801,2026-08-05,1.4,98
ed1f8487-effb-4d3f-a79f-bfbb37d81dd5,2026-07-30,5.0,95
ed1f8487-effb-4d3f-a79f-bfbb37d81dd5,2026-07-31,5.0,95
ed1f8487-effb-4d3f-a79f-bfbb37d81dd5,2026-08-01,5.0,95
ed1f8487-effb-4d3f-a79f-bfbb37d81dd5,2026-08-02,5.0,95
ed1f8487-effb-4d3f-a79f-bfbb37d81dd5,2026-08-03,5.0,95
ed1f8487-effb-4d3f-a79f-bfbb37d81dd5,2026-08-04,5.0,95
ed1f8487-effb-4d3f-a79f-bfbb37d81dd5,2026-08-05,1.4,98
ed8e2b73-621a-4efd-ac05-785a60123c13,2026-07-30,5.0,95
ed8e2b73-621a-4efd-ac05-785a60123c13,2026-07-31,5.0,95
ed8e2b73-621a-4efd-ac05-785a60123c13,2026-08-01,5.0,95
ed8e2b73-621a-4efd-ac05-785a60123c13,2026-08-02,5.0,95
ed8e2b73-621a-4efd-ac05-785a60123c13,2026-08-03,5.0,95
ed8e2b73-621a-4efd-ac05-785a60123c13,2026-08-04,5.0,95
ed8e2b73-621a-4efd-ac05-785a60123c13,2026-08-05,1.4,98
ee8599d8-d7e6-4144-b021-7b7d8894ba1e,2026-07-30,5.0,95
ee8599d8-d7e6-4144-b021-7b7d8894ba1e,2026-07-31,5.0,95
ee8599d8-d7e6-4144-b021-7b7d8894ba1e,2026-08-01,5.0,95
ee8599d8-d7e6-4144-b021-7b7d8894ba1e,2026-08-02,5.0,95
ee8599d8-d7e6-4144-b021-7b7d8894ba1e,2026-08-03,5.0,95
ee8599d8-d7e6-4144-b021-7b7d8894ba1e,2026-08-04,5.0,95
ee8599d8-d7e6-4144-b021-7b7d8894ba1e,2026-08-05,1.4,98
ef26edbb-f62f-48a4-b03c-d3063fa9660a,2026-07-30,5.0,95
ef26edbb-f62f-48a4-b03c-d3063fa9660a,2026-07-31,5.0,95
ef26edbb-f62f-48a4-b03c-d3063fa9660a,2026-08-01,5.0,95
ef26edbb-f62f-48a4-b03c-d3063fa9660a,2026-08-02,5.0,95
ef26edbb-f62f-48a4-b03c-d3063fa9660a,2026-08-03,5.0,95
ef26edbb-f62f-48a4-b03c-d3063fa9660a,2026-08-04,5.0,95
ef26edbb-f62f-48a4-b03c-d3063fa9660a,2026-08-05,1.4,98
ef60d89e-4228-4075-9ecb-043f4b2a872a,2026-07-30,5.0,95
ef60d89e-4228-4075-9ecb-043f4b2a872a,2026-07-31,5.0,95
ef60d89e-4228-4075-9ecb-043f4b2a872a,2026-08-01,5.0,95
ef60d89e-4228-4075-9ecb-043f4b2a872a,2026-08-02,6.39,93
ef60d89e-4228-4075-9ecb-043f4b2a872a,2026-08-03,5.0,95
ef60d89e-4228-4075-9ecb-043f4b2a872a,2026-08-04,5.0,95
ef60d89e-4228-4075-9ecb-043f4b2a872a,2026-08-05,1.4,98
ef626686-d8ee-4b4d-8498-095e73a26565,2026-07-30,5.0,95
ef626686-d8ee-4b4d-8498-095e73a26565,2026-07-31,5.0,95
ef626686-d8ee-4b4d-8498-095e73a26565,2026-08-01,5.0,95
ef626686-d8ee-4b4d-8498-095e73a26565,2026-08-02,5.0,95
ef626686-d8ee-4b4d-8498-095e73a26565,2026-08-03,5.0,95
ef626686-d8ee-4b4d-8498-095e73a26565,2026-08-04,5.0,95
ef626686-d8ee-4b4d-8498-095e73a26565,2026-08-05,1.4,98
efbca2b4-5d6f-48fb-bf8d-95360d2dbf44,2026-07-30,5.0,95
efbca2b4-5d6f-48fb-bf8d-95360d2dbf44,2026-07-31,5.0,95
efbca2b4-5d6f-48fb-bf8d-95360d2dbf44,2026-08-01,5.0,95
efbca2b4-5d6f-48fb-bf8d-95360d2dbf44,2026-08-02,5.74,94
efbca2b4-5d6f-48fb-bf8d-95360d2dbf44,2026-08-03,5.0,95
efbca2b4-5d6f-48fb-bf8d-95360d2dbf44,2026-08-04,5.0,95
efbca2b4-5d6f-48fb-bf8d-95360d2dbf44,2026-08-05,1.4,98
effba0c8-70f3-4377-ac79-e48b94434128,2026-07-30,5.0,95
effba0c8-70f3-4377-ac79-e48b94434128,2026-07-31,5.0,95
effba0c8-70f3-4377-ac79-e48b94434128,2026-08-01,5.0,95
effba0c8-70f3-4377-ac79-e48b94434128,2026-08-02,5.0,95
effba0c8-70f3-4377-ac79-e48b94434128,2026-08-03,5.0,95
effba0c8-70f3-4377-ac79-e48b94434128,2026-08-04,5.0,95
effba0c8-70f3-4377-ac79-e48b94434128,2026-08-05,1.4,98
f06bd9db-cc43-4bd5-b55f-2357a4927e3a,2026-07-30,5.0,95
f06bd9db-cc43-4bd5-b55f-2357a4927e3a,2026-07-31,5.33,94
f06bd9db-cc43-4bd5-b55f-2357a4927e3a,2026-08-01,5.36,94
f06bd9db-cc43-4bd5-b55f-2357a4927e3a,2026-08-02,5.0,95
f06bd9db-cc43-4bd5-b55f-2357a4927e3a,2026-08-03,5.0,95
f06bd9db-cc43-4bd5-b55f-2357a4927e3a,2026-08-04,5.0,95
f06bd9db-cc43-4bd5-b55f-2357a4927e3a,2026-08-05,1.4,98
f07bfb28-0d1f-4bb8-a516-069ee7213068,2026-07-30,93.44,6
f07bfb28-0d1f-4bb8-a516-069ee7213068,2026-07-31,90.0,9
f07bfb28-0d1f-4bb8-a516-069ee7213068,2026-08-01,95.11,4
f07bfb28-0d1f-4bb8-a516-069ee7213068,2026-08-02,90.25,9
f07bfb28-0d1f-4bb8-a516-069ee7213068,2026-08-03,91.74,8
f07bfb28-0d1f-4bb8-a516-069ee7213068,2026-08-04,94.38,5
f07bfb28-0d1f-4bb8-a516-069ee7213068,2026-08-05,94.9,5
13ba6c6a-fa51-41dd-862b-489ad56f8922,2026-07-30,5.0,95
13ba6c6a-fa51-41dd-862b-489ad56f8922,2026-07-31,5.0,95
13ba6c6a-fa51-41dd-862b-489ad56f8922,2026-08-01,5.0,95
13ba6c6a-fa51-41dd-862b-489ad56f8922,2026-08-02,5.0,95
13ba6c6a-fa51-41dd-862b-489ad56f8922,2026-08-03,5.0,95
13ba6c6a-fa51-41dd-862b-489ad56f8922,2026-08-04,5.0,95
13ba6c6a-fa51-41dd-862b-489ad56f8922,2026-08-05,1.4,98
9905f76b-2ab5-4575-a66d-873434ab9489,2026-07-30,5.0,95
9905f76b-2ab5-4575-a66d-873434ab9489,2026-07-31,5.0,95
9905f76b-2ab5-4575-a66d-873434ab9489,2026-08-01,5.0,95
9905f76b-2ab5-4575-a66d-873434ab9489,2026-08-02,5.0,95
9905f76b-2ab5-4575-a66d-873434ab9489,2026-08-03,5.0,95
9905f76b-2ab5-4575-a66d-873434ab9489,2026-08-04,5.0,95
9905f76b-2ab5-4575-a66d-873434ab9489,2026-08-05,1.4,98
990631b0-755a-4981-a12a-79864564a5d2,2026-07-30,79.45,20
990631b0-755a-4981-a12a-79864564a5d2,2026-07-31,81.99,18
990631b0-755a-4981-a12a-79864564a5d2,2026-08-01,85.81,14
990631b0-755a-4981-a12a-79864564a5d2,2026-08-02,83.58,16
990631b0-755a-4981-a12a-79864564a5d2,2026-08-03,89.35,10
990631b0-755a-4981-a12a-79864564a5d2,2026-08-04,86.91,13
990631b0-755a-4981-a12a-79864564a5d2,2026-08-05,86.2,13
f0cbc4f3-9fa7-4589-b3cc-de615ca99a78,2026-07-30,5.0,95
f0cbc4f3-9fa7-4589-b3cc-de615ca99a78,2026-07-31,5.0,95
f0cbc4f3-9fa7-4589-b3cc-de615ca99a78,2026-08-01,5.0,95
f0cbc4f3-9fa7-4589-b3cc-de615ca99a78,2026-08-02,5.0,95
f0cbc4f3-9fa7-4589-b3cc-de615ca99a78,2026-08-03,5.0,95
f0cbc4f3-9fa7-4589-b3cc-de615ca99a78,2026-08-04,6.33,93
f0cbc4f3-9fa7-4589-b3cc-de615ca99a78,2026-08-05,2.5,97
f57af9f6-5615-4ec4-84e0-6985852b29c0,2026-07-30,5.0,95
f57af9f6-5615-4ec4-84e0-6985852b29c0,2026-07-31,5.0,95
f57af9f6-5615-4ec4-84e0-6985852b29c0,2026-08-01,5.15,94
f57af9f6-5615-4ec4-84e0-6985852b29c0,2026-08-02,5.0,95
f57af9f6-5615-4ec4-84e0-6985852b29c0,2026-08-03,5.0,95
f57af9f6-5615-4ec4-84e0-6985852b29c0,2026-08-04,5.0,95
f57af9f6-5615-4ec4-84e0-6985852b29c0,2026-08-05,1.4,98
f5a2ff95-6df9-4583-a961-4f45ab9861b5,2026-07-30,5.0,95
f5a2ff95-6df9-4583-a961-4f45ab9861b5,2026-07-31,5.0,95
f5a2ff95-6df9-4583-a961-4f45ab9861b5,2026-08-01,5.0,95
f5a2ff95-6df9-4583-a961-4f45ab9861b5,2026-08-02,5.0,95
f5a2ff95-6df9-4583-a961-4f45ab9861b5,2026-08-03,5.0,95
f5a2ff95-6df9-4583-a961-4f45ab9861b5,2026-08-04,5.0,95
f5a2ff95-6df9-4583-a961-4f45ab9861b5,2026-08-05,1.4,98
f5bc8c9f-954d-42d2-a29a-5dad1c93635a,2026-07-30,5.0,95
f5bc8c9f-954d-42d2-a29a-5dad1c93635a,2026-07-31,5.0,95
f5bc8c9f-954d-42d2-a29a-5dad1c93635a,2026-08-01,5.0,95
f5bc8c9f-954d-42d2-a29a-5dad1c93635a,2026-08-02,5.0,95
f5bc8c9f-954d-42d2-a29a-5dad1c93635a,2026-08-03,5.0,95
f5bc8c9f-954d-42d2-a29a-5dad1c93635a,2026-08-04,5.0,95
f5bc8c9f-954d-42d2-a29a-5dad1c93635a,2026-08-05,1.4,98
f6aa23bb-89d9-49d4-9ebc-2ecff9b5a245,2026-07-30,5.0,95
f6aa23bb-89d9-49d4-9ebc-2ecff9b5a245,2026-07-31,5.0,95
f6aa23bb-89d9-49d4-9ebc-2ecff9b5a245,2026-08-01,5.0,95
f6aa23bb-89d9-49d4-9ebc-2ecff9b5a245,2026-08-02,5.0,95
f6aa23bb-89d9-49d4-9ebc-2ecff9b5a245,2026-08-03,5.0,95
f6aa23bb-89d9-49d4-9ebc-2ecff9b5a245,2026-08-04,5.0,95
f6aa23bb-89d9-49d4-9ebc-2ecff9b5a245,2026-08-05,1.4,98
f7ae9b0c-0f56-45b6-b584-8f0dce23c8d4,2026-07-30,5.0,95
f7ae9b0c-0f56-45b6-b584-8f0dce23c8d4,2026-07-31,5.47,94
f7ae9b0c-0f56-45b6-b584-8f0dce23c8d4,2026-08-01,5.0,95
f7ae9b0c-0f56-45b6-b584-8f0dce23c8d4,2026-08-02,5.0,95
f7ae9b0c-0f56-45b6-b584-8f0dce23c8d4,2026-08-03,5.0,95
f7ae9b0c-0f56-45b6-b584-8f0dce23c8d4,2026-08-04,5.0,95
f7ae9b0c-0f56-45b6-b584-8f0dce23c8d4,2026-08-05,1.4,98
f7af3ae6-2383-47c8-a989-4e1f7e90ee73,2026-07-30,5.0,95
f7af3ae6-2383-47c8-a989-4e1f7e90ee73,2026-07-31,5.0,95
f7af3ae6-2383-47c8-a989-4e1f7e90ee73,2026-08-01,5.06,94
f7af3ae6-2383-47c8-a989-4e1f7e90ee73,2026-08-02,5.0,95
f7af3ae6-2383-47c8-a989-4e1f7e90ee73,2026-08-03,5.0,95
f7af3ae6-2383-47c8-a989-4e1f7e90ee73,2026-08-04,5.0,95
f7af3ae6-2383-47c8-a989-4e1f7e90ee73,2026-08-05,1.3,98
79bc46d0-7b87-43ed-9752-21cd7827a1b9,2026-07-30,5.0,95
79bc46d0-7b87-43ed-9752-21cd7827a1b9,2026-07-31,5.0,95
79bc46d0-7b87-43ed-9752-21cd7827a1b9,2026-08-01,5.0,95
79bc46d0-7b87-43ed-9752-21cd7827a1b9,2026-08-02,5.0,95
79bc46d0-7b87-43ed-9752-21cd7827a1b9,2026-08-03,5.0,95
79bc46d0-7b87-43ed-9752-21cd7827a1b9,2026-08-04,5.0,95
79bc46d0-7b87-43ed-9752-21cd7827a1b9,2026-08-05,1.4,98
79e4d989-b372-4d86-a7a9-d33c014184da,2026-07-30,5.0,95
79e4d989-b372-4d86-a7a9-d33c014184da,2026-07-31,5.0,95
79e4d989-b372-4d86-a7a9-d33c014184da,2026-08-01,5.0,95
79e4d989-b372-4d86-a7a9-d33c014184da,2026-08-02,5.0,95
79e4d989-b372-4d86-a7a9-d33c014184da,2026-08-03,5.0,95
79e4d989-b372-4d86-a7a9-d33c014184da,2026-08-04,5.0,95
79e4d989-b372-4d86-a7a9-d33c014184da,2026-08-05,1.4,98
7a6cdd45-c54c-4224-9a3b-ff20515c58c1,2026-07-30,5.0,95
7a6cdd45-c54c-4224-9a3b-ff20515c58c1,2026-07-31,5.0,95
7a6cdd45-c54c-4224-9a3b-ff20515c58c1,2026-08-01,5.0,95
7a6cdd45-c54c-4224-9a3b-ff20515c58c1,2026-08-02,5.0,95
7a6cdd45-c54c-4224-9a3b-ff20515c58c1,2026-08-03,5.0,95
7a6cdd45-c54c-4224-9a3b-ff20515c58c1,2026-08-04,5.0,95
7a6cdd45-c54c-4224-9a3b-ff20515c58c1,2026-08-05,1.4,98
dfb83c5c-8fcf-4035-8722-f3402ca4e392,2026-07-30,5.0,95
dfb83c5c-8fcf-4035-8722-f3402ca4e392,2026-07-31,5.0,95
dfb83c5c-8fcf-4035-8722-f3402ca4e392,2026-08-01,5.0,95
dfb83c5c-8fcf-4035-8722-f3402ca4e392,2026-08-02,5.23,94
dfb83c5c-8fcf-4035-8722-f3402ca4e392,2026-08-03,5.0,95
dfb83c5c-8fcf-4035-8722-f3402ca4e392,2026-08-04,5.0,95
dfb83c5c-8fcf-4035-8722-f3402ca4e392,2026-08-05,5.2,94
dfe04c99-3f87-4cf5-a0c6-7c4ec7e1a847,2026-07-30,5.0,95
dfe04c99-3f87-4cf5-a0c6-7c4ec7e1a847,2026-07-31,5.0,95
dfe04c99-3f87-4cf5-a0c6-7c4ec7e1a847,2026-08-01,5.0,95
dfe04c99-3f87-4cf5-a0c6-7c4ec7e1a847,2026-08-02,5.0,95
dfe04c99-3f87-4cf5-a0c6-7c4ec7e1a847,2026-08-03,5.0,95
dfe04c99-3f87-4cf5-a0c6-7c4ec7e1a847,2026-08-04,5.0,95
dfe04c99-3f87-4cf5-a0c6-7c4ec7e1a847,2026-08-05,1.4,98
7b0c16a2-b2c1-47c6-9265-5640b1e3da97,2026-07-30,88.04,11
7b0c16a2-b2c1-47c6-9265-5640b1e3da97,2026-07-31,85.88,14
7b0c16a2-b2c1-47c6-9265-5640b1e3da97,2026-08-01,90.37,9
7b0c16a2-b2c1-47c6-9265-5640b1e3da97,2026-08-02,90.41,9
7b0c16a2-b2c1-47c6-9265-5640b1e3da97,2026-08-03,94.46,5
7b0c16a2-b2c1-47c6-9265-5640b1e3da97,2026-08-04,95.1,4
7b0c16a2-b2c1-47c6-9265-5640b1e3da97,2026-08-05,95.1,4
7ca8fbdf-a6f7-467b-9d10-6502d840b970,2026-07-30,5.0,95
7ca8fbdf-a6f7-467b-9d10-6502d840b970,2026-07-31,5.0,95
7ca8fbdf-a6f7-467b-9d10-6502d840b970,2026-08-01,5.0,95
7ca8fbdf-a6f7-467b-9d10-6502d840b970,2026-08-02,5.0,95
7ca8fbdf-a6f7-467b-9d10-6502d840b970,2026-08-03,5.0,95
7ca8fbdf-a6f7-467b-9d10-6502d840b970,2026-08-04,5.0,95
7ca8fbdf-a6f7-467b-9d10-6502d840b970,2026-08-05,1.4,98
7f30d2db-675d-40df-b395-c7cb2beb3d18,2026-07-30,5.0,95
7f30d2db-675d-40df-b395-c7cb2beb3d18,2026-07-31,5.0,95
7f30d2db-675d-40df-b395-c7cb2beb3d18,2026-08-01,5.0,95
7f30d2db-675d-40df-b395-c7cb2beb3d18,2026-08-02,5.0,95
7f30d2db-675d-40df-b395-c7cb2beb3d18,2026-08-03,5.0,95
7f30d2db-675d-40df-b395-c7cb2beb3d18,2026-08-04,5.0,95
7f30d2db-675d-40df-b395-c7cb2beb3d18,2026-08-05,1.4,98
7f5c0735-857f-400e-8d7c-49fc4b0b3bc5,2026-07-30,5.0,95
7f5c0735-857f-400e-8d7c-49fc4b0b3bc5,2026-07-31,5.0,95
7f5c0735-857f-400e-8d7c-49fc4b0b3bc5,2026-08-01,5.0,95
7f5c0735-857f-400e-8d7c-49fc4b0b3bc5,2026-08-02,5.0,95
7f5c0735-857f-400e-8d7c-49fc4b0b3bc5,2026-08-03,5.0,95
7f5c0735-857f-400e-8d7c-49fc4b0b3bc5,2026-08-04,5.0,95
7f5c0735-857f-400e-8d7c-49fc4b0b3bc5,2026-08-05,1.4,98
7f63610b-4697-435b-81d5-d943fa82f559,2026-07-30,5.0,95
7f63610b-4697-435b-81d5-d943fa82f559,2026-07-31,5.0,95
7f63610b-4697-435b-81d5-d943fa82f559,2026-08-01,5.0,95
7f63610b-4697-435b-81d5-d943fa82f559,2026-08-02,5.0,95
7f63610b-4697-435b-81d5-d943fa82f559,2026-08-03,5.0,95
7f63610b-4697-435b-81d5-d943fa82f559,2026-08-04,5.33,94
7f63610b-4697-435b-81d5-d943fa82f559,2026-08-05,1.4,98
7fa3b46b-e2d6-489a-be3c-7b696d904c79,2026-07-30,5.0,95
7fa3b46b-e2d6-489a-be3c-7b696d904c79,2026-07-31,5.0,95
7fa3b46b-e2d6-489a-be3c-7b696d904c79,2026-08-01,5.0,95
7fa3b46b-e2d6-489a-be3c-7b696d904c79,2026-08-02,5.0,95
7fa3b46b-e2d6-489a-be3c-7b696d904c79,2026-08-03,5.0,95
7fa3b46b-e2d6-489a-be3c-7b696d904c79,2026-08-04,5.0,95
7fa3b46b-e2d6-489a-be3c-7b696d904c79,2026-08-05,1.4,98
7fd4e1f3-2c02-4eaa-a258-01dacf9e90e2,2026-07-30,5.0,95
7fd4e1f3-2c02-4eaa-a258-01dacf9e90e2,2026-07-31,5.0,95
7fd4e1f3-2c02-4eaa-a258-01dacf9e90e2,2026-08-01,5.0,95
7fd4e1f3-2c02-4eaa-a258-01dacf9e90e2,2026-08-02,5.0,95
7fd4e1f3-2c02-4eaa-a258-01dacf9e90e2,2026-08-03,5.0,95
7fd4e1f3-2c02-4eaa-a258-01dacf9e90e2,2026-08-04,5.0,95
7fd4e1f3-2c02-4eaa-a258-01dacf9e90e2,2026-08-05,1.4,98
8048bfad-7207-46da-ae1b-3a99f6ee6aa4,2026-07-30,5.0,95
8048bfad-7207-46da-ae1b-3a99f6ee6aa4,2026-07-31,5.0,95
8048bfad-7207-46da-ae1b-3a99f6ee6aa4,2026-08-01,5.0,95
8048bfad-7207-46da-ae1b-3a99f6ee6aa4,2026-08-02,5.0,95
8048bfad-7207-46da-ae1b-3a99f6ee6aa4,2026-08-03,5.0,95
8048bfad-7207-46da-ae1b-3a99f6ee6aa4,2026-08-04,5.0,95
8048bfad-7207-46da-ae1b-3a99f6ee6aa4,2026-08-05,1.4,98
80506c38-7a16-45ec-a4aa-b96c38387bee,2026-07-30,5.0,95
80506c38-7a16-45ec-a4aa-b96c38387bee,2026-07-31,5.0,95
80506c38-7a16-45ec-a4aa-b96c38387bee,2026-08-01,5.0,95
80506c38-7a16-45ec-a4aa-b96c38387bee,2026-08-02,5.0,95
80506c38-7a16-45ec-a4aa-b96c38387bee,2026-08-03,5.0,95
80506c38-7a16-45ec-a4aa-b96c38387bee,2026-08-04,5.0,95
80506c38-7a16-45ec-a4aa-b96c38387bee,2026-08-05,1.4,98
81963750-e731-41f8-a66e-b6b7c239df50,2026-07-30,5.0,95
81963750-e731-41f8-a66e-b6b7c239df50,2026-07-31,5.0,95
81963750-e731-41f8-a66e-b6b7c239df50,2026-08-01,5.0,95
81963750-e731-41f8-a66e-b6b7c239df50,2026-08-02,5.0,95
81963750-e731-41f8-a66e-b6b7c239df50,2026-08-03,5.0,95
81963750-e731-41f8-a66e-b6b7c239df50,2026-08-04,5.0,95
81963750-e731-41f8-a66e-b6b7c239df50,2026-08-05,1.4,98
8197861f-aa51-4aab-8437-439e587fa780,2026-07-30,5.0,95
8197861f-aa51-4aab-8437-439e587fa780,2026-07-31,5.0,95
8197861f-aa51-4aab-8437-439e587fa780,2026-08-01,5.0,95
8197861f-aa51-4aab-8437-439e587fa780,2026-08-02,5.0,95
8197861f-aa51-4aab-8437-439e587fa780,2026-08-03,5.0,95
8197861f-aa51-4aab-8437-439e587fa780,2026-08-04,5.0,95
8197861f-aa51-4aab-8437-439e587fa780,2026-08-05,1.4,98
81aa2dae-00e2-406e-b5a4-5eb3b1706e09,2026-07-30,5.0,95
81aa2dae-00e2-406e-b5a4-5eb3b1706e09,2026-07-31,5.0,95
81aa2dae-00e2-406e-b5a4-5eb3b1706e09,2026-08-01,6.09,93
81aa2dae-00e2-406e-b5a4-5eb3b1706e09,2026-08-02,5.0,95
81aa2dae-00e2-406e-b5a4-5eb3b1706e09,2026-08-03,5.0,95
81aa2dae-00e2-406e-b5a4-5eb3b1706e09,2026-08-04,5.0,95
81aa2dae-00e2-406e-b5a4-5eb3b1706e09,2026-08-05,1.4,98
81dfdaa1-e8ac-4c08-b49f-9134ff28d4aa,2026-07-30,5.0,95
81dfdaa1-e8ac-4c08-b49f-9134ff28d4aa,2026-07-31,5.0,95
81dfdaa1-e8ac-4c08-b49f-9134ff28d4aa,2026-08-01,5.0,95
81dfdaa1-e8ac-4c08-b49f-9134ff28d4aa,2026-08-02,5.0,95
81dfdaa1-e8ac-4c08-b49f-9134ff28d4aa,2026-08-03,5.0,95
81dfdaa1-e8ac-4c08-b49f-9134ff28d4aa,2026-08-04,5.0,95
81dfdaa1-e8ac-4c08-b49f-9134ff28d4aa,2026-08-05,3.3,96
8242a697-c597-41ff-b7ef-e242dd51490b,2026-07-30,5.0,95
8242a697-c597-41ff-b7ef-e242dd51490b,2026-07-31,5.0,95
8242a697-c597-41ff-b7ef-e242dd51490b,2026-08-01,5.0,95
8242a697-c597-41ff-b7ef-e242dd51490b,2026-08-02,5.0,95
8242a697-c597-41ff-b7ef-e242dd51490b,2026-08-03,5.0,95
8242a697-c597-41ff-b7ef-e242dd51490b,2026-08-04,5.0,95
8242a697-c597-41ff-b7ef-e242dd51490b,2026-08-05,1.4,98
8279ceda-7d5f-4ab1-8809-b27a0bc0064d,2026-07-30,5.0,95
8279ceda-7d5f-4ab1-8809-b27a0bc0064d,2026-07-31,5.0,95
8279ceda-7d5f-4ab1-8809-b27a0bc0064d,2026-08-01,5.0,95
8279ceda-7d5f-4ab1-8809-b27a0bc0064d,2026-08-02,5.0,95
8279ceda-7d5f-4ab1-8809-b27a0bc0064d,2026-08-03,5.0,95
8279ceda-7d5f-4ab1-8809-b27a0bc0064d,2026-08-04,5.0,95
8279ceda-7d5f-4ab1-8809-b27a0bc0064d,2026-08-05,1.4,98
833afac7-395f-4425-9bf7-288c52f1296d,2026-07-30,6.6,93
833afac7-395f-4425-9bf7-288c52f1296d,2026-07-31,5.0,95
833afac7-395f-4425-9bf7-288c52f1296d,2026-08-01,5.0,95
833afac7-395f-4425-9bf7-288c52f1296d,2026-08-02,5.0,95
833afac7-395f-4425-9bf7-288c52f1296d,2026-08-03,5.0,95
833afac7-395f-4425-9bf7-288c52f1296d,2026-08-04,5.0,95
833afac7-395f-4425-9bf7-288c52f1296d,2026-08-05,1.4,98
8355c704-56c8-48a1-a973-271c10c44c32,2026-07-30,5.0,95
8355c704-56c8-48a1-a973-271c10c44c32,2026-07-31,5.0,95
8355c704-56c8-48a1-a973-271c10c44c32,2026-08-01,5.0,95
8355c704-56c8-48a1-a973-271c10c44c32,2026-08-02,5.0,95
8355c704-56c8-48a1-a973-271c10c44c32,2026-08-03,5.0,95
8355c704-56c8-48a1-a973-271c10c44c32,2026-08-04,5.0,95
8355c704-56c8-48a1-a973-271c10c44c32,2026-08-05,1.3,98
85f3ca59-1c4a-4333-a198-b6243333d321,2026-07-30,6.6,93
85f3ca59-1c4a-4333-a198-b6243333d321,2026-07-31,5.0,95
85f3ca59-1c4a-4333-a198-b6243333d321,2026-08-01,5.0,95
85f3ca59-1c4a-4333-a198-b6243333d321,2026-08-02,5.0,95
85f3ca59-1c4a-4333-a198-b6243333d321,2026-08-03,5.0,95
85f3ca59-1c4a-4333-a198-b6243333d321,2026-08-04,5.0,95
85f3ca59-1c4a-4333-a198-b6243333d321,2026-08-05,1.4,98
864804b8-7321-49fb-9e9c-de70cbee9b3a,2026-07-30,5.0,95
864804b8-7321-49fb-9e9c-de70cbee9b3a,2026-07-31,5.0,95
864804b8-7321-49fb-9e9c-de70cbee9b3a,2026-08-01,5.0,95
864804b8-7321-49fb-9e9c-de70cbee9b3a,2026-08-02,5.0,95
864804b8-7321-49fb-9e9c-de70cbee9b3a,2026-08-03,5.0,95
864804b8-7321-49fb-9e9c-de70cbee9b3a,2026-08-04,5.0,95
864804b8-7321-49fb-9e9c-de70cbee9b3a,2026-08-05,1.3,98
864a9a70-c63f-4d49-a7f5-f75aca291c54,2026-07-30,5.0,95
864a9a70-c63f-4d49-a7f5-f75aca291c54,2026-07-31,5.0,95
864a9a70-c63f-4d49-a7f5-f75aca291c54,2026-08-01,5.0,95
864a9a70-c63f-4d49-a7f5-f75aca291c54,2026-08-02,5.0,95
864a9a70-c63f-4d49-a7f5-f75aca291c54,2026-08-03,5.0,95
864a9a70-c63f-4d49-a7f5-f75aca291c54,2026-08-04,5.0,95
864a9a70-c63f-4d49-a7f5-f75aca291c54,2026-08-05,1.4,98
924ef9be-55a0-4cbe-bf70-e47769983743,2026-07-30,5.0,95
924ef9be-55a0-4cbe-bf70-e47769983743,2026-07-31,5.0,95
924ef9be-55a0-4cbe-bf70-e47769983743,2026-08-01,5.0,95
924ef9be-55a0-4cbe-bf70-e47769983743,2026-08-02,5.0,95
924ef9be-55a0-4cbe-bf70-e47769983743,2026-08-03,5.0,95
924ef9be-55a0-4cbe-bf70-e47769983743,2026-08-04,5.0,95
924ef9be-55a0-4cbe-bf70-e47769983743,2026-08-05,1.4,98
942d5b99-4b36-4204-82ac-092475f9357a,2026-07-30,5.0,95
942d5b99-4b36-4204-82ac-092475f9357a,2026-07-31,5.0,95
942d5b99-4b36-4204-82ac-092475f9357a,2026-08-01,5.0,95
942d5b99-4b36-4204-82ac-092475f9357a,2026-08-02,5.0,95
942d5b99-4b36-4204-82ac-092475f9357a,2026-08-03,5.0,95
942d5b99-4b36-4204-82ac-092475f9357a,2026-08-04,5.0,95
942d5b99-4b36-4204-82ac-092475f9357a,2026-08-05,2.4,97
9469073c-92a0-48ce-a7d7-55d4f59f467e,2026-07-30,94.86,5
9469073c-92a0-48ce-a7d7-55d4f59f467e,2026-07-31,98.0,2
9469073c-92a0-48ce-a7d7-55d4f59f467e,2026-08-01,91.79,8
9469073c-92a0-48ce-a7d7-55d4f59f467e,2026-08-02,98.0,2
9469073c-92a0-48ce-a7d7-55d4f59f467e,2026-08-03,96.79,3
9469073c-92a0-48ce-a7d7-55d4f59f467e,2026-08-04,94.64,5
9469073c-92a0-48ce-a7d7-55d4f59f467e,2026-08-05,95.7,4
967bd541-b656-4a46-867e-4880f13b23f8,2026-07-30,5.0,95
967bd541-b656-4a46-867e-4880f13b23f8,2026-07-31,5.0,95
967bd541-b656-4a46-867e-4880f13b23f8,2026-08-01,5.0,95
967bd541-b656-4a46-867e-4880f13b23f8,2026-08-02,5.0,95
967bd541-b656-4a46-867e-4880f13b23f8,2026-08-03,5.0,95
967bd541-b656-4a46-867e-4880f13b23f8,2026-08-04,5.0,95
967bd541-b656-4a46-867e-4880f13b23f8,2026-08-05,1.4,98
97a37ad7-5c22-44bb-8a76-ec3ad7c38054,2026-07-30,5.0,95
97a37ad7-5c22-44bb-8a76-ec3ad7c38054,2026-07-31,5.0,95
97a37ad7-5c22-44bb-8a76-ec3ad7c38054,2026-08-01,5.0,95
97a37ad7-5c22-44bb-8a76-ec3ad7c38054,2026-08-02,5.0,95
97a37ad7-5c22-44bb-8a76-ec3ad7c38054,2026-08-03,5.0,95
97a37ad7-5c22-44bb-8a76-ec3ad7c38054,2026-08-04,5.0,95
97a37ad7-5c22-44bb-8a76-ec3ad7c38054,2026-08-05,2.4,97
9e930b7a-97d0-47ea-b471-72059cc3aa2f,2026-07-30,5.0,95
9e930b7a-97d0-47ea-b471-72059cc3aa2f,2026-07-31,5.0,95
9e930b7a-97d0-47ea-b471-72059cc3aa2f,2026-08-01,5.0,95
9e930b7a-97d0-47ea-b471-72059cc3aa2f,2026-08-02,5.0,95
9e930b7a-97d0-47ea-b471-72059cc3aa2f,2026-08-03,5.0,95
9e930b7a-97d0-47ea-b471-72059cc3aa2f,2026-08-04,5.0,95
9e930b7a-97d0-47ea-b471-72059cc3aa2f,2026-08-05,1.4,98
9f252193-7b23-4d14-b0e4-4e08ac50e525,2026-07-30,5.0,95
9f252193-7b23-4d14-b0e4-4e08ac50e525,2026-07-31,5.0,95
9f252193-7b23-4d14-b0e4-4e08ac50e525,2026-08-01,5.0,95
9f252193-7b23-4d14-b0e4-4e08ac50e525,2026-08-02,5.0,95
9f252193-7b23-4d14-b0e4-4e08ac50e525,2026-08-03,5.0,95
9f252193-7b23-4d14-b0e4-4e08ac50e525,2026-08-04,5.0,95
9f252193-7b23-4d14-b0e4-4e08ac50e525,2026-08-05,1.4,98
9f55cd00-1caf-441b-98b5-ae7a9bb0a5e8,2026-07-30,5.0,95
9f55cd00-1caf-441b-98b5-ae7a9bb0a5e8,2026-07-31,5.0,95
9f55cd00-1caf-441b-98b5-ae7a9bb0a5e8,2026-08-01,5.0,95
9f55cd00-1caf-441b-98b5-ae7a9bb0a5e8,2026-08-02,5.0,95
9f55cd00-1caf-441b-98b5-ae7a9bb0a5e8,2026-08-03,5.0,95
9f55cd00-1caf-441b-98b5-ae7a9bb0a5e8,2026-08-04,5.0,95
9f55cd00-1caf-441b-98b5-ae7a9bb0a5e8,2026-08-05,1.4,98
9fbfa4e0-be36-4832-b32a-a16fdd3acea9,2026-07-30,5.0,95
9fbfa4e0-be36-4832-b32a-a16fdd3acea9,2026-07-31,5.0,95
9fbfa4e0-be36-4832-b32a-a16fdd3acea9,2026-08-01,5.0,95
9fbfa4e0-be36-4832-b32a-a16fdd3acea9,2026-08-02,5.0,95
9fbfa4e0-be36-4832-b32a-a16fdd3acea9,2026-08-03,5.0,95
9fbfa4e0-be36-4832-b32a-a16fdd3acea9,2026-08-04,5.08,94
9fbfa4e0-be36-4832-b32a-a16fdd3acea9,2026-08-05,1.4,98
a8c79c6f-0278-4d26-afd1-31fbb123f8db,2026-07-30,5.0,95
a8c79c6f-0278-4d26-afd1-31fbb123f8db,2026-07-31,5.0,95
a8c79c6f-0278-4d26-afd1-31fbb123f8db,2026-08-01,5.0,95
a8c79c6f-0278-4d26-afd1-31fbb123f8db,2026-08-02,5.0,95
a8c79c6f-0278-4d26-afd1-31fbb123f8db,2026-08-03,5.0,95
a8c79c6f-0278-4d26-afd1-31fbb123f8db,2026-08-04,5.0,95
a8c79c6f-0278-4d26-afd1-31fbb123f8db,2026-08-05,1.3,98
a8e15c94-ae48-4868-97c3-05947d301b8c,2026-07-30,5.0,95
a8e15c94-ae48-4868-97c3-05947d301b8c,2026-07-31,5.0,95
a8e15c94-ae48-4868-97c3-05947d301b8c,2026-08-01,5.26,94
a8e15c94-ae48-4868-97c3-05947d301b8c,2026-08-02,5.0,95
a8e15c94-ae48-4868-97c3-05947d301b8c,2026-08-03,5.0,95
a8e15c94-ae48-4868-97c3-05947d301b8c,2026-08-04,5.08,94
a8e15c94-ae48-4868-97c3-05947d301b8c,2026-08-05,1.4,98
a977b1a7-cbab-4981-bba1-da972c4dcdf1,2026-07-30,5.0,95
a977b1a7-cbab-4981-bba1-da972c4dcdf1,2026-07-31,5.0,95
a977b1a7-cbab-4981-bba1-da972c4dcdf1,2026-08-01,5.28,94
a977b1a7-cbab-4981-bba1-da972c4dcdf1,2026-08-02,5.0,95
a977b1a7-cbab-4981-bba1-da972c4dcdf1,2026-08-03,5.0,95
a977b1a7-cbab-4981-bba1-da972c4dcdf1,2026-08-04,5.0,95
a977b1a7-cbab-4981-bba1-da972c4dcdf1,2026-08-05,1.4,98
ac227dd5-1bbb-41bd-a3b6-ff1f7cb2f06d,2026-07-30,5.0,95
ac227dd5-1bbb-41bd-a3b6-ff1f7cb2f06d,2026-07-31,5.7,94
ac227dd5-1bbb-41bd-a3b6-ff1f7cb2f06d,2026-08-01,5.0,95
ac227dd5-1bbb-41bd-a3b6-ff1f7cb2f06d,2026-08-02,5.0,95
ac227dd5-1bbb-41bd-a3b6-ff1f7cb2f06d,2026-08-03,5.0,95
ac227dd5-1bbb-41bd-a3b6-ff1f7cb2f06d,2026-08-04,5.0,95
ac227dd5-1bbb-41bd-a3b6-ff1f7cb2f06d,2026-08-05,1.4,98
ac25b113-e698-4dfa-b612-8c1909c1a488,2026-07-30,5.0,95
ac25b113-e698-4dfa-b612-8c1909c1a488,2026-07-31,5.0,95
ac25b113-e698-4dfa-b612-8c1909c1a488,2026-08-01,5.0,95
ac25b113-e698-4dfa-b612-8c1909c1a488,2026-08-02,5.0,95
ac25b113-e698-4dfa-b612-8c1909c1a488,2026-08-03,5.0,95
ac25b113-e698-4dfa-b612-8c1909c1a488,2026-08-04,5.0,95
ac25b113-e698-4dfa-b612-8c1909c1a488,2026-08-05,1.4,98
fbb87f5c-0cb3-4a81-9f6d-bd4abd91c36e,2026-07-30,5.0,95
fbb87f5c-0cb3-4a81-9f6d-bd4abd91c36e,2026-07-31,5.0,95
fbb87f5c-0cb3-4a81-9f6d-bd4abd91c36e,2026-08-01,5.0,95
fbb87f5c-0cb3-4a81-9f6d-bd4abd91c36e,2026-08-02,5.0,95
fbb87f5c-0cb3-4a81-9f6d-bd4abd91c36e,2026-08-03,5.0,95
fbb87f5c-0cb3-4a81-9f6d-bd4abd91c36e,2026-08-04,5.0,95
fbb87f5c-0cb3-4a81-9f6d-bd4abd91c36e,2026-08-05,1.4,98
fc23e381-21fe-4cba-ba4b-3e5d5d383f12,2026-07-30,5.0,95
fc23e381-21fe-4cba-ba4b-3e5d5d383f12,2026-07-31,6.35,93
fc23e381-21fe-4cba-ba4b-3e5d5d383f12,2026-08-01,5.0,95
fc23e381-21fe-4cba-ba4b-3e5d5d383f12,2026-08-02,5.0,95
fc23e381-21fe-4cba-ba4b-3e5d5d383f12,2026-08-03,5.0,95
fc23e381-21fe-4cba-ba4b-3e5d5d383f12,2026-08-04,5.0,95
fc23e381-21fe-4cba-ba4b-3e5d5d383f12,2026-08-05,1.4,98
fc58dea0-1070-4093-9031-05687d86ee3c,2026-07-30,5.0,95
fc58dea0-1070-4093-9031-05687d86ee3c,2026-07-31,5.0,95
fc58dea0-1070-4093-9031-05687d86ee3c,2026-08-01,5.0,95
fc58dea0-1070-4093-9031-05687d86ee3c,2026-08-02,5.0,95
fc58dea0-1070-4093-9031-05687d86ee3c,2026-08-03,5.0,95
fc58dea0-1070-4093-9031-05687d86ee3c,2026-08-04,5.0,95
fc58dea0-1070-4093-9031-05687d86ee3c,2026-08-05,1.3,98
025e1bba-1380-4679-81cb-b178c3d93cec,2026-07-30,5.0,95
025e1bba-1380-4679-81cb-b178c3d93cec,2026-07-31,5.0,95
025e1bba-1380-4679-81cb-b178c3d93cec,2026-08-01,5.0,95
025e1bba-1380-4679-81cb-b178c3d93cec,2026-08-02,5.0,95
025e1bba-1380-4679-81cb-b178c3d93cec,2026-08-03,5.0,95
025e1bba-1380-4679-81cb-b178c3d93cec,2026-08-04,5.0,95
025e1bba-1380-4679-81cb-b178c3d93cec,2026-08-05,1.4,98
02dae8f4-0410-4dc8-9746-b31e0a31521c,2026-07-30,5.0,95
02dae8f4-0410-4dc8-9746-b31e0a31521c,2026-07-31,5.0,95
02dae8f4-0410-4dc8-9746-b31e0a31521c,2026-08-01,5.0,95
02dae8f4-0410-4dc8-9746-b31e0a31521c,2026-08-02,5.0,95
02dae8f4-0410-4dc8-9746-b31e0a31521c,2026-08-03,5.0,95
02dae8f4-0410-4dc8-9746-b31e0a31521c,2026-08-04,5.0,95
02dae8f4-0410-4dc8-9746-b31e0a31521c,2026-08-05,1.3,98
03bcc1ae-1531-4a84-8f76-db9f3f82a326,2026-07-30,5.0,95
03bcc1ae-1531-4a84-8f76-db9f3f82a326,2026-07-31,5.0,95
03bcc1ae-1531-4a84-8f76-db9f3f82a326,2026-08-01,5.0,95
03bcc1ae-1531-4a84-8f76-db9f3f82a326,2026-08-02,5.0,95
03bcc1ae-1531-4a84-8f76-db9f3f82a326,2026-08-03,5.0,95
03bcc1ae-1531-4a84-8f76-db9f3f82a326,2026-08-04,5.0,95
03bcc1ae-1531-4a84-8f76-db9f3f82a326,2026-08-05,1.4,98
1355cb5e-1975-43a7-b075-b8a31f1fec21,2026-07-30,5.0,95
1355cb5e-1975-43a7-b075-b8a31f1fec21,2026-07-31,5.0,95
1355cb5e-1975-43a7-b075-b8a31f1fec21,2026-08-01,5.0,95
1355cb5e-1975-43a7-b075-b8a31f1fec21,2026-08-02,5.0,95
1355cb5e-1975-43a7-b075-b8a31f1fec21,2026-08-03,5.0,95
1355cb5e-1975-43a7-b075-b8a31f1fec21,2026-08-04,5.0,95
1355cb5e-1975-43a7-b075-b8a31f1fec21,2026-08-05,1.4,98
2047aecf-40e2-41a3-b907-b4872ceccbdc,2026-07-30,5.0,95
2047aecf-40e2-41a3-b907-b4872ceccbdc,2026-07-31,5.0,95
2047aecf-40e2-41a3-b907-b4872ceccbdc,2026-08-01,5.0,95
2047aecf-40e2-41a3-b907-b4872ceccbdc,2026-08-02,5.0,95
2047aecf-40e2-41a3-b907-b4872ceccbdc,2026-08-03,5.0,95
2047aecf-40e2-41a3-b907-b4872ceccbdc,2026-08-04,5.46,94
2047aecf-40e2-41a3-b907-b4872ceccbdc,2026-08-05,1.4,98
206e39a5-110e-4275-a4ce-d14b3bb6ce7a,2026-07-30,5.0,95
206e39a5-110e-4275-a4ce-d14b3bb6ce7a,2026-07-31,5.0,95
206e39a5-110e-4275-a4ce-d14b3bb6ce7a,2026-08-01,5.0,95
206e39a5-110e-4275-a4ce-d14b3bb6ce7a,2026-08-02,5.0,95
206e39a5-110e-4275-a4ce-d14b3bb6ce7a,2026-08-03,5.0,95
206e39a5-110e-4275-a4ce-d14b3bb6ce7a,2026-08-04,5.0,95
206e39a5-110e-4275-a4ce-d14b3bb6ce7a,2026-08-05,1.4,98
21007b66-ef0c-4177-b7ec-9b87fcd3e967,2026-07-30,5.0,95
21007b66-ef0c-4177-b7ec-9b87fcd3e967,2026-07-31,5.0,95
21007b66-ef0c-4177-b7ec-9b87fcd3e967,2026-08-01,5.0,95
21007b66-ef0c-4177-b7ec-9b87fcd3e967,2026-08-02,5.0,95
21007b66-ef0c-4177-b7ec-9b87fcd3e967,2026-08-03,5.0,95
21007b66-ef0c-4177-b7ec-9b87fcd3e967,2026-08-04,5.0,95
21007b66-ef0c-4177-b7ec-9b87fcd3e967,2026-08-05,1.4,98
215d0d9b-9b87-4274-9d89-0f13371224a9,2026-07-30,5.0,95
215d0d9b-9b87-4274-9d89-0f13371224a9,2026-07-31,5.0,95
215d0d9b-9b87-4274-9d89-0f13371224a9,2026-08-01,5.0,95
215d0d9b-9b87-4274-9d89-0f13371224a9,2026-08-02,5.0,95
215d0d9b-9b87-4274-9d89-0f13371224a9,2026-08-03,5.0,95
215d0d9b-9b87-4274-9d89-0f13371224a9,2026-08-04,5.0,95
215d0d9b-9b87-4274-9d89-0f13371224a9,2026-08-05,1.4,98
221d0426-3d35-45bd-81a9-d91b60e922f1,2026-07-30,5.0,95
221d0426-3d35-45bd-81a9-d91b60e922f1,2026-07-31,5.0,95
221d0426-3d35-45bd-81a9-d91b60e922f1,2026-08-01,5.0,95
221d0426-3d35-45bd-81a9-d91b60e922f1,2026-08-02,5.0,95
221d0426-3d35-45bd-81a9-d91b60e922f1,2026-08-03,5.0,95
221d0426-3d35-45bd-81a9-d91b60e922f1,2026-08-04,5.0,95
221d0426-3d35-45bd-81a9-d91b60e922f1,2026-08-05,1.4,98
3ce8715e-e953-45bf-9531-7a8ff40fc73c,2026-07-30,5.0,95
3ce8715e-e953-45bf-9531-7a8ff40fc73c,2026-07-31,5.0,95
3ce8715e-e953-45bf-9531-7a8ff40fc73c,2026-08-01,5.0,95
3ce8715e-e953-45bf-9531-7a8ff40fc73c,2026-08-02,5.0,95
3ce8715e-e953-45bf-9531-7a8ff40fc73c,2026-08-03,5.0,95
3ce8715e-e953-45bf-9531-7a8ff40fc73c,2026-08-04,5.0,95
3ce8715e-e953-45bf-9531-7a8ff40fc73c,2026-08-05,1.4,98
3cfc73e1-7aab-491a-9b2d-6d516e6d63f0,2026-07-30,5.0,95
3cfc73e1-7aab-491a-9b2d-6d516e6d63f0,2026-07-31,5.0,95
3cfc73e1-7aab-491a-9b2d-6d516e6d63f0,2026-08-01,5.0,95
3cfc73e1-7aab-491a-9b2d-6d516e6d63f0,2026-08-02,5.0,95
3cfc73e1-7aab-491a-9b2d-6d516e6d63f0,2026-08-03,5.0,95
3cfc73e1-7aab-491a-9b2d-6d516e6d63f0,2026-08-04,5.0,95
3cfc73e1-7aab-491a-9b2d-6d516e6d63f0,2026-08-05,1.4,98
3cff124a-bb90-453f-be50-98c25c6dbe80,2026-07-30,5.0,95
3cff124a-bb90-453f-be50-98c25c6dbe80,2026-07-31,5.0,95
3cff124a-bb90-453f-be50-98c25c6dbe80,2026-08-01,5.0,95
3cff124a-bb90-453f-be50-98c25c6dbe80,2026-08-02,5.0,95
3cff124a-bb90-453f-be50-98c25c6dbe80,2026-08-03,5.0,95
3cff124a-bb90-453f-be50-98c25c6dbe80,2026-08-04,5.0,95
3cff124a-bb90-453f-be50-98c25c6dbe80,2026-08-05,1.4,98
3da438e9-21fb-49de-8d7e-742565338afd,2026-07-30,6.02,93
3da438e9-21fb-49de-8d7e-742565338afd,2026-07-31,5.0,95
3da438e9-21fb-49de-8d7e-742565338afd,2026-08-01,5.0,95
3da438e9-21fb-49de-8d7e-742565338afd,2026-08-02,5.0,95
3da438e9-21fb-49de-8d7e-742565338afd,2026-08-03,5.0,95
3da438e9-21fb-49de-8d7e-742565338afd,2026-08-04,5.0,95
3da438e9-21fb-49de-8d7e-742565338afd,2026-08-05,1.4,98
3e9b569d-e77a-4c32-ad13-6f5af78c97d1,2026-07-30,5.0,95
3e9b569d-e77a-4c32-ad13-6f5af78c97d1,2026-07-31,5.0,95
3e9b569d-e77a-4c32-ad13-6f5af78c97d1,2026-08-01,5.0,95
3e9b569d-e77a-4c32-ad13-6f5af78c97d1,2026-08-02,5.0,95
3e9b569d-e77a-4c32-ad13-6f5af78c97d1,2026-08-03,5.0,95
3e9b569d-e77a-4c32-ad13-6f5af78c97d1,2026-08-04,5.0,95
3e9b569d-e77a-4c32-ad13-6f5af78c97d1,2026-08-05,1.4,98
5f64782a-205f-449d-8a17-6aaaf34a2771,2026-07-30,93.36,6
5f64782a-205f-449d-8a17-6aaaf34a2771,2026-07-31,94.35,5
5f64782a-205f-449d-8a17-6aaaf34a2771,2026-08-01,98.0,2
5f64782a-205f-449d-8a17-6aaaf34a2771,2026-08-02,95.32,4
5f64782a-205f-449d-8a17-6aaaf34a2771,2026-08-03,93.89,6
5f64782a-205f-449d-8a17-6aaaf34a2771,2026-08-04,98.0,2
5f64782a-205f-449d-8a17-6aaaf34a2771,2026-08-05,96.7,3
5f82cd12-1f6c-4045-ab33-3faf79bfd3bf,2026-07-30,5.0,95
5f82cd12-1f6c-4045-ab33-3faf79bfd3bf,2026-07-31,5.0,95
5f82cd12-1f6c-4045-ab33-3faf79bfd3bf,2026-08-01,5.0,95
5f82cd12-1f6c-4045-ab33-3faf79bfd3bf,2026-08-02,5.0,95
5f82cd12-1f6c-4045-ab33-3faf79bfd3bf,2026-08-03,5.0,95
5f82cd12-1f6c-4045-ab33-3faf79bfd3bf,2026-08-04,5.0,95
5f82cd12-1f6c-4045-ab33-3faf79bfd3bf,2026-08-05,1.4,98
62c7a5a9-8ae2-41a5-91fb-c5e6be0c631d,2026-07-30,5.0,95
62c7a5a9-8ae2-41a5-91fb-c5e6be0c631d,2026-07-31,5.0,95
62c7a5a9-8ae2-41a5-91fb-c5e6be0c631d,2026-08-01,5.0,95
62c7a5a9-8ae2-41a5-91fb-c5e6be0c631d,2026-08-02,5.0,95
62c7a5a9-8ae2-41a5-91fb-c5e6be0c631d,2026-08-03,5.0,95
62c7a5a9-8ae2-41a5-91fb-c5e6be0c631d,2026-08-04,5.01,94
62c7a5a9-8ae2-41a5-91fb-c5e6be0c631d,2026-08-05,3.2,96
6375231f-47af-4187-88dd-5dde965dfe21,2026-07-30,5.0,95
6375231f-47af-4187-88dd-5dde965dfe21,2026-07-31,5.0,95
6375231f-47af-4187-88dd-5dde965dfe21,2026-08-01,5.0,95
6375231f-47af-4187-88dd-5dde965dfe21,2026-08-02,5.0,95
6375231f-47af-4187-88dd-5dde965dfe21,2026-08-03,5.0,95
6375231f-47af-4187-88dd-5dde965dfe21,2026-08-04,5.0,95
6375231f-47af-4187-88dd-5dde965dfe21,2026-08-05,1.3,98
6598df09-ee23-418d-9425-48744388242e,2026-07-30,6.05,93
6598df09-ee23-418d-9425-48744388242e,2026-07-31,5.0,95
6598df09-ee23-418d-9425-48744388242e,2026-08-01,5.0,95
6598df09-ee23-418d-9425-48744388242e,2026-08-02,5.0,95
6598df09-ee23-418d-9425-48744388242e,2026-08-03,5.0,95
6598df09-ee23-418d-9425-48744388242e,2026-08-04,5.0,95
6598df09-ee23-418d-9425-48744388242e,2026-08-05,1.4,98
1ae60efb-4202-492b-9c60-aaf46de64829,2026-07-30,5.0,95
1ae60efb-4202-492b-9c60-aaf46de64829,2026-07-31,5.0,95
1ae60efb-4202-492b-9c60-aaf46de64829,2026-08-01,5.0,95
1ae60efb-4202-492b-9c60-aaf46de64829,2026-08-02,5.0,95
1ae60efb-4202-492b-9c60-aaf46de64829,2026-08-03,5.0,95
1ae60efb-4202-492b-9c60-aaf46de64829,2026-08-04,5.0,95
1ae60efb-4202-492b-9c60-aaf46de64829,2026-08-05,1.4,98
1d8d7957-d5d3-4ece-a424-1628fd218bcf,2026-07-30,5.0,95
1d8d7957-d5d3-4ece-a424-1628fd218bcf,2026-07-31,5.0,95
1d8d7957-d5d3-4ece-a424-1628fd218bcf,2026-08-01,5.0,95
1d8d7957-d5d3-4ece-a424-1628fd218bcf,2026-08-02,5.0,95
1d8d7957-d5d3-4ece-a424-1628fd218bcf,2026-08-03,5.0,95
1d8d7957-d5d3-4ece-a424-1628fd218bcf,2026-08-04,5.0,95
1d8d7957-d5d3-4ece-a424-1628fd218bcf,2026-08-05,1.3,98
5940b80f-328e-4cb1-9b80-2ece3fd34958,2026-07-30,31.4,68
5940b80f-328e-4cb1-9b80-2ece3fd34958,2026-07-31,39.41,60
5940b80f-328e-4cb1-9b80-2ece3fd34958,2026-08-01,31.79,68
5940b80f-328e-4cb1-9b80-2ece3fd34958,2026-08-02,39.06,60
5940b80f-328e-4cb1-9b80-2ece3fd34958,2026-08-03,39.89,60
5940b80f-328e-4cb1-9b80-2ece3fd34958,2026-08-04,36.88,63
5940b80f-328e-4cb1-9b80-2ece3fd34958,2026-08-05,39.4,60
5c7f18d9-2e06-4914-a757-2aa5498ca4e8,2026-07-30,5.0,95
5c7f18d9-2e06-4914-a757-2aa5498ca4e8,2026-07-31,5.0,95
5c7f18d9-2e06-4914-a757-2aa5498ca4e8,2026-08-01,5.0,95
5c7f18d9-2e06-4914-a757-2aa5498ca4e8,2026-08-02,5.0,95
5c7f18d9-2e06-4914-a757-2aa5498ca4e8,2026-08-03,5.0,95
5c7f18d9-2e06-4914-a757-2aa5498ca4e8,2026-08-04,5.0,95
5c7f18d9-2e06-4914-a757-2aa5498ca4e8,2026-08-05,1.4,98
5e35de7b-aa1d-4fea-8a70-3a82f8613a4d,2026-07-30,5.0,95
5e35de7b-aa1d-4fea-8a70-3a82f8613a4d,2026-07-31,5.0,95
5e35de7b-aa1d-4fea-8a70-3a82f8613a4d,2026-08-01,5.0,95
5e35de7b-aa1d-4fea-8a70-3a82f8613a4d,2026-08-02,5.0,95
5e35de7b-aa1d-4fea-8a70-3a82f8613a4d,2026-08-03,5.0,95
5e35de7b-aa1d-4fea-8a70-3a82f8613a4d,2026-08-04,5.0,95
5e35de7b-aa1d-4fea-8a70-3a82f8613a4d,2026-08-05,1.4,98
65d02da5-a48f-4c7a-b231-19552579a30b,2026-07-30,5.0,95
65d02da5-a48f-4c7a-b231-19552579a30b,2026-07-31,5.0,95
65d02da5-a48f-4c7a-b231-19552579a30b,2026-08-01,5.0,95
65d02da5-a48f-4c7a-b231-19552579a30b,2026-08-02,5.0,95
65d02da5-a48f-4c7a-b231-19552579a30b,2026-08-03,5.0,95
65d02da5-a48f-4c7a-b231-19552579a30b,2026-08-04,5.0,95
65d02da5-a48f-4c7a-b231-19552579a30b,2026-08-05,1.4,98
66277f7b-78b3-49ff-b025-0246c0eb2c76,2026-07-30,5.0,95
66277f7b-78b3-49ff-b025-0246c0eb2c76,2026-07-31,5.21,94
66277f7b-78b3-49ff-b025-0246c0eb2c76,2026-08-01,5.0,95
66277f7b-78b3-49ff-b025-0246c0eb2c76,2026-08-02,5.0,95
66277f7b-78b3-49ff-b025-0246c0eb2c76,2026-08-03,5.0,95
66277f7b-78b3-49ff-b025-0246c0eb2c76,2026-08-04,5.0,95
66277f7b-78b3-49ff-b025-0246c0eb2c76,2026-08-05,1.4,98
6634e866-1202-4f2f-8fce-90e5623a7e13,2026-07-30,5.0,95
6634e866-1202-4f2f-8fce-90e5623a7e13,2026-07-31,5.0,95
6634e866-1202-4f2f-8fce-90e5623a7e13,2026-08-01,5.0,95
6634e866-1202-4f2f-8fce-90e5623a7e13,2026-08-02,5.0,95
6634e866-1202-4f2f-8fce-90e5623a7e13,2026-08-03,5.0,95
6634e866-1202-4f2f-8fce-90e5623a7e13,2026-08-04,5.0,95
6634e866-1202-4f2f-8fce-90e5623a7e13,2026-08-05,1.4,98
6636eb79-4b97-40c1-b525-881f37c49e3b,2026-07-30,5.0,95
6636eb79-4b97-40c1-b525-881f37c49e3b,2026-07-31,5.0,95
6636eb79-4b97-40c1-b525-881f37c49e3b,2026-08-01,5.0,95
6636eb79-4b97-40c1-b525-881f37c49e3b,2026-08-02,5.0,95
6636eb79-4b97-40c1-b525-881f37c49e3b,2026-08-03,5.0,95
6636eb79-4b97-40c1-b525-881f37c49e3b,2026-08-04,5.0,95
6636eb79-4b97-40c1-b525-881f37c49e3b,2026-08-05,1.4,98
e070aaad-726a-46eb-8fff-15b769e12574,2026-07-30,5.0,95
e070aaad-726a-46eb-8fff-15b769e12574,2026-07-31,5.0,95
e070aaad-726a-46eb-8fff-15b769e12574,2026-08-01,5.0,95
e070aaad-726a-46eb-8fff-15b769e12574,2026-08-02,5.0,95
e070aaad-726a-46eb-8fff-15b769e12574,2026-08-03,5.0,95
e070aaad-726a-46eb-8fff-15b769e12574,2026-08-04,5.0,95
e070aaad-726a-46eb-8fff-15b769e12574,2026-08-05,1.4,98
6637258f-efc8-4b57-8c87-cc9b0a757087,2026-07-30,5.0,95
6637258f-efc8-4b57-8c87-cc9b0a757087,2026-07-31,5.0,95
6637258f-efc8-4b57-8c87-cc9b0a757087,2026-08-01,5.14,94
6637258f-efc8-4b57-8c87-cc9b0a757087,2026-08-02,5.0,95
6637258f-efc8-4b57-8c87-cc9b0a757087,2026-08-03,5.0,95
6637258f-efc8-4b57-8c87-cc9b0a757087,2026-08-04,5.0,95
6637258f-efc8-4b57-8c87-cc9b0a757087,2026-08-05,1.3,98
66399097-0dfa-4841-a537-b774f1bd1528,2026-07-30,5.0,95
66399097-0dfa-4841-a537-b774f1bd1528,2026-07-31,5.0,95
66399097-0dfa-4841-a537-b774f1bd1528,2026-08-01,5.0,95
66399097-0dfa-4841-a537-b774f1bd1528,2026-08-02,5.0,95
66399097-0dfa-4841-a537-b774f1bd1528,2026-08-03,5.0,95
66399097-0dfa-4841-a537-b774f1bd1528,2026-08-04,5.0,95
66399097-0dfa-4841-a537-b774f1bd1528,2026-08-05,1.4,98
6f7baf54-8517-4e54-972e-d865c9855670,2026-07-30,5.0,95
6f7baf54-8517-4e54-972e-d865c9855670,2026-07-31,5.0,95
6f7baf54-8517-4e54-972e-d865c9855670,2026-08-01,5.0,95
6f7baf54-8517-4e54-972e-d865c9855670,2026-08-02,5.0,95
6f7baf54-8517-4e54-972e-d865c9855670,2026-08-03,5.0,95
6f7baf54-8517-4e54-972e-d865c9855670,2026-08-04,5.0,95
6f7baf54-8517-4e54-972e-d865c9855670,2026-08-05,1.4,98
e0810f20-a694-4966-8cf8-643624c1f441,2026-07-30,5.83,94
e0810f20-a694-4966-8cf8-643624c1f441,2026-07-31,5.0,95
e0810f20-a694-4966-8cf8-643624c1f441,2026-08-01,5.0,95
e0810f20-a694-4966-8cf8-643624c1f441,2026-08-02,5.0,95
e0810f20-a694-4966-8cf8-643624c1f441,2026-08-03,5.0,95
e0810f20-a694-4966-8cf8-643624c1f441,2026-08-04,5.0,95
e0810f20-a694-4966-8cf8-643624c1f441,2026-08-05,1.3,98
e71d039c-787a-4fbf-acd4-d0cace061f07,2026-07-30,5.0,95
e71d039c-787a-4fbf-acd4-d0cace061f07,2026-07-31,5.0,95
e71d039c-787a-4fbf-acd4-d0cace061f07,2026-08-01,5.0,95
e71d039c-787a-4fbf-acd4-d0cace061f07,2026-08-02,5.0,95
e71d039c-787a-4fbf-acd4-d0cace061f07,2026-08-03,5.0,95
e71d039c-787a-4fbf-acd4-d0cace061f07,2026-08-04,5.0,95
e71d039c-787a-4fbf-acd4-d0cace061f07,2026-08-05,1.4,98
e738e997-6bf6-4743-8f18-390bb0281d33,2026-07-30,5.0,95
e738e997-6bf6-4743-8f18-390bb0281d33,2026-07-31,5.0,95
e738e997-6bf6-4743-8f18-390bb0281d33,2026-08-01,5.0,95
e738e997-6bf6-4743-8f18-390bb0281d33,2026-08-02,5.0,95
e738e997-6bf6-4743-8f18-390bb0281d33,2026-08-03,5.0,95
e738e997-6bf6-4743-8f18-390bb0281d33,2026-08-04,5.0,95
e738e997-6bf6-4743-8f18-390bb0281d33,2026-08-05,1.4,98
e7433d86-2f76-4a6d-9669-f5734bf041c3,2026-07-30,5.0,95
e7433d86-2f76-4a6d-9669-f5734bf041c3,2026-07-31,5.0,95
e7433d86-2f76-4a6d-9669-f5734bf041c3,2026-08-01,5.0,95
e7433d86-2f76-4a6d-9669-f5734bf041c3,2026-08-02,5.0,95
e7433d86-2f76-4a6d-9669-f5734bf041c3,2026-08-03,5.0,95
e7433d86-2f76-4a6d-9669-f5734bf041c3,2026-08-04,5.0,95
e7433d86-2f76-4a6d-9669-f5734bf041c3,2026-08-05,1.4,98
704ee1b0-7baf-432e-95c9-c0033c25aad0,2026-07-30,88.15,11
704ee1b0-7baf-432e-95c9-c0033c25aad0,2026-07-31,86.14,13
704ee1b0-7baf-432e-95c9-c0033c25aad0,2026-08-01,98.0,2
704ee1b0-7baf-432e-95c9-c0033c25aad0,2026-08-02,93.8,6
704ee1b0-7baf-432e-95c9-c0033c25aad0,2026-08-03,90.9,9
704ee1b0-7baf-432e-95c9-c0033c25aad0,2026-08-04,96.51,3
704ee1b0-7baf-432e-95c9-c0033c25aad0,2026-08-05,94.2,5
72132ee1-3ac8-4b09-ae79-6d3c2046539a,2026-07-30,5.2,94
72132ee1-3ac8-4b09-ae79-6d3c2046539a,2026-07-31,5.0,95
72132ee1-3ac8-4b09-ae79-6d3c2046539a,2026-08-01,5.0,95
72132ee1-3ac8-4b09-ae79-6d3c2046539a,2026-08-02,5.0,95
72132ee1-3ac8-4b09-ae79-6d3c2046539a,2026-08-03,5.04,94
72132ee1-3ac8-4b09-ae79-6d3c2046539a,2026-08-04,5.0,95
72132ee1-3ac8-4b09-ae79-6d3c2046539a,2026-08-05,1.4,98
72511255-5dce-4748-a04d-cd3266fb62bb,2026-07-30,5.0,95
72511255-5dce-4748-a04d-cd3266fb62bb,2026-07-31,5.0,95
72511255-5dce-4748-a04d-cd3266fb62bb,2026-08-01,5.0,95
72511255-5dce-4748-a04d-cd3266fb62bb,2026-08-02,5.0,95
72511255-5dce-4748-a04d-cd3266fb62bb,2026-08-03,5.0,95
72511255-5dce-4748-a04d-cd3266fb62bb,2026-08-04,5.0,95
72511255-5dce-4748-a04d-cd3266fb62bb,2026-08-05,2.4,97
73b48617-a771-47b2-8421-aac1ca843077,2026-07-30,5.0,95
73b48617-a771-47b2-8421-aac1ca843077,2026-07-31,5.0,95
73b48617-a771-47b2-8421-aac1ca843077,2026-08-01,5.0,95
73b48617-a771-47b2-8421-aac1ca843077,2026-08-02,5.0,95
73b48617-a771-47b2-8421-aac1ca843077,2026-08-03,5.0,95
73b48617-a771-47b2-8421-aac1ca843077,2026-08-04,5.0,95
73b48617-a771-47b2-8421-aac1ca843077,2026-08-05,4.1,95
746277e2-2c29-47df-b714-dcab42668422,2026-07-30,5.0,95
746277e2-2c29-47df-b714-dcab42668422,2026-07-31,5.0,95
746277e2-2c29-47df-b714-dcab42668422,2026-08-01,5.0,95
746277e2-2c29-47df-b714-dcab42668422,2026-08-02,5.0,95
746277e2-2c29-47df-b714-dcab42668422,2026-08-03,5.0,95
746277e2-2c29-47df-b714-dcab42668422,2026-08-04,5.0,95
746277e2-2c29-47df-b714-dcab42668422,2026-08-05,1.4,98
8be89e18-73b4-4f40-821b-9bcad329d198,2026-07-30,5.0,95
8be89e18-73b4-4f40-821b-9bcad329d198,2026-07-31,5.0,95
8be89e18-73b4-4f40-821b-9bcad329d198,2026-08-01,5.0,95
8be89e18-73b4-4f40-821b-9bcad329d198,2026-08-02,5.0,95
8be89e18-73b4-4f40-821b-9bcad329d198,2026-08-03,5.0,95
8be89e18-73b4-4f40-821b-9bcad329d198,2026-08-04,5.0,95
8be89e18-73b4-4f40-821b-9bcad329d198,2026-08-05,1.3,98
99e04eaa-a230-4fc4-9b37-30cc579b45b7,2026-07-30,5.0,95
99e04eaa-a230-4fc4-9b37-30cc579b45b7,2026-07-31,5.0,95
99e04eaa-a230-4fc4-9b37-30cc579b45b7,2026-08-01,5.0,95
99e04eaa-a230-4fc4-9b37-30cc579b45b7,2026-08-02,5.0,95
99e04eaa-a230-4fc4-9b37-30cc579b45b7,2026-08-03,5.0,95
99e04eaa-a230-4fc4-9b37-30cc579b45b7,2026-08-04,5.0,95
99e04eaa-a230-4fc4-9b37-30cc579b45b7,2026-08-05,1.4,98
9a04b353-7638-4c5e-803d-a8f27751cfbe,2026-07-30,5.0,95
9a04b353-7638-4c5e-803d-a8f27751cfbe,2026-07-31,5.0,95
9a04b353-7638-4c5e-803d-a8f27751cfbe,2026-08-01,5.0,95
9a04b353-7638-4c5e-803d-a8f27751cfbe,2026-08-02,5.0,95
9a04b353-7638-4c5e-803d-a8f27751cfbe,2026-08-03,5.0,95
9a04b353-7638-4c5e-803d-a8f27751cfbe,2026-08-04,5.0,95
9a04b353-7638-4c5e-803d-a8f27751cfbe,2026-08-05,1.4,98
a7c73f9c-5626-4b0d-8379-b586d37bf2f8,2026-07-30,5.0,95
a7c73f9c-5626-4b0d-8379-b586d37bf2f8,2026-07-31,5.0,95
a7c73f9c-5626-4b0d-8379-b586d37bf2f8,2026-08-01,5.0,95
a7c73f9c-5626-4b0d-8379-b586d37bf2f8,2026-08-02,5.0,95
a7c73f9c-5626-4b0d-8379-b586d37bf2f8,2026-08-03,5.0,95
a7c73f9c-5626-4b0d-8379-b586d37bf2f8,2026-08-04,5.0,95
a7c73f9c-5626-4b0d-8379-b586d37bf2f8,2026-08-05,1.4,98
ac10d304-e313-453e-a87b-fcd74e990aa4,2026-07-30,5.0,95
ac10d304-e313-453e-a87b-fcd74e990aa4,2026-07-31,5.0,95
ac10d304-e313-453e-a87b-fcd74e990aa4,2026-08-01,5.0,95
ac10d304-e313-453e-a87b-fcd74e990aa4,2026-08-02,5.0,95
ac10d304-e313-453e-a87b-fcd74e990aa4,2026-08-03,5.0,95
ac10d304-e313-453e-a87b-fcd74e990aa4,2026-08-04,5.0,95
ac10d304-e313-453e-a87b-fcd74e990aa4,2026-08-05,1.4,98
ac3ff7a1-663a-42fe-ab26-9e3650196927,2026-07-30,5.0,95
ac3ff7a1-663a-42fe-ab26-9e3650196927,2026-07-31,5.0,95
ac3ff7a1-663a-42fe-ab26-9e3650196927,2026-08-01,5.0,95
ac3ff7a1-663a-42fe-ab26-9e3650196927,2026-08-02,5.0,95
ac3ff7a1-663a-42fe-ab26-9e3650196927,2026-08-03,5.0,95
ac3ff7a1-663a-42fe-ab26-9e3650196927,2026-08-04,5.0,95
ac3ff7a1-663a-42fe-ab26-9e3650196927,2026-08-05,1.4,98
ac408262-5c85-495e-aba1-4546dba4f336,2026-07-30,5.0,95
ac408262-5c85-495e-aba1-4546dba4f336,2026-07-31,5.0,95
ac408262-5c85-495e-aba1-4546dba4f336,2026-08-01,5.0,95
ac408262-5c85-495e-aba1-4546dba4f336,2026-08-02,5.0,95
ac408262-5c85-495e-aba1-4546dba4f336,2026-08-03,5.0,95
ac408262-5c85-495e-aba1-4546dba4f336,2026-08-04,5.0,95
ac408262-5c85-495e-aba1-4546dba4f336,2026-08-05,1.4,98
ac83e1fa-03ed-499b-ba7d-b58135e1f48e,2026-07-30,5.0,95
ac83e1fa-03ed-499b-ba7d-b58135e1f48e,2026-07-31,5.0,95
ac83e1fa-03ed-499b-ba7d-b58135e1f48e,2026-08-01,5.0,95
ac83e1fa-03ed-499b-ba7d-b58135e1f48e,2026-08-02,5.0,95
ac83e1fa-03ed-499b-ba7d-b58135e1f48e,2026-08-03,5.0,95
ac83e1fa-03ed-499b-ba7d-b58135e1f48e,2026-08-04,5.0,95
ac83e1fa-03ed-499b-ba7d-b58135e1f48e,2026-08-05,1.4,98
e7eba2d4-dab3-47ed-83f9-a0657079050e,2026-07-30,5.42,94
e7eba2d4-dab3-47ed-83f9-a0657079050e,2026-07-31,5.0,95
e7eba2d4-dab3-47ed-83f9-a0657079050e,2026-08-01,5.0,95
e7eba2d4-dab3-47ed-83f9-a0657079050e,2026-08-02,5.0,95
e7eba2d4-dab3-47ed-83f9-a0657079050e,2026-08-03,5.0,95
e7eba2d4-dab3-47ed-83f9-a0657079050e,2026-08-04,5.0,95
e7eba2d4-dab3-47ed-83f9-a0657079050e,2026-08-05,1.4,98
ac9ddb37-6b03-4348-b4e9-7f3177dde618,2026-07-30,5.27,94
ac9ddb37-6b03-4348-b4e9-7f3177dde618,2026-07-31,5.0,95
ac9ddb37-6b03-4348-b4e9-7f3177dde618,2026-08-01,5.0,95
ac9ddb37-6b03-4348-b4e9-7f3177dde618,2026-08-02,5.0,95
ac9ddb37-6b03-4348-b4e9-7f3177dde618,2026-08-03,5.0,95
ac9ddb37-6b03-4348-b4e9-7f3177dde618,2026-08-04,5.0,95
ac9ddb37-6b03-4348-b4e9-7f3177dde618,2026-08-05,1.4,98
ae2e6133-38d2-4533-9676-567a55bb9f67,2026-07-30,87.21,12
ae2e6133-38d2-4533-9676-567a55bb9f67,2026-07-31,90.2,9
ae2e6133-38d2-4533-9676-567a55bb9f67,2026-08-01,94.4,5
ae2e6133-38d2-4533-9676-567a55bb9f67,2026-08-02,93.82,6
ae2e6133-38d2-4533-9676-567a55bb9f67,2026-08-03,91.44,8
ae2e6133-38d2-4533-9676-567a55bb9f67,2026-08-04,96.6,3
ae2e6133-38d2-4533-9676-567a55bb9f67,2026-08-05,97.2,2
ae3ba546-2b90-4f2b-ade9-7d6fac8ec4f5,2026-07-30,5.0,95
ae3ba546-2b90-4f2b-ade9-7d6fac8ec4f5,2026-07-31,5.0,95
ae3ba546-2b90-4f2b-ade9-7d6fac8ec4f5,2026-08-01,5.0,95
ae3ba546-2b90-4f2b-ade9-7d6fac8ec4f5,2026-08-02,5.0,95
ae3ba546-2b90-4f2b-ade9-7d6fac8ec4f5,2026-08-03,5.0,95
ae3ba546-2b90-4f2b-ade9-7d6fac8ec4f5,2026-08-04,5.0,95
ae3ba546-2b90-4f2b-ade9-7d6fac8ec4f5,2026-08-05,1.4,98
e82bf980-c2cc-42f1-95a3-ff90805a625d,2026-07-30,5.0,95
e82bf980-c2cc-42f1-95a3-ff90805a625d,2026-07-31,5.0,95
e82bf980-c2cc-42f1-95a3-ff90805a625d,2026-08-01,5.0,95
e82bf980-c2cc-42f1-95a3-ff90805a625d,2026-08-02,5.0,95
e82bf980-c2cc-42f1-95a3-ff90805a625d,2026-08-03,5.0,95
e82bf980-c2cc-42f1-95a3-ff90805a625d,2026-08-04,5.0,95
e82bf980-c2cc-42f1-95a3-ff90805a625d,2026-08-05,1.4,98
e940d1ae-80d5-4ab1-aa5f-10817390322e,2026-07-30,5.0,95
e940d1ae-80d5-4ab1-aa5f-10817390322e,2026-07-31,5.0,95
e940d1ae-80d5-4ab1-aa5f-10817390322e,2026-08-01,5.0,95
e940d1ae-80d5-4ab1-aa5f-10817390322e,2026-08-02,5.0,95
e940d1ae-80d5-4ab1-aa5f-10817390322e,2026-08-03,5.0,95
e940d1ae-80d5-4ab1-aa5f-10817390322e,2026-08-04,5.0,95
e940d1ae-80d5-4ab1-aa5f-10817390322e,2026-08-05,1.4,98
e9fc182e-3b2f-461d-ae37-5b81aa188a29,2026-07-30,5.0,95
e9fc182e-3b2f-461d-ae37-5b81aa188a29,2026-07-31,5.0,95
e9fc182e-3b2f-461d-ae37-5b81aa188a29,2026-08-01,5.0,95
e9fc182e-3b2f-461d-ae37-5b81aa188a29,2026-08-02,5.0,95
e9fc182e-3b2f-461d-ae37-5b81aa188a29,2026-08-03,5.0,95
e9fc182e-3b2f-461d-ae37-5b81aa188a29,2026-08-04,5.0,95
e9fc182e-3b2f-461d-ae37-5b81aa188a29,2026-08-05,1.4,98
ea08a614-e729-46e6-bc4e-ed1dce5a3dbc,2026-07-30,5.0,95
ea08a614-e729-46e6-bc4e-ed1dce5a3dbc,2026-07-31,5.0,95
ea08a614-e729-46e6-bc4e-ed1dce5a3dbc,2026-08-01,5.0,95
ea08a614-e729-46e6-bc4e-ed1dce5a3dbc,2026-08-02,5.0,95
ea08a614-e729-46e6-bc4e-ed1dce5a3dbc,2026-08-03,5.39,94
ea08a614-e729-46e6-bc4e-ed1dce5a3dbc,2026-08-04,5.0,95
ea08a614-e729-46e6-bc4e-ed1dce5a3dbc,2026-08-05,1.4,98
ebef4fe4-4035-4591-a083-2d6ab549e847,2026-07-30,5.0,95
ebef4fe4-4035-4591-a083-2d6ab549e847,2026-07-31,5.0,95
ebef4fe4-4035-4591-a083-2d6ab549e847,2026-08-01,5.0,95
ebef4fe4-4035-4591-a083-2d6ab549e847,2026-08-02,5.0,95
ebef4fe4-4035-4591-a083-2d6ab549e847,2026-08-03,5.0,95
ebef4fe4-4035-4591-a083-2d6ab549e847,2026-08-04,5.0,95
ebef4fe4-4035-4591-a083-2d6ab549e847,2026-08-05,1.4,98
ec0f21ad-698e-43c5-9ea9-5cd3144b1af2,2026-07-30,5.0,95
ec0f21ad-698e-43c5-9ea9-5cd3144b1af2,2026-07-31,5.0,95
ec0f21ad-698e-43c5-9ea9-5cd3144b1af2,2026-08-01,5.0,95
ec0f21ad-698e-43c5-9ea9-5cd3144b1af2,2026-08-02,5.0,95
ec0f21ad-698e-43c5-9ea9-5cd3144b1af2,2026-08-03,5.0,95
ec0f21ad-698e-43c5-9ea9-5cd3144b1af2,2026-08-04,5.0,95
ec0f21ad-698e-43c5-9ea9-5cd3144b1af2,2026-08-05,1.4,98
eca957ee-0b31-4dc4-99dc-fcf0d18305bd,2026-07-30,5.0,95
eca957ee-0b31-4dc4-99dc-fcf0d18305bd,2026-07-31,5.0,95
eca957ee-0b31-4dc4-99dc-fcf0d18305bd,2026-08-01,5.0,95
eca957ee-0b31-4dc4-99dc-fcf0d18305bd,2026-08-02,5.0,95
eca957ee-0b31-4dc4-99dc-fcf0d18305bd,2026-08-03,5.0,95
eca957ee-0b31-4dc4-99dc-fcf0d18305bd,2026-08-04,5.0,95
eca957ee-0b31-4dc4-99dc-fcf0d18305bd,2026-08-05,1.4,98
ece437cb-5858-41f5-a790-d31ebbcf4ee0,2026-07-30,5.0,95
ece437cb-5858-41f5-a790-d31ebbcf4ee0,2026-07-31,5.0,95
ece437cb-5858-41f5-a790-d31ebbcf4ee0,2026-08-01,5.0,95
ece437cb-5858-41f5-a790-d31ebbcf4ee0,2026-08-02,5.0,95
ece437cb-5858-41f5-a790-d31ebbcf4ee0,2026-08-03,5.0,95
ece437cb-5858-41f5-a790-d31ebbcf4ee0,2026-08-04,5.0,95
ece437cb-5858-41f5-a790-d31ebbcf4ee0,2026-08-05,1.4,98
ecfc1311-4052-46bf-bbb9-7c39b01a3ccd,2026-07-30,5.0,95
ecfc1311-4052-46bf-bbb9-7c39b01a3ccd,2026-07-31,5.0,95
ecfc1311-4052-46bf-bbb9-7c39b01a3ccd,2026-08-01,5.0,95
ecfc1311-4052-46bf-bbb9-7c39b01a3ccd,2026-08-02,5.0,95
ecfc1311-4052-46bf-bbb9-7c39b01a3ccd,2026-08-03,5.0,95
ecfc1311-4052-46bf-bbb9-7c39b01a3ccd,2026-08-04,5.0,95
ecfc1311-4052-46bf-bbb9-7c39b01a3ccd,2026-08-05,1.4,98
eecd7908-3f4a-44c3-8aff-5e8c2f9ee179,2026-07-30,34.71,65
eecd7908-3f4a-44c3-8aff-5e8c2f9ee179,2026-07-31,34.43,65
eecd7908-3f4a-44c3-8aff-5e8c2f9ee179,2026-08-01,35.47,64
eecd7908-3f4a-44c3-8aff-5e8c2f9ee179,2026-08-02,34.07,65
eecd7908-3f4a-44c3-8aff-5e8c2f9ee179,2026-08-03,38.88,61
eecd7908-3f4a-44c3-8aff-5e8c2f9ee179,2026-08-04,37.51,62
eecd7908-3f4a-44c3-8aff-5e8c2f9ee179,2026-08-05,37.0,63
f1c07a9f-4054-4e01-82d0-59780ecdf750,2026-07-30,5.26,94
f1c07a9f-4054-4e01-82d0-59780ecdf750,2026-07-31,5.0,95
f1c07a9f-4054-4e01-82d0-59780ecdf750,2026-08-01,5.0,95
f1c07a9f-4054-4e01-82d0-59780ecdf750,2026-08-02,5.0,95
f1c07a9f-4054-4e01-82d0-59780ecdf750,2026-08-03,5.0,95
f1c07a9f-4054-4e01-82d0-59780ecdf750,2026-08-04,5.0,95
f1c07a9f-4054-4e01-82d0-59780ecdf750,2026-08-05,1.4,98
f21363fa-a937-4efe-b026-2e0d4713a2fb,2026-07-30,5.0,95
f21363fa-a937-4efe-b026-2e0d4713a2fb,2026-07-31,5.0,95
f21363fa-a937-4efe-b026-2e0d4713a2fb,2026-08-01,5.0,95
f21363fa-a937-4efe-b026-2e0d4713a2fb,2026-08-02,5.0,95
f21363fa-a937-4efe-b026-2e0d4713a2fb,2026-08-03,5.0,95
f21363fa-a937-4efe-b026-2e0d4713a2fb,2026-08-04,5.0,95
f21363fa-a937-4efe-b026-2e0d4713a2fb,2026-08-05,1.4,98
f32a7701-fb5e-4572-a519-ebb7f8bc78b1,2026-07-30,5.0,95
f32a7701-fb5e-4572-a519-ebb7f8bc78b1,2026-07-31,5.0,95
f32a7701-fb5e-4572-a519-ebb7f8bc78b1,2026-08-01,5.0,95
f32a7701-fb5e-4572-a519-ebb7f8bc78b1,2026-08-02,5.0,95
f32a7701-fb5e-4572-a519-ebb7f8bc78b1,2026-08-03,5.0,95
f32a7701-fb5e-4572-a519-ebb7f8bc78b1,2026-08-04,5.0,95
f32a7701-fb5e-4572-a519-ebb7f8bc78b1,2026-08-05,1.9,98
f34e13fc-5217-49e4-9db5-6f0b2b339f63,2026-07-30,5.0,95
f34e13fc-5217-49e4-9db5-6f0b2b339f63,2026-07-31,5.0,95
f34e13fc-5217-49e4-9db5-6f0b2b339f63,2026-08-01,5.0,95
f34e13fc-5217-49e4-9db5-6f0b2b339f63,2026-08-02,5.0,95
f34e13fc-5217-49e4-9db5-6f0b2b339f63,2026-08-03,5.28,94
f34e13fc-5217-49e4-9db5-6f0b2b339f63,2026-08-04,5.0,95
f34e13fc-5217-49e4-9db5-6f0b2b339f63,2026-08-05,1.4,98
ae83d023-d247-45fa-a991-b188dda1a6e7,2026-07-30,94.62,5
ae83d023-d247-45fa-a991-b188dda1a6e7,2026-07-31,98.0,2
ae83d023-d247-45fa-a991-b188dda1a6e7,2026-08-01,98.0,2
ae83d023-d247-45fa-a991-b188dda1a6e7,2026-08-02,97.54,2
ae83d023-d247-45fa-a991-b188dda1a6e7,2026-08-03,93.63,6
ae83d023-d247-45fa-a991-b188dda1a6e7,2026-08-04,96.12,3
ae83d023-d247-45fa-a991-b188dda1a6e7,2026-08-05,96.3,3
aee0d9c4-7348-4263-8bad-b9812269187d,2026-07-30,6.06,93
aee0d9c4-7348-4263-8bad-b9812269187d,2026-07-31,5.0,95
aee0d9c4-7348-4263-8bad-b9812269187d,2026-08-01,5.0,95
aee0d9c4-7348-4263-8bad-b9812269187d,2026-08-02,5.0,95
aee0d9c4-7348-4263-8bad-b9812269187d,2026-08-03,5.0,95
aee0d9c4-7348-4263-8bad-b9812269187d,2026-08-04,5.0,95
aee0d9c4-7348-4263-8bad-b9812269187d,2026-08-05,1.4,98
aee5409d-a76d-4984-bbf9-02579d5bde33,2026-07-30,5.0,95
aee5409d-a76d-4984-bbf9-02579d5bde33,2026-07-31,5.0,95
aee5409d-a76d-4984-bbf9-02579d5bde33,2026-08-01,5.0,95
aee5409d-a76d-4984-bbf9-02579d5bde33,2026-08-02,6.39,93
aee5409d-a76d-4984-bbf9-02579d5bde33,2026-08-03,5.0,95
aee5409d-a76d-4984-bbf9-02579d5bde33,2026-08-04,5.0,95
aee5409d-a76d-4984-bbf9-02579d5bde33,2026-08-05,1.4,98
afd5e53c-4e7d-416c-a777-59fdcafdbf07,2026-07-30,6.38,93
afd5e53c-4e7d-416c-a777-59fdcafdbf07,2026-07-31,6.22,93
afd5e53c-4e7d-416c-a777-59fdcafdbf07,2026-08-01,5.0,95
afd5e53c-4e7d-416c-a777-59fdcafdbf07,2026-08-02,5.0,95
afd5e53c-4e7d-416c-a777-59fdcafdbf07,2026-08-03,5.0,95
afd5e53c-4e7d-416c-a777-59fdcafdbf07,2026-08-04,5.0,95
afd5e53c-4e7d-416c-a777-59fdcafdbf07,2026-08-05,1.3,98
afe42c30-e0a8-449c-80d1-fc24154dba2f,2026-07-30,5.0,95
afe42c30-e0a8-449c-80d1-fc24154dba2f,2026-07-31,5.0,95
afe42c30-e0a8-449c-80d1-fc24154dba2f,2026-08-01,5.0,95
afe42c30-e0a8-449c-80d1-fc24154dba2f,2026-08-02,5.0,95
afe42c30-e0a8-449c-80d1-fc24154dba2f,2026-08-03,5.0,95
afe42c30-e0a8-449c-80d1-fc24154dba2f,2026-08-04,5.0,95
afe42c30-e0a8-449c-80d1-fc24154dba2f,2026-08-05,1.4,98
affa4e70-a610-4132-b26b-6e39f0201574,2026-07-30,5.44,94
affa4e70-a610-4132-b26b-6e39f0201574,2026-07-31,5.0,95
affa4e70-a610-4132-b26b-6e39f0201574,2026-08-01,5.5,94
affa4e70-a610-4132-b26b-6e39f0201574,2026-08-02,5.0,95
affa4e70-a610-4132-b26b-6e39f0201574,2026-08-03,5.0,95
affa4e70-a610-4132-b26b-6e39f0201574,2026-08-04,5.0,95
affa4e70-a610-4132-b26b-6e39f0201574,2026-08-05,1.4,98
b043c250-308d-4f1d-b59a-16d46bacfd5e,2026-07-30,5.0,95
b043c250-308d-4f1d-b59a-16d46bacfd5e,2026-07-31,5.0,95
b043c250-308d-4f1d-b59a-16d46bacfd5e,2026-08-01,5.0,95
b043c250-308d-4f1d-b59a-16d46bacfd5e,2026-08-02,5.0,95
b043c250-308d-4f1d-b59a-16d46bacfd5e,2026-08-03,5.0,95
b043c250-308d-4f1d-b59a-16d46bacfd5e,2026-08-04,5.0,95
b043c250-308d-4f1d-b59a-16d46bacfd5e,2026-08-05,1.4,98
b0481389-e979-452b-a2c9-d19a206fcfa1,2026-07-30,5.0,95
b0481389-e979-452b-a2c9-d19a206fcfa1,2026-07-31,5.0,95
b0481389-e979-452b-a2c9-d19a206fcfa1,2026-08-01,5.0,95
b0481389-e979-452b-a2c9-d19a206fcfa1,2026-08-02,5.0,95
b0481389-e979-452b-a2c9-d19a206fcfa1,2026-08-03,5.0,95
b0481389-e979-452b-a2c9-d19a206fcfa1,2026-08-04,5.0,95
b0481389-e979-452b-a2c9-d19a206fcfa1,2026-08-05,1.4,98
b062fe06-d862-4b57-a0ce-a30871d12f6d,2026-07-30,5.22,94
b062fe06-d862-4b57-a0ce-a30871d12f6d,2026-07-31,5.0,95
b062fe06-d862-4b57-a0ce-a30871d12f6d,2026-08-01,5.0,95
b062fe06-d862-4b57-a0ce-a30871d12f6d,2026-08-02,5.0,95
b062fe06-d862-4b57-a0ce-a30871d12f6d,2026-08-03,5.0,95
b062fe06-d862-4b57-a0ce-a30871d12f6d,2026-08-04,5.0,95
b062fe06-d862-4b57-a0ce-a30871d12f6d,2026-08-05,1.4,98
b06af620-7381-498d-ae30-ed217e574fba,2026-07-30,5.0,95
b06af620-7381-498d-ae30-ed217e574fba,2026-07-31,5.0,95
b06af620-7381-498d-ae30-ed217e574fba,2026-08-01,5.0,95
b06af620-7381-498d-ae30-ed217e574fba,2026-08-02,5.0,95
b06af620-7381-498d-ae30-ed217e574fba,2026-08-03,5.0,95
b06af620-7381-498d-ae30-ed217e574fba,2026-08-04,5.0,95
b06af620-7381-498d-ae30-ed217e574fba,2026-08-05,1.4,98
b0b22e70-adc9-4e68-85d5-f8175f6916d1,2026-07-30,5.0,95
b0b22e70-adc9-4e68-85d5-f8175f6916d1,2026-07-31,5.0,95
b0b22e70-adc9-4e68-85d5-f8175f6916d1,2026-08-01,5.0,95
b0b22e70-adc9-4e68-85d5-f8175f6916d1,2026-08-02,5.0,95
b0b22e70-adc9-4e68-85d5-f8175f6916d1,2026-08-03,5.0,95
b0b22e70-adc9-4e68-85d5-f8175f6916d1,2026-08-04,5.0,95
b0b22e70-adc9-4e68-85d5-f8175f6916d1,2026-08-05,1.4,98
b0e6b3dc-b53c-41f7-b268-7c5405ced25a,2026-07-30,5.54,94
b0e6b3dc-b53c-41f7-b268-7c5405ced25a,2026-07-31,5.0,95
b0e6b3dc-b53c-41f7-b268-7c5405ced25a,2026-08-01,5.0,95
b0e6b3dc-b53c-41f7-b268-7c5405ced25a,2026-08-02,5.0,95
b0e6b3dc-b53c-41f7-b268-7c5405ced25a,2026-08-03,5.0,95
b0e6b3dc-b53c-41f7-b268-7c5405ced25a,2026-08-04,5.0,95
b0e6b3dc-b53c-41f7-b268-7c5405ced25a,2026-08-05,1.4,98
b1aae876-a810-4164-9a8e-a5518fb521df,2026-07-30,5.0,95
b1aae876-a810-4164-9a8e-a5518fb521df,2026-07-31,5.0,95
b1aae876-a810-4164-9a8e-a5518fb521df,2026-08-01,5.0,95
b1aae876-a810-4164-9a8e-a5518fb521df,2026-08-02,5.0,95
b1aae876-a810-4164-9a8e-a5518fb521df,2026-08-03,5.0,95
b1aae876-a810-4164-9a8e-a5518fb521df,2026-08-04,5.0,95
b1aae876-a810-4164-9a8e-a5518fb521df,2026-08-05,1.4,98
b1eaf992-f4dd-4ef8-a383-bd8381bb4459,2026-07-30,5.56,94
b1eaf992-f4dd-4ef8-a383-bd8381bb4459,2026-07-31,5.0,95
b1eaf992-f4dd-4ef8-a383-bd8381bb4459,2026-08-01,5.0,95
b1eaf992-f4dd-4ef8-a383-bd8381bb4459,2026-08-02,5.0,95
b1eaf992-f4dd-4ef8-a383-bd8381bb4459,2026-08-03,5.0,95
b1eaf992-f4dd-4ef8-a383-bd8381bb4459,2026-08-04,5.0,95
b1eaf992-f4dd-4ef8-a383-bd8381bb4459,2026-08-05,1.4,98
b1ef9c0e-4dca-465e-b3c1-e873f253cd95,2026-07-30,5.0,95
b1ef9c0e-4dca-465e-b3c1-e873f253cd95,2026-07-31,5.0,95
b1ef9c0e-4dca-465e-b3c1-e873f253cd95,2026-08-01,5.0,95
b1ef9c0e-4dca-465e-b3c1-e873f253cd95,2026-08-02,5.0,95
b1ef9c0e-4dca-465e-b3c1-e873f253cd95,2026-08-03,5.0,95
b1ef9c0e-4dca-465e-b3c1-e873f253cd95,2026-08-04,5.0,95
b1ef9c0e-4dca-465e-b3c1-e873f253cd95,2026-08-05,1.4,98
b2604c1f-51a0-4246-829d-df5a8bb3f560,2026-07-30,5.0,95
b2604c1f-51a0-4246-829d-df5a8bb3f560,2026-07-31,5.0,95
b2604c1f-51a0-4246-829d-df5a8bb3f560,2026-08-01,5.0,95
b2604c1f-51a0-4246-829d-df5a8bb3f560,2026-08-02,5.0,95
b2604c1f-51a0-4246-829d-df5a8bb3f560,2026-08-03,5.0,95
b2604c1f-51a0-4246-829d-df5a8bb3f560,2026-08-04,5.0,95
b2604c1f-51a0-4246-829d-df5a8bb3f560,2026-08-05,1.4,98
b3fc1c9c-1834-4470-bb8a-f9dd75794205,2026-07-30,5.0,95
b3fc1c9c-1834-4470-bb8a-f9dd75794205,2026-07-31,5.0,95
b3fc1c9c-1834-4470-bb8a-f9dd75794205,2026-08-01,5.0,95
b3fc1c9c-1834-4470-bb8a-f9dd75794205,2026-08-02,5.0,95
b3fc1c9c-1834-4470-bb8a-f9dd75794205,2026-08-03,5.0,95
b3fc1c9c-1834-4470-bb8a-f9dd75794205,2026-08-04,5.0,95
b3fc1c9c-1834-4470-bb8a-f9dd75794205,2026-08-05,1.3,98
b52295bd-fd7c-4476-b4fb-791ea189ec0f,2026-07-30,6.26,93
b52295bd-fd7c-4476-b4fb-791ea189ec0f,2026-07-31,5.0,95
b52295bd-fd7c-4476-b4fb-791ea189ec0f,2026-08-01,5.0,95
b52295bd-fd7c-4476-b4fb-791ea189ec0f,2026-08-02,5.0,95
b52295bd-fd7c-4476-b4fb-791ea189ec0f,2026-08-03,5.0,95
b52295bd-fd7c-4476-b4fb-791ea189ec0f,2026-08-04,5.0,95
b52295bd-fd7c-4476-b4fb-791ea189ec0f,2026-08-05,1.4,98
b53f3938-0592-46e7-8e4e-6c52ff208510,2026-07-30,5.0,95
b53f3938-0592-46e7-8e4e-6c52ff208510,2026-07-31,5.0,95
b53f3938-0592-46e7-8e4e-6c52ff208510,2026-08-01,5.0,95
b53f3938-0592-46e7-8e4e-6c52ff208510,2026-08-02,5.0,95
b53f3938-0592-46e7-8e4e-6c52ff208510,2026-08-03,5.0,95
b53f3938-0592-46e7-8e4e-6c52ff208510,2026-08-04,5.0,95
b53f3938-0592-46e7-8e4e-6c52ff208510,2026-08-05,1.4,98
b5766f91-97b8-454e-a8fd-0b8dff22d835,2026-07-30,5.0,95
b5766f91-97b8-454e-a8fd-0b8dff22d835,2026-07-31,5.08,94
b5766f91-97b8-454e-a8fd-0b8dff22d835,2026-08-01,5.0,95
b5766f91-97b8-454e-a8fd-0b8dff22d835,2026-08-02,5.0,95
b5766f91-97b8-454e-a8fd-0b8dff22d835,2026-08-03,5.0,95
b5766f91-97b8-454e-a8fd-0b8dff22d835,2026-08-04,5.0,95
b5766f91-97b8-454e-a8fd-0b8dff22d835,2026-08-05,1.4,98
b5f28296-4088-49b5-ae50-953bcac6092d,2026-07-30,5.0,95
b5f28296-4088-49b5-ae50-953bcac6092d,2026-07-31,5.0,95
b5f28296-4088-49b5-ae50-953bcac6092d,2026-08-01,5.0,95
b5f28296-4088-49b5-ae50-953bcac6092d,2026-08-02,5.0,95
b5f28296-4088-49b5-ae50-953bcac6092d,2026-08-03,5.0,95
b5f28296-4088-49b5-ae50-953bcac6092d,2026-08-04,5.0,95
b5f28296-4088-49b5-ae50-953bcac6092d,2026-08-05,1.4,98
b6836c2d-fcab-4075-84e8-6fc4e849c634,2026-07-30,5.0,95
b6836c2d-fcab-4075-84e8-6fc4e849c634,2026-07-31,5.0,95
b6836c2d-fcab-4075-84e8-6fc4e849c634,2026-08-01,5.0,95
b6836c2d-fcab-4075-84e8-6fc4e849c634,2026-08-02,5.0,95
b6836c2d-fcab-4075-84e8-6fc4e849c634,2026-08-03,5.0,95
b6836c2d-fcab-4075-84e8-6fc4e849c634,2026-08-04,5.0,95
b6836c2d-fcab-4075-84e8-6fc4e849c634,2026-08-05,1.3,98
b7632a04-6f9d-47a7-a366-1bf53261f7bf,2026-07-30,5.0,95
b7632a04-6f9d-47a7-a366-1bf53261f7bf,2026-07-31,5.0,95
b7632a04-6f9d-47a7-a366-1bf53261f7bf,2026-08-01,5.0,95
b7632a04-6f9d-47a7-a366-1bf53261f7bf,2026-08-02,5.0,95
b7632a04-6f9d-47a7-a366-1bf53261f7bf,2026-08-03,5.0,95
b7632a04-6f9d-47a7-a366-1bf53261f7bf,2026-08-04,5.0,95
b7632a04-6f9d-47a7-a366-1bf53261f7bf,2026-08-05,1.4,98
b76635a7-8047-47d2-a080-c0762836b5c9,2026-07-30,5.0,95
b76635a7-8047-47d2-a080-c0762836b5c9,2026-07-31,5.0,95
b76635a7-8047-47d2-a080-c0762836b5c9,2026-08-01,5.0,95
b76635a7-8047-47d2-a080-c0762836b5c9,2026-08-02,5.0,95
b76635a7-8047-47d2-a080-c0762836b5c9,2026-08-03,5.0,95
b76635a7-8047-47d2-a080-c0762836b5c9,2026-08-04,5.36,94
b76635a7-8047-47d2-a080-c0762836b5c9,2026-08-05,1.4,98
b8b366f0-827a-4655-8db6-be4cadbb8ef6,2026-07-30,5.0,95
b8b366f0-827a-4655-8db6-be4cadbb8ef6,2026-07-31,5.0,95
b8b366f0-827a-4655-8db6-be4cadbb8ef6,2026-08-01,5.0,95
b8b366f0-827a-4655-8db6-be4cadbb8ef6,2026-08-02,5.0,95
b8b366f0-827a-4655-8db6-be4cadbb8ef6,2026-08-03,5.0,95
b8b366f0-827a-4655-8db6-be4cadbb8ef6,2026-08-04,5.0,95
b8b366f0-827a-4655-8db6-be4cadbb8ef6,2026-08-05,1.4,98
b8cd3e46-cc2f-4c7e-b2f6-8a05b5685795,2026-07-30,5.0,95
b8cd3e46-cc2f-4c7e-b2f6-8a05b5685795,2026-07-31,5.0,95
b8cd3e46-cc2f-4c7e-b2f6-8a05b5685795,2026-08-01,5.0,95
b8cd3e46-cc2f-4c7e-b2f6-8a05b5685795,2026-08-02,5.0,95
b8cd3e46-cc2f-4c7e-b2f6-8a05b5685795,2026-08-03,5.0,95
b8cd3e46-cc2f-4c7e-b2f6-8a05b5685795,2026-08-04,5.0,95
b8cd3e46-cc2f-4c7e-b2f6-8a05b5685795,2026-08-05,1.4,98
b8d81fd7-900c-4ccf-9b80-e259d33bc4fd,2026-07-30,5.0,95
b8d81fd7-900c-4ccf-9b80-e259d33bc4fd,2026-07-31,5.0,95
b8d81fd7-900c-4ccf-9b80-e259d33bc4fd,2026-08-01,5.0,95
b8d81fd7-900c-4ccf-9b80-e259d33bc4fd,2026-08-02,5.0,95
b8d81fd7-900c-4ccf-9b80-e259d33bc4fd,2026-08-03,5.0,95
b8d81fd7-900c-4ccf-9b80-e259d33bc4fd,2026-08-04,5.0,95
b8d81fd7-900c-4ccf-9b80-e259d33bc4fd,2026-08-05,1.4,98
b98dc4e8-c4e7-44f8-a964-e593c3c1ee0e,2026-07-30,6.56,93
b98dc4e8-c4e7-44f8-a964-e593c3c1ee0e,2026-07-31,5.0,95
b98dc4e8-c4e7-44f8-a964-e593c3c1ee0e,2026-08-01,5.0,95
b98dc4e8-c4e7-44f8-a964-e593c3c1ee0e,2026-08-02,5.0,95
b98dc4e8-c4e7-44f8-a964-e593c3c1ee0e,2026-08-03,5.0,95
b98dc4e8-c4e7-44f8-a964-e593c3c1ee0e,2026-08-04,5.0,95
b98dc4e8-c4e7-44f8-a964-e593c3c1ee0e,2026-08-05,1.4,98
b996ac94-bb17-4cd8-93f9-e13e363461a6,2026-07-30,5.0,95
b996ac94-bb17-4cd8-93f9-e13e363461a6,2026-07-31,5.0,95
b996ac94-bb17-4cd8-93f9-e13e363461a6,2026-08-01,5.0,95
b996ac94-bb17-4cd8-93f9-e13e363461a6,2026-08-02,5.0,95
b996ac94-bb17-4cd8-93f9-e13e363461a6,2026-08-03,5.0,95
b996ac94-bb17-4cd8-93f9-e13e363461a6,2026-08-04,5.0,95
b996ac94-bb17-4cd8-93f9-e13e363461a6,2026-08-05,1.4,98
babc47ce-d2e6-4957-be86-2521d3667292,2026-07-30,5.0,95
babc47ce-d2e6-4957-be86-2521d3667292,2026-07-31,5.0,95
babc47ce-d2e6-4957-be86-2521d3667292,2026-08-01,6.63,93
babc47ce-d2e6-4957-be86-2521d3667292,2026-08-02,5.0,95
babc47ce-d2e6-4957-be86-2521d3667292,2026-08-03,5.0,95
babc47ce-d2e6-4957-be86-2521d3667292,2026-08-04,5.0,95
babc47ce-d2e6-4957-be86-2521d3667292,2026-08-05,1.4,98
bb38495a-6bba-417e-940c-92990c87e950,2026-07-30,5.0,95
bb38495a-6bba-417e-940c-92990c87e950,2026-07-31,5.0,95
bb38495a-6bba-417e-940c-92990c87e950,2026-08-01,5.0,95
bb38495a-6bba-417e-940c-92990c87e950,2026-08-02,5.0,95
bb38495a-6bba-417e-940c-92990c87e950,2026-08-03,5.0,95
bb38495a-6bba-417e-940c-92990c87e950,2026-08-04,5.0,95
bb38495a-6bba-417e-940c-92990c87e950,2026-08-05,1.4,98
bb4b1f34-19af-4068-a6cb-deccd1819b68,2026-07-30,5.0,95
bb4b1f34-19af-4068-a6cb-deccd1819b68,2026-07-31,5.0,95
bb4b1f34-19af-4068-a6cb-deccd1819b68,2026-08-01,5.0,95
bb4b1f34-19af-4068-a6cb-deccd1819b68,2026-08-02,5.0,95
bb4b1f34-19af-4068-a6cb-deccd1819b68,2026-08-03,5.0,95
bb4b1f34-19af-4068-a6cb-deccd1819b68,2026-08-04,5.0,95
bb4b1f34-19af-4068-a6cb-deccd1819b68,2026-08-05,1.4,98
bb9194d4-d2ca-4a78-85de-726f1e709591,2026-07-30,5.0,95
bb9194d4-d2ca-4a78-85de-726f1e709591,2026-07-31,5.0,95
bb9194d4-d2ca-4a78-85de-726f1e709591,2026-08-01,5.0,95
bb9194d4-d2ca-4a78-85de-726f1e709591,2026-08-02,5.0,95
bb9194d4-d2ca-4a78-85de-726f1e709591,2026-08-03,5.0,95
bb9194d4-d2ca-4a78-85de-726f1e709591,2026-08-04,5.0,95
bb9194d4-d2ca-4a78-85de-726f1e709591,2026-08-05,1.4,98
bbbb2b60-60dd-4b0a-b9ab-95df62428cad,2026-07-30,5.0,95
bbbb2b60-60dd-4b0a-b9ab-95df62428cad,2026-07-31,5.0,95
bbbb2b60-60dd-4b0a-b9ab-95df62428cad,2026-08-01,5.0,95
bbbb2b60-60dd-4b0a-b9ab-95df62428cad,2026-08-02,5.0,95
bbbb2b60-60dd-4b0a-b9ab-95df62428cad,2026-08-03,5.0,95
bbbb2b60-60dd-4b0a-b9ab-95df62428cad,2026-08-04,5.0,95
bbbb2b60-60dd-4b0a-b9ab-95df62428cad,2026-08-05,1.3,98
c14de23d-d12c-48c5-bbb8-261fb56ff2b4,2026-07-30,5.0,95
c14de23d-d12c-48c5-bbb8-261fb56ff2b4,2026-07-31,5.0,95
c14de23d-d12c-48c5-bbb8-261fb56ff2b4,2026-08-01,5.0,95
c14de23d-d12c-48c5-bbb8-261fb56ff2b4,2026-08-02,5.96,94
c14de23d-d12c-48c5-bbb8-261fb56ff2b4,2026-08-03,5.0,95
c14de23d-d12c-48c5-bbb8-261fb56ff2b4,2026-08-04,5.0,95
c14de23d-d12c-48c5-bbb8-261fb56ff2b4,2026-08-05,1.4,98
c21339d9-0fc9-473c-81d6-84ee11b99b9e,2026-07-30,5.0,95
c21339d9-0fc9-473c-81d6-84ee11b99b9e,2026-07-31,5.0,95
c21339d9-0fc9-473c-81d6-84ee11b99b9e,2026-08-01,5.0,95
c21339d9-0fc9-473c-81d6-84ee11b99b9e,2026-08-02,5.0,95
c21339d9-0fc9-473c-81d6-84ee11b99b9e,2026-08-03,5.0,95
c21339d9-0fc9-473c-81d6-84ee11b99b9e,2026-08-04,5.0,95
c21339d9-0fc9-473c-81d6-84ee11b99b9e,2026-08-05,1.4,98
c3c2787a-a5a9-4abc-b779-dae822d32074,2026-07-30,5.0,95
c3c2787a-a5a9-4abc-b779-dae822d32074,2026-07-31,5.0,95
c3c2787a-a5a9-4abc-b779-dae822d32074,2026-08-01,5.0,95
c3c2787a-a5a9-4abc-b779-dae822d32074,2026-08-02,5.0,95
c3c2787a-a5a9-4abc-b779-dae822d32074,2026-08-03,5.0,95
c3c2787a-a5a9-4abc-b779-dae822d32074,2026-08-04,5.0,95
c3c2787a-a5a9-4abc-b779-dae822d32074,2026-08-05,1.4,98
c93455b8-81aa-4871-a5bb-74c6a07eb0b6,2026-07-30,5.0,95
c93455b8-81aa-4871-a5bb-74c6a07eb0b6,2026-07-31,5.0,95
c93455b8-81aa-4871-a5bb-74c6a07eb0b6,2026-08-01,5.0,95
c93455b8-81aa-4871-a5bb-74c6a07eb0b6,2026-08-02,5.0,95
c93455b8-81aa-4871-a5bb-74c6a07eb0b6,2026-08-03,5.0,95
c93455b8-81aa-4871-a5bb-74c6a07eb0b6,2026-08-04,5.0,95
c93455b8-81aa-4871-a5bb-74c6a07eb0b6,2026-08-05,1.4,98
d2130fd9-3a74-4607-8b67-ad6c8abab836,2026-07-30,94.75,5
d2130fd9-3a74-4607-8b67-ad6c8abab836,2026-07-31,90.5,9
d2130fd9-3a74-4607-8b67-ad6c8abab836,2026-08-01,97.4,2
d2130fd9-3a74-4607-8b67-ad6c8abab836,2026-08-02,96.56,3
d2130fd9-3a74-4607-8b67-ad6c8abab836,2026-08-03,92.66,7
d2130fd9-3a74-4607-8b67-ad6c8abab836,2026-08-04,93.27,6
d2130fd9-3a74-4607-8b67-ad6c8abab836,2026-08-05,96.4,3
d2a2dcbb-f5be-4dad-88b7-aab4f06374bd,2026-07-30,77.66,22
d2a2dcbb-f5be-4dad-88b7-aab4f06374bd,2026-07-31,83.9,16
d2a2dcbb-f5be-4dad-88b7-aab4f06374bd,2026-08-01,84.19,15
d2a2dcbb-f5be-4dad-88b7-aab4f06374bd,2026-08-02,84.9,15
d2a2dcbb-f5be-4dad-88b7-aab4f06374bd,2026-08-03,86.25,13
d2a2dcbb-f5be-4dad-88b7-aab4f06374bd,2026-08-04,82.62,17
d2a2dcbb-f5be-4dad-88b7-aab4f06374bd,2026-08-05,84.0,16
d33ee3da-de7e-40fa-80cd-9d12601d984d,2026-07-30,5.0,95
d33ee3da-de7e-40fa-80cd-9d12601d984d,2026-07-31,5.0,95
d33ee3da-de7e-40fa-80cd-9d12601d984d,2026-08-01,5.0,95
d33ee3da-de7e-40fa-80cd-9d12601d984d,2026-08-02,5.0,95
d33ee3da-de7e-40fa-80cd-9d12601d984d,2026-08-03,5.0,95
d33ee3da-de7e-40fa-80cd-9d12601d984d,2026-08-04,5.0,95
d33ee3da-de7e-40fa-80cd-9d12601d984d,2026-08-05,2.5,97
d3eb603d-9879-4273-a4d3-10f7b5211c5d,2026-07-30,5.0,95
d3eb603d-9879-4273-a4d3-10f7b5211c5d,2026-07-31,5.0,95
d3eb603d-9879-4273-a4d3-10f7b5211c5d,2026-08-01,5.0,95
d3eb603d-9879-4273-a4d3-10f7b5211c5d,2026-08-02,6.3,93
d3eb603d-9879-4273-a4d3-10f7b5211c5d,2026-08-03,5.0,95
d3eb603d-9879-4273-a4d3-10f7b5211c5d,2026-08-04,5.0,95
d3eb603d-9879-4273-a4d3-10f7b5211c5d,2026-08-05,1.4,98
d785d065-1c9c-43e2-ae79-95116f74391e,2026-07-30,5.0,95
d785d065-1c9c-43e2-ae79-95116f74391e,2026-07-31,6.14,93
d785d065-1c9c-43e2-ae79-95116f74391e,2026-08-01,5.0,95
d785d065-1c9c-43e2-ae79-95116f74391e,2026-08-02,5.0,95
d785d065-1c9c-43e2-ae79-95116f74391e,2026-08-03,5.0,95
d785d065-1c9c-43e2-ae79-95116f74391e,2026-08-04,5.0,95
d785d065-1c9c-43e2-ae79-95116f74391e,2026-08-05,2.2,97
db74dea1-b9e7-4246-b7ac-a7ac41e68801,2026-07-30,5.0,95
db74dea1-b9e7-4246-b7ac-a7ac41e68801,2026-07-31,5.0,95
db74dea1-b9e7-4246-b7ac-a7ac41e68801,2026-08-01,5.0,95
db74dea1-b9e7-4246-b7ac-a7ac41e68801,2026-08-02,5.0,95
db74dea1-b9e7-4246-b7ac-a7ac41e68801,2026-08-03,5.0,95
db74dea1-b9e7-4246-b7ac-a7ac41e68801,2026-08-04,5.0,95
db74dea1-b9e7-4246-b7ac-a7ac41e68801,2026-08-05,2.6,97
02a3d8e9-6443-4201-952c-ac2aa00aa37f,2026-07-30,5.0,95
02a3d8e9-6443-4201-952c-ac2aa00aa37f,2026-07-31,5.0,95
02a3d8e9-6443-4201-952c-ac2aa00aa37f,2026-08-01,5.0,95
02a3d8e9-6443-4201-952c-ac2aa00aa37f,2026-08-02,5.0,95
02a3d8e9-6443-4201-952c-ac2aa00aa37f,2026-08-03,5.0,95
02a3d8e9-6443-4201-952c-ac2aa00aa37f,2026-08-04,5.0,95
02a3d8e9-6443-4201-952c-ac2aa00aa37f,2026-08-05,1.3,98
030f8b81-772a-4635-a05e-adee4e055f84,2026-07-30,5.0,95
030f8b81-772a-4635-a05e-adee4e055f84,2026-07-31,5.0,95
030f8b81-772a-4635-a05e-adee4e055f84,2026-08-01,5.0,95
030f8b81-772a-4635-a05e-adee4e055f84,2026-08-02,5.0,95
030f8b81-772a-4635-a05e-adee4e055f84,2026-08-03,5.0,95
030f8b81-772a-4635-a05e-adee4e055f84,2026-08-04,5.0,95
030f8b81-772a-4635-a05e-adee4e055f84,2026-08-05,1.4,98
1b003129-4201-433c-a7d8-2420bc0a52ff,2026-07-30,5.0,95
1b003129-4201-433c-a7d8-2420bc0a52ff,2026-07-31,5.0,95
1b003129-4201-433c-a7d8-2420bc0a52ff,2026-08-01,5.0,95
1b003129-4201-433c-a7d8-2420bc0a52ff,2026-08-02,5.0,95
1b003129-4201-433c-a7d8-2420bc0a52ff,2026-08-03,5.0,95
1b003129-4201-433c-a7d8-2420bc0a52ff,2026-08-04,5.0,95
1b003129-4201-433c-a7d8-2420bc0a52ff,2026-08-05,1.4,98
1b0458a3-2e4e-425a-8518-e62f2bfd1c0a,2026-07-30,5.0,95
1b0458a3-2e4e-425a-8518-e62f2bfd1c0a,2026-07-31,5.0,95
1b0458a3-2e4e-425a-8518-e62f2bfd1c0a,2026-08-01,5.0,95
1b0458a3-2e4e-425a-8518-e62f2bfd1c0a,2026-08-02,5.0,95
1b0458a3-2e4e-425a-8518-e62f2bfd1c0a,2026-08-03,5.0,95
1b0458a3-2e4e-425a-8518-e62f2bfd1c0a,2026-08-04,5.0,95
1b0458a3-2e4e-425a-8518-e62f2bfd1c0a,2026-08-05,1.4,98
1c1fa00e-71c8-4e19-8c91-4f7ed01785a4,2026-07-30,5.0,95
1c1fa00e-71c8-4e19-8c91-4f7ed01785a4,2026-07-31,6.19,93
1c1fa00e-71c8-4e19-8c91-4f7ed01785a4,2026-08-01,5.0,95
1c1fa00e-71c8-4e19-8c91-4f7ed01785a4,2026-08-02,5.0,95
1c1fa00e-71c8-4e19-8c91-4f7ed01785a4,2026-08-03,5.0,95
1c1fa00e-71c8-4e19-8c91-4f7ed01785a4,2026-08-04,5.0,95
1c1fa00e-71c8-4e19-8c91-4f7ed01785a4,2026-08-05,1.4,98
21cd442e-fcb7-4ece-a737-047c1aa2a3b9,2026-07-30,5.0,95
21cd442e-fcb7-4ece-a737-047c1aa2a3b9,2026-07-31,5.0,95
21cd442e-fcb7-4ece-a737-047c1aa2a3b9,2026-08-01,5.0,95
21cd442e-fcb7-4ece-a737-047c1aa2a3b9,2026-08-02,5.0,95
21cd442e-fcb7-4ece-a737-047c1aa2a3b9,2026-08-03,5.0,95
21cd442e-fcb7-4ece-a737-047c1aa2a3b9,2026-08-04,5.0,95
21cd442e-fcb7-4ece-a737-047c1aa2a3b9,2026-08-05,1.4,98
233b52dc-104d-40ad-9694-53ff0ce2ba40,2026-07-30,5.0,95
233b52dc-104d-40ad-9694-53ff0ce2ba40,2026-07-31,5.0,95
233b52dc-104d-40ad-9694-53ff0ce2ba40,2026-08-01,5.0,95
233b52dc-104d-40ad-9694-53ff0ce2ba40,2026-08-02,5.0,95
233b52dc-104d-40ad-9694-53ff0ce2ba40,2026-08-03,5.0,95
233b52dc-104d-40ad-9694-53ff0ce2ba40,2026-08-04,5.0,95
233b52dc-104d-40ad-9694-53ff0ce2ba40,2026-08-05,1.4,98
3afd780d-6e7b-4f80-8c34-b565f0a6d351,2026-07-30,5.0,95
3afd780d-6e7b-4f80-8c34-b565f0a6d351,2026-07-31,5.0,95
3afd780d-6e7b-4f80-8c34-b565f0a6d351,2026-08-01,5.0,95
3afd780d-6e7b-4f80-8c34-b565f0a6d351,2026-08-02,5.0,95
3afd780d-6e7b-4f80-8c34-b565f0a6d351,2026-08-03,5.0,95
3afd780d-6e7b-4f80-8c34-b565f0a6d351,2026-08-04,5.0,95
3afd780d-6e7b-4f80-8c34-b565f0a6d351,2026-08-05,1.4,98
3b3ddde2-e0f2-41a2-af4a-a3b5485a3981,2026-07-30,5.0,95
3b3ddde2-e0f2-41a2-af4a-a3b5485a3981,2026-07-31,5.0,95
3b3ddde2-e0f2-41a2-af4a-a3b5485a3981,2026-08-01,5.0,95
3b3ddde2-e0f2-41a2-af4a-a3b5485a3981,2026-08-02,5.0,95
3b3ddde2-e0f2-41a2-af4a-a3b5485a3981,2026-08-03,5.0,95
3b3ddde2-e0f2-41a2-af4a-a3b5485a3981,2026-08-04,5.0,95
3b3ddde2-e0f2-41a2-af4a-a3b5485a3981,2026-08-05,1.4,98
3bc02f99-cdf3-49ee-b02b-50b4315edd45,2026-07-30,5.0,95
3bc02f99-cdf3-49ee-b02b-50b4315edd45,2026-07-31,5.0,95
3bc02f99-cdf3-49ee-b02b-50b4315edd45,2026-08-01,5.0,95
3bc02f99-cdf3-49ee-b02b-50b4315edd45,2026-08-02,5.0,95
3bc02f99-cdf3-49ee-b02b-50b4315edd45,2026-08-03,5.0,95
3bc02f99-cdf3-49ee-b02b-50b4315edd45,2026-08-04,5.0,95
3bc02f99-cdf3-49ee-b02b-50b4315edd45,2026-08-05,1.4,98
3bf0c798-f74d-409c-a59b-d057a15b01d7,2026-07-30,5.0,95
3bf0c798-f74d-409c-a59b-d057a15b01d7,2026-07-31,5.0,95
3bf0c798-f74d-409c-a59b-d057a15b01d7,2026-08-01,5.0,95
3bf0c798-f74d-409c-a59b-d057a15b01d7,2026-08-02,5.0,95
3bf0c798-f74d-409c-a59b-d057a15b01d7,2026-08-03,5.0,95
3bf0c798-f74d-409c-a59b-d057a15b01d7,2026-08-04,5.0,95
3bf0c798-f74d-409c-a59b-d057a15b01d7,2026-08-05,1.4,98
3c2d71ab-87b9-4f96-924b-11814515958d,2026-07-30,5.0,95
3c2d71ab-87b9-4f96-924b-11814515958d,2026-07-31,5.0,95
3c2d71ab-87b9-4f96-924b-11814515958d,2026-08-01,5.75,94
3c2d71ab-87b9-4f96-924b-11814515958d,2026-08-02,5.0,95
3c2d71ab-87b9-4f96-924b-11814515958d,2026-08-03,5.0,95
3c2d71ab-87b9-4f96-924b-11814515958d,2026-08-04,5.0,95
3c2d71ab-87b9-4f96-924b-11814515958d,2026-08-05,1.4,98
5e1b3360-421f-4934-9b3e-5213d8bb49c2,2026-07-30,5.0,95
5e1b3360-421f-4934-9b3e-5213d8bb49c2,2026-07-31,5.0,95
5e1b3360-421f-4934-9b3e-5213d8bb49c2,2026-08-01,5.0,95
5e1b3360-421f-4934-9b3e-5213d8bb49c2,2026-08-02,5.0,95
5e1b3360-421f-4934-9b3e-5213d8bb49c2,2026-08-03,5.0,95
5e1b3360-421f-4934-9b3e-5213d8bb49c2,2026-08-04,5.0,95
5e1b3360-421f-4934-9b3e-5213d8bb49c2,2026-08-05,1.4,98
7331af1b-44a1-4de2-ac70-309f3c291e94,2026-07-30,5.0,95
7331af1b-44a1-4de2-ac70-309f3c291e94,2026-07-31,5.0,95
7331af1b-44a1-4de2-ac70-309f3c291e94,2026-08-01,5.0,95
7331af1b-44a1-4de2-ac70-309f3c291e94,2026-08-02,5.0,95
7331af1b-44a1-4de2-ac70-309f3c291e94,2026-08-03,5.0,95
7331af1b-44a1-4de2-ac70-309f3c291e94,2026-08-04,5.0,95
7331af1b-44a1-4de2-ac70-309f3c291e94,2026-08-05,1.4,98
73376f1a-cd49-4c75-b7f9-15131726a9b8,2026-07-30,5.0,95
73376f1a-cd49-4c75-b7f9-15131726a9b8,2026-07-31,5.0,95
73376f1a-cd49-4c75-b7f9-15131726a9b8,2026-08-01,5.0,95
73376f1a-cd49-4c75-b7f9-15131726a9b8,2026-08-02,5.0,95
73376f1a-cd49-4c75-b7f9-15131726a9b8,2026-08-03,5.0,95
73376f1a-cd49-4c75-b7f9-15131726a9b8,2026-08-04,5.0,95
73376f1a-cd49-4c75-b7f9-15131726a9b8,2026-08-05,1.4,98
738cff2c-9e1f-431f-87a8-77924f7d0fc0,2026-07-30,5.0,95
738cff2c-9e1f-431f-87a8-77924f7d0fc0,2026-07-31,5.0,95
738cff2c-9e1f-431f-87a8-77924f7d0fc0,2026-08-01,5.0,95
738cff2c-9e1f-431f-87a8-77924f7d0fc0,2026-08-02,5.0,95
738cff2c-9e1f-431f-87a8-77924f7d0fc0,2026-08-03,5.0,95
738cff2c-9e1f-431f-87a8-77924f7d0fc0,2026-08-04,5.0,95
738cff2c-9e1f-431f-87a8-77924f7d0fc0,2026-08-05,1.4,98
73ed010f-89e3-4978-b8ad-205c546537ec,2026-07-30,5.0,95
73ed010f-89e3-4978-b8ad-205c546537ec,2026-07-31,5.0,95
73ed010f-89e3-4978-b8ad-205c546537ec,2026-08-01,5.0,95
73ed010f-89e3-4978-b8ad-205c546537ec,2026-08-02,5.14,94
73ed010f-89e3-4978-b8ad-205c546537ec,2026-08-03,5.9,94
73ed010f-89e3-4978-b8ad-205c546537ec,2026-08-04,5.0,95
73ed010f-89e3-4978-b8ad-205c546537ec,2026-08-05,1.4,98
73fd73b2-280c-4dbb-822d-cb114418201e,2026-07-30,5.0,95
73fd73b2-280c-4dbb-822d-cb114418201e,2026-07-31,5.0,95
73fd73b2-280c-4dbb-822d-cb114418201e,2026-08-01,5.0,95
73fd73b2-280c-4dbb-822d-cb114418201e,2026-08-02,5.0,95
73fd73b2-280c-4dbb-822d-cb114418201e,2026-08-03,5.0,95
73fd73b2-280c-4dbb-822d-cb114418201e,2026-08-04,5.0,95
73fd73b2-280c-4dbb-822d-cb114418201e,2026-08-05,1.4,98
74f567ad-923e-474a-9cb6-d07a6b18df65,2026-07-30,5.0,95
74f567ad-923e-474a-9cb6-d07a6b18df65,2026-07-31,5.0,95
74f567ad-923e-474a-9cb6-d07a6b18df65,2026-08-01,5.0,95
74f567ad-923e-474a-9cb6-d07a6b18df65,2026-08-02,5.0,95
74f567ad-923e-474a-9cb6-d07a6b18df65,2026-08-03,5.0,95
74f567ad-923e-474a-9cb6-d07a6b18df65,2026-08-04,5.0,95
74f567ad-923e-474a-9cb6-d07a6b18df65,2026-08-05,1.4,98
779eec1d-da0d-42e4-861d-40985f01c712,2026-07-30,5.0,95
779eec1d-da0d-42e4-861d-40985f01c712,2026-07-31,5.0,95
779eec1d-da0d-42e4-861d-40985f01c712,2026-08-01,5.0,95
779eec1d-da0d-42e4-861d-40985f01c712,2026-08-02,5.0,95
779eec1d-da0d-42e4-861d-40985f01c712,2026-08-03,5.0,95
779eec1d-da0d-42e4-861d-40985f01c712,2026-08-04,5.0,95
779eec1d-da0d-42e4-861d-40985f01c712,2026-08-05,1.4,98
77b109f7-4aea-400e-97b9-d4e842ab1b20,2026-07-30,5.0,95
77b109f7-4aea-400e-97b9-d4e842ab1b20,2026-07-31,5.0,95
77b109f7-4aea-400e-97b9-d4e842ab1b20,2026-08-01,5.0,95
77b109f7-4aea-400e-97b9-d4e842ab1b20,2026-08-02,5.42,94
77b109f7-4aea-400e-97b9-d4e842ab1b20,2026-08-03,5.0,95
77b109f7-4aea-400e-97b9-d4e842ab1b20,2026-08-04,5.0,95
77b109f7-4aea-400e-97b9-d4e842ab1b20,2026-08-05,1.4,98
7b78cc7f-568d-4196-9ef9-8b7258a8ad4d,2026-07-30,5.0,95
7b78cc7f-568d-4196-9ef9-8b7258a8ad4d,2026-07-31,5.0,95
7b78cc7f-568d-4196-9ef9-8b7258a8ad4d,2026-08-01,5.0,95
7b78cc7f-568d-4196-9ef9-8b7258a8ad4d,2026-08-02,5.0,95
7b78cc7f-568d-4196-9ef9-8b7258a8ad4d,2026-08-03,5.0,95
7b78cc7f-568d-4196-9ef9-8b7258a8ad4d,2026-08-04,5.0,95
7b78cc7f-568d-4196-9ef9-8b7258a8ad4d,2026-08-05,1.4,98
7dc1da05-bfe2-450b-bab3-7f54899d336a,2026-07-30,5.0,95
7dc1da05-bfe2-450b-bab3-7f54899d336a,2026-07-31,5.0,95
7dc1da05-bfe2-450b-bab3-7f54899d336a,2026-08-01,5.0,95
7dc1da05-bfe2-450b-bab3-7f54899d336a,2026-08-02,5.0,95
7dc1da05-bfe2-450b-bab3-7f54899d336a,2026-08-03,5.0,95
7dc1da05-bfe2-450b-bab3-7f54899d336a,2026-08-04,5.0,95
7dc1da05-bfe2-450b-bab3-7f54899d336a,2026-08-05,1.3,98
7f164708-08b2-429e-a2cb-79dcd4c16d82,2026-07-30,5.0,95
7f164708-08b2-429e-a2cb-79dcd4c16d82,2026-07-31,5.0,95
7f164708-08b2-429e-a2cb-79dcd4c16d82,2026-08-01,5.0,95
7f164708-08b2-429e-a2cb-79dcd4c16d82,2026-08-02,5.0,95
7f164708-08b2-429e-a2cb-79dcd4c16d82,2026-08-03,5.0,95
7f164708-08b2-429e-a2cb-79dcd4c16d82,2026-08-04,5.0,95
7f164708-08b2-429e-a2cb-79dcd4c16d82,2026-08-05,1.3,98
82d3d795-3f2d-4546-999c-431799c04339,2026-07-30,5.0,95
82d3d795-3f2d-4546-999c-431799c04339,2026-07-31,5.0,95
82d3d795-3f2d-4546-999c-431799c04339,2026-08-01,5.0,95
82d3d795-3f2d-4546-999c-431799c04339,2026-08-02,5.51,94
82d3d795-3f2d-4546-999c-431799c04339,2026-08-03,5.0,95
82d3d795-3f2d-4546-999c-431799c04339,2026-08-04,5.0,95
82d3d795-3f2d-4546-999c-431799c04339,2026-08-05,1.4,98
832bf770-9165-4fe1-a984-5ffc2ef698b6,2026-07-30,5.0,95
832bf770-9165-4fe1-a984-5ffc2ef698b6,2026-07-31,5.0,95
832bf770-9165-4fe1-a984-5ffc2ef698b6,2026-08-01,5.0,95
832bf770-9165-4fe1-a984-5ffc2ef698b6,2026-08-02,5.0,95
832bf770-9165-4fe1-a984-5ffc2ef698b6,2026-08-03,5.0,95
832bf770-9165-4fe1-a984-5ffc2ef698b6,2026-08-04,5.49,94
832bf770-9165-4fe1-a984-5ffc2ef698b6,2026-08-05,1.4,98
832f9883-88fe-4993-9b18-7f033226b644,2026-07-30,5.0,95
832f9883-88fe-4993-9b18-7f033226b644,2026-07-31,5.0,95
832f9883-88fe-4993-9b18-7f033226b644,2026-08-01,5.0,95
832f9883-88fe-4993-9b18-7f033226b644,2026-08-02,5.0,95
832f9883-88fe-4993-9b18-7f033226b644,2026-08-03,5.0,95
832f9883-88fe-4993-9b18-7f033226b644,2026-08-04,5.0,95
832f9883-88fe-4993-9b18-7f033226b644,2026-08-05,1.4,98
83beaa8e-f306-4201-b10c-77137b10dbc9,2026-07-30,5.0,95
83beaa8e-f306-4201-b10c-77137b10dbc9,2026-07-31,5.0,95
83beaa8e-f306-4201-b10c-77137b10dbc9,2026-08-01,5.0,95
83beaa8e-f306-4201-b10c-77137b10dbc9,2026-08-02,5.0,95
83beaa8e-f306-4201-b10c-77137b10dbc9,2026-08-03,5.0,95
83beaa8e-f306-4201-b10c-77137b10dbc9,2026-08-04,5.0,95
83beaa8e-f306-4201-b10c-77137b10dbc9,2026-08-05,1.4,98
83fe93c2-551f-4ccc-a559-d6ec5a81db0e,2026-07-30,6.68,93
83fe93c2-551f-4ccc-a559-d6ec5a81db0e,2026-07-31,5.34,94
83fe93c2-551f-4ccc-a559-d6ec5a81db0e,2026-08-01,5.0,95
83fe93c2-551f-4ccc-a559-d6ec5a81db0e,2026-08-02,5.0,95
83fe93c2-551f-4ccc-a559-d6ec5a81db0e,2026-08-03,5.0,95
83fe93c2-551f-4ccc-a559-d6ec5a81db0e,2026-08-04,5.0,95
83fe93c2-551f-4ccc-a559-d6ec5a81db0e,2026-08-05,1.4,98
841c8df4-dcfc-47aa-ad0e-0d0c5e80f8c5,2026-07-30,6.31,93
841c8df4-dcfc-47aa-ad0e-0d0c5e80f8c5,2026-07-31,5.0,95
841c8df4-dcfc-47aa-ad0e-0d0c5e80f8c5,2026-08-01,5.0,95
841c8df4-dcfc-47aa-ad0e-0d0c5e80f8c5,2026-08-02,5.97,94
841c8df4-dcfc-47aa-ad0e-0d0c5e80f8c5,2026-08-03,5.0,95
841c8df4-dcfc-47aa-ad0e-0d0c5e80f8c5,2026-08-04,5.0,95
841c8df4-dcfc-47aa-ad0e-0d0c5e80f8c5,2026-08-05,1.4,98
8c7d8186-696a-400c-99f8-aaa6939331b2,2026-07-30,5.0,95
8c7d8186-696a-400c-99f8-aaa6939331b2,2026-07-31,5.0,95
8c7d8186-696a-400c-99f8-aaa6939331b2,2026-08-01,5.0,95
8c7d8186-696a-400c-99f8-aaa6939331b2,2026-08-02,5.0,95
8c7d8186-696a-400c-99f8-aaa6939331b2,2026-08-03,5.0,95
8c7d8186-696a-400c-99f8-aaa6939331b2,2026-08-04,5.0,95
8c7d8186-696a-400c-99f8-aaa6939331b2,2026-08-05,1.4,98
8c95cca2-5690-4a97-ab61-ccdd9877b221,2026-07-30,5.0,95
8c95cca2-5690-4a97-ab61-ccdd9877b221,2026-07-31,5.0,95
8c95cca2-5690-4a97-ab61-ccdd9877b221,2026-08-01,5.0,95
8c95cca2-5690-4a97-ab61-ccdd9877b221,2026-08-02,5.0,95
8c95cca2-5690-4a97-ab61-ccdd9877b221,2026-08-03,5.0,95
8c95cca2-5690-4a97-ab61-ccdd9877b221,2026-08-04,5.0,95
8c95cca2-5690-4a97-ab61-ccdd9877b221,2026-08-05,1.4,98
8eae43e3-5524-4ec8-b336-e72f9f3e099b,2026-07-30,5.0,95
8eae43e3-5524-4ec8-b336-e72f9f3e099b,2026-07-31,5.0,95
8eae43e3-5524-4ec8-b336-e72f9f3e099b,2026-08-01,5.82,94
8eae43e3-5524-4ec8-b336-e72f9f3e099b,2026-08-02,5.0,95
8eae43e3-5524-4ec8-b336-e72f9f3e099b,2026-08-03,5.0,95
8eae43e3-5524-4ec8-b336-e72f9f3e099b,2026-08-04,5.0,95
8eae43e3-5524-4ec8-b336-e72f9f3e099b,2026-08-05,1.3,98
8eb237b0-157a-4dbb-9be0-6583fb7d1aa7,2026-07-30,5.0,95
8eb237b0-157a-4dbb-9be0-6583fb7d1aa7,2026-07-31,5.0,95
8eb237b0-157a-4dbb-9be0-6583fb7d1aa7,2026-08-01,5.0,95
8eb237b0-157a-4dbb-9be0-6583fb7d1aa7,2026-08-02,5.0,95
8eb237b0-157a-4dbb-9be0-6583fb7d1aa7,2026-08-03,5.0,95
8eb237b0-157a-4dbb-9be0-6583fb7d1aa7,2026-08-04,5.93,94
8eb237b0-157a-4dbb-9be0-6583fb7d1aa7,2026-08-05,5.6,94
8ec8c9e9-cda4-4619-834c-31b3c6b0332e,2026-07-30,5.0,95
8ec8c9e9-cda4-4619-834c-31b3c6b0332e,2026-07-31,5.0,95
8ec8c9e9-cda4-4619-834c-31b3c6b0332e,2026-08-01,5.0,95
8ec8c9e9-cda4-4619-834c-31b3c6b0332e,2026-08-02,5.0,95
8ec8c9e9-cda4-4619-834c-31b3c6b0332e,2026-08-03,5.0,95
8ec8c9e9-cda4-4619-834c-31b3c6b0332e,2026-08-04,5.0,95
8ec8c9e9-cda4-4619-834c-31b3c6b0332e,2026-08-05,1.4,98
9d75f40a-cda3-471b-90a4-df27fd1a831d,2026-07-30,5.0,95
9d75f40a-cda3-471b-90a4-df27fd1a831d,2026-07-31,5.0,95
9d75f40a-cda3-471b-90a4-df27fd1a831d,2026-08-01,5.0,95
9d75f40a-cda3-471b-90a4-df27fd1a831d,2026-08-02,6.61,93
9d75f40a-cda3-471b-90a4-df27fd1a831d,2026-08-03,5.0,95
9d75f40a-cda3-471b-90a4-df27fd1a831d,2026-08-04,5.0,95
9d75f40a-cda3-471b-90a4-df27fd1a831d,2026-08-05,1.4,98
9e525636-84a5-4857-aa17-830831d719bb,2026-07-30,5.0,95
9e525636-84a5-4857-aa17-830831d719bb,2026-07-31,5.0,95
9e525636-84a5-4857-aa17-830831d719bb,2026-08-01,5.0,95
9e525636-84a5-4857-aa17-830831d719bb,2026-08-02,5.2,94
9e525636-84a5-4857-aa17-830831d719bb,2026-08-03,5.0,95
9e525636-84a5-4857-aa17-830831d719bb,2026-08-04,5.0,95
9e525636-84a5-4857-aa17-830831d719bb,2026-08-05,3.8,96
9fe776dd-4734-4677-a97a-7073e28591b1,2026-07-30,84.65,15
9fe776dd-4734-4677-a97a-7073e28591b1,2026-07-31,88.69,11
9fe776dd-4734-4677-a97a-7073e28591b1,2026-08-01,98.0,2
9fe776dd-4734-4677-a97a-7073e28591b1,2026-08-02,98.0,2
9fe776dd-4734-4677-a97a-7073e28591b1,2026-08-03,96.36,3
9fe776dd-4734-4677-a97a-7073e28591b1,2026-08-04,96.3,3
9fe776dd-4734-4677-a97a-7073e28591b1,2026-08-05,96.0,4
a014babf-fb02-4360-860c-2bc583d81205,2026-07-30,81.85,18
a014babf-fb02-4360-860c-2bc583d81205,2026-07-31,86.76,13
a014babf-fb02-4360-860c-2bc583d81205,2026-08-01,89.71,10
a014babf-fb02-4360-860c-2bc583d81205,2026-08-02,81.53,18
a014babf-fb02-4360-860c-2bc583d81205,2026-08-03,89.5,10
a014babf-fb02-4360-860c-2bc583d81205,2026-08-04,85.45,14
a014babf-fb02-4360-860c-2bc583d81205,2026-08-05,88.2,11
a034cd33-3b4e-42b6-afef-80f0e101a007,2026-07-30,5.0,95
a034cd33-3b4e-42b6-afef-80f0e101a007,2026-07-31,5.0,95
a034cd33-3b4e-42b6-afef-80f0e101a007,2026-08-01,5.0,95
a034cd33-3b4e-42b6-afef-80f0e101a007,2026-08-02,5.0,95
a034cd33-3b4e-42b6-afef-80f0e101a007,2026-08-03,5.0,95
a034cd33-3b4e-42b6-afef-80f0e101a007,2026-08-04,5.0,95
a034cd33-3b4e-42b6-afef-80f0e101a007,2026-08-05,1.4,98
a09cd881-f1a6-4081-b3f2-effd71ddb0c8,2026-07-30,5.0,95
a09cd881-f1a6-4081-b3f2-effd71ddb0c8,2026-07-31,5.0,95
a09cd881-f1a6-4081-b3f2-effd71ddb0c8,2026-08-01,5.0,95
a09cd881-f1a6-4081-b3f2-effd71ddb0c8,2026-08-02,5.0,95
a09cd881-f1a6-4081-b3f2-effd71ddb0c8,2026-08-03,5.25,94
a09cd881-f1a6-4081-b3f2-effd71ddb0c8,2026-08-04,5.0,95
a09cd881-f1a6-4081-b3f2-effd71ddb0c8,2026-08-05,1.4,98
a0e0d6cc-f42e-4819-a3da-8e0414114975,2026-07-30,93.56,6
a0e0d6cc-f42e-4819-a3da-8e0414114975,2026-07-31,93.61,6
a0e0d6cc-f42e-4819-a3da-8e0414114975,2026-08-01,98.0,2
a0e0d6cc-f42e-4819-a3da-8e0414114975,2026-08-02,97.16,2
a0e0d6cc-f42e-4819-a3da-8e0414114975,2026-08-03,94.77,5
a0e0d6cc-f42e-4819-a3da-8e0414114975,2026-08-04,97.73,2
a0e0d6cc-f42e-4819-a3da-8e0414114975,2026-08-05,97.0,3
a10bb29d-0bf0-40d9-b4ee-28bc1d196959,2026-07-30,5.0,95
a10bb29d-0bf0-40d9-b4ee-28bc1d196959,2026-07-31,5.0,95
a10bb29d-0bf0-40d9-b4ee-28bc1d196959,2026-08-01,5.0,95
a10bb29d-0bf0-40d9-b4ee-28bc1d196959,2026-08-02,5.0,95
a10bb29d-0bf0-40d9-b4ee-28bc1d196959,2026-08-03,5.0,95
a10bb29d-0bf0-40d9-b4ee-28bc1d196959,2026-08-04,5.0,95
a10bb29d-0bf0-40d9-b4ee-28bc1d196959,2026-08-05,1.3,98
a154d86e-4512-40a4-bee5-2ecda82d70ae,2026-07-30,5.0,95
a154d86e-4512-40a4-bee5-2ecda82d70ae,2026-07-31,5.0,95
a154d86e-4512-40a4-bee5-2ecda82d70ae,2026-08-01,5.0,95
a154d86e-4512-40a4-bee5-2ecda82d70ae,2026-08-02,5.0,95
a154d86e-4512-40a4-bee5-2ecda82d70ae,2026-08-03,5.0,95
a154d86e-4512-40a4-bee5-2ecda82d70ae,2026-08-04,5.0,95
a154d86e-4512-40a4-bee5-2ecda82d70ae,2026-08-05,1.4,98
a15872bd-47b4-4ada-9e5e-c67408e8c3eb,2026-07-30,5.0,95
a15872bd-47b4-4ada-9e5e-c67408e8c3eb,2026-07-31,5.0,95
a15872bd-47b4-4ada-9e5e-c67408e8c3eb,2026-08-01,5.0,95
a15872bd-47b4-4ada-9e5e-c67408e8c3eb,2026-08-02,5.0,95
a15872bd-47b4-4ada-9e5e-c67408e8c3eb,2026-08-03,5.0,95
a15872bd-47b4-4ada-9e5e-c67408e8c3eb,2026-08-04,5.0,95
a15872bd-47b4-4ada-9e5e-c67408e8c3eb,2026-08-05,1.4,98
a193f45a-5663-4417-b85b-e6df33b20dac,2026-07-30,5.0,95
a193f45a-5663-4417-b85b-e6df33b20dac,2026-07-31,5.0,95
a193f45a-5663-4417-b85b-e6df33b20dac,2026-08-01,5.0,95
a193f45a-5663-4417-b85b-e6df33b20dac,2026-08-02,5.0,95
a193f45a-5663-4417-b85b-e6df33b20dac,2026-08-03,5.0,95
a193f45a-5663-4417-b85b-e6df33b20dac,2026-08-04,5.0,95
a193f45a-5663-4417-b85b-e6df33b20dac,2026-08-05,1.4,98
a1a25a70-55f1-4d0a-a592-43c5fe77310a,2026-07-30,5.0,95
a1a25a70-55f1-4d0a-a592-43c5fe77310a,2026-07-31,5.0,95
a1a25a70-55f1-4d0a-a592-43c5fe77310a,2026-08-01,5.0,95
a1a25a70-55f1-4d0a-a592-43c5fe77310a,2026-08-02,5.0,95
a1a25a70-55f1-4d0a-a592-43c5fe77310a,2026-08-03,5.0,95
a1a25a70-55f1-4d0a-a592-43c5fe77310a,2026-08-04,5.0,95
a1a25a70-55f1-4d0a-a592-43c5fe77310a,2026-08-05,1.4,98
a1d0db19-f009-4849-a9cf-95b5dd39acb1,2026-07-30,5.0,95
a1d0db19-f009-4849-a9cf-95b5dd39acb1,2026-07-31,5.0,95
a1d0db19-f009-4849-a9cf-95b5dd39acb1,2026-08-01,5.0,95
a1d0db19-f009-4849-a9cf-95b5dd39acb1,2026-08-02,5.0,95
a1d0db19-f009-4849-a9cf-95b5dd39acb1,2026-08-03,6.11,93
a1d0db19-f009-4849-a9cf-95b5dd39acb1,2026-08-04,5.0,95
a1d0db19-f009-4849-a9cf-95b5dd39acb1,2026-08-05,1.4,98
a299873c-b30c-4036-9d9b-de5c634992c0,2026-07-30,5.0,95
a299873c-b30c-4036-9d9b-de5c634992c0,2026-07-31,5.0,95
a299873c-b30c-4036-9d9b-de5c634992c0,2026-08-01,5.0,95
a299873c-b30c-4036-9d9b-de5c634992c0,2026-08-02,5.0,95
a299873c-b30c-4036-9d9b-de5c634992c0,2026-08-03,5.0,95
a299873c-b30c-4036-9d9b-de5c634992c0,2026-08-04,5.0,95
a299873c-b30c-4036-9d9b-de5c634992c0,2026-08-05,1.4,98
a2b76df8-733c-4d1b-bfd1-ec1beddecdea,2026-07-30,5.0,95
a2b76df8-733c-4d1b-bfd1-ec1beddecdea,2026-07-31,5.0,95
a2b76df8-733c-4d1b-bfd1-ec1beddecdea,2026-08-01,5.0,95
a2b76df8-733c-4d1b-bfd1-ec1beddecdea,2026-08-02,5.0,95
a2b76df8-733c-4d1b-bfd1-ec1beddecdea,2026-08-03,5.0,95
a2b76df8-733c-4d1b-bfd1-ec1beddecdea,2026-08-04,5.0,95
a2b76df8-733c-4d1b-bfd1-ec1beddecdea,2026-08-05,1.4,98
a3160068-751f-4f44-99f5-87d78c77b431,2026-07-30,5.0,95
a3160068-751f-4f44-99f5-87d78c77b431,2026-07-31,5.0,95
a3160068-751f-4f44-99f5-87d78c77b431,2026-08-01,5.0,95
a3160068-751f-4f44-99f5-87d78c77b431,2026-08-02,5.0,95
a3160068-751f-4f44-99f5-87d78c77b431,2026-08-03,5.0,95
a3160068-751f-4f44-99f5-87d78c77b431,2026-08-04,5.0,95
a3160068-751f-4f44-99f5-87d78c77b431,2026-08-05,1.4,98
a372ebf4-e8a3-4f5f-9ca9-ba2559597f97,2026-07-30,5.0,95
a372ebf4-e8a3-4f5f-9ca9-ba2559597f97,2026-07-31,5.0,95
a372ebf4-e8a3-4f5f-9ca9-ba2559597f97,2026-08-01,5.0,95
a372ebf4-e8a3-4f5f-9ca9-ba2559597f97,2026-08-02,5.0,95
a372ebf4-e8a3-4f5f-9ca9-ba2559597f97,2026-08-03,5.0,95
a372ebf4-e8a3-4f5f-9ca9-ba2559597f97,2026-08-04,5.0,95
a372ebf4-e8a3-4f5f-9ca9-ba2559597f97,2026-08-05,1.3,98
a3c35d47-5e92-4da7-a3d7-e6480305046b,2026-07-30,5.0,95
a3c35d47-5e92-4da7-a3d7-e6480305046b,2026-07-31,5.0,95
a3c35d47-5e92-4da7-a3d7-e6480305046b,2026-08-01,5.0,95
a3c35d47-5e92-4da7-a3d7-e6480305046b,2026-08-02,5.0,95
a3c35d47-5e92-4da7-a3d7-e6480305046b,2026-08-03,5.0,95
a3c35d47-5e92-4da7-a3d7-e6480305046b,2026-08-04,5.0,95
a3c35d47-5e92-4da7-a3d7-e6480305046b,2026-08-05,1.3,98
a3e79ae5-1a7f-49e9-98f0-52fc6b0a426c,2026-07-30,74.14,25
a3e79ae5-1a7f-49e9-98f0-52fc6b0a426c,2026-07-31,79.99,20
a3e79ae5-1a7f-49e9-98f0-52fc6b0a426c,2026-08-01,80.48,19
a3e79ae5-1a7f-49e9-98f0-52fc6b0a426c,2026-08-02,80.24,19
a3e79ae5-1a7f-49e9-98f0-52fc6b0a426c,2026-08-03,83.14,16
a3e79ae5-1a7f-49e9-98f0-52fc6b0a426c,2026-08-04,78.83,21
a3e79ae5-1a7f-49e9-98f0-52fc6b0a426c,2026-08-05,80.7,19
a42e4888-548b-41e4-bcce-397b938b6cc6,2026-07-30,5.0,95
a42e4888-548b-41e4-bcce-397b938b6cc6,2026-07-31,5.0,95
a42e4888-548b-41e4-bcce-397b938b6cc6,2026-08-01,5.0,95
a42e4888-548b-41e4-bcce-397b938b6cc6,2026-08-02,5.0,95
a42e4888-548b-41e4-bcce-397b938b6cc6,2026-08-03,5.0,95
a42e4888-548b-41e4-bcce-397b938b6cc6,2026-08-04,5.0,95
a42e4888-548b-41e4-bcce-397b938b6cc6,2026-08-05,1.3,98
a4467587-a5b6-4f86-a283-fbb85ac5a9ec,2026-07-30,91.32,8
a4467587-a5b6-4f86-a283-fbb85ac5a9ec,2026-07-31,90.51,9
a4467587-a5b6-4f86-a283-fbb85ac5a9ec,2026-08-01,94.68,5
a4467587-a5b6-4f86-a283-fbb85ac5a9ec,2026-08-02,96.15,3
a4467587-a5b6-4f86-a283-fbb85ac5a9ec,2026-08-03,98.0,2
a4467587-a5b6-4f86-a283-fbb85ac5a9ec,2026-08-04,94.73,5
a4467587-a5b6-4f86-a283-fbb85ac5a9ec,2026-08-05,96.2,3
a46a5166-2bfc-479f-a905-96685a56b790,2026-07-30,5.0,95
a46a5166-2bfc-479f-a905-96685a56b790,2026-07-31,5.0,95
a46a5166-2bfc-479f-a905-96685a56b790,2026-08-01,5.0,95
a46a5166-2bfc-479f-a905-96685a56b790,2026-08-02,5.0,95
a46a5166-2bfc-479f-a905-96685a56b790,2026-08-03,5.0,95
a46a5166-2bfc-479f-a905-96685a56b790,2026-08-04,5.0,95
a46a5166-2bfc-479f-a905-96685a56b790,2026-08-05,1.4,98
a4701c95-ff89-42c7-9330-5509c2bd23b4,2026-07-30,7.65,92
a4701c95-ff89-42c7-9330-5509c2bd23b4,2026-07-31,5.0,95
a4701c95-ff89-42c7-9330-5509c2bd23b4,2026-08-01,5.0,95
a4701c95-ff89-42c7-9330-5509c2bd23b4,2026-08-02,5.0,95
a4701c95-ff89-42c7-9330-5509c2bd23b4,2026-08-03,5.0,95
a4701c95-ff89-42c7-9330-5509c2bd23b4,2026-08-04,5.0,95
a4701c95-ff89-42c7-9330-5509c2bd23b4,2026-08-05,1.4,98
a4730075-66bd-4b4e-8c9d-bf8a20f7171e,2026-07-30,5.0,95
a4730075-66bd-4b4e-8c9d-bf8a20f7171e,2026-07-31,5.0,95
a4730075-66bd-4b4e-8c9d-bf8a20f7171e,2026-08-01,5.0,95
a4730075-66bd-4b4e-8c9d-bf8a20f7171e,2026-08-02,5.0,95
a4730075-66bd-4b4e-8c9d-bf8a20f7171e,2026-08-03,5.0,95
a4730075-66bd-4b4e-8c9d-bf8a20f7171e,2026-08-04,5.0,95
a4730075-66bd-4b4e-8c9d-bf8a20f7171e,2026-08-05,1.4,98
a4c9bc8d-18c3-4944-afef-4c98b2d5fe1c,2026-07-30,5.75,94
a4c9bc8d-18c3-4944-afef-4c98b2d5fe1c,2026-07-31,5.0,95
a4c9bc8d-18c3-4944-afef-4c98b2d5fe1c,2026-08-01,5.0,95
a4c9bc8d-18c3-4944-afef-4c98b2d5fe1c,2026-08-02,5.0,95
a4c9bc8d-18c3-4944-afef-4c98b2d5fe1c,2026-08-03,5.0,95
a4c9bc8d-18c3-4944-afef-4c98b2d5fe1c,2026-08-04,5.0,95
a4c9bc8d-18c3-4944-afef-4c98b2d5fe1c,2026-08-05,1.4,98
a4ef4e3f-5e51-48a2-81e8-d294a0b97682,2026-07-30,5.0,95
a4ef4e3f-5e51-48a2-81e8-d294a0b97682,2026-07-31,5.0,95
a4ef4e3f-5e51-48a2-81e8-d294a0b97682,2026-08-01,5.0,95
a4ef4e3f-5e51-48a2-81e8-d294a0b97682,2026-08-02,5.0,95
a4ef4e3f-5e51-48a2-81e8-d294a0b97682,2026-08-03,5.0,95
a4ef4e3f-5e51-48a2-81e8-d294a0b97682,2026-08-04,5.0,95
a4ef4e3f-5e51-48a2-81e8-d294a0b97682,2026-08-05,1.4,98
a51c809d-9cbf-4a7b-af10-386a698ec95c,2026-07-30,5.0,95
a51c809d-9cbf-4a7b-af10-386a698ec95c,2026-07-31,6.95,93
a51c809d-9cbf-4a7b-af10-386a698ec95c,2026-08-01,5.0,95
a51c809d-9cbf-4a7b-af10-386a698ec95c,2026-08-02,5.0,95
a51c809d-9cbf-4a7b-af10-386a698ec95c,2026-08-03,5.0,95
a51c809d-9cbf-4a7b-af10-386a698ec95c,2026-08-04,7.33,92
a51c809d-9cbf-4a7b-af10-386a698ec95c,2026-08-05,3.7,96
a5a89e80-272b-454f-a279-2f43ff76914b,2026-07-30,5.0,95
a5a89e80-272b-454f-a279-2f43ff76914b,2026-07-31,5.0,95
a5a89e80-272b-454f-a279-2f43ff76914b,2026-08-01,5.0,95
a5a89e80-272b-454f-a279-2f43ff76914b,2026-08-02,5.0,95
a5a89e80-272b-454f-a279-2f43ff76914b,2026-08-03,5.0,95
a5a89e80-272b-454f-a279-2f43ff76914b,2026-08-04,5.0,95
a5a89e80-272b-454f-a279-2f43ff76914b,2026-08-05,1.4,98
a5bb9d8d-e222-4551-a90c-3dd366ca6723,2026-07-30,5.0,95
a5bb9d8d-e222-4551-a90c-3dd366ca6723,2026-07-31,5.0,95
a5bb9d8d-e222-4551-a90c-3dd366ca6723,2026-08-01,5.0,95
a5bb9d8d-e222-4551-a90c-3dd366ca6723,2026-08-02,5.0,95
a5bb9d8d-e222-4551-a90c-3dd366ca6723,2026-08-03,5.0,95
a5bb9d8d-e222-4551-a90c-3dd366ca6723,2026-08-04,5.0,95
a5bb9d8d-e222-4551-a90c-3dd366ca6723,2026-08-05,1.4,98
a5c38045-7776-4bfd-9101-106309f14736,2026-07-30,5.0,95
a5c38045-7776-4bfd-9101-106309f14736,2026-07-31,5.0,95
a5c38045-7776-4bfd-9101-106309f14736,2026-08-01,5.0,95
a5c38045-7776-4bfd-9101-106309f14736,2026-08-02,5.0,95
a5c38045-7776-4bfd-9101-106309f14736,2026-08-03,5.0,95
a5c38045-7776-4bfd-9101-106309f14736,2026-08-04,5.0,95
a5c38045-7776-4bfd-9101-106309f14736,2026-08-05,1.4,98
a9b8b6be-94d1-412a-abb9-4df7443cf3f0,2026-07-30,5.0,95
a9b8b6be-94d1-412a-abb9-4df7443cf3f0,2026-07-31,5.0,95
a9b8b6be-94d1-412a-abb9-4df7443cf3f0,2026-08-01,5.0,95
a9b8b6be-94d1-412a-abb9-4df7443cf3f0,2026-08-02,5.0,95
a9b8b6be-94d1-412a-abb9-4df7443cf3f0,2026-08-03,5.0,95
a9b8b6be-94d1-412a-abb9-4df7443cf3f0,2026-08-04,5.0,95
a9b8b6be-94d1-412a-abb9-4df7443cf3f0,2026-08-05,1.4,98
afc6f4a6-85a0-4cdc-9335-3a71b52449f5,2026-07-30,5.0,95
afc6f4a6-85a0-4cdc-9335-3a71b52449f5,2026-07-31,5.0,95
afc6f4a6-85a0-4cdc-9335-3a71b52449f5,2026-08-01,5.0,95
afc6f4a6-85a0-4cdc-9335-3a71b52449f5,2026-08-02,5.0,95
afc6f4a6-85a0-4cdc-9335-3a71b52449f5,2026-08-03,5.0,95
afc6f4a6-85a0-4cdc-9335-3a71b52449f5,2026-08-04,5.0,95
afc6f4a6-85a0-4cdc-9335-3a71b52449f5,2026-08-05,1.3,98
b0d7c8fb-165d-474a-a9a6-52efd4754e96,2026-07-30,5.0,95
b0d7c8fb-165d-474a-a9a6-52efd4754e96,2026-07-31,5.0,95
b0d7c8fb-165d-474a-a9a6-52efd4754e96,2026-08-01,5.0,95
b0d7c8fb-165d-474a-a9a6-52efd4754e96,2026-08-02,5.0,95
b0d7c8fb-165d-474a-a9a6-52efd4754e96,2026-08-03,5.0,95
b0d7c8fb-165d-474a-a9a6-52efd4754e96,2026-08-04,5.0,95
b0d7c8fb-165d-474a-a9a6-52efd4754e96,2026-08-05,1.4,98
b0e1f8ab-7cec-4ec2-b3d8-48e50b7de5f3,2026-07-30,5.0,95
b0e1f8ab-7cec-4ec2-b3d8-48e50b7de5f3,2026-07-31,5.0,95
b0e1f8ab-7cec-4ec2-b3d8-48e50b7de5f3,2026-08-01,5.0,95
b0e1f8ab-7cec-4ec2-b3d8-48e50b7de5f3,2026-08-02,5.0,95
b0e1f8ab-7cec-4ec2-b3d8-48e50b7de5f3,2026-08-03,5.0,95
b0e1f8ab-7cec-4ec2-b3d8-48e50b7de5f3,2026-08-04,5.58,94
b0e1f8ab-7cec-4ec2-b3d8-48e50b7de5f3,2026-08-05,1.4,98
b13006d8-2adc-4bef-b081-b10c73cb71b9,2026-07-30,5.0,95
b13006d8-2adc-4bef-b081-b10c73cb71b9,2026-07-31,5.0,95
b13006d8-2adc-4bef-b081-b10c73cb71b9,2026-08-01,5.0,95
b13006d8-2adc-4bef-b081-b10c73cb71b9,2026-08-02,5.0,95
b13006d8-2adc-4bef-b081-b10c73cb71b9,2026-08-03,5.0,95
b13006d8-2adc-4bef-b081-b10c73cb71b9,2026-08-04,5.0,95
b13006d8-2adc-4bef-b081-b10c73cb71b9,2026-08-05,1.4,98
b19361be-14ae-4168-aaf7-ac05fb1d022c,2026-07-30,5.0,95
b19361be-14ae-4168-aaf7-ac05fb1d022c,2026-07-31,5.0,95
b19361be-14ae-4168-aaf7-ac05fb1d022c,2026-08-01,5.0,95
b19361be-14ae-4168-aaf7-ac05fb1d022c,2026-08-02,5.0,95
b19361be-14ae-4168-aaf7-ac05fb1d022c,2026-08-03,5.0,95
b19361be-14ae-4168-aaf7-ac05fb1d022c,2026-08-04,5.0,95
b19361be-14ae-4168-aaf7-ac05fb1d022c,2026-08-05,1.4,98
b99bd323-cde1-46ab-8966-de9e6a7a04dc,2026-07-30,5.0,95
b99bd323-cde1-46ab-8966-de9e6a7a04dc,2026-07-31,5.0,95
b99bd323-cde1-46ab-8966-de9e6a7a04dc,2026-08-01,5.0,95
b99bd323-cde1-46ab-8966-de9e6a7a04dc,2026-08-02,5.0,95
b99bd323-cde1-46ab-8966-de9e6a7a04dc,2026-08-03,5.0,95
b99bd323-cde1-46ab-8966-de9e6a7a04dc,2026-08-04,5.0,95
b99bd323-cde1-46ab-8966-de9e6a7a04dc,2026-08-05,1.4,98
b9ab0d79-fdc3-4965-a3db-8df1a9d53ab3,2026-07-30,5.0,95
b9ab0d79-fdc3-4965-a3db-8df1a9d53ab3,2026-07-31,5.0,95
b9ab0d79-fdc3-4965-a3db-8df1a9d53ab3,2026-08-01,5.0,95
b9ab0d79-fdc3-4965-a3db-8df1a9d53ab3,2026-08-02,5.0,95
b9ab0d79-fdc3-4965-a3db-8df1a9d53ab3,2026-08-03,5.0,95
b9ab0d79-fdc3-4965-a3db-8df1a9d53ab3,2026-08-04,5.0,95
b9ab0d79-fdc3-4965-a3db-8df1a9d53ab3,2026-08-05,1.4,98
b9b49621-9670-45a1-bd88-ead1aa40bdef,2026-07-30,5.0,95
b9b49621-9670-45a1-bd88-ead1aa40bdef,2026-07-31,5.0,95
b9b49621-9670-45a1-bd88-ead1aa40bdef,2026-08-01,5.0,95
b9b49621-9670-45a1-bd88-ead1aa40bdef,2026-08-02,5.0,95
b9b49621-9670-45a1-bd88-ead1aa40bdef,2026-08-03,5.0,95
b9b49621-9670-45a1-bd88-ead1aa40bdef,2026-08-04,5.0,95
b9b49621-9670-45a1-bd88-ead1aa40bdef,2026-08-05,1.4,98
b9f700d5-b651-4393-bec4-992aaa21e087,2026-07-30,5.0,95
b9f700d5-b651-4393-bec4-992aaa21e087,2026-07-31,5.0,95
b9f700d5-b651-4393-bec4-992aaa21e087,2026-08-01,5.0,95
b9f700d5-b651-4393-bec4-992aaa21e087,2026-08-02,5.0,95
b9f700d5-b651-4393-bec4-992aaa21e087,2026-08-03,5.0,95
b9f700d5-b651-4393-bec4-992aaa21e087,2026-08-04,5.0,95
b9f700d5-b651-4393-bec4-992aaa21e087,2026-08-05,1.4,98
ba5b3ad3-fdf2-485e-8f1b-15d340e96c97,2026-07-30,5.0,95
ba5b3ad3-fdf2-485e-8f1b-15d340e96c97,2026-07-31,5.0,95
ba5b3ad3-fdf2-485e-8f1b-15d340e96c97,2026-08-01,5.0,95
ba5b3ad3-fdf2-485e-8f1b-15d340e96c97,2026-08-02,5.0,95
ba5b3ad3-fdf2-485e-8f1b-15d340e96c97,2026-08-03,5.0,95
ba5b3ad3-fdf2-485e-8f1b-15d340e96c97,2026-08-04,5.0,95
ba5b3ad3-fdf2-485e-8f1b-15d340e96c97,2026-08-05,1.4,98
ba65f0e1-e29b-4aa3-8e64-5cb82914ab7f,2026-07-30,5.0,95
ba65f0e1-e29b-4aa3-8e64-5cb82914ab7f,2026-07-31,5.0,95
ba65f0e1-e29b-4aa3-8e64-5cb82914ab7f,2026-08-01,5.0,95
ba65f0e1-e29b-4aa3-8e64-5cb82914ab7f,2026-08-02,5.0,95
ba65f0e1-e29b-4aa3-8e64-5cb82914ab7f,2026-08-03,5.0,95
ba65f0e1-e29b-4aa3-8e64-5cb82914ab7f,2026-08-04,5.0,95
ba65f0e1-e29b-4aa3-8e64-5cb82914ab7f,2026-08-05,1.4,98
ba6bb93d-b0dd-4e37-80c7-46a1253da254,2026-07-30,5.0,95
ba6bb93d-b0dd-4e37-80c7-46a1253da254,2026-07-31,5.0,95
ba6bb93d-b0dd-4e37-80c7-46a1253da254,2026-08-01,5.0,95
ba6bb93d-b0dd-4e37-80c7-46a1253da254,2026-08-02,5.0,95
ba6bb93d-b0dd-4e37-80c7-46a1253da254,2026-08-03,5.0,95
ba6bb93d-b0dd-4e37-80c7-46a1253da254,2026-08-04,5.0,95
ba6bb93d-b0dd-4e37-80c7-46a1253da254,2026-08-05,1.4,98
bc74b83b-8351-44c5-b95a-20d693cff37c,2026-07-30,5.0,95
bc74b83b-8351-44c5-b95a-20d693cff37c,2026-07-31,5.0,95
bc74b83b-8351-44c5-b95a-20d693cff37c,2026-08-01,5.0,95
bc74b83b-8351-44c5-b95a-20d693cff37c,2026-08-02,5.0,95
bc74b83b-8351-44c5-b95a-20d693cff37c,2026-08-03,5.0,95
bc74b83b-8351-44c5-b95a-20d693cff37c,2026-08-04,5.02,94
bc74b83b-8351-44c5-b95a-20d693cff37c,2026-08-05,1.4,98
bc8811da-42ed-45a8-9703-7493a48805de,2026-07-30,5.0,95
bc8811da-42ed-45a8-9703-7493a48805de,2026-07-31,5.0,95
bc8811da-42ed-45a8-9703-7493a48805de,2026-08-01,5.0,95
bc8811da-42ed-45a8-9703-7493a48805de,2026-08-02,5.0,95
bc8811da-42ed-45a8-9703-7493a48805de,2026-08-03,5.0,95
bc8811da-42ed-45a8-9703-7493a48805de,2026-08-04,5.0,95
bc8811da-42ed-45a8-9703-7493a48805de,2026-08-05,1.4,98
bc94c424-e6f1-4eea-84d6-5964dc18a034,2026-07-30,5.0,95
bc94c424-e6f1-4eea-84d6-5964dc18a034,2026-07-31,5.0,95
bc94c424-e6f1-4eea-84d6-5964dc18a034,2026-08-01,5.0,95
bc94c424-e6f1-4eea-84d6-5964dc18a034,2026-08-02,5.0,95
bc94c424-e6f1-4eea-84d6-5964dc18a034,2026-08-03,5.0,95
bc94c424-e6f1-4eea-84d6-5964dc18a034,2026-08-04,5.0,95
bc94c424-e6f1-4eea-84d6-5964dc18a034,2026-08-05,1.4,98
bd96b718-354f-4094-8529-b3a4269798c0,2026-07-30,5.0,95
bd96b718-354f-4094-8529-b3a4269798c0,2026-07-31,5.0,95
bd96b718-354f-4094-8529-b3a4269798c0,2026-08-01,5.0,95
bd96b718-354f-4094-8529-b3a4269798c0,2026-08-02,5.0,95
bd96b718-354f-4094-8529-b3a4269798c0,2026-08-03,5.0,95
bd96b718-354f-4094-8529-b3a4269798c0,2026-08-04,5.0,95
bd96b718-354f-4094-8529-b3a4269798c0,2026-08-05,1.4,98
bda09137-1436-431e-adf5-b311d00f5c06,2026-07-30,5.0,95
bda09137-1436-431e-adf5-b311d00f5c06,2026-07-31,5.0,95
bda09137-1436-431e-adf5-b311d00f5c06,2026-08-01,5.0,95
bda09137-1436-431e-adf5-b311d00f5c06,2026-08-02,5.0,95
bda09137-1436-431e-adf5-b311d00f5c06,2026-08-03,5.0,95
bda09137-1436-431e-adf5-b311d00f5c06,2026-08-04,5.0,95
bda09137-1436-431e-adf5-b311d00f5c06,2026-08-05,1.4,98
bdde34b7-402c-49fa-a852-0d0232e378c6,2026-07-30,5.0,95
bdde34b7-402c-49fa-a852-0d0232e378c6,2026-07-31,5.0,95
bdde34b7-402c-49fa-a852-0d0232e378c6,2026-08-01,5.0,95
bdde34b7-402c-49fa-a852-0d0232e378c6,2026-08-02,5.0,95
bdde34b7-402c-49fa-a852-0d0232e378c6,2026-08-03,5.0,95
bdde34b7-402c-49fa-a852-0d0232e378c6,2026-08-04,5.0,95
bdde34b7-402c-49fa-a852-0d0232e378c6,2026-08-05,1.4,98
be15620d-acac-4610-9f97-5a9c0f0863c3,2026-07-30,5.0,95
be15620d-acac-4610-9f97-5a9c0f0863c3,2026-07-31,5.0,95
be15620d-acac-4610-9f97-5a9c0f0863c3,2026-08-01,5.0,95
be15620d-acac-4610-9f97-5a9c0f0863c3,2026-08-02,5.0,95
be15620d-acac-4610-9f97-5a9c0f0863c3,2026-08-03,5.0,95
be15620d-acac-4610-9f97-5a9c0f0863c3,2026-08-04,5.0,95
be15620d-acac-4610-9f97-5a9c0f0863c3,2026-08-05,1.4,98
be1b4d66-ff8f-4271-a18b-adfced7d94e1,2026-07-30,5.0,95
be1b4d66-ff8f-4271-a18b-adfced7d94e1,2026-07-31,5.0,95
be1b4d66-ff8f-4271-a18b-adfced7d94e1,2026-08-01,5.0,95
be1b4d66-ff8f-4271-a18b-adfced7d94e1,2026-08-02,5.0,95
be1b4d66-ff8f-4271-a18b-adfced7d94e1,2026-08-03,6.18,93
be1b4d66-ff8f-4271-a18b-adfced7d94e1,2026-08-04,5.0,95
be1b4d66-ff8f-4271-a18b-adfced7d94e1,2026-08-05,1.4,98
bf542ee6-a337-4d18-b048-7dd40337514d,2026-07-30,5.23,94
bf542ee6-a337-4d18-b048-7dd40337514d,2026-07-31,5.0,95
bf542ee6-a337-4d18-b048-7dd40337514d,2026-08-01,5.0,95
bf542ee6-a337-4d18-b048-7dd40337514d,2026-08-02,5.0,95
bf542ee6-a337-4d18-b048-7dd40337514d,2026-08-03,5.0,95
bf542ee6-a337-4d18-b048-7dd40337514d,2026-08-04,5.0,95
bf542ee6-a337-4d18-b048-7dd40337514d,2026-08-05,1.4,98
bf74f36b-2fac-431c-9c6b-79b4712fbd42,2026-07-30,5.0,95
bf74f36b-2fac-431c-9c6b-79b4712fbd42,2026-07-31,5.0,95
bf74f36b-2fac-431c-9c6b-79b4712fbd42,2026-08-01,5.0,95
bf74f36b-2fac-431c-9c6b-79b4712fbd42,2026-08-02,5.0,95
bf74f36b-2fac-431c-9c6b-79b4712fbd42,2026-08-03,5.0,95
bf74f36b-2fac-431c-9c6b-79b4712fbd42,2026-08-04,5.0,95
bf74f36b-2fac-431c-9c6b-79b4712fbd42,2026-08-05,1.4,98
bfb81f70-bae0-4907-bf3c-f7d89a6942c9,2026-07-30,5.0,95
bfb81f70-bae0-4907-bf3c-f7d89a6942c9,2026-07-31,5.0,95
bfb81f70-bae0-4907-bf3c-f7d89a6942c9,2026-08-01,5.0,95
bfb81f70-bae0-4907-bf3c-f7d89a6942c9,2026-08-02,5.0,95
bfb81f70-bae0-4907-bf3c-f7d89a6942c9,2026-08-03,5.0,95
bfb81f70-bae0-4907-bf3c-f7d89a6942c9,2026-08-04,5.0,95
bfb81f70-bae0-4907-bf3c-f7d89a6942c9,2026-08-05,1.4,98
c00d648e-d514-462f-b49f-e5f7f5d779a1,2026-07-30,5.0,95
c00d648e-d514-462f-b49f-e5f7f5d779a1,2026-07-31,5.0,95
c00d648e-d514-462f-b49f-e5f7f5d779a1,2026-08-01,5.0,95
c00d648e-d514-462f-b49f-e5f7f5d779a1,2026-08-02,5.0,95
c00d648e-d514-462f-b49f-e5f7f5d779a1,2026-08-03,5.0,95
c00d648e-d514-462f-b49f-e5f7f5d779a1,2026-08-04,5.0,95
c00d648e-d514-462f-b49f-e5f7f5d779a1,2026-08-05,1.4,98
c039ee19-1120-4b1e-8cdf-28192c8f9300,2026-07-30,5.0,95
c039ee19-1120-4b1e-8cdf-28192c8f9300,2026-07-31,5.0,95
c039ee19-1120-4b1e-8cdf-28192c8f9300,2026-08-01,5.0,95
c039ee19-1120-4b1e-8cdf-28192c8f9300,2026-08-02,5.0,95
c039ee19-1120-4b1e-8cdf-28192c8f9300,2026-08-03,5.0,95
c039ee19-1120-4b1e-8cdf-28192c8f9300,2026-08-04,5.0,95
c039ee19-1120-4b1e-8cdf-28192c8f9300,2026-08-05,1.4,98
c03d9b2a-9c20-4689-a808-29dde91edce4,2026-07-30,5.0,95
c03d9b2a-9c20-4689-a808-29dde91edce4,2026-07-31,5.0,95
c03d9b2a-9c20-4689-a808-29dde91edce4,2026-08-01,5.0,95
c03d9b2a-9c20-4689-a808-29dde91edce4,2026-08-02,5.0,95
c03d9b2a-9c20-4689-a808-29dde91edce4,2026-08-03,5.0,95
c03d9b2a-9c20-4689-a808-29dde91edce4,2026-08-04,5.0,95
c03d9b2a-9c20-4689-a808-29dde91edce4,2026-08-05,1.3,98
c073eeee-2af9-49c5-bd4b-c7c994c8a14a,2026-07-30,5.0,95
c073eeee-2af9-49c5-bd4b-c7c994c8a14a,2026-07-31,5.0,95
c073eeee-2af9-49c5-bd4b-c7c994c8a14a,2026-08-01,5.0,95
c073eeee-2af9-49c5-bd4b-c7c994c8a14a,2026-08-02,5.0,95
c073eeee-2af9-49c5-bd4b-c7c994c8a14a,2026-08-03,5.0,95
c073eeee-2af9-49c5-bd4b-c7c994c8a14a,2026-08-04,5.0,95
c073eeee-2af9-49c5-bd4b-c7c994c8a14a,2026-08-05,1.4,98
c0788604-be6f-4db8-9e83-ace7ef79be64,2026-07-30,5.0,95
c0788604-be6f-4db8-9e83-ace7ef79be64,2026-07-31,5.0,95
c0788604-be6f-4db8-9e83-ace7ef79be64,2026-08-01,5.0,95
c0788604-be6f-4db8-9e83-ace7ef79be64,2026-08-02,5.0,95
c0788604-be6f-4db8-9e83-ace7ef79be64,2026-08-03,5.0,95
c0788604-be6f-4db8-9e83-ace7ef79be64,2026-08-04,5.0,95
c0788604-be6f-4db8-9e83-ace7ef79be64,2026-08-05,1.4,98
c990bf41-0060-4977-b9f7-718331ab8667,2026-07-30,5.0,95
c990bf41-0060-4977-b9f7-718331ab8667,2026-07-31,5.0,95
c990bf41-0060-4977-b9f7-718331ab8667,2026-08-01,5.0,95
c990bf41-0060-4977-b9f7-718331ab8667,2026-08-02,5.0,95
c990bf41-0060-4977-b9f7-718331ab8667,2026-08-03,5.0,95
c990bf41-0060-4977-b9f7-718331ab8667,2026-08-04,5.0,95
c990bf41-0060-4977-b9f7-718331ab8667,2026-08-05,1.4,98
cd8a7725-b3d4-49bb-936d-dce3e27d759e,2026-07-30,5.0,95
cd8a7725-b3d4-49bb-936d-dce3e27d759e,2026-07-31,5.0,95
cd8a7725-b3d4-49bb-936d-dce3e27d759e,2026-08-01,5.0,95
cd8a7725-b3d4-49bb-936d-dce3e27d759e,2026-08-02,5.0,95
cd8a7725-b3d4-49bb-936d-dce3e27d759e,2026-08-03,5.0,95
cd8a7725-b3d4-49bb-936d-dce3e27d759e,2026-08-04,5.0,95
cd8a7725-b3d4-49bb-936d-dce3e27d759e,2026-08-05,1.4,98
cebd86e1-314a-4935-86a3-a92dd101c23a,2026-07-30,5.0,95
cebd86e1-314a-4935-86a3-a92dd101c23a,2026-07-31,5.0,95
cebd86e1-314a-4935-86a3-a92dd101c23a,2026-08-01,5.0,95
cebd86e1-314a-4935-86a3-a92dd101c23a,2026-08-02,5.0,95
cebd86e1-314a-4935-86a3-a92dd101c23a,2026-08-03,5.0,95
cebd86e1-314a-4935-86a3-a92dd101c23a,2026-08-04,5.0,95
cebd86e1-314a-4935-86a3-a92dd101c23a,2026-08-05,1.4,98
cec4f4ca-2ebd-405d-9535-72e29368910e,2026-07-30,6.06,93
cec4f4ca-2ebd-405d-9535-72e29368910e,2026-07-31,5.0,95
cec4f4ca-2ebd-405d-9535-72e29368910e,2026-08-01,5.58,94
cec4f4ca-2ebd-405d-9535-72e29368910e,2026-08-02,5.0,95
cec4f4ca-2ebd-405d-9535-72e29368910e,2026-08-03,5.0,95
cec4f4ca-2ebd-405d-9535-72e29368910e,2026-08-04,5.09,94
cec4f4ca-2ebd-405d-9535-72e29368910e,2026-08-05,1.4,98
966d635a-b1fd-4751-bb3b-8f849ce0969d,2026-07-30,5.0,95
966d635a-b1fd-4751-bb3b-8f849ce0969d,2026-07-31,5.0,95
966d635a-b1fd-4751-bb3b-8f849ce0969d,2026-08-01,5.0,95
966d635a-b1fd-4751-bb3b-8f849ce0969d,2026-08-02,5.76,94
966d635a-b1fd-4751-bb3b-8f849ce0969d,2026-08-03,5.0,95
966d635a-b1fd-4751-bb3b-8f849ce0969d,2026-08-04,5.0,95
966d635a-b1fd-4751-bb3b-8f849ce0969d,2026-08-05,1.5,98
197b5580-4a2e-4346-b4ef-52bbc029400d,2026-07-30,5.0,95
197b5580-4a2e-4346-b4ef-52bbc029400d,2026-07-31,5.0,95
197b5580-4a2e-4346-b4ef-52bbc029400d,2026-08-01,5.0,95
197b5580-4a2e-4346-b4ef-52bbc029400d,2026-08-02,5.0,95
197b5580-4a2e-4346-b4ef-52bbc029400d,2026-08-03,5.41,94
197b5580-4a2e-4346-b4ef-52bbc029400d,2026-08-04,5.0,95
197b5580-4a2e-4346-b4ef-52bbc029400d,2026-08-05,2.5,97
1ea40088-6d74-41cc-bc14-873564b3d3ab,2026-07-30,8.15,91
1ea40088-6d74-41cc-bc14-873564b3d3ab,2026-07-31,5.0,95
1ea40088-6d74-41cc-bc14-873564b3d3ab,2026-08-01,5.0,95
1ea40088-6d74-41cc-bc14-873564b3d3ab,2026-08-02,5.0,95
1ea40088-6d74-41cc-bc14-873564b3d3ab,2026-08-03,5.0,95
1ea40088-6d74-41cc-bc14-873564b3d3ab,2026-08-04,5.0,95
1ea40088-6d74-41cc-bc14-873564b3d3ab,2026-08-05,2.6,97
22948822-ae82-4108-b711-79709d6c63f4,2026-07-30,5.69,94
22948822-ae82-4108-b711-79709d6c63f4,2026-07-31,5.0,95
22948822-ae82-4108-b711-79709d6c63f4,2026-08-01,5.0,95
22948822-ae82-4108-b711-79709d6c63f4,2026-08-02,5.0,95
22948822-ae82-4108-b711-79709d6c63f4,2026-08-03,5.0,95
22948822-ae82-4108-b711-79709d6c63f4,2026-08-04,5.0,95
22948822-ae82-4108-b711-79709d6c63f4,2026-08-05,2.5,97
7b367378-b12b-4971-8377-b6546e229023,2026-07-30,5.0,95
7b367378-b12b-4971-8377-b6546e229023,2026-07-31,5.0,95
7b367378-b12b-4971-8377-b6546e229023,2026-08-01,6.05,93
7b367378-b12b-4971-8377-b6546e229023,2026-08-02,5.0,95
7b367378-b12b-4971-8377-b6546e229023,2026-08-03,5.0,95
7b367378-b12b-4971-8377-b6546e229023,2026-08-04,5.0,95
7b367378-b12b-4971-8377-b6546e229023,2026-08-05,2.6,97
12e0ddef-bb99-4fb7-872e-a367452a9481,2026-07-30,5.0,95
12e0ddef-bb99-4fb7-872e-a367452a9481,2026-07-31,5.0,95
12e0ddef-bb99-4fb7-872e-a367452a9481,2026-08-01,5.0,95
12e0ddef-bb99-4fb7-872e-a367452a9481,2026-08-02,5.0,95
12e0ddef-bb99-4fb7-872e-a367452a9481,2026-08-03,5.0,95
12e0ddef-bb99-4fb7-872e-a367452a9481,2026-08-04,5.0,95
12e0ddef-bb99-4fb7-872e-a367452a9481,2026-08-05,1.4,98
1397583e-2fd4-47c2-a4c8-b7f7224cf6a1,2026-07-30,5.0,95
1397583e-2fd4-47c2-a4c8-b7f7224cf6a1,2026-07-31,5.0,95
1397583e-2fd4-47c2-a4c8-b7f7224cf6a1,2026-08-01,5.0,95
1397583e-2fd4-47c2-a4c8-b7f7224cf6a1,2026-08-02,5.0,95
1397583e-2fd4-47c2-a4c8-b7f7224cf6a1,2026-08-03,5.0,95
1397583e-2fd4-47c2-a4c8-b7f7224cf6a1,2026-08-04,5.0,95
1397583e-2fd4-47c2-a4c8-b7f7224cf6a1,2026-08-05,1.4,98
3196636b-4460-438b-8d4f-aa326e85f403,2026-07-30,5.0,95
3196636b-4460-438b-8d4f-aa326e85f403,2026-07-31,5.42,94
3196636b-4460-438b-8d4f-aa326e85f403,2026-08-01,5.0,95
3196636b-4460-438b-8d4f-aa326e85f403,2026-08-02,5.0,95
3196636b-4460-438b-8d4f-aa326e85f403,2026-08-03,5.0,95
3196636b-4460-438b-8d4f-aa326e85f403,2026-08-04,5.0,95
3196636b-4460-438b-8d4f-aa326e85f403,2026-08-05,1.4,98
0c3d30a2-70bb-4c54-af20-f76c558d764f,2026-07-30,5.0,95
0c3d30a2-70bb-4c54-af20-f76c558d764f,2026-07-31,5.0,95
0c3d30a2-70bb-4c54-af20-f76c558d764f,2026-08-01,5.0,95
0c3d30a2-70bb-4c54-af20-f76c558d764f,2026-08-02,5.0,95
0c3d30a2-70bb-4c54-af20-f76c558d764f,2026-08-03,5.0,95
0c3d30a2-70bb-4c54-af20-f76c558d764f,2026-08-04,5.0,95
0c3d30a2-70bb-4c54-af20-f76c558d764f,2026-08-05,1.3,98
21e6395d-b178-4187-b7b4-35aef9db7ada,2026-07-30,5.0,95
21e6395d-b178-4187-b7b4-35aef9db7ada,2026-07-31,5.0,95
21e6395d-b178-4187-b7b4-35aef9db7ada,2026-08-01,5.0,95
21e6395d-b178-4187-b7b4-35aef9db7ada,2026-08-02,5.0,95
21e6395d-b178-4187-b7b4-35aef9db7ada,2026-08-03,5.0,95
21e6395d-b178-4187-b7b4-35aef9db7ada,2026-08-04,5.0,95
21e6395d-b178-4187-b7b4-35aef9db7ada,2026-08-05,1.4,98
22b7d9f1-ea9e-4195-a4f3-9d15a84974ff,2026-07-30,5.0,95
22b7d9f1-ea9e-4195-a4f3-9d15a84974ff,2026-07-31,5.0,95
22b7d9f1-ea9e-4195-a4f3-9d15a84974ff,2026-08-01,5.0,95
22b7d9f1-ea9e-4195-a4f3-9d15a84974ff,2026-08-02,5.0,95
22b7d9f1-ea9e-4195-a4f3-9d15a84974ff,2026-08-03,5.0,95
22b7d9f1-ea9e-4195-a4f3-9d15a84974ff,2026-08-04,5.0,95
22b7d9f1-ea9e-4195-a4f3-9d15a84974ff,2026-08-05,1.4,98
5c09070a-1707-45ad-9a7a-eadd3fef7340,2026-07-30,5.0,95
5c09070a-1707-45ad-9a7a-eadd3fef7340,2026-07-31,5.0,95
5c09070a-1707-45ad-9a7a-eadd3fef7340,2026-08-01,5.0,95
5c09070a-1707-45ad-9a7a-eadd3fef7340,2026-08-02,5.0,95
5c09070a-1707-45ad-9a7a-eadd3fef7340,2026-08-03,5.0,95
5c09070a-1707-45ad-9a7a-eadd3fef7340,2026-08-04,5.0,95
5c09070a-1707-45ad-9a7a-eadd3fef7340,2026-08-05,1.4,98
2471b2dd-ae36-442e-a274-e6d3be15ae12,2026-07-30,5.0,95
2471b2dd-ae36-442e-a274-e6d3be15ae12,2026-07-31,5.0,95
2471b2dd-ae36-442e-a274-e6d3be15ae12,2026-08-01,5.0,95
2471b2dd-ae36-442e-a274-e6d3be15ae12,2026-08-02,5.0,95
2471b2dd-ae36-442e-a274-e6d3be15ae12,2026-08-03,5.0,95
2471b2dd-ae36-442e-a274-e6d3be15ae12,2026-08-04,5.0,95
2471b2dd-ae36-442e-a274-e6d3be15ae12,2026-08-05,1.4,98
251fa827-a15e-47a6-90fd-63d5a9b236b9,2026-07-30,5.0,95
251fa827-a15e-47a6-90fd-63d5a9b236b9,2026-07-31,5.84,94
251fa827-a15e-47a6-90fd-63d5a9b236b9,2026-08-01,5.0,95
251fa827-a15e-47a6-90fd-63d5a9b236b9,2026-08-02,5.0,95
251fa827-a15e-47a6-90fd-63d5a9b236b9,2026-08-03,5.0,95
251fa827-a15e-47a6-90fd-63d5a9b236b9,2026-08-04,5.0,95
251fa827-a15e-47a6-90fd-63d5a9b236b9,2026-08-05,1.3,98
2627187b-73ac-4dfb-97b1-ffad873263ec,2026-07-30,5.0,95
2627187b-73ac-4dfb-97b1-ffad873263ec,2026-07-31,5.0,95
2627187b-73ac-4dfb-97b1-ffad873263ec,2026-08-01,5.0,95
2627187b-73ac-4dfb-97b1-ffad873263ec,2026-08-02,5.0,95
2627187b-73ac-4dfb-97b1-ffad873263ec,2026-08-03,5.14,94
2627187b-73ac-4dfb-97b1-ffad873263ec,2026-08-04,5.0,95
2627187b-73ac-4dfb-97b1-ffad873263ec,2026-08-05,1.4,98
2658a74e-1b63-41e4-a37b-7ff48618d519,2026-07-30,5.0,95
2658a74e-1b63-41e4-a37b-7ff48618d519,2026-07-31,5.0,95
2658a74e-1b63-41e4-a37b-7ff48618d519,2026-08-01,5.0,95
2658a74e-1b63-41e4-a37b-7ff48618d519,2026-08-02,5.0,95
2658a74e-1b63-41e4-a37b-7ff48618d519,2026-08-03,5.0,95
2658a74e-1b63-41e4-a37b-7ff48618d519,2026-08-04,5.0,95
2658a74e-1b63-41e4-a37b-7ff48618d519,2026-08-05,1.4,98
26939030-5f6b-47cd-8973-9c3fe8de31bb,2026-07-30,5.0,95
26939030-5f6b-47cd-8973-9c3fe8de31bb,2026-07-31,5.0,95
26939030-5f6b-47cd-8973-9c3fe8de31bb,2026-08-01,5.0,95
26939030-5f6b-47cd-8973-9c3fe8de31bb,2026-08-02,5.0,95
26939030-5f6b-47cd-8973-9c3fe8de31bb,2026-08-03,5.0,95
26939030-5f6b-47cd-8973-9c3fe8de31bb,2026-08-04,5.0,95
26939030-5f6b-47cd-8973-9c3fe8de31bb,2026-08-05,1.4,98
26cffbf7-f61a-4a47-8b6d-cffc74e53422,2026-07-30,5.0,95
26cffbf7-f61a-4a47-8b6d-cffc74e53422,2026-07-31,5.0,95
26cffbf7-f61a-4a47-8b6d-cffc74e53422,2026-08-01,5.0,95
26cffbf7-f61a-4a47-8b6d-cffc74e53422,2026-08-02,5.0,95
26cffbf7-f61a-4a47-8b6d-cffc74e53422,2026-08-03,5.0,95
26cffbf7-f61a-4a47-8b6d-cffc74e53422,2026-08-04,5.0,95
26cffbf7-f61a-4a47-8b6d-cffc74e53422,2026-08-05,1.5,98
279341e6-ce72-41f4-9716-ed99f46f00bb,2026-07-30,5.0,95
279341e6-ce72-41f4-9716-ed99f46f00bb,2026-07-31,5.0,95
279341e6-ce72-41f4-9716-ed99f46f00bb,2026-08-01,5.0,95
279341e6-ce72-41f4-9716-ed99f46f00bb,2026-08-02,5.0,95
279341e6-ce72-41f4-9716-ed99f46f00bb,2026-08-03,5.0,95
279341e6-ce72-41f4-9716-ed99f46f00bb,2026-08-04,5.0,95
279341e6-ce72-41f4-9716-ed99f46f00bb,2026-08-05,1.4,98
27a8ad73-9033-4193-8392-d4378206bd8d,2026-07-30,5.0,95
27a8ad73-9033-4193-8392-d4378206bd8d,2026-07-31,5.0,95
27a8ad73-9033-4193-8392-d4378206bd8d,2026-08-01,6.06,93
27a8ad73-9033-4193-8392-d4378206bd8d,2026-08-02,5.0,95
27a8ad73-9033-4193-8392-d4378206bd8d,2026-08-03,5.0,95
27a8ad73-9033-4193-8392-d4378206bd8d,2026-08-04,5.0,95
27a8ad73-9033-4193-8392-d4378206bd8d,2026-08-05,1.4,98
27b4fcb0-4a2a-4b24-99fb-daa2134cbc1f,2026-07-30,5.0,95
27b4fcb0-4a2a-4b24-99fb-daa2134cbc1f,2026-07-31,5.0,95
27b4fcb0-4a2a-4b24-99fb-daa2134cbc1f,2026-08-01,5.0,95
27b4fcb0-4a2a-4b24-99fb-daa2134cbc1f,2026-08-02,5.0,95
27b4fcb0-4a2a-4b24-99fb-daa2134cbc1f,2026-08-03,5.0,95
27b4fcb0-4a2a-4b24-99fb-daa2134cbc1f,2026-08-04,5.0,95
27b4fcb0-4a2a-4b24-99fb-daa2134cbc1f,2026-08-05,1.4,98
28fabe17-aa42-4e5b-9144-97986d977e67,2026-07-30,5.91,94
28fabe17-aa42-4e5b-9144-97986d977e67,2026-07-31,5.0,95
28fabe17-aa42-4e5b-9144-97986d977e67,2026-08-01,5.0,95
28fabe17-aa42-4e5b-9144-97986d977e67,2026-08-02,5.0,95
28fabe17-aa42-4e5b-9144-97986d977e67,2026-08-03,5.0,95
28fabe17-aa42-4e5b-9144-97986d977e67,2026-08-04,5.0,95
28fabe17-aa42-4e5b-9144-97986d977e67,2026-08-05,1.4,98
7b3eb7c0-f611-4242-80b2-cb98d06e126c,2026-07-30,5.0,95
7b3eb7c0-f611-4242-80b2-cb98d06e126c,2026-07-31,5.0,95
7b3eb7c0-f611-4242-80b2-cb98d06e126c,2026-08-01,5.0,95
7b3eb7c0-f611-4242-80b2-cb98d06e126c,2026-08-02,5.0,95
7b3eb7c0-f611-4242-80b2-cb98d06e126c,2026-08-03,5.9,94
7b3eb7c0-f611-4242-80b2-cb98d06e126c,2026-08-04,5.0,95
7b3eb7c0-f611-4242-80b2-cb98d06e126c,2026-08-05,2.7,97
7b5da86e-beb0-4739-bd3f-338e1321d771,2026-07-30,5.0,95
7b5da86e-beb0-4739-bd3f-338e1321d771,2026-07-31,5.0,95
7b5da86e-beb0-4739-bd3f-338e1321d771,2026-08-01,5.75,94
7b5da86e-beb0-4739-bd3f-338e1321d771,2026-08-02,5.0,95
7b5da86e-beb0-4739-bd3f-338e1321d771,2026-08-03,5.0,95
7b5da86e-beb0-4739-bd3f-338e1321d771,2026-08-04,5.0,95
7b5da86e-beb0-4739-bd3f-338e1321d771,2026-08-05,2.5,97
7bf06757-1146-47ff-accf-2bde2d536723,2026-07-30,5.0,95
7bf06757-1146-47ff-accf-2bde2d536723,2026-07-31,5.0,95
7bf06757-1146-47ff-accf-2bde2d536723,2026-08-01,5.0,95
7bf06757-1146-47ff-accf-2bde2d536723,2026-08-02,5.0,95
7bf06757-1146-47ff-accf-2bde2d536723,2026-08-03,5.0,95
7bf06757-1146-47ff-accf-2bde2d536723,2026-08-04,5.0,95
7bf06757-1146-47ff-accf-2bde2d536723,2026-08-05,2.6,97
bd4244b2-3063-467e-9e40-ac2b8d88b7f9,2026-07-30,5.0,95
bd4244b2-3063-467e-9e40-ac2b8d88b7f9,2026-07-31,5.0,95
bd4244b2-3063-467e-9e40-ac2b8d88b7f9,2026-08-01,5.0,95
bd4244b2-3063-467e-9e40-ac2b8d88b7f9,2026-08-02,5.0,95
bd4244b2-3063-467e-9e40-ac2b8d88b7f9,2026-08-03,5.0,95
bd4244b2-3063-467e-9e40-ac2b8d88b7f9,2026-08-04,5.0,95
bd4244b2-3063-467e-9e40-ac2b8d88b7f9,2026-08-05,2.6,97
bd46047b-2d35-4b34-a2db-08a5ef17e68f,2026-07-30,5.0,95
bd46047b-2d35-4b34-a2db-08a5ef17e68f,2026-07-31,5.37,94
bd46047b-2d35-4b34-a2db-08a5ef17e68f,2026-08-01,5.0,95
bd46047b-2d35-4b34-a2db-08a5ef17e68f,2026-08-02,5.0,95
bd46047b-2d35-4b34-a2db-08a5ef17e68f,2026-08-03,5.0,95
bd46047b-2d35-4b34-a2db-08a5ef17e68f,2026-08-04,5.2,94
bd46047b-2d35-4b34-a2db-08a5ef17e68f,2026-08-05,2.6,97
2c5a39f8-b0eb-4a10-bddb-642846935bcc,2026-07-30,5.0,95
2c5a39f8-b0eb-4a10-bddb-642846935bcc,2026-07-31,5.0,95
2c5a39f8-b0eb-4a10-bddb-642846935bcc,2026-08-01,5.0,95
2c5a39f8-b0eb-4a10-bddb-642846935bcc,2026-08-02,5.0,95
2c5a39f8-b0eb-4a10-bddb-642846935bcc,2026-08-03,5.0,95
2c5a39f8-b0eb-4a10-bddb-642846935bcc,2026-08-04,5.0,95
2c5a39f8-b0eb-4a10-bddb-642846935bcc,2026-08-05,2.6,97
8bf4d5fd-d84d-4a88-91dd-5aca61cde9fb,2026-07-30,5.0,95
8bf4d5fd-d84d-4a88-91dd-5aca61cde9fb,2026-07-31,5.0,95
8bf4d5fd-d84d-4a88-91dd-5aca61cde9fb,2026-08-01,6.38,93
8bf4d5fd-d84d-4a88-91dd-5aca61cde9fb,2026-08-02,5.0,95
8bf4d5fd-d84d-4a88-91dd-5aca61cde9fb,2026-08-03,5.0,95
8bf4d5fd-d84d-4a88-91dd-5aca61cde9fb,2026-08-04,5.0,95
8bf4d5fd-d84d-4a88-91dd-5aca61cde9fb,2026-08-05,2.6,97
9430e5eb-a99e-4361-a464-e05bea28a8cb,2026-07-30,5.0,95
9430e5eb-a99e-4361-a464-e05bea28a8cb,2026-07-31,5.0,95
9430e5eb-a99e-4361-a464-e05bea28a8cb,2026-08-01,5.0,95
9430e5eb-a99e-4361-a464-e05bea28a8cb,2026-08-02,5.0,95
9430e5eb-a99e-4361-a464-e05bea28a8cb,2026-08-03,6.19,93
9430e5eb-a99e-4361-a464-e05bea28a8cb,2026-08-04,5.0,95
9430e5eb-a99e-4361-a464-e05bea28a8cb,2026-08-05,2.7,97
97093c88-5046-43d9-9a35-050f48a7a3ea,2026-07-30,5.0,95
97093c88-5046-43d9-9a35-050f48a7a3ea,2026-07-31,5.0,95
97093c88-5046-43d9-9a35-050f48a7a3ea,2026-08-01,5.0,95
97093c88-5046-43d9-9a35-050f48a7a3ea,2026-08-02,5.0,95
97093c88-5046-43d9-9a35-050f48a7a3ea,2026-08-03,5.0,95
97093c88-5046-43d9-9a35-050f48a7a3ea,2026-08-04,5.0,95
97093c88-5046-43d9-9a35-050f48a7a3ea,2026-08-05,2.6,97
295a573b-3efe-4833-b89c-12e68d4da421,2026-07-30,5.0,95
295a573b-3efe-4833-b89c-12e68d4da421,2026-07-31,5.0,95
295a573b-3efe-4833-b89c-12e68d4da421,2026-08-01,6.31,93
295a573b-3efe-4833-b89c-12e68d4da421,2026-08-02,5.0,95
295a573b-3efe-4833-b89c-12e68d4da421,2026-08-03,5.0,95
295a573b-3efe-4833-b89c-12e68d4da421,2026-08-04,5.0,95
295a573b-3efe-4833-b89c-12e68d4da421,2026-08-05,1.4,98
2a978b2e-8c76-4c23-bf42-09c619ed6e3b,2026-07-30,5.0,95
2a978b2e-8c76-4c23-bf42-09c619ed6e3b,2026-07-31,5.0,95
2a978b2e-8c76-4c23-bf42-09c619ed6e3b,2026-08-01,5.0,95
2a978b2e-8c76-4c23-bf42-09c619ed6e3b,2026-08-02,5.0,95
2a978b2e-8c76-4c23-bf42-09c619ed6e3b,2026-08-03,5.0,95
2a978b2e-8c76-4c23-bf42-09c619ed6e3b,2026-08-04,5.0,95
2a978b2e-8c76-4c23-bf42-09c619ed6e3b,2026-08-05,2.5,97
2b339178-f41f-4021-8186-74112da577a6,2026-07-30,5.0,95
2b339178-f41f-4021-8186-74112da577a6,2026-07-31,5.0,95
2b339178-f41f-4021-8186-74112da577a6,2026-08-01,5.0,95
2b339178-f41f-4021-8186-74112da577a6,2026-08-02,5.0,95
2b339178-f41f-4021-8186-74112da577a6,2026-08-03,5.0,95
2b339178-f41f-4021-8186-74112da577a6,2026-08-04,5.0,95
2b339178-f41f-4021-8186-74112da577a6,2026-08-05,2.7,97
2bc5ba32-2952-46ff-a10f-979ec28d2ce3,2026-07-30,5.0,95
2bc5ba32-2952-46ff-a10f-979ec28d2ce3,2026-07-31,7.84,92
2bc5ba32-2952-46ff-a10f-979ec28d2ce3,2026-08-01,5.0,95
2bc5ba32-2952-46ff-a10f-979ec28d2ce3,2026-08-02,5.0,95
2bc5ba32-2952-46ff-a10f-979ec28d2ce3,2026-08-03,9.1,90
2bc5ba32-2952-46ff-a10f-979ec28d2ce3,2026-08-04,6.53,93
2bc5ba32-2952-46ff-a10f-979ec28d2ce3,2026-08-05,6.9,93
2c2fdd4d-97a0-406d-90cb-02c63d9fdad0,2026-07-30,5.0,95
2c2fdd4d-97a0-406d-90cb-02c63d9fdad0,2026-07-31,5.0,95
2c2fdd4d-97a0-406d-90cb-02c63d9fdad0,2026-08-01,5.0,95
2c2fdd4d-97a0-406d-90cb-02c63d9fdad0,2026-08-02,5.0,95
2c2fdd4d-97a0-406d-90cb-02c63d9fdad0,2026-08-03,5.0,95
2c2fdd4d-97a0-406d-90cb-02c63d9fdad0,2026-08-04,6.0,94
2c2fdd4d-97a0-406d-90cb-02c63d9fdad0,2026-08-05,2.5,97
5ea68afd-bc80-4bd4-b356-75ce6855d539,2026-07-30,5.0,95
5ea68afd-bc80-4bd4-b356-75ce6855d539,2026-07-31,5.0,95
5ea68afd-bc80-4bd4-b356-75ce6855d539,2026-08-01,5.0,95
5ea68afd-bc80-4bd4-b356-75ce6855d539,2026-08-02,5.0,95
5ea68afd-bc80-4bd4-b356-75ce6855d539,2026-08-03,5.0,95
5ea68afd-bc80-4bd4-b356-75ce6855d539,2026-08-04,5.0,95
5ea68afd-bc80-4bd4-b356-75ce6855d539,2026-08-05,1.4,98
5f46c341-c75a-4e09-bc51-2922b6e0b547,2026-07-30,5.0,95
5f46c341-c75a-4e09-bc51-2922b6e0b547,2026-07-31,5.0,95
5f46c341-c75a-4e09-bc51-2922b6e0b547,2026-08-01,5.0,95
5f46c341-c75a-4e09-bc51-2922b6e0b547,2026-08-02,5.79,94
5f46c341-c75a-4e09-bc51-2922b6e0b547,2026-08-03,5.0,95
5f46c341-c75a-4e09-bc51-2922b6e0b547,2026-08-04,5.0,95
5f46c341-c75a-4e09-bc51-2922b6e0b547,2026-08-05,2.5,97
2f8df345-b3fb-4b81-a689-ce47acf8219d,2026-07-30,5.0,95
2f8df345-b3fb-4b81-a689-ce47acf8219d,2026-07-31,5.0,95
2f8df345-b3fb-4b81-a689-ce47acf8219d,2026-08-01,5.0,95
2f8df345-b3fb-4b81-a689-ce47acf8219d,2026-08-02,5.0,95
2f8df345-b3fb-4b81-a689-ce47acf8219d,2026-08-03,5.0,95
2f8df345-b3fb-4b81-a689-ce47acf8219d,2026-08-04,5.0,95
2f8df345-b3fb-4b81-a689-ce47acf8219d,2026-08-05,1.3,98
2fea49c7-cee9-4b7e-9ed4-be5b94f66090,2026-07-30,5.0,95
2fea49c7-cee9-4b7e-9ed4-be5b94f66090,2026-07-31,5.0,95
2fea49c7-cee9-4b7e-9ed4-be5b94f66090,2026-08-01,5.0,95
2fea49c7-cee9-4b7e-9ed4-be5b94f66090,2026-08-02,5.0,95
2fea49c7-cee9-4b7e-9ed4-be5b94f66090,2026-08-03,5.0,95
2fea49c7-cee9-4b7e-9ed4-be5b94f66090,2026-08-04,5.0,95
2fea49c7-cee9-4b7e-9ed4-be5b94f66090,2026-08-05,1.4,98
300ed6d2-1a05-4151-b654-f33d89c43c58,2026-07-30,5.0,95
300ed6d2-1a05-4151-b654-f33d89c43c58,2026-07-31,5.0,95
300ed6d2-1a05-4151-b654-f33d89c43c58,2026-08-01,5.0,95
300ed6d2-1a05-4151-b654-f33d89c43c58,2026-08-02,5.0,95
300ed6d2-1a05-4151-b654-f33d89c43c58,2026-08-03,5.0,95
300ed6d2-1a05-4151-b654-f33d89c43c58,2026-08-04,5.0,95
300ed6d2-1a05-4151-b654-f33d89c43c58,2026-08-05,1.4,98
3cd270ed-856d-47dc-999b-fb459d68736d,2026-07-30,5.0,95
3cd270ed-856d-47dc-999b-fb459d68736d,2026-07-31,5.0,95
3cd270ed-856d-47dc-999b-fb459d68736d,2026-08-01,5.0,95
3cd270ed-856d-47dc-999b-fb459d68736d,2026-08-02,5.0,95
3cd270ed-856d-47dc-999b-fb459d68736d,2026-08-03,5.0,95
3cd270ed-856d-47dc-999b-fb459d68736d,2026-08-04,5.0,95
3cd270ed-856d-47dc-999b-fb459d68736d,2026-08-05,1.3,98
3ed60255-a1e6-4c8d-962a-fa056bc9fd53,2026-07-30,7.23,92
3ed60255-a1e6-4c8d-962a-fa056bc9fd53,2026-07-31,5.0,95
3ed60255-a1e6-4c8d-962a-fa056bc9fd53,2026-08-01,5.0,95
3ed60255-a1e6-4c8d-962a-fa056bc9fd53,2026-08-02,5.0,95
3ed60255-a1e6-4c8d-962a-fa056bc9fd53,2026-08-03,5.0,95
3ed60255-a1e6-4c8d-962a-fa056bc9fd53,2026-08-04,5.0,95
3ed60255-a1e6-4c8d-962a-fa056bc9fd53,2026-08-05,1.4,98
573d043b-44e0-4af3-918b-104f69bc5a95,2026-07-30,5.0,95
573d043b-44e0-4af3-918b-104f69bc5a95,2026-07-31,5.0,95
573d043b-44e0-4af3-918b-104f69bc5a95,2026-08-01,5.0,95
573d043b-44e0-4af3-918b-104f69bc5a95,2026-08-02,5.0,95
573d043b-44e0-4af3-918b-104f69bc5a95,2026-08-03,5.0,95
573d043b-44e0-4af3-918b-104f69bc5a95,2026-08-04,5.0,95
573d043b-44e0-4af3-918b-104f69bc5a95,2026-08-05,1.4,98
575ef2e3-1167-4c12-a0a6-66e6757c7afb,2026-07-30,5.0,95
575ef2e3-1167-4c12-a0a6-66e6757c7afb,2026-07-31,5.0,95
575ef2e3-1167-4c12-a0a6-66e6757c7afb,2026-08-01,5.0,95
575ef2e3-1167-4c12-a0a6-66e6757c7afb,2026-08-02,5.0,95
575ef2e3-1167-4c12-a0a6-66e6757c7afb,2026-08-03,5.0,95
575ef2e3-1167-4c12-a0a6-66e6757c7afb,2026-08-04,5.0,95
575ef2e3-1167-4c12-a0a6-66e6757c7afb,2026-08-05,1.4,98
732e6abe-c46f-472f-9688-50f18e275a19,2026-07-30,5.0,95
732e6abe-c46f-472f-9688-50f18e275a19,2026-07-31,5.0,95
732e6abe-c46f-472f-9688-50f18e275a19,2026-08-01,5.0,95
732e6abe-c46f-472f-9688-50f18e275a19,2026-08-02,5.0,95
732e6abe-c46f-472f-9688-50f18e275a19,2026-08-03,5.0,95
732e6abe-c46f-472f-9688-50f18e275a19,2026-08-04,5.0,95
732e6abe-c46f-472f-9688-50f18e275a19,2026-08-05,1.4,98
7422bef0-46fd-475f-9daf-308fd5de5404,2026-07-30,5.65,94
7422bef0-46fd-475f-9daf-308fd5de5404,2026-07-31,5.0,95
7422bef0-46fd-475f-9daf-308fd5de5404,2026-08-01,5.0,95
7422bef0-46fd-475f-9daf-308fd5de5404,2026-08-02,5.0,95
7422bef0-46fd-475f-9daf-308fd5de5404,2026-08-03,5.0,95
7422bef0-46fd-475f-9daf-308fd5de5404,2026-08-04,5.0,95
7422bef0-46fd-475f-9daf-308fd5de5404,2026-08-05,1.4,98
7dbc842a-67cd-4b96-9b1a-d1b0e2cd9244,2026-07-30,5.0,95
7dbc842a-67cd-4b96-9b1a-d1b0e2cd9244,2026-07-31,5.0,95
7dbc842a-67cd-4b96-9b1a-d1b0e2cd9244,2026-08-01,5.0,95
7dbc842a-67cd-4b96-9b1a-d1b0e2cd9244,2026-08-02,5.0,95
7dbc842a-67cd-4b96-9b1a-d1b0e2cd9244,2026-08-03,5.0,95
7dbc842a-67cd-4b96-9b1a-d1b0e2cd9244,2026-08-04,5.0,95
7dbc842a-67cd-4b96-9b1a-d1b0e2cd9244,2026-08-05,1.4,98
30ae2619-c02b-45ec-858d-c34642bc1447,2026-07-30,5.0,95
30ae2619-c02b-45ec-858d-c34642bc1447,2026-07-31,5.0,95
30ae2619-c02b-45ec-858d-c34642bc1447,2026-08-01,5.0,95
30ae2619-c02b-45ec-858d-c34642bc1447,2026-08-02,5.0,95
30ae2619-c02b-45ec-858d-c34642bc1447,2026-08-03,5.0,95
30ae2619-c02b-45ec-858d-c34642bc1447,2026-08-04,5.0,95
30ae2619-c02b-45ec-858d-c34642bc1447,2026-08-05,1.4,98
311be243-c4aa-45e3-95f6-7a82f235d897,2026-07-30,5.0,95
311be243-c4aa-45e3-95f6-7a82f235d897,2026-07-31,5.0,95
311be243-c4aa-45e3-95f6-7a82f235d897,2026-08-01,5.0,95
311be243-c4aa-45e3-95f6-7a82f235d897,2026-08-02,5.0,95
311be243-c4aa-45e3-95f6-7a82f235d897,2026-08-03,5.0,95
311be243-c4aa-45e3-95f6-7a82f235d897,2026-08-04,5.0,95
311be243-c4aa-45e3-95f6-7a82f235d897,2026-08-05,1.4,98
313a3e27-a2af-42e6-9d3f-e597374f1b76,2026-07-30,5.0,95
313a3e27-a2af-42e6-9d3f-e597374f1b76,2026-07-31,5.0,95
313a3e27-a2af-42e6-9d3f-e597374f1b76,2026-08-01,5.0,95
313a3e27-a2af-42e6-9d3f-e597374f1b76,2026-08-02,5.0,95
313a3e27-a2af-42e6-9d3f-e597374f1b76,2026-08-03,5.0,95
313a3e27-a2af-42e6-9d3f-e597374f1b76,2026-08-04,5.0,95
313a3e27-a2af-42e6-9d3f-e597374f1b76,2026-08-05,1.4,98
313ec9d7-3be1-4890-9ec5-bb23b0040883,2026-07-30,5.0,95
313ec9d7-3be1-4890-9ec5-bb23b0040883,2026-07-31,5.0,95
313ec9d7-3be1-4890-9ec5-bb23b0040883,2026-08-01,5.0,95
313ec9d7-3be1-4890-9ec5-bb23b0040883,2026-08-02,5.0,95
313ec9d7-3be1-4890-9ec5-bb23b0040883,2026-08-03,5.0,95
313ec9d7-3be1-4890-9ec5-bb23b0040883,2026-08-04,5.0,95
313ec9d7-3be1-4890-9ec5-bb23b0040883,2026-08-05,2.4,97
33084800-507d-4945-9807-649af94f80c8,2026-07-30,5.0,95
33084800-507d-4945-9807-649af94f80c8,2026-07-31,5.0,95
33084800-507d-4945-9807-649af94f80c8,2026-08-01,5.0,95
33084800-507d-4945-9807-649af94f80c8,2026-08-02,5.0,95
33084800-507d-4945-9807-649af94f80c8,2026-08-03,5.0,95
33084800-507d-4945-9807-649af94f80c8,2026-08-04,5.0,95
33084800-507d-4945-9807-649af94f80c8,2026-08-05,1.4,98
347abf14-e581-4569-a7e9-cb0300a14335,2026-07-30,5.0,95
347abf14-e581-4569-a7e9-cb0300a14335,2026-07-31,5.0,95
347abf14-e581-4569-a7e9-cb0300a14335,2026-08-01,5.0,95
347abf14-e581-4569-a7e9-cb0300a14335,2026-08-02,5.0,95
347abf14-e581-4569-a7e9-cb0300a14335,2026-08-03,5.0,95
347abf14-e581-4569-a7e9-cb0300a14335,2026-08-04,5.0,95
347abf14-e581-4569-a7e9-cb0300a14335,2026-08-05,1.4,98
924c1757-0de6-46aa-bf84-e4c3bccf9698,2026-07-30,5.0,95
924c1757-0de6-46aa-bf84-e4c3bccf9698,2026-07-31,6.31,93
924c1757-0de6-46aa-bf84-e4c3bccf9698,2026-08-01,5.0,95
924c1757-0de6-46aa-bf84-e4c3bccf9698,2026-08-02,5.0,95
924c1757-0de6-46aa-bf84-e4c3bccf9698,2026-08-03,5.0,95
924c1757-0de6-46aa-bf84-e4c3bccf9698,2026-08-04,6.15,93
924c1757-0de6-46aa-bf84-e4c3bccf9698,2026-08-05,4.0,96
93cdb32a-e139-4483-8e3b-b2216bd53e54,2026-07-30,5.0,95
93cdb32a-e139-4483-8e3b-b2216bd53e54,2026-07-31,5.0,95
93cdb32a-e139-4483-8e3b-b2216bd53e54,2026-08-01,5.0,95
93cdb32a-e139-4483-8e3b-b2216bd53e54,2026-08-02,5.0,95
93cdb32a-e139-4483-8e3b-b2216bd53e54,2026-08-03,5.0,95
93cdb32a-e139-4483-8e3b-b2216bd53e54,2026-08-04,5.0,95
93cdb32a-e139-4483-8e3b-b2216bd53e54,2026-08-05,3.0,97
15363fe0-248e-41c5-9b5c-9354195c86ab,2026-07-30,5.0,95
15363fe0-248e-41c5-9b5c-9354195c86ab,2026-07-31,5.0,95
15363fe0-248e-41c5-9b5c-9354195c86ab,2026-08-01,5.0,95
15363fe0-248e-41c5-9b5c-9354195c86ab,2026-08-02,7.22,92
15363fe0-248e-41c5-9b5c-9354195c86ab,2026-08-03,8.89,91
15363fe0-248e-41c5-9b5c-9354195c86ab,2026-08-04,6.98,93
15363fe0-248e-41c5-9b5c-9354195c86ab,2026-08-05,6.4,93
17878d15-d445-444c-9abd-5b983a74345e,2026-07-30,5.0,95
17878d15-d445-444c-9abd-5b983a74345e,2026-07-31,5.0,95
17878d15-d445-444c-9abd-5b983a74345e,2026-08-01,5.0,95
17878d15-d445-444c-9abd-5b983a74345e,2026-08-02,5.0,95
17878d15-d445-444c-9abd-5b983a74345e,2026-08-03,5.0,95
17878d15-d445-444c-9abd-5b983a74345e,2026-08-04,5.0,95
17878d15-d445-444c-9abd-5b983a74345e,2026-08-05,2.7,97
6aacc9f8-c10d-400f-98d4-08b5de72f858,2026-07-30,5.0,95
6aacc9f8-c10d-400f-98d4-08b5de72f858,2026-07-31,6.01,93
6aacc9f8-c10d-400f-98d4-08b5de72f858,2026-08-01,5.0,95
6aacc9f8-c10d-400f-98d4-08b5de72f858,2026-08-02,6.46,93
6aacc9f8-c10d-400f-98d4-08b5de72f858,2026-08-03,5.0,95
6aacc9f8-c10d-400f-98d4-08b5de72f858,2026-08-04,5.0,95
6aacc9f8-c10d-400f-98d4-08b5de72f858,2026-08-05,6.6,93
140338f8-df5c-4f3f-8079-2a5b4cf830f0,2026-07-30,5.0,95
140338f8-df5c-4f3f-8079-2a5b4cf830f0,2026-07-31,5.0,95
140338f8-df5c-4f3f-8079-2a5b4cf830f0,2026-08-01,5.79,94
140338f8-df5c-4f3f-8079-2a5b4cf830f0,2026-08-02,5.0,95
140338f8-df5c-4f3f-8079-2a5b4cf830f0,2026-08-03,5.0,95
140338f8-df5c-4f3f-8079-2a5b4cf830f0,2026-08-04,5.0,95
140338f8-df5c-4f3f-8079-2a5b4cf830f0,2026-08-05,2.7,97
6c052064-3adc-488c-8842-0186f6b0f490,2026-07-30,5.0,95
6c052064-3adc-488c-8842-0186f6b0f490,2026-07-31,5.0,95
6c052064-3adc-488c-8842-0186f6b0f490,2026-08-01,5.0,95
6c052064-3adc-488c-8842-0186f6b0f490,2026-08-02,7.68,92
6c052064-3adc-488c-8842-0186f6b0f490,2026-08-03,5.0,95
6c052064-3adc-488c-8842-0186f6b0f490,2026-08-04,5.0,95
6c052064-3adc-488c-8842-0186f6b0f490,2026-08-05,5.9,94
6c5325de-2497-48e8-8f93-8ce1db297bc8,2026-07-30,5.0,95
6c5325de-2497-48e8-8f93-8ce1db297bc8,2026-07-31,5.0,95
6c5325de-2497-48e8-8f93-8ce1db297bc8,2026-08-01,7.71,92
6c5325de-2497-48e8-8f93-8ce1db297bc8,2026-08-02,5.0,95
6c5325de-2497-48e8-8f93-8ce1db297bc8,2026-08-03,5.0,95
6c5325de-2497-48e8-8f93-8ce1db297bc8,2026-08-04,8.95,91
6c5325de-2497-48e8-8f93-8ce1db297bc8,2026-08-05,6.0,94
6c9fc1b5-af52-4479-b902-7ef5ba4646f5,2026-07-30,88.31,11
6c9fc1b5-af52-4479-b902-7ef5ba4646f5,2026-07-31,87.64,12
6c9fc1b5-af52-4479-b902-7ef5ba4646f5,2026-08-01,92.27,7
6c9fc1b5-af52-4479-b902-7ef5ba4646f5,2026-08-02,91.05,8
6c9fc1b5-af52-4479-b902-7ef5ba4646f5,2026-08-03,93.82,6
6c9fc1b5-af52-4479-b902-7ef5ba4646f5,2026-08-04,92.88,7
6c9fc1b5-af52-4479-b902-7ef5ba4646f5,2026-08-05,96.2,3
18b11603-c5fe-4f66-b42e-a46d2801ba42,2026-07-30,5.0,95
18b11603-c5fe-4f66-b42e-a46d2801ba42,2026-07-31,5.67,94
18b11603-c5fe-4f66-b42e-a46d2801ba42,2026-08-01,5.0,95
18b11603-c5fe-4f66-b42e-a46d2801ba42,2026-08-02,5.0,95
18b11603-c5fe-4f66-b42e-a46d2801ba42,2026-08-03,5.0,95
18b11603-c5fe-4f66-b42e-a46d2801ba42,2026-08-04,5.0,95
18b11603-c5fe-4f66-b42e-a46d2801ba42,2026-08-05,2.6,97
18bf12d4-4337-4786-a032-604b93d5f0a8,2026-07-30,6.18,93
18bf12d4-4337-4786-a032-604b93d5f0a8,2026-07-31,7.68,92
18bf12d4-4337-4786-a032-604b93d5f0a8,2026-08-01,5.5,94
18bf12d4-4337-4786-a032-604b93d5f0a8,2026-08-02,7.4,92
18bf12d4-4337-4786-a032-604b93d5f0a8,2026-08-03,10.35,89
18bf12d4-4337-4786-a032-604b93d5f0a8,2026-08-04,8.38,91
18bf12d4-4337-4786-a032-604b93d5f0a8,2026-08-05,7.6,92
18e65218-98a8-4656-b5df-895d12eb0737,2026-07-30,91.35,8
18e65218-98a8-4656-b5df-895d12eb0737,2026-07-31,95.86,4
18e65218-98a8-4656-b5df-895d12eb0737,2026-08-01,94.1,5
18e65218-98a8-4656-b5df-895d12eb0737,2026-08-02,91.39,8
18e65218-98a8-4656-b5df-895d12eb0737,2026-08-03,92.9,7
18e65218-98a8-4656-b5df-895d12eb0737,2026-08-04,97.9,2
18e65218-98a8-4656-b5df-895d12eb0737,2026-08-05,96.2,3
6d5bde17-27cd-4171-a9b1-051d11feeca3,2026-07-30,5.45,94
6d5bde17-27cd-4171-a9b1-051d11feeca3,2026-07-31,5.0,95
6d5bde17-27cd-4171-a9b1-051d11feeca3,2026-08-01,5.0,95
6d5bde17-27cd-4171-a9b1-051d11feeca3,2026-08-02,9.94,90
6d5bde17-27cd-4171-a9b1-051d11feeca3,2026-08-03,5.0,95
6d5bde17-27cd-4171-a9b1-051d11feeca3,2026-08-04,5.0,95
6d5bde17-27cd-4171-a9b1-051d11feeca3,2026-08-05,6.4,93
6daf5f6a-91d9-4a98-99b1-3580881d1789,2026-07-30,5.0,95
6daf5f6a-91d9-4a98-99b1-3580881d1789,2026-07-31,8.87,91
6daf5f6a-91d9-4a98-99b1-3580881d1789,2026-08-01,6.32,93
6daf5f6a-91d9-4a98-99b1-3580881d1789,2026-08-02,5.59,94
6daf5f6a-91d9-4a98-99b1-3580881d1789,2026-08-03,11.23,88
6daf5f6a-91d9-4a98-99b1-3580881d1789,2026-08-04,9.47,90
6daf5f6a-91d9-4a98-99b1-3580881d1789,2026-08-05,9.4,90
6ddc7d4c-e94c-41b0-93a4-2d5f30ba5dd0,2026-07-30,54.93,45
6ddc7d4c-e94c-41b0-93a4-2d5f30ba5dd0,2026-07-31,59.9,40
6ddc7d4c-e94c-41b0-93a4-2d5f30ba5dd0,2026-08-01,56.33,43
6ddc7d4c-e94c-41b0-93a4-2d5f30ba5dd0,2026-08-02,56.46,43
6ddc7d4c-e94c-41b0-93a4-2d5f30ba5dd0,2026-08-03,54.01,45
6ddc7d4c-e94c-41b0-93a4-2d5f30ba5dd0,2026-08-04,56.37,43
6ddc7d4c-e94c-41b0-93a4-2d5f30ba5dd0,2026-08-05,58.5,41
1793aefb-c301-4aea-8279-89e23a864c65,2026-07-30,5.0,95
1793aefb-c301-4aea-8279-89e23a864c65,2026-07-31,5.0,95
1793aefb-c301-4aea-8279-89e23a864c65,2026-08-01,5.0,95
1793aefb-c301-4aea-8279-89e23a864c65,2026-08-02,5.0,95
1793aefb-c301-4aea-8279-89e23a864c65,2026-08-03,5.0,95
1793aefb-c301-4aea-8279-89e23a864c65,2026-08-04,5.27,94
1793aefb-c301-4aea-8279-89e23a864c65,2026-08-05,2.6,97
d1a145b5-5822-4a28-a151-5714d16f5475,2026-07-30,5.0,95
d1a145b5-5822-4a28-a151-5714d16f5475,2026-07-31,5.0,95
d1a145b5-5822-4a28-a151-5714d16f5475,2026-08-01,5.0,95
d1a145b5-5822-4a28-a151-5714d16f5475,2026-08-02,5.0,95
d1a145b5-5822-4a28-a151-5714d16f5475,2026-08-03,5.0,95
d1a145b5-5822-4a28-a151-5714d16f5475,2026-08-04,5.0,95
d1a145b5-5822-4a28-a151-5714d16f5475,2026-08-05,2.5,97
d22a389d-14d8-4913-85b4-5784091fac1c,2026-07-30,5.0,95
d22a389d-14d8-4913-85b4-5784091fac1c,2026-07-31,5.0,95
d22a389d-14d8-4913-85b4-5784091fac1c,2026-08-01,5.0,95
d22a389d-14d8-4913-85b4-5784091fac1c,2026-08-02,5.0,95
d22a389d-14d8-4913-85b4-5784091fac1c,2026-08-03,5.0,95
d22a389d-14d8-4913-85b4-5784091fac1c,2026-08-04,5.0,95
d22a389d-14d8-4913-85b4-5784091fac1c,2026-08-05,2.5,97
d6315249-699a-44d9-a720-b29b2c3ba8cd,2026-07-30,5.0,95
d6315249-699a-44d9-a720-b29b2c3ba8cd,2026-07-31,5.0,95
d6315249-699a-44d9-a720-b29b2c3ba8cd,2026-08-01,5.0,95
d6315249-699a-44d9-a720-b29b2c3ba8cd,2026-08-02,5.0,95
d6315249-699a-44d9-a720-b29b2c3ba8cd,2026-08-03,5.0,95
d6315249-699a-44d9-a720-b29b2c3ba8cd,2026-08-04,5.0,95
d6315249-699a-44d9-a720-b29b2c3ba8cd,2026-08-05,2.7,97
e17c22d9-9ec2-4023-bf66-af581e9f5668,2026-07-30,5.0,95
e17c22d9-9ec2-4023-bf66-af581e9f5668,2026-07-31,5.0,95
e17c22d9-9ec2-4023-bf66-af581e9f5668,2026-08-01,5.0,95
e17c22d9-9ec2-4023-bf66-af581e9f5668,2026-08-02,5.0,95
e17c22d9-9ec2-4023-bf66-af581e9f5668,2026-08-03,5.0,95
e17c22d9-9ec2-4023-bf66-af581e9f5668,2026-08-04,5.08,94
e17c22d9-9ec2-4023-bf66-af581e9f5668,2026-08-05,2.6,97
01d4c645-f9b4-4047-8c2a-8ce18a40b9cf,2026-07-30,5.0,95
01d4c645-f9b4-4047-8c2a-8ce18a40b9cf,2026-07-31,5.0,95
01d4c645-f9b4-4047-8c2a-8ce18a40b9cf,2026-08-01,5.0,95
01d4c645-f9b4-4047-8c2a-8ce18a40b9cf,2026-08-02,5.0,95
01d4c645-f9b4-4047-8c2a-8ce18a40b9cf,2026-08-03,5.0,95
01d4c645-f9b4-4047-8c2a-8ce18a40b9cf,2026-08-04,5.0,95
01d4c645-f9b4-4047-8c2a-8ce18a40b9cf,2026-08-05,1.4,98
02373c37-d942-4520-a42e-8ec6c6148a23,2026-07-30,5.0,95
02373c37-d942-4520-a42e-8ec6c6148a23,2026-07-31,5.0,95
02373c37-d942-4520-a42e-8ec6c6148a23,2026-08-01,5.0,95
02373c37-d942-4520-a42e-8ec6c6148a23,2026-08-02,5.0,95
02373c37-d942-4520-a42e-8ec6c6148a23,2026-08-03,5.0,95
02373c37-d942-4520-a42e-8ec6c6148a23,2026-08-04,5.0,95
02373c37-d942-4520-a42e-8ec6c6148a23,2026-08-05,1.4,98
024555ef-0275-4a24-aa93-62bb62e6af29,2026-07-30,5.0,95
024555ef-0275-4a24-aa93-62bb62e6af29,2026-07-31,5.0,95
024555ef-0275-4a24-aa93-62bb62e6af29,2026-08-01,5.0,95
024555ef-0275-4a24-aa93-62bb62e6af29,2026-08-02,5.0,95
024555ef-0275-4a24-aa93-62bb62e6af29,2026-08-03,5.0,95
024555ef-0275-4a24-aa93-62bb62e6af29,2026-08-04,5.0,95
024555ef-0275-4a24-aa93-62bb62e6af29,2026-08-05,1.4,98
024fb18c-20f2-4e65-a5b6-faf7374869e4,2026-07-30,6.98,93
024fb18c-20f2-4e65-a5b6-faf7374869e4,2026-07-31,5.0,95
024fb18c-20f2-4e65-a5b6-faf7374869e4,2026-08-01,5.0,95
024fb18c-20f2-4e65-a5b6-faf7374869e4,2026-08-02,5.0,95
024fb18c-20f2-4e65-a5b6-faf7374869e4,2026-08-03,5.0,95
024fb18c-20f2-4e65-a5b6-faf7374869e4,2026-08-04,5.0,95
024fb18c-20f2-4e65-a5b6-faf7374869e4,2026-08-05,1.4,98
03909d8c-baec-43f4-8afc-ad0e517c96f3,2026-07-30,5.0,95
03909d8c-baec-43f4-8afc-ad0e517c96f3,2026-07-31,5.0,95
03909d8c-baec-43f4-8afc-ad0e517c96f3,2026-08-01,5.0,95
03909d8c-baec-43f4-8afc-ad0e517c96f3,2026-08-02,5.0,95
03909d8c-baec-43f4-8afc-ad0e517c96f3,2026-08-03,5.0,95
03909d8c-baec-43f4-8afc-ad0e517c96f3,2026-08-04,5.0,95
03909d8c-baec-43f4-8afc-ad0e517c96f3,2026-08-05,1.4,98
0459ce87-d13f-4473-99ee-871b6856b705,2026-07-30,5.0,95
0459ce87-d13f-4473-99ee-871b6856b705,2026-07-31,5.0,95
0459ce87-d13f-4473-99ee-871b6856b705,2026-08-01,5.0,95
0459ce87-d13f-4473-99ee-871b6856b705,2026-08-02,5.0,95
0459ce87-d13f-4473-99ee-871b6856b705,2026-08-03,5.0,95
0459ce87-d13f-4473-99ee-871b6856b705,2026-08-04,5.0,95
0459ce87-d13f-4473-99ee-871b6856b705,2026-08-05,1.4,98
0463cffe-a886-4880-bd11-b2e96682f9fe,2026-07-30,5.0,95
0463cffe-a886-4880-bd11-b2e96682f9fe,2026-07-31,5.0,95
0463cffe-a886-4880-bd11-b2e96682f9fe,2026-08-01,5.0,95
0463cffe-a886-4880-bd11-b2e96682f9fe,2026-08-02,5.0,95
0463cffe-a886-4880-bd11-b2e96682f9fe,2026-08-03,5.0,95
0463cffe-a886-4880-bd11-b2e96682f9fe,2026-08-04,5.0,95
0463cffe-a886-4880-bd11-b2e96682f9fe,2026-08-05,1.4,98
04a4c187-2efe-4201-a05f-eb41d737ed7d,2026-07-30,92.95,7
04a4c187-2efe-4201-a05f-eb41d737ed7d,2026-07-31,93.35,6
04a4c187-2efe-4201-a05f-eb41d737ed7d,2026-08-01,95.1,4
04a4c187-2efe-4201-a05f-eb41d737ed7d,2026-08-02,98.0,2
04a4c187-2efe-4201-a05f-eb41d737ed7d,2026-08-03,95.91,4
04a4c187-2efe-4201-a05f-eb41d737ed7d,2026-08-04,98.0,2
04a4c187-2efe-4201-a05f-eb41d737ed7d,2026-08-05,97.2,2
04caba8a-eb62-4920-b412-e43ca39cfb75,2026-07-30,5.0,95
04caba8a-eb62-4920-b412-e43ca39cfb75,2026-07-31,7.12,92
04caba8a-eb62-4920-b412-e43ca39cfb75,2026-08-01,5.0,95
04caba8a-eb62-4920-b412-e43ca39cfb75,2026-08-02,5.0,95
04caba8a-eb62-4920-b412-e43ca39cfb75,2026-08-03,5.0,95
04caba8a-eb62-4920-b412-e43ca39cfb75,2026-08-04,5.0,95
04caba8a-eb62-4920-b412-e43ca39cfb75,2026-08-05,1.4,98
04d8e7f8-080e-4e11-be7c-6a67ba267ea7,2026-07-30,5.0,95
04d8e7f8-080e-4e11-be7c-6a67ba267ea7,2026-07-31,5.0,95
04d8e7f8-080e-4e11-be7c-6a67ba267ea7,2026-08-01,5.0,95
04d8e7f8-080e-4e11-be7c-6a67ba267ea7,2026-08-02,5.0,95
04d8e7f8-080e-4e11-be7c-6a67ba267ea7,2026-08-03,5.0,95
04d8e7f8-080e-4e11-be7c-6a67ba267ea7,2026-08-04,5.0,95
04d8e7f8-080e-4e11-be7c-6a67ba267ea7,2026-08-05,1.4,98
0796a891-c2e7-4dbf-b4e7-19b41e398e6c,2026-07-30,5.0,95
0796a891-c2e7-4dbf-b4e7-19b41e398e6c,2026-07-31,5.0,95
0796a891-c2e7-4dbf-b4e7-19b41e398e6c,2026-08-01,5.0,95
0796a891-c2e7-4dbf-b4e7-19b41e398e6c,2026-08-02,5.0,95
0796a891-c2e7-4dbf-b4e7-19b41e398e6c,2026-08-03,5.0,95
0796a891-c2e7-4dbf-b4e7-19b41e398e6c,2026-08-04,5.0,95
0796a891-c2e7-4dbf-b4e7-19b41e398e6c,2026-08-05,1.4,98
08125b1e-618a-4367-a36e-fd812679d8fd,2026-07-30,5.0,95
08125b1e-618a-4367-a36e-fd812679d8fd,2026-07-31,7.35,92
08125b1e-618a-4367-a36e-fd812679d8fd,2026-08-01,5.0,95
08125b1e-618a-4367-a36e-fd812679d8fd,2026-08-02,5.0,95
08125b1e-618a-4367-a36e-fd812679d8fd,2026-08-03,5.0,95
08125b1e-618a-4367-a36e-fd812679d8fd,2026-08-04,5.0,95
08125b1e-618a-4367-a36e-fd812679d8fd,2026-08-05,1.3,98
0953fbe9-088b-46e8-8548-5fd306b271ac,2026-07-30,5.0,95
0953fbe9-088b-46e8-8548-5fd306b271ac,2026-07-31,5.0,95
0953fbe9-088b-46e8-8548-5fd306b271ac,2026-08-01,5.0,95
0953fbe9-088b-46e8-8548-5fd306b271ac,2026-08-02,5.0,95
0953fbe9-088b-46e8-8548-5fd306b271ac,2026-08-03,5.0,95
0953fbe9-088b-46e8-8548-5fd306b271ac,2026-08-04,5.0,95
0953fbe9-088b-46e8-8548-5fd306b271ac,2026-08-05,1.4,98
09e54b19-81b5-4965-ae2c-c3eeca00f443,2026-07-30,5.0,95
09e54b19-81b5-4965-ae2c-c3eeca00f443,2026-07-31,5.0,95
09e54b19-81b5-4965-ae2c-c3eeca00f443,2026-08-01,5.0,95
09e54b19-81b5-4965-ae2c-c3eeca00f443,2026-08-02,5.0,95
09e54b19-81b5-4965-ae2c-c3eeca00f443,2026-08-03,5.0,95
09e54b19-81b5-4965-ae2c-c3eeca00f443,2026-08-04,5.0,95
09e54b19-81b5-4965-ae2c-c3eeca00f443,2026-08-05,1.4,98
0a5404e3-679f-47f3-91aa-626c8a2bcaa0,2026-07-30,5.0,95
0a5404e3-679f-47f3-91aa-626c8a2bcaa0,2026-07-31,5.0,95
0a5404e3-679f-47f3-91aa-626c8a2bcaa0,2026-08-01,5.0,95
0a5404e3-679f-47f3-91aa-626c8a2bcaa0,2026-08-02,5.0,95
0a5404e3-679f-47f3-91aa-626c8a2bcaa0,2026-08-03,5.0,95
0a5404e3-679f-47f3-91aa-626c8a2bcaa0,2026-08-04,5.0,95
0a5404e3-679f-47f3-91aa-626c8a2bcaa0,2026-08-05,1.4,98
6e51ae86-5060-4557-971b-4f540c4f6d5d,2026-07-30,5.0,95
6e51ae86-5060-4557-971b-4f540c4f6d5d,2026-07-31,5.0,95
6e51ae86-5060-4557-971b-4f540c4f6d5d,2026-08-01,5.0,95
6e51ae86-5060-4557-971b-4f540c4f6d5d,2026-08-02,5.62,94
6e51ae86-5060-4557-971b-4f540c4f6d5d,2026-08-03,5.0,95
6e51ae86-5060-4557-971b-4f540c4f6d5d,2026-08-04,5.0,95
6e51ae86-5060-4557-971b-4f540c4f6d5d,2026-08-05,2.6,97
75176865-8309-4580-aceb-34963b6fff53,2026-07-30,5.78,94
75176865-8309-4580-aceb-34963b6fff53,2026-07-31,5.0,95
75176865-8309-4580-aceb-34963b6fff53,2026-08-01,5.0,95
75176865-8309-4580-aceb-34963b6fff53,2026-08-02,5.0,95
75176865-8309-4580-aceb-34963b6fff53,2026-08-03,5.0,95
75176865-8309-4580-aceb-34963b6fff53,2026-08-04,7.22,92
75176865-8309-4580-aceb-34963b6fff53,2026-08-05,6.2,93
76327464-7bf8-4363-a0b3-a381464c64c2,2026-07-30,5.0,95
76327464-7bf8-4363-a0b3-a381464c64c2,2026-07-31,5.51,94
76327464-7bf8-4363-a0b3-a381464c64c2,2026-08-01,8.34,91
76327464-7bf8-4363-a0b3-a381464c64c2,2026-08-02,5.0,95
76327464-7bf8-4363-a0b3-a381464c64c2,2026-08-03,5.0,95
76327464-7bf8-4363-a0b3-a381464c64c2,2026-08-04,6.84,93
76327464-7bf8-4363-a0b3-a381464c64c2,2026-08-05,6.4,93
7b1f6c86-4f7a-4350-b021-39f8e24652ad,2026-07-30,5.0,95
7b1f6c86-4f7a-4350-b021-39f8e24652ad,2026-07-31,5.0,95
7b1f6c86-4f7a-4350-b021-39f8e24652ad,2026-08-01,5.0,95
7b1f6c86-4f7a-4350-b021-39f8e24652ad,2026-08-02,5.0,95
7b1f6c86-4f7a-4350-b021-39f8e24652ad,2026-08-03,5.0,95
7b1f6c86-4f7a-4350-b021-39f8e24652ad,2026-08-04,5.0,95
7b1f6c86-4f7a-4350-b021-39f8e24652ad,2026-08-05,2.6,97
7b33e578-e3c5-4a72-898b-61fba6edca55,2026-07-30,5.0,95
7b33e578-e3c5-4a72-898b-61fba6edca55,2026-07-31,5.0,95
7b33e578-e3c5-4a72-898b-61fba6edca55,2026-08-01,5.0,95
7b33e578-e3c5-4a72-898b-61fba6edca55,2026-08-02,5.0,95
7b33e578-e3c5-4a72-898b-61fba6edca55,2026-08-03,5.0,95
7b33e578-e3c5-4a72-898b-61fba6edca55,2026-08-04,5.0,95
7b33e578-e3c5-4a72-898b-61fba6edca55,2026-08-05,2.5,97
0b8b92e3-76f7-4a31-ac1a-9e0b6beebd5a,2026-07-30,5.0,95
0b8b92e3-76f7-4a31-ac1a-9e0b6beebd5a,2026-07-31,5.0,95
0b8b92e3-76f7-4a31-ac1a-9e0b6beebd5a,2026-08-01,5.0,95
0b8b92e3-76f7-4a31-ac1a-9e0b6beebd5a,2026-08-02,5.0,95
0b8b92e3-76f7-4a31-ac1a-9e0b6beebd5a,2026-08-03,5.0,95
0b8b92e3-76f7-4a31-ac1a-9e0b6beebd5a,2026-08-04,5.0,95
0b8b92e3-76f7-4a31-ac1a-9e0b6beebd5a,2026-08-05,1.4,98
0eb57f72-d0d2-4974-997f-b00505faa8c3,2026-07-30,5.0,95
0eb57f72-d0d2-4974-997f-b00505faa8c3,2026-07-31,5.0,95
0eb57f72-d0d2-4974-997f-b00505faa8c3,2026-08-01,5.0,95
0eb57f72-d0d2-4974-997f-b00505faa8c3,2026-08-02,5.0,95
0eb57f72-d0d2-4974-997f-b00505faa8c3,2026-08-03,5.0,95
0eb57f72-d0d2-4974-997f-b00505faa8c3,2026-08-04,5.0,95
0eb57f72-d0d2-4974-997f-b00505faa8c3,2026-08-05,1.4,98
119a382a-0eae-43f1-90bd-f2eb65e53d45,2026-07-30,5.0,95
119a382a-0eae-43f1-90bd-f2eb65e53d45,2026-07-31,5.0,95
119a382a-0eae-43f1-90bd-f2eb65e53d45,2026-08-01,5.0,95
119a382a-0eae-43f1-90bd-f2eb65e53d45,2026-08-02,5.0,95
119a382a-0eae-43f1-90bd-f2eb65e53d45,2026-08-03,5.0,95
119a382a-0eae-43f1-90bd-f2eb65e53d45,2026-08-04,5.0,95
119a382a-0eae-43f1-90bd-f2eb65e53d45,2026-08-05,1.4,98
1307e1ed-8c4d-477a-847d-5d3f2bb527fb,2026-07-30,5.0,95
1307e1ed-8c4d-477a-847d-5d3f2bb527fb,2026-07-31,5.0,95
1307e1ed-8c4d-477a-847d-5d3f2bb527fb,2026-08-01,5.0,95
1307e1ed-8c4d-477a-847d-5d3f2bb527fb,2026-08-02,5.0,95
1307e1ed-8c4d-477a-847d-5d3f2bb527fb,2026-08-03,5.0,95
1307e1ed-8c4d-477a-847d-5d3f2bb527fb,2026-08-04,5.0,95
1307e1ed-8c4d-477a-847d-5d3f2bb527fb,2026-08-05,1.3,98
1396f0ae-97ba-4c07-8895-6d0b2a207f72,2026-07-30,5.0,95
1396f0ae-97ba-4c07-8895-6d0b2a207f72,2026-07-31,5.0,95
1396f0ae-97ba-4c07-8895-6d0b2a207f72,2026-08-01,5.0,95
1396f0ae-97ba-4c07-8895-6d0b2a207f72,2026-08-02,5.0,95
1396f0ae-97ba-4c07-8895-6d0b2a207f72,2026-08-03,5.0,95
1396f0ae-97ba-4c07-8895-6d0b2a207f72,2026-08-04,5.0,95
1396f0ae-97ba-4c07-8895-6d0b2a207f72,2026-08-05,1.4,98
3653fb70-babd-4426-8236-9144448c195f,2026-07-30,5.0,95
3653fb70-babd-4426-8236-9144448c195f,2026-07-31,5.0,95
3653fb70-babd-4426-8236-9144448c195f,2026-08-01,5.0,95
3653fb70-babd-4426-8236-9144448c195f,2026-08-02,5.0,95
3653fb70-babd-4426-8236-9144448c195f,2026-08-03,5.33,94
3653fb70-babd-4426-8236-9144448c195f,2026-08-04,5.0,95
3653fb70-babd-4426-8236-9144448c195f,2026-08-05,1.4,98
36f6dee6-713f-4f81-bb1f-f219347a22bc,2026-07-30,5.0,95
36f6dee6-713f-4f81-bb1f-f219347a22bc,2026-07-31,5.0,95
36f6dee6-713f-4f81-bb1f-f219347a22bc,2026-08-01,5.0,95
36f6dee6-713f-4f81-bb1f-f219347a22bc,2026-08-02,5.0,95
36f6dee6-713f-4f81-bb1f-f219347a22bc,2026-08-03,5.0,95
36f6dee6-713f-4f81-bb1f-f219347a22bc,2026-08-04,5.0,95
36f6dee6-713f-4f81-bb1f-f219347a22bc,2026-08-05,1.4,98
37f576a7-e34f-4a9d-bd49-7ce59165b8cf,2026-07-30,5.0,95
37f576a7-e34f-4a9d-bd49-7ce59165b8cf,2026-07-31,5.0,95
37f576a7-e34f-4a9d-bd49-7ce59165b8cf,2026-08-01,5.0,95
37f576a7-e34f-4a9d-bd49-7ce59165b8cf,2026-08-02,5.0,95
37f576a7-e34f-4a9d-bd49-7ce59165b8cf,2026-08-03,5.0,95
37f576a7-e34f-4a9d-bd49-7ce59165b8cf,2026-08-04,5.0,95
37f576a7-e34f-4a9d-bd49-7ce59165b8cf,2026-08-05,1.4,98
a0273fe2-e46f-4d3c-b67e-8017d2a1f5cd,2026-07-30,5.0,95
a0273fe2-e46f-4d3c-b67e-8017d2a1f5cd,2026-07-31,5.0,95
a0273fe2-e46f-4d3c-b67e-8017d2a1f5cd,2026-08-01,5.0,95
a0273fe2-e46f-4d3c-b67e-8017d2a1f5cd,2026-08-02,5.0,95
a0273fe2-e46f-4d3c-b67e-8017d2a1f5cd,2026-08-03,5.0,95
a0273fe2-e46f-4d3c-b67e-8017d2a1f5cd,2026-08-04,5.0,95
a0273fe2-e46f-4d3c-b67e-8017d2a1f5cd,2026-08-05,2.6,97
a029f9b3-1cfa-4816-b838-8d2dd0a713fb,2026-07-30,6.88,93
a029f9b3-1cfa-4816-b838-8d2dd0a713fb,2026-07-31,5.0,95
a029f9b3-1cfa-4816-b838-8d2dd0a713fb,2026-08-01,5.0,95
a029f9b3-1cfa-4816-b838-8d2dd0a713fb,2026-08-02,5.0,95
a029f9b3-1cfa-4816-b838-8d2dd0a713fb,2026-08-03,5.0,95
a029f9b3-1cfa-4816-b838-8d2dd0a713fb,2026-08-04,5.0,95
a029f9b3-1cfa-4816-b838-8d2dd0a713fb,2026-08-05,2.5,97
aca45ce6-bd08-41cd-81f2-27da5d12e30a,2026-07-30,5.0,95
aca45ce6-bd08-41cd-81f2-27da5d12e30a,2026-07-31,5.0,95
aca45ce6-bd08-41cd-81f2-27da5d12e30a,2026-08-01,5.0,95
aca45ce6-bd08-41cd-81f2-27da5d12e30a,2026-08-02,5.0,95
aca45ce6-bd08-41cd-81f2-27da5d12e30a,2026-08-03,6.03,93
aca45ce6-bd08-41cd-81f2-27da5d12e30a,2026-08-04,5.0,95
aca45ce6-bd08-41cd-81f2-27da5d12e30a,2026-08-05,2.6,97
380610c8-126c-45e5-b43a-3129030546a4,2026-07-30,5.0,95
380610c8-126c-45e5-b43a-3129030546a4,2026-07-31,5.0,95
380610c8-126c-45e5-b43a-3129030546a4,2026-08-01,5.0,95
380610c8-126c-45e5-b43a-3129030546a4,2026-08-02,5.0,95
380610c8-126c-45e5-b43a-3129030546a4,2026-08-03,5.0,95
380610c8-126c-45e5-b43a-3129030546a4,2026-08-04,5.0,95
380610c8-126c-45e5-b43a-3129030546a4,2026-08-05,1.4,98
38349339-c099-4837-95f1-6efe5e303776,2026-07-30,5.0,95
38349339-c099-4837-95f1-6efe5e303776,2026-07-31,5.0,95
38349339-c099-4837-95f1-6efe5e303776,2026-08-01,5.0,95
38349339-c099-4837-95f1-6efe5e303776,2026-08-02,5.0,95
38349339-c099-4837-95f1-6efe5e303776,2026-08-03,5.0,95
38349339-c099-4837-95f1-6efe5e303776,2026-08-04,5.0,95
38349339-c099-4837-95f1-6efe5e303776,2026-08-05,1.4,98
393d4e91-0ff0-45ce-aec9-d26ea14116b5,2026-07-30,5.0,95
393d4e91-0ff0-45ce-aec9-d26ea14116b5,2026-07-31,5.0,95
393d4e91-0ff0-45ce-aec9-d26ea14116b5,2026-08-01,5.0,95
393d4e91-0ff0-45ce-aec9-d26ea14116b5,2026-08-02,5.0,95
393d4e91-0ff0-45ce-aec9-d26ea14116b5,2026-08-03,5.0,95
393d4e91-0ff0-45ce-aec9-d26ea14116b5,2026-08-04,5.0,95
393d4e91-0ff0-45ce-aec9-d26ea14116b5,2026-08-05,1.4,98
e3e010ef-d789-4563-9198-ecf940320de3,2026-07-30,5.0,95
e3e010ef-d789-4563-9198-ecf940320de3,2026-07-31,5.0,95
e3e010ef-d789-4563-9198-ecf940320de3,2026-08-01,5.0,95
e3e010ef-d789-4563-9198-ecf940320de3,2026-08-02,5.0,95
e3e010ef-d789-4563-9198-ecf940320de3,2026-08-03,5.0,95
e3e010ef-d789-4563-9198-ecf940320de3,2026-08-04,5.25,94
e3e010ef-d789-4563-9198-ecf940320de3,2026-08-05,2.6,97
e47339b2-1dbf-4226-9e94-3a3729e94434,2026-07-30,7.07,92
e47339b2-1dbf-4226-9e94-3a3729e94434,2026-07-31,5.0,95
e47339b2-1dbf-4226-9e94-3a3729e94434,2026-08-01,7.1,92
e47339b2-1dbf-4226-9e94-3a3729e94434,2026-08-02,5.09,94
e47339b2-1dbf-4226-9e94-3a3729e94434,2026-08-03,5.0,95
e47339b2-1dbf-4226-9e94-3a3729e94434,2026-08-04,5.0,95
e47339b2-1dbf-4226-9e94-3a3729e94434,2026-08-05,2.6,97
e53aa0dc-b66a-43a1-8a89-176f0875b3d5,2026-07-30,7.74,92
e53aa0dc-b66a-43a1-8a89-176f0875b3d5,2026-07-31,5.0,95
e53aa0dc-b66a-43a1-8a89-176f0875b3d5,2026-08-01,5.0,95
e53aa0dc-b66a-43a1-8a89-176f0875b3d5,2026-08-02,5.68,94
e53aa0dc-b66a-43a1-8a89-176f0875b3d5,2026-08-03,5.0,95
e53aa0dc-b66a-43a1-8a89-176f0875b3d5,2026-08-04,5.0,95
e53aa0dc-b66a-43a1-8a89-176f0875b3d5,2026-08-05,2.5,97
39d2d6a3-8d86-4063-b03e-eefe63d5d6df,2026-07-30,6.2,93
39d2d6a3-8d86-4063-b03e-eefe63d5d6df,2026-07-31,5.0,95
39d2d6a3-8d86-4063-b03e-eefe63d5d6df,2026-08-01,5.0,95
39d2d6a3-8d86-4063-b03e-eefe63d5d6df,2026-08-02,5.0,95
39d2d6a3-8d86-4063-b03e-eefe63d5d6df,2026-08-03,5.0,95
39d2d6a3-8d86-4063-b03e-eefe63d5d6df,2026-08-04,5.0,95
39d2d6a3-8d86-4063-b03e-eefe63d5d6df,2026-08-05,1.4,98
3c5c69f4-b4d7-42f3-a330-6f223b8ba135,2026-07-30,5.0,95
3c5c69f4-b4d7-42f3-a330-6f223b8ba135,2026-07-31,5.0,95
3c5c69f4-b4d7-42f3-a330-6f223b8ba135,2026-08-01,5.0,95
3c5c69f4-b4d7-42f3-a330-6f223b8ba135,2026-08-02,5.0,95
3c5c69f4-b4d7-42f3-a330-6f223b8ba135,2026-08-03,5.0,95
3c5c69f4-b4d7-42f3-a330-6f223b8ba135,2026-08-04,5.0,95
3c5c69f4-b4d7-42f3-a330-6f223b8ba135,2026-08-05,1.3,98
3c7d0772-d3bc-424b-b290-0685007b54b8,2026-07-30,5.0,95
3c7d0772-d3bc-424b-b290-0685007b54b8,2026-07-31,5.0,95
3c7d0772-d3bc-424b-b290-0685007b54b8,2026-08-01,5.0,95
3c7d0772-d3bc-424b-b290-0685007b54b8,2026-08-02,5.0,95
3c7d0772-d3bc-424b-b290-0685007b54b8,2026-08-03,5.0,95
3c7d0772-d3bc-424b-b290-0685007b54b8,2026-08-04,5.0,95
3c7d0772-d3bc-424b-b290-0685007b54b8,2026-08-05,1.4,98
3c97e345-778f-4989-8130-7e00102fe101,2026-07-30,5.0,95
3c97e345-778f-4989-8130-7e00102fe101,2026-07-31,5.0,95
3c97e345-778f-4989-8130-7e00102fe101,2026-08-01,5.0,95
3c97e345-778f-4989-8130-7e00102fe101,2026-08-02,5.0,95
3c97e345-778f-4989-8130-7e00102fe101,2026-08-03,5.0,95
3c97e345-778f-4989-8130-7e00102fe101,2026-08-04,5.0,95
3c97e345-778f-4989-8130-7e00102fe101,2026-08-05,1.4,98
4a35bbc0-5ab6-46d0-9e91-ec8781086b4a,2026-07-30,5.0,95
4a35bbc0-5ab6-46d0-9e91-ec8781086b4a,2026-07-31,5.0,95
4a35bbc0-5ab6-46d0-9e91-ec8781086b4a,2026-08-01,5.0,95
4a35bbc0-5ab6-46d0-9e91-ec8781086b4a,2026-08-02,5.0,95
4a35bbc0-5ab6-46d0-9e91-ec8781086b4a,2026-08-03,5.0,95
4a35bbc0-5ab6-46d0-9e91-ec8781086b4a,2026-08-04,5.0,95
4a35bbc0-5ab6-46d0-9e91-ec8781086b4a,2026-08-05,1.4,98
4bec8671-721a-4018-98e7-82719532f89e,2026-07-30,5.0,95
4bec8671-721a-4018-98e7-82719532f89e,2026-07-31,5.0,95
4bec8671-721a-4018-98e7-82719532f89e,2026-08-01,5.0,95
4bec8671-721a-4018-98e7-82719532f89e,2026-08-02,5.0,95
4bec8671-721a-4018-98e7-82719532f89e,2026-08-03,5.0,95
4bec8671-721a-4018-98e7-82719532f89e,2026-08-04,5.0,95
4bec8671-721a-4018-98e7-82719532f89e,2026-08-05,1.4,98
4c27d203-8899-4c38-b894-0e1e51a09a95,2026-07-30,5.0,95
4c27d203-8899-4c38-b894-0e1e51a09a95,2026-07-31,5.0,95
4c27d203-8899-4c38-b894-0e1e51a09a95,2026-08-01,5.0,95
4c27d203-8899-4c38-b894-0e1e51a09a95,2026-08-02,5.0,95
4c27d203-8899-4c38-b894-0e1e51a09a95,2026-08-03,5.0,95
4c27d203-8899-4c38-b894-0e1e51a09a95,2026-08-04,5.0,95
4c27d203-8899-4c38-b894-0e1e51a09a95,2026-08-05,1.4,98
1271ad90-1165-4732-a36f-877444382b52,2026-07-30,5.0,95
1271ad90-1165-4732-a36f-877444382b52,2026-07-31,5.0,95
1271ad90-1165-4732-a36f-877444382b52,2026-08-01,5.0,95
1271ad90-1165-4732-a36f-877444382b52,2026-08-02,5.0,95
1271ad90-1165-4732-a36f-877444382b52,2026-08-03,5.0,95
1271ad90-1165-4732-a36f-877444382b52,2026-08-04,5.0,95
1271ad90-1165-4732-a36f-877444382b52,2026-08-05,2.6,97
133fd767-3d02-4db1-a69a-288561254e43,2026-07-30,5.23,94
133fd767-3d02-4db1-a69a-288561254e43,2026-07-31,5.71,94
133fd767-3d02-4db1-a69a-288561254e43,2026-08-01,5.0,95
133fd767-3d02-4db1-a69a-288561254e43,2026-08-02,5.0,95
133fd767-3d02-4db1-a69a-288561254e43,2026-08-03,5.0,95
133fd767-3d02-4db1-a69a-288561254e43,2026-08-04,5.0,95
133fd767-3d02-4db1-a69a-288561254e43,2026-08-05,2.6,97
6ad1855f-89d4-4151-aa53-1a3f71d660d8,2026-07-30,5.0,95
6ad1855f-89d4-4151-aa53-1a3f71d660d8,2026-07-31,5.0,95
6ad1855f-89d4-4151-aa53-1a3f71d660d8,2026-08-01,5.0,95
6ad1855f-89d4-4151-aa53-1a3f71d660d8,2026-08-02,7.2,92
6ad1855f-89d4-4151-aa53-1a3f71d660d8,2026-08-03,5.0,95
6ad1855f-89d4-4151-aa53-1a3f71d660d8,2026-08-04,7.43,92
6ad1855f-89d4-4151-aa53-1a3f71d660d8,2026-08-05,6.8,93
6af2d287-c169-48f3-bc41-1cd580b3ab3f,2026-07-30,5.0,95
6af2d287-c169-48f3-bc41-1cd580b3ab3f,2026-07-31,5.0,95
6af2d287-c169-48f3-bc41-1cd580b3ab3f,2026-08-01,9.37,90
6af2d287-c169-48f3-bc41-1cd580b3ab3f,2026-08-02,8.43,91
6af2d287-c169-48f3-bc41-1cd580b3ab3f,2026-08-03,6.16,93
6af2d287-c169-48f3-bc41-1cd580b3ab3f,2026-08-04,5.58,94
6af2d287-c169-48f3-bc41-1cd580b3ab3f,2026-08-05,8.6,91
d30ec0f4-53f3-4403-b1c7-e40221a3e8e0,2026-07-30,5.0,95
d30ec0f4-53f3-4403-b1c7-e40221a3e8e0,2026-07-31,6.61,93
d30ec0f4-53f3-4403-b1c7-e40221a3e8e0,2026-08-01,5.0,95
d30ec0f4-53f3-4403-b1c7-e40221a3e8e0,2026-08-02,5.0,95
d30ec0f4-53f3-4403-b1c7-e40221a3e8e0,2026-08-03,5.0,95
d30ec0f4-53f3-4403-b1c7-e40221a3e8e0,2026-08-04,5.0,95
d30ec0f4-53f3-4403-b1c7-e40221a3e8e0,2026-08-05,2.6,97
d3190e88-94e2-43c0-abde-61425a9430df,2026-07-30,5.0,95
d3190e88-94e2-43c0-abde-61425a9430df,2026-07-31,5.0,95
d3190e88-94e2-43c0-abde-61425a9430df,2026-08-01,5.0,95
d3190e88-94e2-43c0-abde-61425a9430df,2026-08-02,5.0,95
d3190e88-94e2-43c0-abde-61425a9430df,2026-08-03,5.0,95
d3190e88-94e2-43c0-abde-61425a9430df,2026-08-04,5.0,95
d3190e88-94e2-43c0-abde-61425a9430df,2026-08-05,2.5,97
d3397d8a-b865-4520-85f3-b5418af82edf,2026-07-30,5.0,95
d3397d8a-b865-4520-85f3-b5418af82edf,2026-07-31,5.0,95
d3397d8a-b865-4520-85f3-b5418af82edf,2026-08-01,5.0,95
d3397d8a-b865-4520-85f3-b5418af82edf,2026-08-02,5.0,95
d3397d8a-b865-4520-85f3-b5418af82edf,2026-08-03,5.0,95
d3397d8a-b865-4520-85f3-b5418af82edf,2026-08-04,6.16,93
d3397d8a-b865-4520-85f3-b5418af82edf,2026-08-05,2.5,97
d3446156-5c0c-477d-b7ba-cc37e9634830,2026-07-30,5.0,95
d3446156-5c0c-477d-b7ba-cc37e9634830,2026-07-31,5.0,95
d3446156-5c0c-477d-b7ba-cc37e9634830,2026-08-01,5.0,95
d3446156-5c0c-477d-b7ba-cc37e9634830,2026-08-02,5.0,95
d3446156-5c0c-477d-b7ba-cc37e9634830,2026-08-03,5.5,94
d3446156-5c0c-477d-b7ba-cc37e9634830,2026-08-04,5.0,95
d3446156-5c0c-477d-b7ba-cc37e9634830,2026-08-05,2.5,97
4e19d4c1-59ad-46c5-804a-aacc696a482b,2026-07-30,5.0,95
4e19d4c1-59ad-46c5-804a-aacc696a482b,2026-07-31,5.0,95
4e19d4c1-59ad-46c5-804a-aacc696a482b,2026-08-01,5.0,95
4e19d4c1-59ad-46c5-804a-aacc696a482b,2026-08-02,5.0,95
4e19d4c1-59ad-46c5-804a-aacc696a482b,2026-08-03,5.0,95
4e19d4c1-59ad-46c5-804a-aacc696a482b,2026-08-04,5.0,95
4e19d4c1-59ad-46c5-804a-aacc696a482b,2026-08-05,1.3,98
504100ab-ac8a-4b53-9a76-3bbbe0d2588c,2026-07-30,5.0,95
504100ab-ac8a-4b53-9a76-3bbbe0d2588c,2026-07-31,5.0,95
504100ab-ac8a-4b53-9a76-3bbbe0d2588c,2026-08-01,5.0,95
504100ab-ac8a-4b53-9a76-3bbbe0d2588c,2026-08-02,5.0,95
504100ab-ac8a-4b53-9a76-3bbbe0d2588c,2026-08-03,5.0,95
504100ab-ac8a-4b53-9a76-3bbbe0d2588c,2026-08-04,5.0,95
504100ab-ac8a-4b53-9a76-3bbbe0d2588c,2026-08-05,1.4,98
51884a8e-90e2-4ac8-b086-66bd88aec224,2026-07-30,5.0,95
51884a8e-90e2-4ac8-b086-66bd88aec224,2026-07-31,5.0,95
51884a8e-90e2-4ac8-b086-66bd88aec224,2026-08-01,5.0,95
51884a8e-90e2-4ac8-b086-66bd88aec224,2026-08-02,5.0,95
51884a8e-90e2-4ac8-b086-66bd88aec224,2026-08-03,5.0,95
51884a8e-90e2-4ac8-b086-66bd88aec224,2026-08-04,5.0,95
51884a8e-90e2-4ac8-b086-66bd88aec224,2026-08-05,1.4,98
555000ce-2601-48d8-a6d2-8233c32da9ca,2026-07-30,94.4,5
555000ce-2601-48d8-a6d2-8233c32da9ca,2026-07-31,97.86,2
555000ce-2601-48d8-a6d2-8233c32da9ca,2026-08-01,98.0,2
555000ce-2601-48d8-a6d2-8233c32da9ca,2026-08-02,97.15,2
555000ce-2601-48d8-a6d2-8233c32da9ca,2026-08-03,96.67,3
555000ce-2601-48d8-a6d2-8233c32da9ca,2026-08-04,98.0,2
555000ce-2601-48d8-a6d2-8233c32da9ca,2026-08-05,97.1,2
55539064-c6bc-4e7c-a2d8-6b15963f92bc,2026-07-30,5.0,95
55539064-c6bc-4e7c-a2d8-6b15963f92bc,2026-07-31,5.0,95
55539064-c6bc-4e7c-a2d8-6b15963f92bc,2026-08-01,5.0,95
55539064-c6bc-4e7c-a2d8-6b15963f92bc,2026-08-02,5.59,94
55539064-c6bc-4e7c-a2d8-6b15963f92bc,2026-08-03,5.0,95
55539064-c6bc-4e7c-a2d8-6b15963f92bc,2026-08-04,5.0,95
55539064-c6bc-4e7c-a2d8-6b15963f92bc,2026-08-05,1.3,98
58b4ed1c-2a00-4e38-9209-898547c085c4,2026-07-30,5.0,95
58b4ed1c-2a00-4e38-9209-898547c085c4,2026-07-31,5.0,95
58b4ed1c-2a00-4e38-9209-898547c085c4,2026-08-01,5.0,95
58b4ed1c-2a00-4e38-9209-898547c085c4,2026-08-02,5.0,95
58b4ed1c-2a00-4e38-9209-898547c085c4,2026-08-03,5.0,95
58b4ed1c-2a00-4e38-9209-898547c085c4,2026-08-04,5.0,95
58b4ed1c-2a00-4e38-9209-898547c085c4,2026-08-05,1.5,98
58cdb611-9b25-4429-a9d6-5b2faf317460,2026-07-30,5.0,95
58cdb611-9b25-4429-a9d6-5b2faf317460,2026-07-31,5.0,95
58cdb611-9b25-4429-a9d6-5b2faf317460,2026-08-01,5.0,95
58cdb611-9b25-4429-a9d6-5b2faf317460,2026-08-02,5.0,95
58cdb611-9b25-4429-a9d6-5b2faf317460,2026-08-03,5.0,95
58cdb611-9b25-4429-a9d6-5b2faf317460,2026-08-04,5.0,95
58cdb611-9b25-4429-a9d6-5b2faf317460,2026-08-05,1.3,98
58f58606-9d7e-4949-962d-e787264c3659,2026-07-30,5.0,95
58f58606-9d7e-4949-962d-e787264c3659,2026-07-31,5.0,95
58f58606-9d7e-4949-962d-e787264c3659,2026-08-01,5.0,95
58f58606-9d7e-4949-962d-e787264c3659,2026-08-02,5.0,95
58f58606-9d7e-4949-962d-e787264c3659,2026-08-03,5.0,95
58f58606-9d7e-4949-962d-e787264c3659,2026-08-04,5.0,95
58f58606-9d7e-4949-962d-e787264c3659,2026-08-05,1.3,98
595faa00-bb69-4d73-864c-4e99611e5560,2026-07-30,5.0,95
595faa00-bb69-4d73-864c-4e99611e5560,2026-07-31,5.0,95
595faa00-bb69-4d73-864c-4e99611e5560,2026-08-01,5.0,95
595faa00-bb69-4d73-864c-4e99611e5560,2026-08-02,5.0,95
595faa00-bb69-4d73-864c-4e99611e5560,2026-08-03,5.0,95
595faa00-bb69-4d73-864c-4e99611e5560,2026-08-04,5.0,95
595faa00-bb69-4d73-864c-4e99611e5560,2026-08-05,1.4,98
596e05b4-7295-4aa3-b298-a3e28ab875c7,2026-07-30,5.0,95
596e05b4-7295-4aa3-b298-a3e28ab875c7,2026-07-31,5.0,95
596e05b4-7295-4aa3-b298-a3e28ab875c7,2026-08-01,5.0,95
596e05b4-7295-4aa3-b298-a3e28ab875c7,2026-08-02,5.0,95
596e05b4-7295-4aa3-b298-a3e28ab875c7,2026-08-03,5.0,95
596e05b4-7295-4aa3-b298-a3e28ab875c7,2026-08-04,5.0,95
596e05b4-7295-4aa3-b298-a3e28ab875c7,2026-08-05,1.4,98
d2c959ef-8520-4ee7-8ce7-272feb01adf2,2026-07-30,5.0,95
d2c959ef-8520-4ee7-8ce7-272feb01adf2,2026-07-31,5.0,95
d2c959ef-8520-4ee7-8ce7-272feb01adf2,2026-08-01,5.0,95
d2c959ef-8520-4ee7-8ce7-272feb01adf2,2026-08-02,5.0,95
d2c959ef-8520-4ee7-8ce7-272feb01adf2,2026-08-03,5.0,95
d2c959ef-8520-4ee7-8ce7-272feb01adf2,2026-08-04,5.0,95
d2c959ef-8520-4ee7-8ce7-272feb01adf2,2026-08-05,2.6,97
5979a711-cccd-4061-b08c-6397a2758165,2026-07-30,5.0,95
5979a711-cccd-4061-b08c-6397a2758165,2026-07-31,5.0,95
5979a711-cccd-4061-b08c-6397a2758165,2026-08-01,5.0,95
5979a711-cccd-4061-b08c-6397a2758165,2026-08-02,5.0,95
5979a711-cccd-4061-b08c-6397a2758165,2026-08-03,5.0,95
5979a711-cccd-4061-b08c-6397a2758165,2026-08-04,5.0,95
5979a711-cccd-4061-b08c-6397a2758165,2026-08-05,1.4,98
598809d2-7e72-4ae8-84d8-6a6ebdf37c54,2026-07-30,5.0,95
598809d2-7e72-4ae8-84d8-6a6ebdf37c54,2026-07-31,5.0,95
598809d2-7e72-4ae8-84d8-6a6ebdf37c54,2026-08-01,5.0,95
598809d2-7e72-4ae8-84d8-6a6ebdf37c54,2026-08-02,5.0,95
598809d2-7e72-4ae8-84d8-6a6ebdf37c54,2026-08-03,5.0,95
598809d2-7e72-4ae8-84d8-6a6ebdf37c54,2026-08-04,5.0,95
598809d2-7e72-4ae8-84d8-6a6ebdf37c54,2026-08-05,1.4,98
adbd1699-fbb4-4dac-ace1-291f405cc281,2026-07-30,10.86,89
adbd1699-fbb4-4dac-ace1-291f405cc281,2026-07-31,13.92,86
adbd1699-fbb4-4dac-ace1-291f405cc281,2026-08-01,11.76,88
adbd1699-fbb4-4dac-ace1-291f405cc281,2026-08-02,12.7,87
adbd1699-fbb4-4dac-ace1-291f405cc281,2026-08-03,15.27,84
adbd1699-fbb4-4dac-ace1-291f405cc281,2026-08-04,17.07,82
adbd1699-fbb4-4dac-ace1-291f405cc281,2026-08-05,15.3,84
bcd5ef57-7581-4849-8b1d-457716ae6169,2026-07-30,5.0,95
bcd5ef57-7581-4849-8b1d-457716ae6169,2026-07-31,5.0,95
bcd5ef57-7581-4849-8b1d-457716ae6169,2026-08-01,5.0,95
bcd5ef57-7581-4849-8b1d-457716ae6169,2026-08-02,5.0,95
bcd5ef57-7581-4849-8b1d-457716ae6169,2026-08-03,5.0,95
bcd5ef57-7581-4849-8b1d-457716ae6169,2026-08-04,5.0,95
bcd5ef57-7581-4849-8b1d-457716ae6169,2026-08-05,2.6,97
5a24a20b-c9f3-49a5-a427-0fdab1f1041a,2026-07-30,5.0,95
5a24a20b-c9f3-49a5-a427-0fdab1f1041a,2026-07-31,5.0,95
5a24a20b-c9f3-49a5-a427-0fdab1f1041a,2026-08-01,5.0,95
5a24a20b-c9f3-49a5-a427-0fdab1f1041a,2026-08-02,6.06,93
5a24a20b-c9f3-49a5-a427-0fdab1f1041a,2026-08-03,5.0,95
5a24a20b-c9f3-49a5-a427-0fdab1f1041a,2026-08-04,5.67,94
5a24a20b-c9f3-49a5-a427-0fdab1f1041a,2026-08-05,2.5,97
5b13be17-4142-4a1d-b2d5-da32edd286f5,2026-07-30,5.0,95
5b13be17-4142-4a1d-b2d5-da32edd286f5,2026-07-31,5.0,95
5b13be17-4142-4a1d-b2d5-da32edd286f5,2026-08-01,5.0,95
5b13be17-4142-4a1d-b2d5-da32edd286f5,2026-08-02,5.0,95
5b13be17-4142-4a1d-b2d5-da32edd286f5,2026-08-03,5.0,95
5b13be17-4142-4a1d-b2d5-da32edd286f5,2026-08-04,5.0,95
5b13be17-4142-4a1d-b2d5-da32edd286f5,2026-08-05,2.6,97
5b28e9b6-290d-4595-b6f4-c4b30db09af4,2026-07-30,5.0,95
5b28e9b6-290d-4595-b6f4-c4b30db09af4,2026-07-31,5.0,95
5b28e9b6-290d-4595-b6f4-c4b30db09af4,2026-08-01,5.0,95
5b28e9b6-290d-4595-b6f4-c4b30db09af4,2026-08-02,5.0,95
5b28e9b6-290d-4595-b6f4-c4b30db09af4,2026-08-03,5.0,95
5b28e9b6-290d-4595-b6f4-c4b30db09af4,2026-08-04,5.0,95
5b28e9b6-290d-4595-b6f4-c4b30db09af4,2026-08-05,1.4,98
5b2b28db-2826-4d6c-a188-ba9150530259,2026-07-30,5.0,95
5b2b28db-2826-4d6c-a188-ba9150530259,2026-07-31,5.0,95
5b2b28db-2826-4d6c-a188-ba9150530259,2026-08-01,5.0,95
5b2b28db-2826-4d6c-a188-ba9150530259,2026-08-02,5.0,95
5b2b28db-2826-4d6c-a188-ba9150530259,2026-08-03,5.0,95
5b2b28db-2826-4d6c-a188-ba9150530259,2026-08-04,5.0,95
5b2b28db-2826-4d6c-a188-ba9150530259,2026-08-05,1.4,98
5b365f87-5b35-4585-a847-663636bb576d,2026-07-30,5.0,95
5b365f87-5b35-4585-a847-663636bb576d,2026-07-31,5.0,95
5b365f87-5b35-4585-a847-663636bb576d,2026-08-01,5.0,95
5b365f87-5b35-4585-a847-663636bb576d,2026-08-02,5.0,95
5b365f87-5b35-4585-a847-663636bb576d,2026-08-03,5.0,95
5b365f87-5b35-4585-a847-663636bb576d,2026-08-04,5.0,95
5b365f87-5b35-4585-a847-663636bb576d,2026-08-05,1.4,98
5b4b1b1f-9ba4-4ecf-800f-03a02c0f7bab,2026-07-30,5.0,95
5b4b1b1f-9ba4-4ecf-800f-03a02c0f7bab,2026-07-31,5.0,95
5b4b1b1f-9ba4-4ecf-800f-03a02c0f7bab,2026-08-01,5.0,95
5b4b1b1f-9ba4-4ecf-800f-03a02c0f7bab,2026-08-02,5.0,95
5b4b1b1f-9ba4-4ecf-800f-03a02c0f7bab,2026-08-03,5.0,95
5b4b1b1f-9ba4-4ecf-800f-03a02c0f7bab,2026-08-04,5.0,95
5b4b1b1f-9ba4-4ecf-800f-03a02c0f7bab,2026-08-05,1.4,98
5b5d4ee8-b158-41a1-9fb8-e0a317e6f5a7,2026-07-30,5.0,95
5b5d4ee8-b158-41a1-9fb8-e0a317e6f5a7,2026-07-31,5.0,95
5b5d4ee8-b158-41a1-9fb8-e0a317e6f5a7,2026-08-01,5.0,95
5b5d4ee8-b158-41a1-9fb8-e0a317e6f5a7,2026-08-02,5.0,95
5b5d4ee8-b158-41a1-9fb8-e0a317e6f5a7,2026-08-03,5.0,95
5b5d4ee8-b158-41a1-9fb8-e0a317e6f5a7,2026-08-04,5.0,95
5b5d4ee8-b158-41a1-9fb8-e0a317e6f5a7,2026-08-05,1.4,98
5c023cd7-ddbc-487f-acc7-d5cf10224fe7,2026-07-30,5.0,95
5c023cd7-ddbc-487f-acc7-d5cf10224fe7,2026-07-31,5.0,95
5c023cd7-ddbc-487f-acc7-d5cf10224fe7,2026-08-01,5.0,95
5c023cd7-ddbc-487f-acc7-d5cf10224fe7,2026-08-02,5.0,95
5c023cd7-ddbc-487f-acc7-d5cf10224fe7,2026-08-03,5.0,95
5c023cd7-ddbc-487f-acc7-d5cf10224fe7,2026-08-04,5.0,95
5c023cd7-ddbc-487f-acc7-d5cf10224fe7,2026-08-05,1.4,98
5c6abf26-1449-4b14-a442-c899c3be810b,2026-07-30,5.0,95
5c6abf26-1449-4b14-a442-c899c3be810b,2026-07-31,5.0,95
5c6abf26-1449-4b14-a442-c899c3be810b,2026-08-01,5.0,95
5c6abf26-1449-4b14-a442-c899c3be810b,2026-08-02,5.0,95
5c6abf26-1449-4b14-a442-c899c3be810b,2026-08-03,5.0,95
5c6abf26-1449-4b14-a442-c899c3be810b,2026-08-04,5.0,95
5c6abf26-1449-4b14-a442-c899c3be810b,2026-08-05,1.4,98
63b8d7f3-217c-42d3-a58f-e494bef65927,2026-07-30,5.0,95
63b8d7f3-217c-42d3-a58f-e494bef65927,2026-07-31,5.0,95
63b8d7f3-217c-42d3-a58f-e494bef65927,2026-08-01,5.0,95
63b8d7f3-217c-42d3-a58f-e494bef65927,2026-08-02,5.0,95
63b8d7f3-217c-42d3-a58f-e494bef65927,2026-08-03,5.0,95
63b8d7f3-217c-42d3-a58f-e494bef65927,2026-08-04,5.0,95
63b8d7f3-217c-42d3-a58f-e494bef65927,2026-08-05,1.4,98
63df8cfe-7bcb-47eb-8773-1ae71c2c494b,2026-07-30,5.0,95
63df8cfe-7bcb-47eb-8773-1ae71c2c494b,2026-07-31,5.0,95
63df8cfe-7bcb-47eb-8773-1ae71c2c494b,2026-08-01,5.0,95
63df8cfe-7bcb-47eb-8773-1ae71c2c494b,2026-08-02,5.0,95
63df8cfe-7bcb-47eb-8773-1ae71c2c494b,2026-08-03,5.0,95
63df8cfe-7bcb-47eb-8773-1ae71c2c494b,2026-08-04,5.0,95
63df8cfe-7bcb-47eb-8773-1ae71c2c494b,2026-08-05,1.4,98
6441a7a2-cf64-430d-b156-e8874e26e3bd,2026-07-30,7.85,92
6441a7a2-cf64-430d-b156-e8874e26e3bd,2026-07-31,5.0,95
6441a7a2-cf64-430d-b156-e8874e26e3bd,2026-08-01,5.0,95
6441a7a2-cf64-430d-b156-e8874e26e3bd,2026-08-02,5.0,95
6441a7a2-cf64-430d-b156-e8874e26e3bd,2026-08-03,5.0,95
6441a7a2-cf64-430d-b156-e8874e26e3bd,2026-08-04,5.0,95
6441a7a2-cf64-430d-b156-e8874e26e3bd,2026-08-05,1.3,98
6897aa38-65da-4dfd-acb8-516d245263ff,2026-07-30,5.0,95
6897aa38-65da-4dfd-acb8-516d245263ff,2026-07-31,5.0,95
6897aa38-65da-4dfd-acb8-516d245263ff,2026-08-01,5.0,95
6897aa38-65da-4dfd-acb8-516d245263ff,2026-08-02,5.0,94
6897aa38-65da-4dfd-acb8-516d245263ff,2026-08-03,5.0,95
6897aa38-65da-4dfd-acb8-516d245263ff,2026-08-04,5.0,95
6897aa38-65da-4dfd-acb8-516d245263ff,2026-08-05,1.4,98
6aaaefdd-adbb-4f8f-83b5-b75b1458716b,2026-07-30,5.0,95
6aaaefdd-adbb-4f8f-83b5-b75b1458716b,2026-07-31,5.0,95
6aaaefdd-adbb-4f8f-83b5-b75b1458716b,2026-08-01,5.0,95
6aaaefdd-adbb-4f8f-83b5-b75b1458716b,2026-08-02,5.37,94
6aaaefdd-adbb-4f8f-83b5-b75b1458716b,2026-08-03,5.0,95
6aaaefdd-adbb-4f8f-83b5-b75b1458716b,2026-08-04,5.23,94
6aaaefdd-adbb-4f8f-83b5-b75b1458716b,2026-08-05,1.4,98
6aaed61c-7fce-46f4-bc3a-6749a202d8e0,2026-07-30,5.0,95
6aaed61c-7fce-46f4-bc3a-6749a202d8e0,2026-07-31,5.0,95
6aaed61c-7fce-46f4-bc3a-6749a202d8e0,2026-08-01,5.0,95
6aaed61c-7fce-46f4-bc3a-6749a202d8e0,2026-08-02,5.0,95
6aaed61c-7fce-46f4-bc3a-6749a202d8e0,2026-08-03,5.0,95
6aaed61c-7fce-46f4-bc3a-6749a202d8e0,2026-08-04,5.0,95
6aaed61c-7fce-46f4-bc3a-6749a202d8e0,2026-08-05,1.4,98
6ae16f27-73e1-4252-a5b4-aac06bb83938,2026-07-30,5.0,95
6ae16f27-73e1-4252-a5b4-aac06bb83938,2026-07-31,5.0,95
6ae16f27-73e1-4252-a5b4-aac06bb83938,2026-08-01,5.0,95
6ae16f27-73e1-4252-a5b4-aac06bb83938,2026-08-02,5.0,95
6ae16f27-73e1-4252-a5b4-aac06bb83938,2026-08-03,5.0,95
6ae16f27-73e1-4252-a5b4-aac06bb83938,2026-08-04,5.0,95
6ae16f27-73e1-4252-a5b4-aac06bb83938,2026-08-05,1.4,98
6b9c21a0-802c-4964-b9e2-f755e7cb61e7,2026-07-30,5.0,95
6b9c21a0-802c-4964-b9e2-f755e7cb61e7,2026-07-31,5.0,95
6b9c21a0-802c-4964-b9e2-f755e7cb61e7,2026-08-01,5.0,95
6b9c21a0-802c-4964-b9e2-f755e7cb61e7,2026-08-02,5.0,95
6b9c21a0-802c-4964-b9e2-f755e7cb61e7,2026-08-03,5.0,95
6b9c21a0-802c-4964-b9e2-f755e7cb61e7,2026-08-04,5.0,95
6b9c21a0-802c-4964-b9e2-f755e7cb61e7,2026-08-05,1.4,98
6c285b19-7917-4a13-9a40-59dcb1777fe8,2026-07-30,5.0,95
6c285b19-7917-4a13-9a40-59dcb1777fe8,2026-07-31,5.0,95
6c285b19-7917-4a13-9a40-59dcb1777fe8,2026-08-01,6.0,93
6c285b19-7917-4a13-9a40-59dcb1777fe8,2026-08-02,5.0,95
6c285b19-7917-4a13-9a40-59dcb1777fe8,2026-08-03,5.0,95
6c285b19-7917-4a13-9a40-59dcb1777fe8,2026-08-04,5.0,95
6c285b19-7917-4a13-9a40-59dcb1777fe8,2026-08-05,1.4,98
6c4430dd-9f40-48ac-86cf-43b6f755f470,2026-07-30,5.0,95
6c4430dd-9f40-48ac-86cf-43b6f755f470,2026-07-31,5.0,95
6c4430dd-9f40-48ac-86cf-43b6f755f470,2026-08-01,5.0,95
6c4430dd-9f40-48ac-86cf-43b6f755f470,2026-08-02,5.0,95
6c4430dd-9f40-48ac-86cf-43b6f755f470,2026-08-03,5.0,95
6c4430dd-9f40-48ac-86cf-43b6f755f470,2026-08-04,5.0,95
6c4430dd-9f40-48ac-86cf-43b6f755f470,2026-08-05,1.4,98
6c69f9a2-42d9-45dc-a1f5-f5940c920e5d,2026-07-30,5.0,95
6c69f9a2-42d9-45dc-a1f5-f5940c920e5d,2026-07-31,5.0,95
6c69f9a2-42d9-45dc-a1f5-f5940c920e5d,2026-08-01,5.0,95
6c69f9a2-42d9-45dc-a1f5-f5940c920e5d,2026-08-02,5.0,95
6c69f9a2-42d9-45dc-a1f5-f5940c920e5d,2026-08-03,5.0,95
6c69f9a2-42d9-45dc-a1f5-f5940c920e5d,2026-08-04,5.0,95
6c69f9a2-42d9-45dc-a1f5-f5940c920e5d,2026-08-05,1.4,98
6df59037-2337-4816-bf2d-be2fc8402a81,2026-07-30,5.0,95
6df59037-2337-4816-bf2d-be2fc8402a81,2026-07-31,5.0,95
6df59037-2337-4816-bf2d-be2fc8402a81,2026-08-01,5.0,95
6df59037-2337-4816-bf2d-be2fc8402a81,2026-08-02,5.0,95
6df59037-2337-4816-bf2d-be2fc8402a81,2026-08-03,5.0,95
6df59037-2337-4816-bf2d-be2fc8402a81,2026-08-04,5.0,95
6df59037-2337-4816-bf2d-be2fc8402a81,2026-08-05,1.4,98
6e129187-bdeb-4680-ab50-0a113cb50681,2026-07-30,5.0,95
6e129187-bdeb-4680-ab50-0a113cb50681,2026-07-31,5.0,95
6e129187-bdeb-4680-ab50-0a113cb50681,2026-08-01,5.0,95
6e129187-bdeb-4680-ab50-0a113cb50681,2026-08-02,5.0,95
6e129187-bdeb-4680-ab50-0a113cb50681,2026-08-03,5.0,95
6e129187-bdeb-4680-ab50-0a113cb50681,2026-08-04,5.0,95
6e129187-bdeb-4680-ab50-0a113cb50681,2026-08-05,1.4,98
6e320eab-9fd8-474e-bba0-963c75835be9,2026-07-30,5.0,95
6e320eab-9fd8-474e-bba0-963c75835be9,2026-07-31,5.0,95
6e320eab-9fd8-474e-bba0-963c75835be9,2026-08-01,5.0,95
6e320eab-9fd8-474e-bba0-963c75835be9,2026-08-02,5.0,95
6e320eab-9fd8-474e-bba0-963c75835be9,2026-08-03,5.28,94
6e320eab-9fd8-474e-bba0-963c75835be9,2026-08-04,5.07,94
6e320eab-9fd8-474e-bba0-963c75835be9,2026-08-05,1.4,98
6f677186-ebb2-44cf-ad06-9449450119e2,2026-07-30,5.0,95
6f677186-ebb2-44cf-ad06-9449450119e2,2026-07-31,5.0,95
6f677186-ebb2-44cf-ad06-9449450119e2,2026-08-01,5.0,95
6f677186-ebb2-44cf-ad06-9449450119e2,2026-08-02,5.0,95
6f677186-ebb2-44cf-ad06-9449450119e2,2026-08-03,5.0,95
6f677186-ebb2-44cf-ad06-9449450119e2,2026-08-04,5.0,95
6f677186-ebb2-44cf-ad06-9449450119e2,2026-08-05,1.4,98
86a23655-14eb-4076-b172-8dc2f16b9368,2026-07-30,5.0,95
86a23655-14eb-4076-b172-8dc2f16b9368,2026-07-31,5.0,95
86a23655-14eb-4076-b172-8dc2f16b9368,2026-08-01,5.0,95
86a23655-14eb-4076-b172-8dc2f16b9368,2026-08-02,5.0,95
86a23655-14eb-4076-b172-8dc2f16b9368,2026-08-03,5.0,95
86a23655-14eb-4076-b172-8dc2f16b9368,2026-08-04,5.0,95
86a23655-14eb-4076-b172-8dc2f16b9368,2026-08-05,1.4,98
9bdf5beb-8e3b-4d42-96d7-f5aba0a9f1b2,2026-07-30,5.0,95
9bdf5beb-8e3b-4d42-96d7-f5aba0a9f1b2,2026-07-31,5.0,95
9bdf5beb-8e3b-4d42-96d7-f5aba0a9f1b2,2026-08-01,5.0,95
9bdf5beb-8e3b-4d42-96d7-f5aba0a9f1b2,2026-08-02,5.0,95
9bdf5beb-8e3b-4d42-96d7-f5aba0a9f1b2,2026-08-03,5.0,95
9bdf5beb-8e3b-4d42-96d7-f5aba0a9f1b2,2026-08-04,5.0,95
9bdf5beb-8e3b-4d42-96d7-f5aba0a9f1b2,2026-08-05,1.4,98
a598152f-aa88-4265-8627-659c93ba9a47,2026-07-30,5.14,94
a598152f-aa88-4265-8627-659c93ba9a47,2026-07-31,5.0,95
a598152f-aa88-4265-8627-659c93ba9a47,2026-08-01,5.0,95
a598152f-aa88-4265-8627-659c93ba9a47,2026-08-02,5.0,95
a598152f-aa88-4265-8627-659c93ba9a47,2026-08-03,5.0,95
a598152f-aa88-4265-8627-659c93ba9a47,2026-08-04,5.0,95
a598152f-aa88-4265-8627-659c93ba9a47,2026-08-05,1.4,98
a5c3adf2-bb48-4478-ad1f-2bff730dac80,2026-07-30,5.0,95
a5c3adf2-bb48-4478-ad1f-2bff730dac80,2026-07-31,9.25,90
a5c3adf2-bb48-4478-ad1f-2bff730dac80,2026-08-01,5.0,95
a5c3adf2-bb48-4478-ad1f-2bff730dac80,2026-08-02,5.0,95
a5c3adf2-bb48-4478-ad1f-2bff730dac80,2026-08-03,5.0,95
a5c3adf2-bb48-4478-ad1f-2bff730dac80,2026-08-04,5.0,95
a5c3adf2-bb48-4478-ad1f-2bff730dac80,2026-08-05,4.7,95
a5da738e-5576-452d-a17a-9cec9c6f4978,2026-07-30,5.0,95
a5da738e-5576-452d-a17a-9cec9c6f4978,2026-07-31,5.0,95
a5da738e-5576-452d-a17a-9cec9c6f4978,2026-08-01,5.0,95
a5da738e-5576-452d-a17a-9cec9c6f4978,2026-08-02,5.0,95
a5da738e-5576-452d-a17a-9cec9c6f4978,2026-08-03,5.0,95
a5da738e-5576-452d-a17a-9cec9c6f4978,2026-08-04,5.0,95
a5da738e-5576-452d-a17a-9cec9c6f4978,2026-08-05,1.4,98
a7ca3775-dc67-43a4-bb37-41e80fa43897,2026-07-30,5.0,95
a7ca3775-dc67-43a4-bb37-41e80fa43897,2026-07-31,5.0,95
a7ca3775-dc67-43a4-bb37-41e80fa43897,2026-08-01,5.0,95
a7ca3775-dc67-43a4-bb37-41e80fa43897,2026-08-02,5.0,95
a7ca3775-dc67-43a4-bb37-41e80fa43897,2026-08-03,5.0,95
a7ca3775-dc67-43a4-bb37-41e80fa43897,2026-08-04,5.0,95
a7ca3775-dc67-43a4-bb37-41e80fa43897,2026-08-05,2.2,97
a836dd5e-2f7b-4ac5-b5c0-49bbe0aa8292,2026-07-30,90.72,9
a836dd5e-2f7b-4ac5-b5c0-49bbe0aa8292,2026-07-31,88.91,11
a836dd5e-2f7b-4ac5-b5c0-49bbe0aa8292,2026-08-01,96.94,3
a836dd5e-2f7b-4ac5-b5c0-49bbe0aa8292,2026-08-02,93.3,6
a836dd5e-2f7b-4ac5-b5c0-49bbe0aa8292,2026-08-03,93.72,6
a836dd5e-2f7b-4ac5-b5c0-49bbe0aa8292,2026-08-04,96.78,3
a836dd5e-2f7b-4ac5-b5c0-49bbe0aa8292,2026-08-05,96.9,3
a8414190-4f52-452f-80ad-50c929e9b94a,2026-07-30,5.0,95
a8414190-4f52-452f-80ad-50c929e9b94a,2026-07-31,5.3,94
a8414190-4f52-452f-80ad-50c929e9b94a,2026-08-01,5.0,95
a8414190-4f52-452f-80ad-50c929e9b94a,2026-08-02,5.0,95
a8414190-4f52-452f-80ad-50c929e9b94a,2026-08-03,5.0,95
a8414190-4f52-452f-80ad-50c929e9b94a,2026-08-04,5.0,95
a8414190-4f52-452f-80ad-50c929e9b94a,2026-08-05,2.8,97
a8b3623b-a2a1-410b-81ca-e4139ea87ab3,2026-07-30,84.95,15
a8b3623b-a2a1-410b-81ca-e4139ea87ab3,2026-07-31,97.87,2
a8b3623b-a2a1-410b-81ca-e4139ea87ab3,2026-08-01,88.35,11
a8b3623b-a2a1-410b-81ca-e4139ea87ab3,2026-08-02,96.7,3
a8b3623b-a2a1-410b-81ca-e4139ea87ab3,2026-08-03,94.42,5
a8b3623b-a2a1-410b-81ca-e4139ea87ab3,2026-08-04,90.97,9
a8b3623b-a2a1-410b-81ca-e4139ea87ab3,2026-08-05,94.5,5
a90ae57e-e793-4fa9-ba03-a45ad4e99fc1,2026-07-30,5.0,95
a90ae57e-e793-4fa9-ba03-a45ad4e99fc1,2026-07-31,5.0,95
a90ae57e-e793-4fa9-ba03-a45ad4e99fc1,2026-08-01,5.0,95
a90ae57e-e793-4fa9-ba03-a45ad4e99fc1,2026-08-02,5.0,95
a90ae57e-e793-4fa9-ba03-a45ad4e99fc1,2026-08-03,5.0,95
a90ae57e-e793-4fa9-ba03-a45ad4e99fc1,2026-08-04,5.0,95
a90ae57e-e793-4fa9-ba03-a45ad4e99fc1,2026-08-05,1.4,98
a98cd42b-08d8-419c-82bd-0f2989f75dff,2026-07-30,5.0,95
a98cd42b-08d8-419c-82bd-0f2989f75dff,2026-07-31,5.0,95
a98cd42b-08d8-419c-82bd-0f2989f75dff,2026-08-01,5.0,95
a98cd42b-08d8-419c-82bd-0f2989f75dff,2026-08-02,5.0,95
a98cd42b-08d8-419c-82bd-0f2989f75dff,2026-08-03,5.0,95
a98cd42b-08d8-419c-82bd-0f2989f75dff,2026-08-04,5.0,95
a98cd42b-08d8-419c-82bd-0f2989f75dff,2026-08-05,2.6,97
a9ec0226-9d11-480d-9c94-0a073817d623,2026-07-30,5.0,95
a9ec0226-9d11-480d-9c94-0a073817d623,2026-07-31,5.26,94
a9ec0226-9d11-480d-9c94-0a073817d623,2026-08-01,5.0,95
a9ec0226-9d11-480d-9c94-0a073817d623,2026-08-02,5.0,95
a9ec0226-9d11-480d-9c94-0a073817d623,2026-08-03,5.0,95
a9ec0226-9d11-480d-9c94-0a073817d623,2026-08-04,5.0,95
a9ec0226-9d11-480d-9c94-0a073817d623,2026-08-05,1.4,98
aa594660-0b79-48ee-b569-b7dfb9e5a695,2026-07-30,5.0,95
aa594660-0b79-48ee-b569-b7dfb9e5a695,2026-07-31,5.0,95
aa594660-0b79-48ee-b569-b7dfb9e5a695,2026-08-01,5.0,95
aa594660-0b79-48ee-b569-b7dfb9e5a695,2026-08-02,5.0,95
aa594660-0b79-48ee-b569-b7dfb9e5a695,2026-08-03,5.0,95
aa594660-0b79-48ee-b569-b7dfb9e5a695,2026-08-04,5.0,95
aa594660-0b79-48ee-b569-b7dfb9e5a695,2026-08-05,1.4,98
aa8a9fa2-47cb-44e2-9dcb-fb581fae5efb,2026-07-30,5.0,95
aa8a9fa2-47cb-44e2-9dcb-fb581fae5efb,2026-07-31,6.47,93
aa8a9fa2-47cb-44e2-9dcb-fb581fae5efb,2026-08-01,5.0,95
aa8a9fa2-47cb-44e2-9dcb-fb581fae5efb,2026-08-02,7.4,92
aa8a9fa2-47cb-44e2-9dcb-fb581fae5efb,2026-08-03,5.36,94
aa8a9fa2-47cb-44e2-9dcb-fb581fae5efb,2026-08-04,5.48,94
aa8a9fa2-47cb-44e2-9dcb-fb581fae5efb,2026-08-05,4.4,95
af49844e-cb84-46c0-8c0e-77d167a3e26f,2026-07-30,5.0,95
af49844e-cb84-46c0-8c0e-77d167a3e26f,2026-07-31,5.0,95
af49844e-cb84-46c0-8c0e-77d167a3e26f,2026-08-01,5.0,95
af49844e-cb84-46c0-8c0e-77d167a3e26f,2026-08-02,5.0,95
af49844e-cb84-46c0-8c0e-77d167a3e26f,2026-08-03,5.0,95
af49844e-cb84-46c0-8c0e-77d167a3e26f,2026-08-04,5.0,95
af49844e-cb84-46c0-8c0e-77d167a3e26f,2026-08-05,1.4,98
b0f31424-6a94-4a56-ad9b-3d309ac26921,2026-07-30,5.0,95
b0f31424-6a94-4a56-ad9b-3d309ac26921,2026-07-31,5.0,95
b0f31424-6a94-4a56-ad9b-3d309ac26921,2026-08-01,5.0,95
b0f31424-6a94-4a56-ad9b-3d309ac26921,2026-08-02,5.0,95
b0f31424-6a94-4a56-ad9b-3d309ac26921,2026-08-03,5.0,95
b0f31424-6a94-4a56-ad9b-3d309ac26921,2026-08-04,5.0,95
b0f31424-6a94-4a56-ad9b-3d309ac26921,2026-08-05,1.4,98
b837b304-0ba9-496c-b52d-7e1141a64759,2026-07-30,5.0,95
b837b304-0ba9-496c-b52d-7e1141a64759,2026-07-31,6.99,93
b837b304-0ba9-496c-b52d-7e1141a64759,2026-08-01,5.35,94
b837b304-0ba9-496c-b52d-7e1141a64759,2026-08-02,5.42,94
b837b304-0ba9-496c-b52d-7e1141a64759,2026-08-03,5.0,95
b837b304-0ba9-496c-b52d-7e1141a64759,2026-08-04,5.0,95
b837b304-0ba9-496c-b52d-7e1141a64759,2026-08-05,5.5,94
b93a21b1-f56c-4f5b-a6c3-ea9fbec2f14c,2026-07-30,5.0,95
b93a21b1-f56c-4f5b-a6c3-ea9fbec2f14c,2026-07-31,5.0,95
b93a21b1-f56c-4f5b-a6c3-ea9fbec2f14c,2026-08-01,5.0,95
b93a21b1-f56c-4f5b-a6c3-ea9fbec2f14c,2026-08-02,5.0,95
b93a21b1-f56c-4f5b-a6c3-ea9fbec2f14c,2026-08-03,5.0,95
b93a21b1-f56c-4f5b-a6c3-ea9fbec2f14c,2026-08-04,5.0,95
b93a21b1-f56c-4f5b-a6c3-ea9fbec2f14c,2026-08-05,1.3,98
ce455898-a193-4476-9adc-0b55983c742a,2026-07-30,5.0,95
ce455898-a193-4476-9adc-0b55983c742a,2026-07-31,5.0,95
ce455898-a193-4476-9adc-0b55983c742a,2026-08-01,5.0,95
ce455898-a193-4476-9adc-0b55983c742a,2026-08-02,5.0,95
ce455898-a193-4476-9adc-0b55983c742a,2026-08-03,5.0,95
ce455898-a193-4476-9adc-0b55983c742a,2026-08-04,5.0,95
ce455898-a193-4476-9adc-0b55983c742a,2026-08-05,1.3,98
cea04e18-d6a0-41b4-8787-599235f99ad0,2026-07-30,5.0,95
cea04e18-d6a0-41b4-8787-599235f99ad0,2026-07-31,5.0,95
cea04e18-d6a0-41b4-8787-599235f99ad0,2026-08-01,5.0,95
cea04e18-d6a0-41b4-8787-599235f99ad0,2026-08-02,5.0,95
cea04e18-d6a0-41b4-8787-599235f99ad0,2026-08-03,5.0,95
cea04e18-d6a0-41b4-8787-599235f99ad0,2026-08-04,5.0,95
cea04e18-d6a0-41b4-8787-599235f99ad0,2026-08-05,1.4,98
cee08790-4566-4b2c-9226-6ffd851a3ac2,2026-07-30,5.0,95
cee08790-4566-4b2c-9226-6ffd851a3ac2,2026-07-31,5.0,95
cee08790-4566-4b2c-9226-6ffd851a3ac2,2026-08-01,5.0,95
cee08790-4566-4b2c-9226-6ffd851a3ac2,2026-08-02,5.1,94
cee08790-4566-4b2c-9226-6ffd851a3ac2,2026-08-03,5.0,95
cee08790-4566-4b2c-9226-6ffd851a3ac2,2026-08-04,5.0,95
cee08790-4566-4b2c-9226-6ffd851a3ac2,2026-08-05,1.4,98
cef763b6-a50e-4268-9577-76ae534805f6,2026-07-30,86.02,13
cef763b6-a50e-4268-9577-76ae534805f6,2026-07-31,93.24,6
cef763b6-a50e-4268-9577-76ae534805f6,2026-08-01,96.93,3
cef763b6-a50e-4268-9577-76ae534805f6,2026-08-02,93.72,6
cef763b6-a50e-4268-9577-76ae534805f6,2026-08-03,95.64,4
cef763b6-a50e-4268-9577-76ae534805f6,2026-08-04,95.63,4
cef763b6-a50e-4268-9577-76ae534805f6,2026-08-05,96.7,3
cf612302-c9d0-490a-a72f-42e8ee2374d5,2026-07-30,5.0,95
cf612302-c9d0-490a-a72f-42e8ee2374d5,2026-07-31,5.0,95
cf612302-c9d0-490a-a72f-42e8ee2374d5,2026-08-01,5.0,95
cf612302-c9d0-490a-a72f-42e8ee2374d5,2026-08-02,5.0,95
cf612302-c9d0-490a-a72f-42e8ee2374d5,2026-08-03,5.0,95
cf612302-c9d0-490a-a72f-42e8ee2374d5,2026-08-04,5.0,95
cf612302-c9d0-490a-a72f-42e8ee2374d5,2026-08-05,1.4,98
cf93d505-bad6-4142-b02a-99e314c17836,2026-07-30,5.0,95
cf93d505-bad6-4142-b02a-99e314c17836,2026-07-31,5.68,94
cf93d505-bad6-4142-b02a-99e314c17836,2026-08-01,5.0,95
cf93d505-bad6-4142-b02a-99e314c17836,2026-08-02,5.0,95
cf93d505-bad6-4142-b02a-99e314c17836,2026-08-03,5.0,95
cf93d505-bad6-4142-b02a-99e314c17836,2026-08-04,5.0,95
cf93d505-bad6-4142-b02a-99e314c17836,2026-08-05,1.4,98
cfa23008-899c-4f98-8bf5-063c67ca3923,2026-07-30,5.0,95
cfa23008-899c-4f98-8bf5-063c67ca3923,2026-07-31,5.0,95
cfa23008-899c-4f98-8bf5-063c67ca3923,2026-08-01,5.0,95
cfa23008-899c-4f98-8bf5-063c67ca3923,2026-08-02,5.0,95
cfa23008-899c-4f98-8bf5-063c67ca3923,2026-08-03,5.0,95
cfa23008-899c-4f98-8bf5-063c67ca3923,2026-08-04,5.0,95
cfa23008-899c-4f98-8bf5-063c67ca3923,2026-08-05,1.4,98
cfb24b2f-cd72-49c9-acae-f6213a6c5f1a,2026-07-30,5.0,95
cfb24b2f-cd72-49c9-acae-f6213a6c5f1a,2026-07-31,5.0,95
cfb24b2f-cd72-49c9-acae-f6213a6c5f1a,2026-08-01,5.0,95
cfb24b2f-cd72-49c9-acae-f6213a6c5f1a,2026-08-02,7.03,92
cfb24b2f-cd72-49c9-acae-f6213a6c5f1a,2026-08-03,5.0,95
cfb24b2f-cd72-49c9-acae-f6213a6c5f1a,2026-08-04,5.0,95
cfb24b2f-cd72-49c9-acae-f6213a6c5f1a,2026-08-05,2.8,97
cfed11d9-c5c7-4e4c-9029-8f960e603e65,2026-07-30,5.0,95
cfed11d9-c5c7-4e4c-9029-8f960e603e65,2026-07-31,5.0,95
cfed11d9-c5c7-4e4c-9029-8f960e603e65,2026-08-01,5.0,95
cfed11d9-c5c7-4e4c-9029-8f960e603e65,2026-08-02,5.0,95
cfed11d9-c5c7-4e4c-9029-8f960e603e65,2026-08-03,5.0,95
cfed11d9-c5c7-4e4c-9029-8f960e603e65,2026-08-04,5.0,95
cfed11d9-c5c7-4e4c-9029-8f960e603e65,2026-08-05,1.4,98
d44733c1-b6a0-4af5-89ed-0d901749c20e,2026-07-30,5.0,95
d44733c1-b6a0-4af5-89ed-0d901749c20e,2026-07-31,5.0,95
d44733c1-b6a0-4af5-89ed-0d901749c20e,2026-08-01,5.0,95
d44733c1-b6a0-4af5-89ed-0d901749c20e,2026-08-02,5.0,95
d44733c1-b6a0-4af5-89ed-0d901749c20e,2026-08-03,5.0,95
d44733c1-b6a0-4af5-89ed-0d901749c20e,2026-08-04,5.72,94
d44733c1-b6a0-4af5-89ed-0d901749c20e,2026-08-05,1.4,98
d4c48e50-0d8b-4a13-b9e7-061f6472aaa9,2026-07-30,5.0,95
d4c48e50-0d8b-4a13-b9e7-061f6472aaa9,2026-07-31,5.0,95
d4c48e50-0d8b-4a13-b9e7-061f6472aaa9,2026-08-01,5.0,95
d4c48e50-0d8b-4a13-b9e7-061f6472aaa9,2026-08-02,5.0,95
d4c48e50-0d8b-4a13-b9e7-061f6472aaa9,2026-08-03,5.01,94
d4c48e50-0d8b-4a13-b9e7-061f6472aaa9,2026-08-04,5.0,95
d4c48e50-0d8b-4a13-b9e7-061f6472aaa9,2026-08-05,1.4,98
d993960e-89ab-4f98-98ad-27c5b4562e18,2026-07-30,5.0,95
d993960e-89ab-4f98-98ad-27c5b4562e18,2026-07-31,5.0,95
d993960e-89ab-4f98-98ad-27c5b4562e18,2026-08-01,5.0,95
d993960e-89ab-4f98-98ad-27c5b4562e18,2026-08-02,5.0,95
d993960e-89ab-4f98-98ad-27c5b4562e18,2026-08-03,5.0,95
d993960e-89ab-4f98-98ad-27c5b4562e18,2026-08-04,5.0,95
d993960e-89ab-4f98-98ad-27c5b4562e18,2026-08-05,1.4,98
dcd82620-0909-4496-92ee-8f1388a78888,2026-07-30,5.0,95
dcd82620-0909-4496-92ee-8f1388a78888,2026-07-31,5.0,95
dcd82620-0909-4496-92ee-8f1388a78888,2026-08-01,5.0,95
dcd82620-0909-4496-92ee-8f1388a78888,2026-08-02,5.0,95
dcd82620-0909-4496-92ee-8f1388a78888,2026-08-03,5.0,95
dcd82620-0909-4496-92ee-8f1388a78888,2026-08-04,5.0,95
dcd82620-0909-4496-92ee-8f1388a78888,2026-08-05,1.4,98
01016e61-2df1-4108-9701-b32a6d856808,2026-07-30,5.0,95
01016e61-2df1-4108-9701-b32a6d856808,2026-07-31,5.0,95
01016e61-2df1-4108-9701-b32a6d856808,2026-08-01,5.0,95
01016e61-2df1-4108-9701-b32a6d856808,2026-08-02,5.0,95
01016e61-2df1-4108-9701-b32a6d856808,2026-08-03,5.0,95
01016e61-2df1-4108-9701-b32a6d856808,2026-08-04,5.0,95
01016e61-2df1-4108-9701-b32a6d856808,2026-08-05,2.5,97
0d913f61-8048-49c6-8f61-6f5f8b4af08e,2026-07-30,5.0,95
0d913f61-8048-49c6-8f61-6f5f8b4af08e,2026-07-31,5.0,95
0d913f61-8048-49c6-8f61-6f5f8b4af08e,2026-08-01,5.0,95
0d913f61-8048-49c6-8f61-6f5f8b4af08e,2026-08-02,5.0,95
0d913f61-8048-49c6-8f61-6f5f8b4af08e,2026-08-03,5.0,95
0d913f61-8048-49c6-8f61-6f5f8b4af08e,2026-08-04,5.0,95
0d913f61-8048-49c6-8f61-6f5f8b4af08e,2026-08-05,2.6,97
1164083b-8735-4824-b997-0734f5fe04d3,2026-07-30,5.0,95
1164083b-8735-4824-b997-0734f5fe04d3,2026-07-31,5.0,95
1164083b-8735-4824-b997-0734f5fe04d3,2026-08-01,5.0,95
1164083b-8735-4824-b997-0734f5fe04d3,2026-08-02,5.0,95
1164083b-8735-4824-b997-0734f5fe04d3,2026-08-03,5.0,95
1164083b-8735-4824-b997-0734f5fe04d3,2026-08-04,5.0,95
1164083b-8735-4824-b997-0734f5fe04d3,2026-08-05,2.5,97
11fdc435-550a-4d04-8794-3ed84295666c,2026-07-30,5.0,95
11fdc435-550a-4d04-8794-3ed84295666c,2026-07-31,5.0,95
11fdc435-550a-4d04-8794-3ed84295666c,2026-08-01,5.0,95
11fdc435-550a-4d04-8794-3ed84295666c,2026-08-02,5.0,95
11fdc435-550a-4d04-8794-3ed84295666c,2026-08-03,5.0,95
11fdc435-550a-4d04-8794-3ed84295666c,2026-08-04,5.0,95
11fdc435-550a-4d04-8794-3ed84295666c,2026-08-05,2.5,97
d39f14eb-137b-4d4c-a1a4-859faafce21f,2026-07-30,7.15,92
d39f14eb-137b-4d4c-a1a4-859faafce21f,2026-07-31,5.0,95
d39f14eb-137b-4d4c-a1a4-859faafce21f,2026-08-01,5.0,95
d39f14eb-137b-4d4c-a1a4-859faafce21f,2026-08-02,5.91,94
d39f14eb-137b-4d4c-a1a4-859faafce21f,2026-08-03,5.0,95
d39f14eb-137b-4d4c-a1a4-859faafce21f,2026-08-04,5.0,95
d39f14eb-137b-4d4c-a1a4-859faafce21f,2026-08-05,2.6,97
d5117851-d259-493e-b112-8b10f402ace1,2026-07-30,5.0,95
d5117851-d259-493e-b112-8b10f402ace1,2026-07-31,5.0,95
d5117851-d259-493e-b112-8b10f402ace1,2026-08-01,5.0,95
d5117851-d259-493e-b112-8b10f402ace1,2026-08-02,5.0,95
d5117851-d259-493e-b112-8b10f402ace1,2026-08-03,5.0,95
d5117851-d259-493e-b112-8b10f402ace1,2026-08-04,5.0,95
d5117851-d259-493e-b112-8b10f402ace1,2026-08-05,2.6,97
d5683f8d-d306-4ee1-ac7e-a14df79d32a5,2026-07-30,5.0,95
d5683f8d-d306-4ee1-ac7e-a14df79d32a5,2026-07-31,5.0,95
d5683f8d-d306-4ee1-ac7e-a14df79d32a5,2026-08-01,5.0,95
d5683f8d-d306-4ee1-ac7e-a14df79d32a5,2026-08-02,5.0,95
d5683f8d-d306-4ee1-ac7e-a14df79d32a5,2026-08-03,5.0,95
d5683f8d-d306-4ee1-ac7e-a14df79d32a5,2026-08-04,5.0,95
d5683f8d-d306-4ee1-ac7e-a14df79d32a5,2026-08-05,2.4,97
e200a0c5-69df-4f6a-b489-db9eea0ddf75,2026-07-30,5.0,95
e200a0c5-69df-4f6a-b489-db9eea0ddf75,2026-07-31,5.0,95
e200a0c5-69df-4f6a-b489-db9eea0ddf75,2026-08-01,5.0,95
e200a0c5-69df-4f6a-b489-db9eea0ddf75,2026-08-02,5.0,95
e200a0c5-69df-4f6a-b489-db9eea0ddf75,2026-08-03,5.77,94
e200a0c5-69df-4f6a-b489-db9eea0ddf75,2026-08-04,5.0,95
e200a0c5-69df-4f6a-b489-db9eea0ddf75,2026-08-05,2.6,97
0921e63f-52c2-4cc6-86cc-c0e53aef8e83,2026-07-30,5.43,94
0921e63f-52c2-4cc6-86cc-c0e53aef8e83,2026-07-31,5.0,95
0921e63f-52c2-4cc6-86cc-c0e53aef8e83,2026-08-01,5.0,95
0921e63f-52c2-4cc6-86cc-c0e53aef8e83,2026-08-02,5.0,95
0921e63f-52c2-4cc6-86cc-c0e53aef8e83,2026-08-03,5.0,95
0921e63f-52c2-4cc6-86cc-c0e53aef8e83,2026-08-04,5.0,95
0921e63f-52c2-4cc6-86cc-c0e53aef8e83,2026-08-05,1.4,98
0f772504-150e-443c-8cc1-10eb3368de91,2026-07-30,5.51,94
0f772504-150e-443c-8cc1-10eb3368de91,2026-07-31,5.0,95
0f772504-150e-443c-8cc1-10eb3368de91,2026-08-01,5.0,95
0f772504-150e-443c-8cc1-10eb3368de91,2026-08-02,5.0,95
0f772504-150e-443c-8cc1-10eb3368de91,2026-08-03,5.0,95
0f772504-150e-443c-8cc1-10eb3368de91,2026-08-04,5.0,95
0f772504-150e-443c-8cc1-10eb3368de91,2026-08-05,1.4,98
139440c6-215e-479a-823c-b9b19fe0f6a2,2026-07-30,5.0,95
139440c6-215e-479a-823c-b9b19fe0f6a2,2026-07-31,5.0,95
139440c6-215e-479a-823c-b9b19fe0f6a2,2026-08-01,5.0,95
139440c6-215e-479a-823c-b9b19fe0f6a2,2026-08-02,5.0,95
139440c6-215e-479a-823c-b9b19fe0f6a2,2026-08-03,5.0,95
139440c6-215e-479a-823c-b9b19fe0f6a2,2026-08-04,5.0,95
139440c6-215e-479a-823c-b9b19fe0f6a2,2026-08-05,1.4,98
139693f3-ba8f-4f51-88e5-250116dab9f5,2026-07-30,5.0,95
139693f3-ba8f-4f51-88e5-250116dab9f5,2026-07-31,5.0,95
139693f3-ba8f-4f51-88e5-250116dab9f5,2026-08-01,5.0,95
139693f3-ba8f-4f51-88e5-250116dab9f5,2026-08-02,5.0,95
139693f3-ba8f-4f51-88e5-250116dab9f5,2026-08-03,5.0,95
139693f3-ba8f-4f51-88e5-250116dab9f5,2026-08-04,5.0,95
139693f3-ba8f-4f51-88e5-250116dab9f5,2026-08-05,1.4,98
13fc3c95-5cd0-4995-a6cf-af01244952f9,2026-07-30,5.0,95
13fc3c95-5cd0-4995-a6cf-af01244952f9,2026-07-31,5.0,95
13fc3c95-5cd0-4995-a6cf-af01244952f9,2026-08-01,5.0,95
13fc3c95-5cd0-4995-a6cf-af01244952f9,2026-08-02,5.0,95
13fc3c95-5cd0-4995-a6cf-af01244952f9,2026-08-03,5.0,95
13fc3c95-5cd0-4995-a6cf-af01244952f9,2026-08-04,5.0,95
13fc3c95-5cd0-4995-a6cf-af01244952f9,2026-08-05,1.3,98
1e5adf44-f102-4e13-b636-0fbaff400549,2026-07-30,6.95,93
1e5adf44-f102-4e13-b636-0fbaff400549,2026-07-31,5.3,94
1e5adf44-f102-4e13-b636-0fbaff400549,2026-08-01,7.03,92
1e5adf44-f102-4e13-b636-0fbaff400549,2026-08-02,5.0,95
1e5adf44-f102-4e13-b636-0fbaff400549,2026-08-03,5.0,95
1e5adf44-f102-4e13-b636-0fbaff400549,2026-08-04,5.0,95
1e5adf44-f102-4e13-b636-0fbaff400549,2026-08-05,1.3,98
26eeb74e-e103-4eb4-aaec-cfa21be76094,2026-07-30,5.0,95
26eeb74e-e103-4eb4-aaec-cfa21be76094,2026-07-31,5.0,95
26eeb74e-e103-4eb4-aaec-cfa21be76094,2026-08-01,5.0,95
26eeb74e-e103-4eb4-aaec-cfa21be76094,2026-08-02,5.0,95
26eeb74e-e103-4eb4-aaec-cfa21be76094,2026-08-03,5.0,95
26eeb74e-e103-4eb4-aaec-cfa21be76094,2026-08-04,5.0,95
26eeb74e-e103-4eb4-aaec-cfa21be76094,2026-08-05,1.4,98
270ded05-f987-491d-abe6-aa1c3e6c39e6,2026-07-30,5.0,95
270ded05-f987-491d-abe6-aa1c3e6c39e6,2026-07-31,5.0,95
270ded05-f987-491d-abe6-aa1c3e6c39e6,2026-08-01,5.0,95
270ded05-f987-491d-abe6-aa1c3e6c39e6,2026-08-02,5.0,95
270ded05-f987-491d-abe6-aa1c3e6c39e6,2026-08-03,5.0,95
270ded05-f987-491d-abe6-aa1c3e6c39e6,2026-08-04,5.0,95
270ded05-f987-491d-abe6-aa1c3e6c39e6,2026-08-05,1.4,98
2726aa14-f892-4b94-8852-d09565d6a37b,2026-07-30,5.0,95
2726aa14-f892-4b94-8852-d09565d6a37b,2026-07-31,5.0,95
2726aa14-f892-4b94-8852-d09565d6a37b,2026-08-01,5.0,95
2726aa14-f892-4b94-8852-d09565d6a37b,2026-08-02,5.0,95
2726aa14-f892-4b94-8852-d09565d6a37b,2026-08-03,5.0,95
2726aa14-f892-4b94-8852-d09565d6a37b,2026-08-04,5.0,95
2726aa14-f892-4b94-8852-d09565d6a37b,2026-08-05,1.4,98
29aba256-6777-469c-af23-c371bb0a5c59,2026-07-30,5.0,95
29aba256-6777-469c-af23-c371bb0a5c59,2026-07-31,5.0,95
29aba256-6777-469c-af23-c371bb0a5c59,2026-08-01,5.0,95
29aba256-6777-469c-af23-c371bb0a5c59,2026-08-02,5.0,95
29aba256-6777-469c-af23-c371bb0a5c59,2026-08-03,5.0,95
29aba256-6777-469c-af23-c371bb0a5c59,2026-08-04,5.0,95
29aba256-6777-469c-af23-c371bb0a5c59,2026-08-05,1.4,98
2c7e79d1-caf6-463b-bb54-d8c3907dbb7b,2026-07-30,5.0,95
2c7e79d1-caf6-463b-bb54-d8c3907dbb7b,2026-07-31,5.0,95
2c7e79d1-caf6-463b-bb54-d8c3907dbb7b,2026-08-01,5.0,95
2c7e79d1-caf6-463b-bb54-d8c3907dbb7b,2026-08-02,5.0,95
2c7e79d1-caf6-463b-bb54-d8c3907dbb7b,2026-08-03,5.0,95
2c7e79d1-caf6-463b-bb54-d8c3907dbb7b,2026-08-04,5.0,95
2c7e79d1-caf6-463b-bb54-d8c3907dbb7b,2026-08-05,1.4,98
2ddc18fb-3841-4872-9fd0-82014dc67a41,2026-07-30,5.0,95
2ddc18fb-3841-4872-9fd0-82014dc67a41,2026-07-31,5.0,95
2ddc18fb-3841-4872-9fd0-82014dc67a41,2026-08-01,5.0,95
2ddc18fb-3841-4872-9fd0-82014dc67a41,2026-08-02,5.0,95
2ddc18fb-3841-4872-9fd0-82014dc67a41,2026-08-03,5.0,95
2ddc18fb-3841-4872-9fd0-82014dc67a41,2026-08-04,5.0,95
2ddc18fb-3841-4872-9fd0-82014dc67a41,2026-08-05,1.4,98
2f04c70a-138f-48e5-af9e-dda333b0d49b,2026-07-30,5.0,95
2f04c70a-138f-48e5-af9e-dda333b0d49b,2026-07-31,5.0,95
2f04c70a-138f-48e5-af9e-dda333b0d49b,2026-08-01,5.0,95
2f04c70a-138f-48e5-af9e-dda333b0d49b,2026-08-02,5.0,95
2f04c70a-138f-48e5-af9e-dda333b0d49b,2026-08-03,5.0,95
2f04c70a-138f-48e5-af9e-dda333b0d49b,2026-08-04,5.0,95
2f04c70a-138f-48e5-af9e-dda333b0d49b,2026-08-05,1.3,98
2f2c4f48-1648-43c0-9134-c8fd7bfd06d7,2026-07-30,93.04,6
2f2c4f48-1648-43c0-9134-c8fd7bfd06d7,2026-07-31,88.86,11
2f2c4f48-1648-43c0-9134-c8fd7bfd06d7,2026-08-01,98.0,2
2f2c4f48-1648-43c0-9134-c8fd7bfd06d7,2026-08-02,95.65,4
2f2c4f48-1648-43c0-9134-c8fd7bfd06d7,2026-08-03,98.0,2
2f2c4f48-1648-43c0-9134-c8fd7bfd06d7,2026-08-04,98.0,2
2f2c4f48-1648-43c0-9134-c8fd7bfd06d7,2026-08-05,97.3,2
f7e47718-d5fe-493c-adf7-6b616ac4b17b,2026-07-30,5.0,95
f7e47718-d5fe-493c-adf7-6b616ac4b17b,2026-07-31,5.0,95
f7e47718-d5fe-493c-adf7-6b616ac4b17b,2026-08-01,5.0,95
f7e47718-d5fe-493c-adf7-6b616ac4b17b,2026-08-02,5.0,95
f7e47718-d5fe-493c-adf7-6b616ac4b17b,2026-08-03,5.0,95
f7e47718-d5fe-493c-adf7-6b616ac4b17b,2026-08-04,5.0,95
f7e47718-d5fe-493c-adf7-6b616ac4b17b,2026-08-05,1.4,98
fa4d5b56-a35f-4475-b629-e307ac4d0a6f,2026-07-30,5.0,95
fa4d5b56-a35f-4475-b629-e307ac4d0a6f,2026-07-31,5.0,95
fa4d5b56-a35f-4475-b629-e307ac4d0a6f,2026-08-01,5.0,95
fa4d5b56-a35f-4475-b629-e307ac4d0a6f,2026-08-02,5.0,95
fa4d5b56-a35f-4475-b629-e307ac4d0a6f,2026-08-03,5.0,95
fa4d5b56-a35f-4475-b629-e307ac4d0a6f,2026-08-04,5.0,95
fa4d5b56-a35f-4475-b629-e307ac4d0a6f,2026-08-05,1.4,98
2f7c2b9a-a42a-4de7-9002-6bb7b610c150,2026-07-30,5.0,95
2f7c2b9a-a42a-4de7-9002-6bb7b610c150,2026-07-31,5.0,95
2f7c2b9a-a42a-4de7-9002-6bb7b610c150,2026-08-01,5.0,95
2f7c2b9a-a42a-4de7-9002-6bb7b610c150,2026-08-02,5.0,95
2f7c2b9a-a42a-4de7-9002-6bb7b610c150,2026-08-03,5.0,95
2f7c2b9a-a42a-4de7-9002-6bb7b610c150,2026-08-04,5.0,95
2f7c2b9a-a42a-4de7-9002-6bb7b610c150,2026-08-05,2.5,97
2f9ecc37-cc69-402d-a0ee-1bafae38dc63,2026-07-30,5.0,95
2f9ecc37-cc69-402d-a0ee-1bafae38dc63,2026-07-31,5.0,95
2f9ecc37-cc69-402d-a0ee-1bafae38dc63,2026-08-01,5.0,95
2f9ecc37-cc69-402d-a0ee-1bafae38dc63,2026-08-02,5.0,95
2f9ecc37-cc69-402d-a0ee-1bafae38dc63,2026-08-03,5.0,95
2f9ecc37-cc69-402d-a0ee-1bafae38dc63,2026-08-04,5.4,94
2f9ecc37-cc69-402d-a0ee-1bafae38dc63,2026-08-05,1.4,98
3187b73b-03a9-4f2f-9cb0-87d4c6b67c1e,2026-07-30,5.0,95
3187b73b-03a9-4f2f-9cb0-87d4c6b67c1e,2026-07-31,5.0,95
3187b73b-03a9-4f2f-9cb0-87d4c6b67c1e,2026-08-01,5.0,95
3187b73b-03a9-4f2f-9cb0-87d4c6b67c1e,2026-08-02,5.0,95
3187b73b-03a9-4f2f-9cb0-87d4c6b67c1e,2026-08-03,5.0,95
3187b73b-03a9-4f2f-9cb0-87d4c6b67c1e,2026-08-04,5.0,95
3187b73b-03a9-4f2f-9cb0-87d4c6b67c1e,2026-08-05,1.4,98
326c2dd5-83c8-43a3-bdb6-b81cc3bca53b,2026-07-30,5.0,95
326c2dd5-83c8-43a3-bdb6-b81cc3bca53b,2026-07-31,5.0,95
326c2dd5-83c8-43a3-bdb6-b81cc3bca53b,2026-08-01,5.0,95
326c2dd5-83c8-43a3-bdb6-b81cc3bca53b,2026-08-02,5.0,95
326c2dd5-83c8-43a3-bdb6-b81cc3bca53b,2026-08-03,5.0,95
326c2dd5-83c8-43a3-bdb6-b81cc3bca53b,2026-08-04,5.0,95
326c2dd5-83c8-43a3-bdb6-b81cc3bca53b,2026-08-05,1.4,98
3281ef74-077e-4d98-819b-4cb14293e2ab,2026-07-30,5.0,95
3281ef74-077e-4d98-819b-4cb14293e2ab,2026-07-31,5.0,95
3281ef74-077e-4d98-819b-4cb14293e2ab,2026-08-01,5.0,95
3281ef74-077e-4d98-819b-4cb14293e2ab,2026-08-02,5.0,95
3281ef74-077e-4d98-819b-4cb14293e2ab,2026-08-03,5.0,95
3281ef74-077e-4d98-819b-4cb14293e2ab,2026-08-04,5.0,95
3281ef74-077e-4d98-819b-4cb14293e2ab,2026-08-05,1.4,98
330ded61-de56-4381-b2aa-e1a51a0108c5,2026-07-30,5.0,95
330ded61-de56-4381-b2aa-e1a51a0108c5,2026-07-31,5.0,95
330ded61-de56-4381-b2aa-e1a51a0108c5,2026-08-01,5.0,95
330ded61-de56-4381-b2aa-e1a51a0108c5,2026-08-02,5.0,95
330ded61-de56-4381-b2aa-e1a51a0108c5,2026-08-03,5.0,95
330ded61-de56-4381-b2aa-e1a51a0108c5,2026-08-04,5.0,95
330ded61-de56-4381-b2aa-e1a51a0108c5,2026-08-05,1.4,98
3361c929-c8ce-4450-aa07-e48f3623c083,2026-07-30,5.0,95
3361c929-c8ce-4450-aa07-e48f3623c083,2026-07-31,5.0,95
3361c929-c8ce-4450-aa07-e48f3623c083,2026-08-01,5.0,95
3361c929-c8ce-4450-aa07-e48f3623c083,2026-08-02,5.0,95
3361c929-c8ce-4450-aa07-e48f3623c083,2026-08-03,5.0,95
3361c929-c8ce-4450-aa07-e48f3623c083,2026-08-04,5.0,95
3361c929-c8ce-4450-aa07-e48f3623c083,2026-08-05,1.4,98
33b49b4a-736e-4599-bff3-a42a140361ed,2026-07-30,5.0,95
33b49b4a-736e-4599-bff3-a42a140361ed,2026-07-31,5.0,95
33b49b4a-736e-4599-bff3-a42a140361ed,2026-08-01,5.0,95
33b49b4a-736e-4599-bff3-a42a140361ed,2026-08-02,7.19,92
33b49b4a-736e-4599-bff3-a42a140361ed,2026-08-03,5.0,95
33b49b4a-736e-4599-bff3-a42a140361ed,2026-08-04,5.0,95
33b49b4a-736e-4599-bff3-a42a140361ed,2026-08-05,2.5,97
3408d990-660f-4b9a-b7e1-f6e58afcc07f,2026-07-30,5.0,95
3408d990-660f-4b9a-b7e1-f6e58afcc07f,2026-07-31,5.0,95
3408d990-660f-4b9a-b7e1-f6e58afcc07f,2026-08-01,5.0,95
3408d990-660f-4b9a-b7e1-f6e58afcc07f,2026-08-02,5.0,95
3408d990-660f-4b9a-b7e1-f6e58afcc07f,2026-08-03,5.0,95
3408d990-660f-4b9a-b7e1-f6e58afcc07f,2026-08-04,5.0,95
3408d990-660f-4b9a-b7e1-f6e58afcc07f,2026-08-05,1.3,98
34a18e4e-e332-4411-a638-bca8818c3677,2026-07-30,5.0,95
34a18e4e-e332-4411-a638-bca8818c3677,2026-07-31,5.0,95
34a18e4e-e332-4411-a638-bca8818c3677,2026-08-01,5.0,95
34a18e4e-e332-4411-a638-bca8818c3677,2026-08-02,5.0,95
34a18e4e-e332-4411-a638-bca8818c3677,2026-08-03,6.42,93
34a18e4e-e332-4411-a638-bca8818c3677,2026-08-04,5.0,95
34a18e4e-e332-4411-a638-bca8818c3677,2026-08-05,2.2,97
3b0599b1-aad0-4118-9134-63a67c9e5602,2026-07-30,5.0,95
3b0599b1-aad0-4118-9134-63a67c9e5602,2026-07-31,5.0,95
3b0599b1-aad0-4118-9134-63a67c9e5602,2026-08-01,5.0,95
3b0599b1-aad0-4118-9134-63a67c9e5602,2026-08-02,5.0,95
3b0599b1-aad0-4118-9134-63a67c9e5602,2026-08-03,5.0,95
3b0599b1-aad0-4118-9134-63a67c9e5602,2026-08-04,5.0,95
3b0599b1-aad0-4118-9134-63a67c9e5602,2026-08-05,1.3,98
3b3a1994-5926-47f2-8148-6ccb684348aa,2026-07-30,5.0,95
3b3a1994-5926-47f2-8148-6ccb684348aa,2026-07-31,5.0,95
3b3a1994-5926-47f2-8148-6ccb684348aa,2026-08-01,5.0,95
3b3a1994-5926-47f2-8148-6ccb684348aa,2026-08-02,5.0,95
3b3a1994-5926-47f2-8148-6ccb684348aa,2026-08-03,5.0,95
3b3a1994-5926-47f2-8148-6ccb684348aa,2026-08-04,5.0,95
3b3a1994-5926-47f2-8148-6ccb684348aa,2026-08-05,1.4,98
3cd9dd04-5c24-43d4-9bac-41e87dd8de88,2026-07-30,5.0,95
3cd9dd04-5c24-43d4-9bac-41e87dd8de88,2026-07-31,5.0,95
3cd9dd04-5c24-43d4-9bac-41e87dd8de88,2026-08-01,5.0,95
3cd9dd04-5c24-43d4-9bac-41e87dd8de88,2026-08-02,5.0,95
3cd9dd04-5c24-43d4-9bac-41e87dd8de88,2026-08-03,5.0,95
3cd9dd04-5c24-43d4-9bac-41e87dd8de88,2026-08-04,5.0,95
3cd9dd04-5c24-43d4-9bac-41e87dd8de88,2026-08-05,1.4,98
3d7139f5-0817-4155-99ec-f5641761053b,2026-07-30,5.0,95
3d7139f5-0817-4155-99ec-f5641761053b,2026-07-31,5.0,95
3d7139f5-0817-4155-99ec-f5641761053b,2026-08-01,5.0,95
3d7139f5-0817-4155-99ec-f5641761053b,2026-08-02,5.0,95
3d7139f5-0817-4155-99ec-f5641761053b,2026-08-03,5.0,95
3d7139f5-0817-4155-99ec-f5641761053b,2026-08-04,5.0,95
3d7139f5-0817-4155-99ec-f5641761053b,2026-08-05,1.4,98
4f6ef34c-84d9-4056-8d59-b23d44095da9,2026-07-30,5.0,95
4f6ef34c-84d9-4056-8d59-b23d44095da9,2026-07-31,5.0,95
4f6ef34c-84d9-4056-8d59-b23d44095da9,2026-08-01,5.0,95
4f6ef34c-84d9-4056-8d59-b23d44095da9,2026-08-02,5.0,95
4f6ef34c-84d9-4056-8d59-b23d44095da9,2026-08-03,5.0,95
4f6ef34c-84d9-4056-8d59-b23d44095da9,2026-08-04,5.0,95
4f6ef34c-84d9-4056-8d59-b23d44095da9,2026-08-05,1.4,98
4fa867ff-86b3-41fb-8889-d6d6c292aa44,2026-07-30,5.0,95
4fa867ff-86b3-41fb-8889-d6d6c292aa44,2026-07-31,5.0,95
4fa867ff-86b3-41fb-8889-d6d6c292aa44,2026-08-01,5.0,95
4fa867ff-86b3-41fb-8889-d6d6c292aa44,2026-08-02,5.0,95
4fa867ff-86b3-41fb-8889-d6d6c292aa44,2026-08-03,5.0,95
4fa867ff-86b3-41fb-8889-d6d6c292aa44,2026-08-04,5.0,95
4fa867ff-86b3-41fb-8889-d6d6c292aa44,2026-08-05,1.4,98
4fccaa93-7d69-43b0-b1d3-969b53e137a6,2026-07-30,5.0,95
4fccaa93-7d69-43b0-b1d3-969b53e137a6,2026-07-31,5.0,95
4fccaa93-7d69-43b0-b1d3-969b53e137a6,2026-08-01,5.0,95
4fccaa93-7d69-43b0-b1d3-969b53e137a6,2026-08-02,5.0,95
4fccaa93-7d69-43b0-b1d3-969b53e137a6,2026-08-03,5.64,94
4fccaa93-7d69-43b0-b1d3-969b53e137a6,2026-08-04,5.0,95
4fccaa93-7d69-43b0-b1d3-969b53e137a6,2026-08-05,1.4,98
587946a4-ef37-4d0b-ad42-a8c3d34e1bc0,2026-07-30,5.0,95
587946a4-ef37-4d0b-ad42-a8c3d34e1bc0,2026-07-31,5.0,95
587946a4-ef37-4d0b-ad42-a8c3d34e1bc0,2026-08-01,5.0,95
587946a4-ef37-4d0b-ad42-a8c3d34e1bc0,2026-08-02,5.0,95
587946a4-ef37-4d0b-ad42-a8c3d34e1bc0,2026-08-03,5.0,95
587946a4-ef37-4d0b-ad42-a8c3d34e1bc0,2026-08-04,5.0,95
587946a4-ef37-4d0b-ad42-a8c3d34e1bc0,2026-08-05,1.4,98
5c50eb4f-1ffb-4ad0-a20f-030c76239c80,2026-07-30,5.0,95
5c50eb4f-1ffb-4ad0-a20f-030c76239c80,2026-07-31,5.0,95
5c50eb4f-1ffb-4ad0-a20f-030c76239c80,2026-08-01,5.0,95
5c50eb4f-1ffb-4ad0-a20f-030c76239c80,2026-08-02,5.0,95
5c50eb4f-1ffb-4ad0-a20f-030c76239c80,2026-08-03,5.0,95
5c50eb4f-1ffb-4ad0-a20f-030c76239c80,2026-08-04,5.0,95
5c50eb4f-1ffb-4ad0-a20f-030c76239c80,2026-08-05,1.4,98
6717cc67-9c4f-484a-a40a-01199171ba1e,2026-07-30,5.0,95
6717cc67-9c4f-484a-a40a-01199171ba1e,2026-07-31,5.0,95
6717cc67-9c4f-484a-a40a-01199171ba1e,2026-08-01,5.0,95
6717cc67-9c4f-484a-a40a-01199171ba1e,2026-08-02,5.0,95
6717cc67-9c4f-484a-a40a-01199171ba1e,2026-08-03,5.0,95
6717cc67-9c4f-484a-a40a-01199171ba1e,2026-08-04,5.0,95
6717cc67-9c4f-484a-a40a-01199171ba1e,2026-08-05,1.4,98
685a9a11-1ab2-4132-8958-d7478c574e46,2026-07-30,5.0,95
685a9a11-1ab2-4132-8958-d7478c574e46,2026-07-31,5.0,95
685a9a11-1ab2-4132-8958-d7478c574e46,2026-08-01,5.0,95
685a9a11-1ab2-4132-8958-d7478c574e46,2026-08-02,5.0,95
685a9a11-1ab2-4132-8958-d7478c574e46,2026-08-03,5.0,95
685a9a11-1ab2-4132-8958-d7478c574e46,2026-08-04,5.0,95
685a9a11-1ab2-4132-8958-d7478c574e46,2026-08-05,1.4,98
691e4d40-1386-424c-bbda-74781c85750c,2026-07-30,5.0,95
691e4d40-1386-424c-bbda-74781c85750c,2026-07-31,5.0,95
691e4d40-1386-424c-bbda-74781c85750c,2026-08-01,5.0,95
691e4d40-1386-424c-bbda-74781c85750c,2026-08-02,5.0,95
691e4d40-1386-424c-bbda-74781c85750c,2026-08-03,5.0,95
691e4d40-1386-424c-bbda-74781c85750c,2026-08-04,5.0,95
691e4d40-1386-424c-bbda-74781c85750c,2026-08-05,1.3,98
69702f93-3294-44e4-afc6-b7ebc0a74559,2026-07-30,5.0,95
69702f93-3294-44e4-afc6-b7ebc0a74559,2026-07-31,5.0,95
69702f93-3294-44e4-afc6-b7ebc0a74559,2026-08-01,5.0,95
69702f93-3294-44e4-afc6-b7ebc0a74559,2026-08-02,5.0,95
69702f93-3294-44e4-afc6-b7ebc0a74559,2026-08-03,5.0,95
69702f93-3294-44e4-afc6-b7ebc0a74559,2026-08-04,5.0,95
69702f93-3294-44e4-afc6-b7ebc0a74559,2026-08-05,1.4,98
69d50590-0bad-41c9-869f-e3ccae6a0c18,2026-07-30,5.0,95
69d50590-0bad-41c9-869f-e3ccae6a0c18,2026-07-31,5.0,95
69d50590-0bad-41c9-869f-e3ccae6a0c18,2026-08-01,5.0,95
69d50590-0bad-41c9-869f-e3ccae6a0c18,2026-08-02,5.0,95
69d50590-0bad-41c9-869f-e3ccae6a0c18,2026-08-03,5.0,95
69d50590-0bad-41c9-869f-e3ccae6a0c18,2026-08-04,5.0,95
69d50590-0bad-41c9-869f-e3ccae6a0c18,2026-08-05,4.1,95
6a410413-b904-4c69-a5fe-fafeb9825f87,2026-07-30,88.0,12
6a410413-b904-4c69-a5fe-fafeb9825f87,2026-07-31,85.83,14
6a410413-b904-4c69-a5fe-fafeb9825f87,2026-08-01,87.32,12
6a410413-b904-4c69-a5fe-fafeb9825f87,2026-08-02,90.57,9
6a410413-b904-4c69-a5fe-fafeb9825f87,2026-08-03,88.52,11
6a410413-b904-4c69-a5fe-fafeb9825f87,2026-08-04,88.9,11
6a410413-b904-4c69-a5fe-fafeb9825f87,2026-08-05,93.5,6
703f9d3d-9148-41cf-b65a-0795ccdfde37,2026-07-30,5.0,95
703f9d3d-9148-41cf-b65a-0795ccdfde37,2026-07-31,5.0,95
703f9d3d-9148-41cf-b65a-0795ccdfde37,2026-08-01,5.0,95
703f9d3d-9148-41cf-b65a-0795ccdfde37,2026-08-02,5.0,95
703f9d3d-9148-41cf-b65a-0795ccdfde37,2026-08-03,5.0,95
703f9d3d-9148-41cf-b65a-0795ccdfde37,2026-08-04,5.0,95
703f9d3d-9148-41cf-b65a-0795ccdfde37,2026-08-05,1.4,98
74046913-2580-4b21-b251-f77e7adfd810,2026-07-30,5.0,95
74046913-2580-4b21-b251-f77e7adfd810,2026-07-31,5.78,94
74046913-2580-4b21-b251-f77e7adfd810,2026-08-01,5.0,95
74046913-2580-4b21-b251-f77e7adfd810,2026-08-02,5.0,95
74046913-2580-4b21-b251-f77e7adfd810,2026-08-03,5.0,95
74046913-2580-4b21-b251-f77e7adfd810,2026-08-04,5.0,95
74046913-2580-4b21-b251-f77e7adfd810,2026-08-05,1.4,98
77c7361a-5844-4390-bcf9-2177cd3c0e39,2026-07-30,5.0,95
77c7361a-5844-4390-bcf9-2177cd3c0e39,2026-07-31,5.0,95
77c7361a-5844-4390-bcf9-2177cd3c0e39,2026-08-01,5.0,95
77c7361a-5844-4390-bcf9-2177cd3c0e39,2026-08-02,5.0,95
77c7361a-5844-4390-bcf9-2177cd3c0e39,2026-08-03,5.0,95
77c7361a-5844-4390-bcf9-2177cd3c0e39,2026-08-04,5.0,95
77c7361a-5844-4390-bcf9-2177cd3c0e39,2026-08-05,1.4,98
77dcbde9-a1e1-4b8e-8719-223761161732,2026-07-30,82.8,17
77dcbde9-a1e1-4b8e-8719-223761161732,2026-07-31,98.0,2
77dcbde9-a1e1-4b8e-8719-223761161732,2026-08-01,89.19,10
77dcbde9-a1e1-4b8e-8719-223761161732,2026-08-02,94.37,5
77dcbde9-a1e1-4b8e-8719-223761161732,2026-08-03,89.58,10
77dcbde9-a1e1-4b8e-8719-223761161732,2026-08-04,93.04,6
77dcbde9-a1e1-4b8e-8719-223761161732,2026-08-05,93.7,6
31a28021-3880-4051-a76d-9c754a392e0f,2026-07-30,5.0,95
31a28021-3880-4051-a76d-9c754a392e0f,2026-07-31,5.0,95
31a28021-3880-4051-a76d-9c754a392e0f,2026-08-01,5.0,95
31a28021-3880-4051-a76d-9c754a392e0f,2026-08-02,5.0,95
31a28021-3880-4051-a76d-9c754a392e0f,2026-08-03,5.0,95
31a28021-3880-4051-a76d-9c754a392e0f,2026-08-04,5.0,95
31a28021-3880-4051-a76d-9c754a392e0f,2026-08-05,1.4,98
77e06e47-ae96-4eff-8174-f51ce7deece3,2026-07-30,7.05,92
77e06e47-ae96-4eff-8174-f51ce7deece3,2026-07-31,5.0,95
77e06e47-ae96-4eff-8174-f51ce7deece3,2026-08-01,5.0,95
77e06e47-ae96-4eff-8174-f51ce7deece3,2026-08-02,5.0,95
77e06e47-ae96-4eff-8174-f51ce7deece3,2026-08-03,5.0,95
77e06e47-ae96-4eff-8174-f51ce7deece3,2026-08-04,5.0,95
77e06e47-ae96-4eff-8174-f51ce7deece3,2026-08-05,1.4,98
7d09b9ab-174c-4c73-96f7-0e5fc1131412,2026-07-30,52.39,47
7d09b9ab-174c-4c73-96f7-0e5fc1131412,2026-07-31,51.86,48
7d09b9ab-174c-4c73-96f7-0e5fc1131412,2026-08-01,52.96,47
7d09b9ab-174c-4c73-96f7-0e5fc1131412,2026-08-02,50.88,49
7d09b9ab-174c-4c73-96f7-0e5fc1131412,2026-08-03,53.38,46
7d09b9ab-174c-4c73-96f7-0e5fc1131412,2026-08-04,54.83,45
7d09b9ab-174c-4c73-96f7-0e5fc1131412,2026-08-05,53.0,47
864c8a1b-9980-48ca-b704-7ac6a322cc37,2026-07-30,5.0,95
864c8a1b-9980-48ca-b704-7ac6a322cc37,2026-07-31,5.0,95
864c8a1b-9980-48ca-b704-7ac6a322cc37,2026-08-01,5.0,95
864c8a1b-9980-48ca-b704-7ac6a322cc37,2026-08-02,5.0,95
864c8a1b-9980-48ca-b704-7ac6a322cc37,2026-08-03,5.0,95
864c8a1b-9980-48ca-b704-7ac6a322cc37,2026-08-04,5.0,95
864c8a1b-9980-48ca-b704-7ac6a322cc37,2026-08-05,1.4,98
86bf9c58-a482-4a8f-a2f9-f055eb2fbae5,2026-07-30,87.78,12
86bf9c58-a482-4a8f-a2f9-f055eb2fbae5,2026-07-31,92.49,7
86bf9c58-a482-4a8f-a2f9-f055eb2fbae5,2026-08-01,91.19,8
86bf9c58-a482-4a8f-a2f9-f055eb2fbae5,2026-08-02,90.69,9
86bf9c58-a482-4a8f-a2f9-f055eb2fbae5,2026-08-03,92.02,7
86bf9c58-a482-4a8f-a2f9-f055eb2fbae5,2026-08-04,96.32,3
86bf9c58-a482-4a8f-a2f9-f055eb2fbae5,2026-08-05,94.0,6
2f73c275-c6a4-45e9-854c-4a6d8ea536c9,2026-07-30,5.0,95
2f73c275-c6a4-45e9-854c-4a6d8ea536c9,2026-07-31,10.16,89
2f73c275-c6a4-45e9-854c-4a6d8ea536c9,2026-08-01,7.05,92
2f73c275-c6a4-45e9-854c-4a6d8ea536c9,2026-08-02,13.74,86
2f73c275-c6a4-45e9-854c-4a6d8ea536c9,2026-08-03,7.68,92
2f73c275-c6a4-45e9-854c-4a6d8ea536c9,2026-08-04,13.75,86
2f73c275-c6a4-45e9-854c-4a6d8ea536c9,2026-08-05,10.6,89
88106fa5-1f8e-46f2-9a6d-700e5560d980,2026-07-30,5.0,95
88106fa5-1f8e-46f2-9a6d-700e5560d980,2026-07-31,5.0,95
88106fa5-1f8e-46f2-9a6d-700e5560d980,2026-08-01,5.0,95
88106fa5-1f8e-46f2-9a6d-700e5560d980,2026-08-02,5.0,95
88106fa5-1f8e-46f2-9a6d-700e5560d980,2026-08-03,5.0,95
88106fa5-1f8e-46f2-9a6d-700e5560d980,2026-08-04,5.0,95
88106fa5-1f8e-46f2-9a6d-700e5560d980,2026-08-05,1.4,98
89be07c0-3f40-487c-a6ea-63da55a63820,2026-07-30,31.82,68
89be07c0-3f40-487c-a6ea-63da55a63820,2026-07-31,34.2,65
89be07c0-3f40-487c-a6ea-63da55a63820,2026-08-01,36.9,63
89be07c0-3f40-487c-a6ea-63da55a63820,2026-08-02,39.07,60
89be07c0-3f40-487c-a6ea-63da55a63820,2026-08-03,38.08,61
89be07c0-3f40-487c-a6ea-63da55a63820,2026-08-04,35.12,64
89be07c0-3f40-487c-a6ea-63da55a63820,2026-08-05,36.2,63
8a299e10-fb3b-443f-a1bf-feb00abcbe44,2026-07-30,5.0,95
8a299e10-fb3b-443f-a1bf-feb00abcbe44,2026-07-31,5.0,95
8a299e10-fb3b-443f-a1bf-feb00abcbe44,2026-08-01,5.0,95
8a299e10-fb3b-443f-a1bf-feb00abcbe44,2026-08-02,5.0,95
8a299e10-fb3b-443f-a1bf-feb00abcbe44,2026-08-03,5.0,95
8a299e10-fb3b-443f-a1bf-feb00abcbe44,2026-08-04,5.0,95
8a299e10-fb3b-443f-a1bf-feb00abcbe44,2026-08-05,1.3,98
8b332f7a-6147-462d-9a66-04afccd0766f,2026-07-30,5.0,95
8b332f7a-6147-462d-9a66-04afccd0766f,2026-07-31,5.0,95
8b332f7a-6147-462d-9a66-04afccd0766f,2026-08-01,5.0,95
8b332f7a-6147-462d-9a66-04afccd0766f,2026-08-02,5.0,95
8b332f7a-6147-462d-9a66-04afccd0766f,2026-08-03,5.0,95
8b332f7a-6147-462d-9a66-04afccd0766f,2026-08-04,5.0,95
8b332f7a-6147-462d-9a66-04afccd0766f,2026-08-05,2.6,97
8b47d808-d53f-45e3-99ad-80374c07e49a,2026-07-30,5.0,95
8b47d808-d53f-45e3-99ad-80374c07e49a,2026-07-31,5.0,95
8b47d808-d53f-45e3-99ad-80374c07e49a,2026-08-01,5.0,95
8b47d808-d53f-45e3-99ad-80374c07e49a,2026-08-02,5.96,94
8b47d808-d53f-45e3-99ad-80374c07e49a,2026-08-03,5.0,95
8b47d808-d53f-45e3-99ad-80374c07e49a,2026-08-04,5.98,94
8b47d808-d53f-45e3-99ad-80374c07e49a,2026-08-05,5.0,95
8b7dcb4e-0be4-476c-91c0-e9b217f58ba9,2026-07-30,5.0,95
8b7dcb4e-0be4-476c-91c0-e9b217f58ba9,2026-07-31,5.0,95
8b7dcb4e-0be4-476c-91c0-e9b217f58ba9,2026-08-01,6.06,93
8b7dcb4e-0be4-476c-91c0-e9b217f58ba9,2026-08-02,5.0,95
8b7dcb4e-0be4-476c-91c0-e9b217f58ba9,2026-08-03,5.0,95
8b7dcb4e-0be4-476c-91c0-e9b217f58ba9,2026-08-04,5.0,95
8b7dcb4e-0be4-476c-91c0-e9b217f58ba9,2026-08-05,1.4,98
8bd10913-9a0c-475a-93b6-f0326892c278,2026-07-30,90.78,9
8bd10913-9a0c-475a-93b6-f0326892c278,2026-07-31,94.71,5
8bd10913-9a0c-475a-93b6-f0326892c278,2026-08-01,97.86,2
8bd10913-9a0c-475a-93b6-f0326892c278,2026-08-02,94.65,5
8bd10913-9a0c-475a-93b6-f0326892c278,2026-08-03,98.0,2
8bd10913-9a0c-475a-93b6-f0326892c278,2026-08-04,95.93,4
8bd10913-9a0c-475a-93b6-f0326892c278,2026-08-05,95.5,4
8bf0c0c3-86ac-48e6-aad3-f3d529391a11,2026-07-30,5.0,95
8bf0c0c3-86ac-48e6-aad3-f3d529391a11,2026-07-31,5.0,95
8bf0c0c3-86ac-48e6-aad3-f3d529391a11,2026-08-01,5.0,95
8bf0c0c3-86ac-48e6-aad3-f3d529391a11,2026-08-02,5.0,95
8bf0c0c3-86ac-48e6-aad3-f3d529391a11,2026-08-03,5.0,95
8bf0c0c3-86ac-48e6-aad3-f3d529391a11,2026-08-04,5.0,95
8bf0c0c3-86ac-48e6-aad3-f3d529391a11,2026-08-05,1.4,98
8c76b6c8-6a3b-4ce9-844b-3faf409ae65b,2026-07-30,5.0,95
8c76b6c8-6a3b-4ce9-844b-3faf409ae65b,2026-07-31,5.0,95
8c76b6c8-6a3b-4ce9-844b-3faf409ae65b,2026-08-01,5.0,95
8c76b6c8-6a3b-4ce9-844b-3faf409ae65b,2026-08-02,5.0,95
8c76b6c8-6a3b-4ce9-844b-3faf409ae65b,2026-08-03,5.0,95
8c76b6c8-6a3b-4ce9-844b-3faf409ae65b,2026-08-04,5.0,95
8c76b6c8-6a3b-4ce9-844b-3faf409ae65b,2026-08-05,1.3,98
8c7c7f6e-c396-4ab5-bfb3-940f56dc91f0,2026-07-30,5.0,95
8c7c7f6e-c396-4ab5-bfb3-940f56dc91f0,2026-07-31,5.0,95
8c7c7f6e-c396-4ab5-bfb3-940f56dc91f0,2026-08-01,5.0,95
8c7c7f6e-c396-4ab5-bfb3-940f56dc91f0,2026-08-02,5.0,95
8c7c7f6e-c396-4ab5-bfb3-940f56dc91f0,2026-08-03,5.0,95
8c7c7f6e-c396-4ab5-bfb3-940f56dc91f0,2026-08-04,5.0,95
8c7c7f6e-c396-4ab5-bfb3-940f56dc91f0,2026-08-05,1.4,98
8f78f00b-82f6-4829-bc6d-c1aa91bba16e,2026-07-30,5.0,95
8f78f00b-82f6-4829-bc6d-c1aa91bba16e,2026-07-31,5.0,95
8f78f00b-82f6-4829-bc6d-c1aa91bba16e,2026-08-01,5.0,95
8f78f00b-82f6-4829-bc6d-c1aa91bba16e,2026-08-02,5.0,95
8f78f00b-82f6-4829-bc6d-c1aa91bba16e,2026-08-03,5.0,95
8f78f00b-82f6-4829-bc6d-c1aa91bba16e,2026-08-04,5.0,95
8f78f00b-82f6-4829-bc6d-c1aa91bba16e,2026-08-05,1.4,98
93686e7a-074d-4179-b392-b17499f30652,2026-07-30,5.05,94
93686e7a-074d-4179-b392-b17499f30652,2026-07-31,5.0,95
93686e7a-074d-4179-b392-b17499f30652,2026-08-01,5.0,95
93686e7a-074d-4179-b392-b17499f30652,2026-08-02,5.0,95
93686e7a-074d-4179-b392-b17499f30652,2026-08-03,5.0,95
93686e7a-074d-4179-b392-b17499f30652,2026-08-04,5.0,95
93686e7a-074d-4179-b392-b17499f30652,2026-08-05,1.4,98
939acc83-893b-4d1f-b661-5e49b02a8217,2026-07-30,5.95,94
939acc83-893b-4d1f-b661-5e49b02a8217,2026-07-31,5.0,95
939acc83-893b-4d1f-b661-5e49b02a8217,2026-08-01,5.0,95
939acc83-893b-4d1f-b661-5e49b02a8217,2026-08-02,5.0,95
939acc83-893b-4d1f-b661-5e49b02a8217,2026-08-03,5.0,95
939acc83-893b-4d1f-b661-5e49b02a8217,2026-08-04,5.0,95
939acc83-893b-4d1f-b661-5e49b02a8217,2026-08-05,1.4,98
93ddc5d0-882c-4d16-ad5b-9e21f75c1cd6,2026-07-30,5.0,95
93ddc5d0-882c-4d16-ad5b-9e21f75c1cd6,2026-07-31,5.0,95
93ddc5d0-882c-4d16-ad5b-9e21f75c1cd6,2026-08-01,5.0,95
93ddc5d0-882c-4d16-ad5b-9e21f75c1cd6,2026-08-02,5.0,95
93ddc5d0-882c-4d16-ad5b-9e21f75c1cd6,2026-08-03,5.0,95
93ddc5d0-882c-4d16-ad5b-9e21f75c1cd6,2026-08-04,5.0,95
93ddc5d0-882c-4d16-ad5b-9e21f75c1cd6,2026-08-05,1.4,98
97f2c6de-615b-4b71-aa43-09002a79bb8f,2026-07-30,5.0,95
97f2c6de-615b-4b71-aa43-09002a79bb8f,2026-07-31,5.0,95
97f2c6de-615b-4b71-aa43-09002a79bb8f,2026-08-01,5.0,95
97f2c6de-615b-4b71-aa43-09002a79bb8f,2026-08-02,5.0,95
97f2c6de-615b-4b71-aa43-09002a79bb8f,2026-08-03,5.0,95
97f2c6de-615b-4b71-aa43-09002a79bb8f,2026-08-04,5.0,95
97f2c6de-615b-4b71-aa43-09002a79bb8f,2026-08-05,1.4,98
983b6c1c-700d-4121-9049-521ee13a6859,2026-07-30,5.0,95
983b6c1c-700d-4121-9049-521ee13a6859,2026-07-31,5.0,95
983b6c1c-700d-4121-9049-521ee13a6859,2026-08-01,5.0,95
983b6c1c-700d-4121-9049-521ee13a6859,2026-08-02,5.0,95
983b6c1c-700d-4121-9049-521ee13a6859,2026-08-03,5.0,95
983b6c1c-700d-4121-9049-521ee13a6859,2026-08-04,5.0,95
983b6c1c-700d-4121-9049-521ee13a6859,2026-08-05,1.4,98
988fab9e-540e-408a-8e7f-5cbae81209ba,2026-07-30,5.0,95
988fab9e-540e-408a-8e7f-5cbae81209ba,2026-07-31,5.28,94
988fab9e-540e-408a-8e7f-5cbae81209ba,2026-08-01,5.0,95
988fab9e-540e-408a-8e7f-5cbae81209ba,2026-08-02,5.0,95
988fab9e-540e-408a-8e7f-5cbae81209ba,2026-08-03,5.0,95
988fab9e-540e-408a-8e7f-5cbae81209ba,2026-08-04,5.0,95
988fab9e-540e-408a-8e7f-5cbae81209ba,2026-08-05,1.4,98
993b81a5-5495-4b97-9846-994b66028708,2026-07-30,5.0,95
993b81a5-5495-4b97-9846-994b66028708,2026-07-31,5.0,95
993b81a5-5495-4b97-9846-994b66028708,2026-08-01,5.0,95
993b81a5-5495-4b97-9846-994b66028708,2026-08-02,5.0,95
993b81a5-5495-4b97-9846-994b66028708,2026-08-03,5.0,95
993b81a5-5495-4b97-9846-994b66028708,2026-08-04,5.0,95
993b81a5-5495-4b97-9846-994b66028708,2026-08-05,1.4,98
9968b9ad-bfcb-44ae-8edf-b82d08f7e13f,2026-07-30,5.0,95
9968b9ad-bfcb-44ae-8edf-b82d08f7e13f,2026-07-31,5.0,95
9968b9ad-bfcb-44ae-8edf-b82d08f7e13f,2026-08-01,5.0,95
9968b9ad-bfcb-44ae-8edf-b82d08f7e13f,2026-08-02,5.0,95
9968b9ad-bfcb-44ae-8edf-b82d08f7e13f,2026-08-03,5.0,95
9968b9ad-bfcb-44ae-8edf-b82d08f7e13f,2026-08-04,5.0,95
9968b9ad-bfcb-44ae-8edf-b82d08f7e13f,2026-08-05,1.3,98
9be4c1f6-6088-4037-9381-39b3bbefc54e,2026-07-30,5.0,95
9be4c1f6-6088-4037-9381-39b3bbefc54e,2026-07-31,5.0,95
9be4c1f6-6088-4037-9381-39b3bbefc54e,2026-08-01,5.0,95
9be4c1f6-6088-4037-9381-39b3bbefc54e,2026-08-02,5.0,95
9be4c1f6-6088-4037-9381-39b3bbefc54e,2026-08-03,5.0,95
9be4c1f6-6088-4037-9381-39b3bbefc54e,2026-08-04,5.0,95
9be4c1f6-6088-4037-9381-39b3bbefc54e,2026-08-05,1.3,98
9c963c0c-5125-4dd0-ad32-cc99f0b19348,2026-07-30,5.0,95
9c963c0c-5125-4dd0-ad32-cc99f0b19348,2026-07-31,5.0,95
9c963c0c-5125-4dd0-ad32-cc99f0b19348,2026-08-01,5.0,95
9c963c0c-5125-4dd0-ad32-cc99f0b19348,2026-08-02,5.0,95
9c963c0c-5125-4dd0-ad32-cc99f0b19348,2026-08-03,5.0,95
9c963c0c-5125-4dd0-ad32-cc99f0b19348,2026-08-04,5.0,95
9c963c0c-5125-4dd0-ad32-cc99f0b19348,2026-08-05,1.4,98
9cc2f40d-72a6-4e70-a07d-9b1de4ca3d65,2026-07-30,5.0,95
9cc2f40d-72a6-4e70-a07d-9b1de4ca3d65,2026-07-31,5.0,95
9cc2f40d-72a6-4e70-a07d-9b1de4ca3d65,2026-08-01,5.0,95
9cc2f40d-72a6-4e70-a07d-9b1de4ca3d65,2026-08-02,5.0,95
9cc2f40d-72a6-4e70-a07d-9b1de4ca3d65,2026-08-03,5.0,95
9cc2f40d-72a6-4e70-a07d-9b1de4ca3d65,2026-08-04,5.0,95
9cc2f40d-72a6-4e70-a07d-9b1de4ca3d65,2026-08-05,1.4,98
9cc74ff6-c7d9-4a65-8186-9628394146eb,2026-07-30,6.15,93
9cc74ff6-c7d9-4a65-8186-9628394146eb,2026-07-31,5.0,95
9cc74ff6-c7d9-4a65-8186-9628394146eb,2026-08-01,5.0,95
9cc74ff6-c7d9-4a65-8186-9628394146eb,2026-08-02,5.0,95
9cc74ff6-c7d9-4a65-8186-9628394146eb,2026-08-03,5.0,95
9cc74ff6-c7d9-4a65-8186-9628394146eb,2026-08-04,5.0,95
9cc74ff6-c7d9-4a65-8186-9628394146eb,2026-08-05,1.4,98
31bd685c-3c0a-4365-b7f2-18cd4dbbe44a,2026-07-30,5.0,95
31bd685c-3c0a-4365-b7f2-18cd4dbbe44a,2026-07-31,5.0,95
31bd685c-3c0a-4365-b7f2-18cd4dbbe44a,2026-08-01,5.0,95
31bd685c-3c0a-4365-b7f2-18cd4dbbe44a,2026-08-02,5.0,95
31bd685c-3c0a-4365-b7f2-18cd4dbbe44a,2026-08-03,5.0,95
31bd685c-3c0a-4365-b7f2-18cd4dbbe44a,2026-08-04,5.0,95
31bd685c-3c0a-4365-b7f2-18cd4dbbe44a,2026-08-05,1.4,98
31c06d3f-355e-46f6-b17f-f0ccd88ff302,2026-07-30,5.0,95
31c06d3f-355e-46f6-b17f-f0ccd88ff302,2026-07-31,5.0,95
31c06d3f-355e-46f6-b17f-f0ccd88ff302,2026-08-01,5.0,95
31c06d3f-355e-46f6-b17f-f0ccd88ff302,2026-08-02,5.0,95
31c06d3f-355e-46f6-b17f-f0ccd88ff302,2026-08-03,5.0,95
31c06d3f-355e-46f6-b17f-f0ccd88ff302,2026-08-04,5.0,95
31c06d3f-355e-46f6-b17f-f0ccd88ff302,2026-08-05,1.4,98
a9d2f657-f465-41dc-bba3-e62d18c3c2b7,2026-07-30,5.0,95
a9d2f657-f465-41dc-bba3-e62d18c3c2b7,2026-07-31,5.7,94
a9d2f657-f465-41dc-bba3-e62d18c3c2b7,2026-08-01,5.0,95
a9d2f657-f465-41dc-bba3-e62d18c3c2b7,2026-08-02,5.0,95
a9d2f657-f465-41dc-bba3-e62d18c3c2b7,2026-08-03,5.0,95
a9d2f657-f465-41dc-bba3-e62d18c3c2b7,2026-08-04,5.0,95
a9d2f657-f465-41dc-bba3-e62d18c3c2b7,2026-08-05,1.4,98
aaaf372f-12f9-4761-91dd-d1acf5b82dfd,2026-07-30,6.28,93
aaaf372f-12f9-4761-91dd-d1acf5b82dfd,2026-07-31,5.0,95
aaaf372f-12f9-4761-91dd-d1acf5b82dfd,2026-08-01,5.0,95
aaaf372f-12f9-4761-91dd-d1acf5b82dfd,2026-08-02,5.0,95
aaaf372f-12f9-4761-91dd-d1acf5b82dfd,2026-08-03,5.0,95
aaaf372f-12f9-4761-91dd-d1acf5b82dfd,2026-08-04,5.0,95
aaaf372f-12f9-4761-91dd-d1acf5b82dfd,2026-08-05,1.4,98
aae99f52-a69f-4630-b55a-ebb0b875947c,2026-07-30,5.0,95
aae99f52-a69f-4630-b55a-ebb0b875947c,2026-07-31,5.0,95
aae99f52-a69f-4630-b55a-ebb0b875947c,2026-08-01,5.0,95
aae99f52-a69f-4630-b55a-ebb0b875947c,2026-08-02,5.0,95
aae99f52-a69f-4630-b55a-ebb0b875947c,2026-08-03,5.0,95
aae99f52-a69f-4630-b55a-ebb0b875947c,2026-08-04,5.0,95
aae99f52-a69f-4630-b55a-ebb0b875947c,2026-08-05,1.4,98
aaee7d92-fe55-41ea-ae61-70631ce20b37,2026-07-30,5.38,94
aaee7d92-fe55-41ea-ae61-70631ce20b37,2026-07-31,5.0,95
aaee7d92-fe55-41ea-ae61-70631ce20b37,2026-08-01,5.0,95
aaee7d92-fe55-41ea-ae61-70631ce20b37,2026-08-02,5.0,95
aaee7d92-fe55-41ea-ae61-70631ce20b37,2026-08-03,5.0,95
aaee7d92-fe55-41ea-ae61-70631ce20b37,2026-08-04,5.0,95
aaee7d92-fe55-41ea-ae61-70631ce20b37,2026-08-05,1.4,98
aafa5070-113e-4e45-a95d-02549c0dff65,2026-07-30,5.0,95
aafa5070-113e-4e45-a95d-02549c0dff65,2026-07-31,6.34,93
aafa5070-113e-4e45-a95d-02549c0dff65,2026-08-01,5.0,95
aafa5070-113e-4e45-a95d-02549c0dff65,2026-08-02,5.0,95
aafa5070-113e-4e45-a95d-02549c0dff65,2026-08-03,5.0,95
aafa5070-113e-4e45-a95d-02549c0dff65,2026-08-04,5.0,95
aafa5070-113e-4e45-a95d-02549c0dff65,2026-08-05,1.4,98
ae94b61d-e34e-4158-bbea-c949657ca963,2026-07-30,5.0,95
ae94b61d-e34e-4158-bbea-c949657ca963,2026-07-31,5.0,95
ae94b61d-e34e-4158-bbea-c949657ca963,2026-08-01,5.0,95
ae94b61d-e34e-4158-bbea-c949657ca963,2026-08-02,5.0,95
ae94b61d-e34e-4158-bbea-c949657ca963,2026-08-03,5.0,95
ae94b61d-e34e-4158-bbea-c949657ca963,2026-08-04,5.0,95
ae94b61d-e34e-4158-bbea-c949657ca963,2026-08-05,2.4,97
80cb4f22-a5b7-41c3-9891-9813a94909c5,2026-07-30,5.0,95
80cb4f22-a5b7-41c3-9891-9813a94909c5,2026-07-31,5.0,95
80cb4f22-a5b7-41c3-9891-9813a94909c5,2026-08-01,5.72,94
80cb4f22-a5b7-41c3-9891-9813a94909c5,2026-08-02,5.0,95
80cb4f22-a5b7-41c3-9891-9813a94909c5,2026-08-03,5.0,95
80cb4f22-a5b7-41c3-9891-9813a94909c5,2026-08-04,5.0,95
80cb4f22-a5b7-41c3-9891-9813a94909c5,2026-08-05,2.6,97
80d488c8-6ef8-4b2b-a852-67a35eb8788d,2026-07-30,5.0,95
80d488c8-6ef8-4b2b-a852-67a35eb8788d,2026-07-31,5.0,95
80d488c8-6ef8-4b2b-a852-67a35eb8788d,2026-08-01,5.0,95
80d488c8-6ef8-4b2b-a852-67a35eb8788d,2026-08-02,5.0,95
80d488c8-6ef8-4b2b-a852-67a35eb8788d,2026-08-03,5.0,95
80d488c8-6ef8-4b2b-a852-67a35eb8788d,2026-08-04,5.0,95
80d488c8-6ef8-4b2b-a852-67a35eb8788d,2026-08-05,2.7,97
81436120-c731-4895-82cb-fa8c046ccc5d,2026-07-30,5.0,95
81436120-c731-4895-82cb-fa8c046ccc5d,2026-07-31,5.0,95
81436120-c731-4895-82cb-fa8c046ccc5d,2026-08-01,6.19,93
81436120-c731-4895-82cb-fa8c046ccc5d,2026-08-02,5.0,95
81436120-c731-4895-82cb-fa8c046ccc5d,2026-08-03,5.0,95
81436120-c731-4895-82cb-fa8c046ccc5d,2026-08-04,5.0,95
81436120-c731-4895-82cb-fa8c046ccc5d,2026-08-05,2.6,97
81446410-3e9a-46fc-b38a-f11e6d620a33,2026-07-30,5.0,95
81446410-3e9a-46fc-b38a-f11e6d620a33,2026-07-31,5.0,95
81446410-3e9a-46fc-b38a-f11e6d620a33,2026-08-01,5.0,95
81446410-3e9a-46fc-b38a-f11e6d620a33,2026-08-02,5.0,95
81446410-3e9a-46fc-b38a-f11e6d620a33,2026-08-03,5.0,95
81446410-3e9a-46fc-b38a-f11e6d620a33,2026-08-04,5.0,95
81446410-3e9a-46fc-b38a-f11e6d620a33,2026-08-05,2.7,97
86a105af-9d7e-41db-98c0-a82017a4d34b,2026-07-30,5.0,95
86a105af-9d7e-41db-98c0-a82017a4d34b,2026-07-31,5.0,95
86a105af-9d7e-41db-98c0-a82017a4d34b,2026-08-01,5.0,95
86a105af-9d7e-41db-98c0-a82017a4d34b,2026-08-02,5.0,95
86a105af-9d7e-41db-98c0-a82017a4d34b,2026-08-03,5.0,95
86a105af-9d7e-41db-98c0-a82017a4d34b,2026-08-04,5.0,95
86a105af-9d7e-41db-98c0-a82017a4d34b,2026-08-05,2.7,97
87bd8e49-1818-47a0-976a-f77e13fb82d4,2026-07-30,5.0,95
87bd8e49-1818-47a0-976a-f77e13fb82d4,2026-07-31,5.0,95
87bd8e49-1818-47a0-976a-f77e13fb82d4,2026-08-01,5.0,95
87bd8e49-1818-47a0-976a-f77e13fb82d4,2026-08-02,5.0,95
87bd8e49-1818-47a0-976a-f77e13fb82d4,2026-08-03,5.0,95
87bd8e49-1818-47a0-976a-f77e13fb82d4,2026-08-04,5.0,95
87bd8e49-1818-47a0-976a-f77e13fb82d4,2026-08-05,2.5,97
87bdbedf-8f0d-4a86-a7c9-8443789be6b2,2026-07-30,5.0,95
87bdbedf-8f0d-4a86-a7c9-8443789be6b2,2026-07-31,5.0,95
87bdbedf-8f0d-4a86-a7c9-8443789be6b2,2026-08-01,6.11,93
87bdbedf-8f0d-4a86-a7c9-8443789be6b2,2026-08-02,5.0,95
87bdbedf-8f0d-4a86-a7c9-8443789be6b2,2026-08-03,5.0,95
87bdbedf-8f0d-4a86-a7c9-8443789be6b2,2026-08-04,5.0,95
87bdbedf-8f0d-4a86-a7c9-8443789be6b2,2026-08-05,2.6,97
afbd739d-6054-4972-8096-6875f8a5d0b4,2026-07-30,95.37,4
afbd739d-6054-4972-8096-6875f8a5d0b4,2026-07-31,89.36,10
afbd739d-6054-4972-8096-6875f8a5d0b4,2026-08-01,92.97,7
afbd739d-6054-4972-8096-6875f8a5d0b4,2026-08-02,93.28,6
afbd739d-6054-4972-8096-6875f8a5d0b4,2026-08-03,98.0,2
afbd739d-6054-4972-8096-6875f8a5d0b4,2026-08-04,98.0,2
afbd739d-6054-4972-8096-6875f8a5d0b4,2026-08-05,96.4,3
b0030cb6-f80a-4eee-9bcf-a26281cb36cb,2026-07-30,91.6,8
b0030cb6-f80a-4eee-9bcf-a26281cb36cb,2026-07-31,97.73,2
b0030cb6-f80a-4eee-9bcf-a26281cb36cb,2026-08-01,91.23,8
b0030cb6-f80a-4eee-9bcf-a26281cb36cb,2026-08-02,91.59,8
b0030cb6-f80a-4eee-9bcf-a26281cb36cb,2026-08-03,94.48,5
b0030cb6-f80a-4eee-9bcf-a26281cb36cb,2026-08-04,96.92,3
b0030cb6-f80a-4eee-9bcf-a26281cb36cb,2026-08-05,97.3,2
b1ba776b-f315-4950-9fcb-f5634a0d87b0,2026-07-30,5.0,95
b1ba776b-f315-4950-9fcb-f5634a0d87b0,2026-07-31,6.86,93
b1ba776b-f315-4950-9fcb-f5634a0d87b0,2026-08-01,5.0,95
b1ba776b-f315-4950-9fcb-f5634a0d87b0,2026-08-02,5.4,94
b1ba776b-f315-4950-9fcb-f5634a0d87b0,2026-08-03,5.0,95
b1ba776b-f315-4950-9fcb-f5634a0d87b0,2026-08-04,5.0,95
b1ba776b-f315-4950-9fcb-f5634a0d87b0,2026-08-05,3.5,96
b4512876-c0cd-4546-90e8-b64b77287fe9,2026-07-30,5.0,95
b4512876-c0cd-4546-90e8-b64b77287fe9,2026-07-31,5.0,95
b4512876-c0cd-4546-90e8-b64b77287fe9,2026-08-01,5.0,95
b4512876-c0cd-4546-90e8-b64b77287fe9,2026-08-02,5.0,95
b4512876-c0cd-4546-90e8-b64b77287fe9,2026-08-03,5.0,95
b4512876-c0cd-4546-90e8-b64b77287fe9,2026-08-04,5.0,94
b4512876-c0cd-4546-90e8-b64b77287fe9,2026-08-05,1.4,98
b4d500f1-d89c-4e9b-b263-6a7275d71bf5,2026-07-30,5.0,95
b4d500f1-d89c-4e9b-b263-6a7275d71bf5,2026-07-31,5.0,95
b4d500f1-d89c-4e9b-b263-6a7275d71bf5,2026-08-01,5.0,95
b4d500f1-d89c-4e9b-b263-6a7275d71bf5,2026-08-02,5.0,95
b4d500f1-d89c-4e9b-b263-6a7275d71bf5,2026-08-03,5.0,95
b4d500f1-d89c-4e9b-b263-6a7275d71bf5,2026-08-04,5.0,95
b4d500f1-d89c-4e9b-b263-6a7275d71bf5,2026-08-05,2.4,97
b4e6347f-d450-4289-be99-47edf221fab9,2026-07-30,5.0,95
b4e6347f-d450-4289-be99-47edf221fab9,2026-07-31,5.0,95
b4e6347f-d450-4289-be99-47edf221fab9,2026-08-01,5.0,95
b4e6347f-d450-4289-be99-47edf221fab9,2026-08-02,5.0,95
b4e6347f-d450-4289-be99-47edf221fab9,2026-08-03,5.0,95
b4e6347f-d450-4289-be99-47edf221fab9,2026-08-04,5.0,95
b4e6347f-d450-4289-be99-47edf221fab9,2026-08-05,1.4,98
b4ed14c4-3083-415a-a8f7-a5f49e09d5d7,2026-07-30,5.0,95
b4ed14c4-3083-415a-a8f7-a5f49e09d5d7,2026-07-31,6.61,93
b4ed14c4-3083-415a-a8f7-a5f49e09d5d7,2026-08-01,5.0,95
b4ed14c4-3083-415a-a8f7-a5f49e09d5d7,2026-08-02,8.52,91
b4ed14c4-3083-415a-a8f7-a5f49e09d5d7,2026-08-03,5.0,95
b4ed14c4-3083-415a-a8f7-a5f49e09d5d7,2026-08-04,5.72,94
b4ed14c4-3083-415a-a8f7-a5f49e09d5d7,2026-08-05,5.9,94
b4f71fbd-9974-44f4-8177-a59aab076223,2026-07-30,5.0,95
b4f71fbd-9974-44f4-8177-a59aab076223,2026-07-31,5.0,95
b4f71fbd-9974-44f4-8177-a59aab076223,2026-08-01,5.0,95
b4f71fbd-9974-44f4-8177-a59aab076223,2026-08-02,5.0,95
b4f71fbd-9974-44f4-8177-a59aab076223,2026-08-03,5.0,95
b4f71fbd-9974-44f4-8177-a59aab076223,2026-08-04,5.0,95
b4f71fbd-9974-44f4-8177-a59aab076223,2026-08-05,1.4,98
b519ad6f-363a-4064-b920-3005eab5312e,2026-07-30,28.75,71
b519ad6f-363a-4064-b920-3005eab5312e,2026-07-31,28.94,71
b519ad6f-363a-4064-b920-3005eab5312e,2026-08-01,34.68,65
b519ad6f-363a-4064-b920-3005eab5312e,2026-08-02,34.88,65
b519ad6f-363a-4064-b920-3005eab5312e,2026-08-03,27.82,72
b519ad6f-363a-4064-b920-3005eab5312e,2026-08-04,31.8,68
b519ad6f-363a-4064-b920-3005eab5312e,2026-08-05,33.5,66
b5211c4c-6ff3-4c1d-a316-584f614d556f,2026-07-30,5.0,95
b5211c4c-6ff3-4c1d-a316-584f614d556f,2026-07-31,5.0,95
b5211c4c-6ff3-4c1d-a316-584f614d556f,2026-08-01,5.0,95
b5211c4c-6ff3-4c1d-a316-584f614d556f,2026-08-02,5.0,95
b5211c4c-6ff3-4c1d-a316-584f614d556f,2026-08-03,5.0,95
b5211c4c-6ff3-4c1d-a316-584f614d556f,2026-08-04,5.0,95
b5211c4c-6ff3-4c1d-a316-584f614d556f,2026-08-05,1.4,98
b6bc929d-2d22-422a-b8e8-6b99adc78478,2026-07-30,5.0,95
b6bc929d-2d22-422a-b8e8-6b99adc78478,2026-07-31,5.0,95
b6bc929d-2d22-422a-b8e8-6b99adc78478,2026-08-01,5.0,95
b6bc929d-2d22-422a-b8e8-6b99adc78478,2026-08-02,5.0,95
b6bc929d-2d22-422a-b8e8-6b99adc78478,2026-08-03,5.0,95
b6bc929d-2d22-422a-b8e8-6b99adc78478,2026-08-04,5.67,94
b6bc929d-2d22-422a-b8e8-6b99adc78478,2026-08-05,1.4,98
b76945b5-45c8-4ca9-81a2-0b0f611a6826,2026-07-30,5.0,95
b76945b5-45c8-4ca9-81a2-0b0f611a6826,2026-07-31,6.93,93
b76945b5-45c8-4ca9-81a2-0b0f611a6826,2026-08-01,5.0,95
b76945b5-45c8-4ca9-81a2-0b0f611a6826,2026-08-02,5.0,95
b76945b5-45c8-4ca9-81a2-0b0f611a6826,2026-08-03,5.0,95
b76945b5-45c8-4ca9-81a2-0b0f611a6826,2026-08-04,6.67,93
b76945b5-45c8-4ca9-81a2-0b0f611a6826,2026-08-05,4.3,95
b80d08f4-cb56-4e09-bd30-2b72f2aaa2fe,2026-07-30,5.0,95
b80d08f4-cb56-4e09-bd30-2b72f2aaa2fe,2026-07-31,5.0,95
b80d08f4-cb56-4e09-bd30-2b72f2aaa2fe,2026-08-01,5.0,95
b80d08f4-cb56-4e09-bd30-2b72f2aaa2fe,2026-08-02,5.0,95
b80d08f4-cb56-4e09-bd30-2b72f2aaa2fe,2026-08-03,5.0,95
b80d08f4-cb56-4e09-bd30-2b72f2aaa2fe,2026-08-04,5.0,95
b80d08f4-cb56-4e09-bd30-2b72f2aaa2fe,2026-08-05,1.4,98
b9633971-6e3a-45dd-85d6-32c6c3bdebf5,2026-07-30,5.0,95
b9633971-6e3a-45dd-85d6-32c6c3bdebf5,2026-07-31,5.0,95
b9633971-6e3a-45dd-85d6-32c6c3bdebf5,2026-08-01,5.0,95
b9633971-6e3a-45dd-85d6-32c6c3bdebf5,2026-08-02,5.0,95
b9633971-6e3a-45dd-85d6-32c6c3bdebf5,2026-08-03,5.6,94
b9633971-6e3a-45dd-85d6-32c6c3bdebf5,2026-08-04,5.0,95
b9633971-6e3a-45dd-85d6-32c6c3bdebf5,2026-08-05,3.2,96
bbead474-e469-4bb7-9fb3-38cd5c7eb6f9,2026-07-30,85.13,14
bbead474-e469-4bb7-9fb3-38cd5c7eb6f9,2026-07-31,96.42,3
bbead474-e469-4bb7-9fb3-38cd5c7eb6f9,2026-08-01,83.67,16
bbead474-e469-4bb7-9fb3-38cd5c7eb6f9,2026-08-02,91.69,8
bbead474-e469-4bb7-9fb3-38cd5c7eb6f9,2026-08-03,89.64,10
bbead474-e469-4bb7-9fb3-38cd5c7eb6f9,2026-08-04,95.7,4
bbead474-e469-4bb7-9fb3-38cd5c7eb6f9,2026-08-05,92.3,7
be174e8e-ae4a-4729-baba-c956a6a306c4,2026-07-30,5.0,95
be174e8e-ae4a-4729-baba-c956a6a306c4,2026-07-31,5.0,95
be174e8e-ae4a-4729-baba-c956a6a306c4,2026-08-01,5.0,95
be174e8e-ae4a-4729-baba-c956a6a306c4,2026-08-02,7.07,92
be174e8e-ae4a-4729-baba-c956a6a306c4,2026-08-03,5.0,95
be174e8e-ae4a-4729-baba-c956a6a306c4,2026-08-04,5.8,94
be174e8e-ae4a-4729-baba-c956a6a306c4,2026-08-05,3.7,96
be5b0f51-675b-4398-a4a5-40a9139dd28d,2026-07-30,5.0,95
be5b0f51-675b-4398-a4a5-40a9139dd28d,2026-07-31,5.0,95
be5b0f51-675b-4398-a4a5-40a9139dd28d,2026-08-01,5.0,95
be5b0f51-675b-4398-a4a5-40a9139dd28d,2026-08-02,5.0,95
be5b0f51-675b-4398-a4a5-40a9139dd28d,2026-08-03,5.0,95
be5b0f51-675b-4398-a4a5-40a9139dd28d,2026-08-04,5.0,95
be5b0f51-675b-4398-a4a5-40a9139dd28d,2026-08-05,1.3,98
bedc9d62-d183-4805-9052-a25723e5d9b4,2026-07-30,5.0,95
bedc9d62-d183-4805-9052-a25723e5d9b4,2026-07-31,5.0,95
bedc9d62-d183-4805-9052-a25723e5d9b4,2026-08-01,5.0,95
bedc9d62-d183-4805-9052-a25723e5d9b4,2026-08-02,5.0,95
bedc9d62-d183-4805-9052-a25723e5d9b4,2026-08-03,5.0,95
bedc9d62-d183-4805-9052-a25723e5d9b4,2026-08-04,5.0,95
bedc9d62-d183-4805-9052-a25723e5d9b4,2026-08-05,1.4,98
bf3db7a7-c94c-480f-8953-13d8e071e4ff,2026-07-30,5.0,95
bf3db7a7-c94c-480f-8953-13d8e071e4ff,2026-07-31,5.0,95
bf3db7a7-c94c-480f-8953-13d8e071e4ff,2026-08-01,5.0,95
bf3db7a7-c94c-480f-8953-13d8e071e4ff,2026-08-02,5.0,95
bf3db7a7-c94c-480f-8953-13d8e071e4ff,2026-08-03,5.57,94
bf3db7a7-c94c-480f-8953-13d8e071e4ff,2026-08-04,5.0,95
bf3db7a7-c94c-480f-8953-13d8e071e4ff,2026-08-05,2.8,97
8b704c10-c31b-4dfb-a682-7802153c7cf9,2026-07-30,5.0,95
8b704c10-c31b-4dfb-a682-7802153c7cf9,2026-07-31,5.0,95
8b704c10-c31b-4dfb-a682-7802153c7cf9,2026-08-01,5.0,95
8b704c10-c31b-4dfb-a682-7802153c7cf9,2026-08-02,5.0,95
8b704c10-c31b-4dfb-a682-7802153c7cf9,2026-08-03,5.0,95
8b704c10-c31b-4dfb-a682-7802153c7cf9,2026-08-04,5.41,94
8b704c10-c31b-4dfb-a682-7802153c7cf9,2026-08-05,2.6,97
bd815476-1509-4a72-bd51-04624a63241b,2026-07-30,5.0,95
bd815476-1509-4a72-bd51-04624a63241b,2026-07-31,5.0,95
bd815476-1509-4a72-bd51-04624a63241b,2026-08-01,5.0,95
bd815476-1509-4a72-bd51-04624a63241b,2026-08-02,5.0,95
bd815476-1509-4a72-bd51-04624a63241b,2026-08-03,5.0,95
bd815476-1509-4a72-bd51-04624a63241b,2026-08-04,6.21,93
bd815476-1509-4a72-bd51-04624a63241b,2026-08-05,2.7,97
c185198c-4e3a-4d73-b9f5-f0868bc8f54d,2026-07-30,5.0,95
c185198c-4e3a-4d73-b9f5-f0868bc8f54d,2026-07-31,5.0,95
c185198c-4e3a-4d73-b9f5-f0868bc8f54d,2026-08-01,5.0,95
c185198c-4e3a-4d73-b9f5-f0868bc8f54d,2026-08-02,5.0,95
c185198c-4e3a-4d73-b9f5-f0868bc8f54d,2026-08-03,5.0,95
c185198c-4e3a-4d73-b9f5-f0868bc8f54d,2026-08-04,5.0,95
c185198c-4e3a-4d73-b9f5-f0868bc8f54d,2026-08-05,2.6,97
c1cd517f-606b-4289-b24f-5d9eadb0d9ef,2026-07-30,5.0,95
c1cd517f-606b-4289-b24f-5d9eadb0d9ef,2026-07-31,5.07,94
c1cd517f-606b-4289-b24f-5d9eadb0d9ef,2026-08-01,5.0,95
c1cd517f-606b-4289-b24f-5d9eadb0d9ef,2026-08-02,5.0,95
c1cd517f-606b-4289-b24f-5d9eadb0d9ef,2026-08-03,5.0,95
c1cd517f-606b-4289-b24f-5d9eadb0d9ef,2026-08-04,5.0,95
c1cd517f-606b-4289-b24f-5d9eadb0d9ef,2026-08-05,2.6,97
c1ed15ea-af41-40f5-b1d0-ddfe68b01880,2026-07-30,5.0,95
c1ed15ea-af41-40f5-b1d0-ddfe68b01880,2026-07-31,8.23,91
c1ed15ea-af41-40f5-b1d0-ddfe68b01880,2026-08-01,5.0,95
c1ed15ea-af41-40f5-b1d0-ddfe68b01880,2026-08-02,5.0,95
c1ed15ea-af41-40f5-b1d0-ddfe68b01880,2026-08-03,5.0,95
c1ed15ea-af41-40f5-b1d0-ddfe68b01880,2026-08-04,6.18,93
c1ed15ea-af41-40f5-b1d0-ddfe68b01880,2026-08-05,2.6,97
c212dcbf-3b59-4beb-afd2-6ab13796deec,2026-07-30,6.38,93
c212dcbf-3b59-4beb-afd2-6ab13796deec,2026-07-31,5.13,94
c212dcbf-3b59-4beb-afd2-6ab13796deec,2026-08-01,5.0,95
c212dcbf-3b59-4beb-afd2-6ab13796deec,2026-08-02,5.0,95
c212dcbf-3b59-4beb-afd2-6ab13796deec,2026-08-03,5.0,95
c212dcbf-3b59-4beb-afd2-6ab13796deec,2026-08-04,5.0,95
c212dcbf-3b59-4beb-afd2-6ab13796deec,2026-08-05,2.5,97
e5a84044-e7e9-4a10-b8fc-3853c8b88359,2026-07-30,5.0,95
e5a84044-e7e9-4a10-b8fc-3853c8b88359,2026-07-31,5.0,95
e5a84044-e7e9-4a10-b8fc-3853c8b88359,2026-08-01,5.0,95
e5a84044-e7e9-4a10-b8fc-3853c8b88359,2026-08-02,5.0,95
e5a84044-e7e9-4a10-b8fc-3853c8b88359,2026-08-03,5.0,95
e5a84044-e7e9-4a10-b8fc-3853c8b88359,2026-08-04,5.0,95
e5a84044-e7e9-4a10-b8fc-3853c8b88359,2026-08-05,2.6,97
fadaa1fc-bff9-4420-ae3b-708611d0fe99,2026-07-30,5.0,95
fadaa1fc-bff9-4420-ae3b-708611d0fe99,2026-07-31,5.0,95
fadaa1fc-bff9-4420-ae3b-708611d0fe99,2026-08-01,5.0,95
fadaa1fc-bff9-4420-ae3b-708611d0fe99,2026-08-02,5.0,95
fadaa1fc-bff9-4420-ae3b-708611d0fe99,2026-08-03,5.0,95
fadaa1fc-bff9-4420-ae3b-708611d0fe99,2026-08-04,5.0,95
fadaa1fc-bff9-4420-ae3b-708611d0fe99,2026-08-05,2.7,97
fb1ab85f-7d08-45d3-98a5-965c2d85daab,2026-07-30,5.0,95
fb1ab85f-7d08-45d3-98a5-965c2d85daab,2026-07-31,5.0,95
fb1ab85f-7d08-45d3-98a5-965c2d85daab,2026-08-01,5.0,95
fb1ab85f-7d08-45d3-98a5-965c2d85daab,2026-08-02,5.0,95
fb1ab85f-7d08-45d3-98a5-965c2d85daab,2026-08-03,5.0,95
fb1ab85f-7d08-45d3-98a5-965c2d85daab,2026-08-04,5.0,95
fb1ab85f-7d08-45d3-98a5-965c2d85daab,2026-08-05,2.6,97
36553b80-f53c-4bd5-94db-b3aa9d4851b9,2026-07-30,5.0,95
36553b80-f53c-4bd5-94db-b3aa9d4851b9,2026-07-31,5.0,95
36553b80-f53c-4bd5-94db-b3aa9d4851b9,2026-08-01,5.0,95
36553b80-f53c-4bd5-94db-b3aa9d4851b9,2026-08-02,5.0,95
36553b80-f53c-4bd5-94db-b3aa9d4851b9,2026-08-03,5.0,95
36553b80-f53c-4bd5-94db-b3aa9d4851b9,2026-08-04,5.0,95
36553b80-f53c-4bd5-94db-b3aa9d4851b9,2026-08-05,1.4,98
368a70db-a6d5-4838-9e5e-fc2316556501,2026-07-30,5.0,95
368a70db-a6d5-4838-9e5e-fc2316556501,2026-07-31,5.0,95
368a70db-a6d5-4838-9e5e-fc2316556501,2026-08-01,5.0,95
368a70db-a6d5-4838-9e5e-fc2316556501,2026-08-02,5.0,95
368a70db-a6d5-4838-9e5e-fc2316556501,2026-08-03,5.0,95
368a70db-a6d5-4838-9e5e-fc2316556501,2026-08-04,5.0,95
368a70db-a6d5-4838-9e5e-fc2316556501,2026-08-05,1.4,98
368d477d-e1f4-4d43-9644-8fc30977b819,2026-07-30,5.0,95
368d477d-e1f4-4d43-9644-8fc30977b819,2026-07-31,5.0,95
368d477d-e1f4-4d43-9644-8fc30977b819,2026-08-01,5.0,95
368d477d-e1f4-4d43-9644-8fc30977b819,2026-08-02,5.0,95
368d477d-e1f4-4d43-9644-8fc30977b819,2026-08-03,5.57,94
368d477d-e1f4-4d43-9644-8fc30977b819,2026-08-04,6.18,93
368d477d-e1f4-4d43-9644-8fc30977b819,2026-08-05,4.5,95
fb853949-ec96-40ca-882c-18df45a29f54,2026-07-30,5.0,95
fb853949-ec96-40ca-882c-18df45a29f54,2026-07-31,5.0,95
fb853949-ec96-40ca-882c-18df45a29f54,2026-08-01,5.0,95
fb853949-ec96-40ca-882c-18df45a29f54,2026-08-02,5.0,95
fb853949-ec96-40ca-882c-18df45a29f54,2026-08-03,5.0,95
fb853949-ec96-40ca-882c-18df45a29f54,2026-08-04,5.0,95
fb853949-ec96-40ca-882c-18df45a29f54,2026-08-05,2.7,97
fc0877d5-2a38-41e7-874d-bc5539471f9c,2026-07-30,5.0,95
fc0877d5-2a38-41e7-874d-bc5539471f9c,2026-07-31,5.0,95
fc0877d5-2a38-41e7-874d-bc5539471f9c,2026-08-01,5.31,94
fc0877d5-2a38-41e7-874d-bc5539471f9c,2026-08-02,5.0,95
fc0877d5-2a38-41e7-874d-bc5539471f9c,2026-08-03,5.0,95
fc0877d5-2a38-41e7-874d-bc5539471f9c,2026-08-04,5.0,95
fc0877d5-2a38-41e7-874d-bc5539471f9c,2026-08-05,2.5,97
c0bfdc36-3516-4c58-a784-458f541a330b,2026-07-30,5.0,95
c0bfdc36-3516-4c58-a784-458f541a330b,2026-07-31,5.0,95
c0bfdc36-3516-4c58-a784-458f541a330b,2026-08-01,5.0,95
c0bfdc36-3516-4c58-a784-458f541a330b,2026-08-02,5.0,95
c0bfdc36-3516-4c58-a784-458f541a330b,2026-08-03,5.0,95
c0bfdc36-3516-4c58-a784-458f541a330b,2026-08-04,5.0,95
c0bfdc36-3516-4c58-a784-458f541a330b,2026-08-05,1.3,98
d6f3e9cc-f17e-4208-800e-affe0b348e62,2026-07-30,5.0,95
d6f3e9cc-f17e-4208-800e-affe0b348e62,2026-07-31,5.0,95
d6f3e9cc-f17e-4208-800e-affe0b348e62,2026-08-01,5.0,95
d6f3e9cc-f17e-4208-800e-affe0b348e62,2026-08-02,5.0,95
d6f3e9cc-f17e-4208-800e-affe0b348e62,2026-08-03,5.0,95
d6f3e9cc-f17e-4208-800e-affe0b348e62,2026-08-04,5.0,95
d6f3e9cc-f17e-4208-800e-affe0b348e62,2026-08-05,1.4,98
36ea9859-801b-4b41-8ace-2c29a70692ad,2026-07-30,5.0,95
36ea9859-801b-4b41-8ace-2c29a70692ad,2026-07-31,5.0,95
36ea9859-801b-4b41-8ace-2c29a70692ad,2026-08-01,5.0,95
36ea9859-801b-4b41-8ace-2c29a70692ad,2026-08-02,5.0,95
36ea9859-801b-4b41-8ace-2c29a70692ad,2026-08-03,5.0,95
36ea9859-801b-4b41-8ace-2c29a70692ad,2026-08-04,5.0,95
36ea9859-801b-4b41-8ace-2c29a70692ad,2026-08-05,1.4,98
d708d081-f17d-4eee-ae13-97eb27205772,2026-07-30,5.0,95
d708d081-f17d-4eee-ae13-97eb27205772,2026-07-31,5.0,95
d708d081-f17d-4eee-ae13-97eb27205772,2026-08-01,5.0,95
d708d081-f17d-4eee-ae13-97eb27205772,2026-08-02,5.0,95
d708d081-f17d-4eee-ae13-97eb27205772,2026-08-03,5.0,95
d708d081-f17d-4eee-ae13-97eb27205772,2026-08-04,5.0,95
d708d081-f17d-4eee-ae13-97eb27205772,2026-08-05,1.4,98
fd5943e7-ea7a-4d2f-9ad5-d262ddc5105c,2026-07-30,5.0,95
fd5943e7-ea7a-4d2f-9ad5-d262ddc5105c,2026-07-31,5.0,95
fd5943e7-ea7a-4d2f-9ad5-d262ddc5105c,2026-08-01,5.0,95
fd5943e7-ea7a-4d2f-9ad5-d262ddc5105c,2026-08-02,5.0,95
fd5943e7-ea7a-4d2f-9ad5-d262ddc5105c,2026-08-03,5.0,95
fd5943e7-ea7a-4d2f-9ad5-d262ddc5105c,2026-08-04,5.0,95
fd5943e7-ea7a-4d2f-9ad5-d262ddc5105c,2026-08-05,1.4,98
3741cea4-405d-419e-a492-bb80d6c06a2f,2026-07-30,5.0,95
3741cea4-405d-419e-a492-bb80d6c06a2f,2026-07-31,5.0,95
3741cea4-405d-419e-a492-bb80d6c06a2f,2026-08-01,5.61,94
3741cea4-405d-419e-a492-bb80d6c06a2f,2026-08-02,5.0,95
3741cea4-405d-419e-a492-bb80d6c06a2f,2026-08-03,5.0,95
3741cea4-405d-419e-a492-bb80d6c06a2f,2026-08-04,5.0,95
3741cea4-405d-419e-a492-bb80d6c06a2f,2026-08-05,1.4,98
37707844-0d56-4d6e-8a79-8f8a4c3c7c27,2026-07-30,5.0,95
37707844-0d56-4d6e-8a79-8f8a4c3c7c27,2026-07-31,5.0,95
37707844-0d56-4d6e-8a79-8f8a4c3c7c27,2026-08-01,5.29,94
37707844-0d56-4d6e-8a79-8f8a4c3c7c27,2026-08-02,5.0,95
37707844-0d56-4d6e-8a79-8f8a4c3c7c27,2026-08-03,5.0,95
37707844-0d56-4d6e-8a79-8f8a4c3c7c27,2026-08-04,5.0,95
37707844-0d56-4d6e-8a79-8f8a4c3c7c27,2026-08-05,1.4,98
37f15fd2-09b6-48b8-9a4f-15eb88f9b99d,2026-07-30,5.0,95
37f15fd2-09b6-48b8-9a4f-15eb88f9b99d,2026-07-31,5.0,95
37f15fd2-09b6-48b8-9a4f-15eb88f9b99d,2026-08-01,5.0,95
37f15fd2-09b6-48b8-9a4f-15eb88f9b99d,2026-08-02,5.0,95
37f15fd2-09b6-48b8-9a4f-15eb88f9b99d,2026-08-03,5.0,95
37f15fd2-09b6-48b8-9a4f-15eb88f9b99d,2026-08-04,5.0,95
37f15fd2-09b6-48b8-9a4f-15eb88f9b99d,2026-08-05,1.4,98
3805e210-5826-4110-b466-93a2493389c2,2026-07-30,5.0,95
3805e210-5826-4110-b466-93a2493389c2,2026-07-31,5.0,95
3805e210-5826-4110-b466-93a2493389c2,2026-08-01,5.0,95
3805e210-5826-4110-b466-93a2493389c2,2026-08-02,5.0,95
3805e210-5826-4110-b466-93a2493389c2,2026-08-03,5.0,95
3805e210-5826-4110-b466-93a2493389c2,2026-08-04,5.0,95
3805e210-5826-4110-b466-93a2493389c2,2026-08-05,1.4,98
385c71d5-f3bb-4cca-8497-a12d03175b88,2026-07-30,5.0,95
385c71d5-f3bb-4cca-8497-a12d03175b88,2026-07-31,5.0,95
385c71d5-f3bb-4cca-8497-a12d03175b88,2026-08-01,5.0,95
385c71d5-f3bb-4cca-8497-a12d03175b88,2026-08-02,5.0,95
385c71d5-f3bb-4cca-8497-a12d03175b88,2026-08-03,5.0,95
385c71d5-f3bb-4cca-8497-a12d03175b88,2026-08-04,5.0,95
385c71d5-f3bb-4cca-8497-a12d03175b88,2026-08-05,1.4,98
38889880-b477-4252-a8cf-3020f698c5e1,2026-07-30,5.0,95
38889880-b477-4252-a8cf-3020f698c5e1,2026-07-31,5.0,95
38889880-b477-4252-a8cf-3020f698c5e1,2026-08-01,5.0,95
38889880-b477-4252-a8cf-3020f698c5e1,2026-08-02,5.0,95
38889880-b477-4252-a8cf-3020f698c5e1,2026-08-03,5.0,95
38889880-b477-4252-a8cf-3020f698c5e1,2026-08-04,5.0,95
38889880-b477-4252-a8cf-3020f698c5e1,2026-08-05,1.4,98
388b2bac-4ce2-430b-8564-81bac07b8a01,2026-07-30,5.0,95
388b2bac-4ce2-430b-8564-81bac07b8a01,2026-07-31,5.0,95
388b2bac-4ce2-430b-8564-81bac07b8a01,2026-08-01,5.0,95
388b2bac-4ce2-430b-8564-81bac07b8a01,2026-08-02,5.0,95
388b2bac-4ce2-430b-8564-81bac07b8a01,2026-08-03,5.0,95
388b2bac-4ce2-430b-8564-81bac07b8a01,2026-08-04,5.0,95
388b2bac-4ce2-430b-8564-81bac07b8a01,2026-08-05,1.3,98
397b82f3-d5ee-4654-ae08-7b3e14259558,2026-07-30,5.0,95
397b82f3-d5ee-4654-ae08-7b3e14259558,2026-07-31,6.76,93
397b82f3-d5ee-4654-ae08-7b3e14259558,2026-08-01,5.0,95
397b82f3-d5ee-4654-ae08-7b3e14259558,2026-08-02,5.0,95
397b82f3-d5ee-4654-ae08-7b3e14259558,2026-08-03,5.0,95
397b82f3-d5ee-4654-ae08-7b3e14259558,2026-08-04,5.0,95
397b82f3-d5ee-4654-ae08-7b3e14259558,2026-08-05,1.4,98
fc65781c-2b86-4879-87b0-0834d7fb7481,2026-07-30,5.0,95
fc65781c-2b86-4879-87b0-0834d7fb7481,2026-07-31,5.0,95
fc65781c-2b86-4879-87b0-0834d7fb7481,2026-08-01,5.0,95
fc65781c-2b86-4879-87b0-0834d7fb7481,2026-08-02,5.0,95
fc65781c-2b86-4879-87b0-0834d7fb7481,2026-08-03,5.0,95
fc65781c-2b86-4879-87b0-0834d7fb7481,2026-08-04,5.0,95
fc65781c-2b86-4879-87b0-0834d7fb7481,2026-08-05,2.6,97
fcc97f85-6805-4f63-90e1-ee67dba6596b,2026-07-30,5.0,95
fcc97f85-6805-4f63-90e1-ee67dba6596b,2026-07-31,5.0,95
fcc97f85-6805-4f63-90e1-ee67dba6596b,2026-08-01,5.0,95
fcc97f85-6805-4f63-90e1-ee67dba6596b,2026-08-02,5.0,95
fcc97f85-6805-4f63-90e1-ee67dba6596b,2026-08-03,5.0,95
fcc97f85-6805-4f63-90e1-ee67dba6596b,2026-08-04,5.0,95
fcc97f85-6805-4f63-90e1-ee67dba6596b,2026-08-05,2.7,97
feb55969-be79-4e00-94a0-2f03aa4b3342,2026-07-30,5.0,95
feb55969-be79-4e00-94a0-2f03aa4b3342,2026-07-31,5.0,95
feb55969-be79-4e00-94a0-2f03aa4b3342,2026-08-01,5.0,95
feb55969-be79-4e00-94a0-2f03aa4b3342,2026-08-02,5.0,95
feb55969-be79-4e00-94a0-2f03aa4b3342,2026-08-03,5.0,95
feb55969-be79-4e00-94a0-2f03aa4b3342,2026-08-04,5.0,95
feb55969-be79-4e00-94a0-2f03aa4b3342,2026-08-05,2.7,97
c2734b55-9056-44bf-946f-2bec8ba07b66,2026-07-30,5.0,95
c2734b55-9056-44bf-946f-2bec8ba07b66,2026-07-31,5.0,95
c2734b55-9056-44bf-946f-2bec8ba07b66,2026-08-01,5.0,95
c2734b55-9056-44bf-946f-2bec8ba07b66,2026-08-02,5.0,95
c2734b55-9056-44bf-946f-2bec8ba07b66,2026-08-03,5.0,95
c2734b55-9056-44bf-946f-2bec8ba07b66,2026-08-04,5.22,94
c2734b55-9056-44bf-946f-2bec8ba07b66,2026-08-05,2.6,97
88a8046e-1191-4a39-ba47-062d1bb51eba,2026-07-30,5.0,95
88a8046e-1191-4a39-ba47-062d1bb51eba,2026-07-31,5.0,95
88a8046e-1191-4a39-ba47-062d1bb51eba,2026-08-01,5.0,95
88a8046e-1191-4a39-ba47-062d1bb51eba,2026-08-02,5.0,95
88a8046e-1191-4a39-ba47-062d1bb51eba,2026-08-03,5.0,95
88a8046e-1191-4a39-ba47-062d1bb51eba,2026-08-04,5.0,95
88a8046e-1191-4a39-ba47-062d1bb51eba,2026-08-05,1.3,98
8a400de0-92c1-4261-9da3-089a7de3e138,2026-07-30,5.96,94
8a400de0-92c1-4261-9da3-089a7de3e138,2026-07-31,5.0,95
8a400de0-92c1-4261-9da3-089a7de3e138,2026-08-01,5.0,95
8a400de0-92c1-4261-9da3-089a7de3e138,2026-08-02,5.0,95
8a400de0-92c1-4261-9da3-089a7de3e138,2026-08-03,5.0,95
8a400de0-92c1-4261-9da3-089a7de3e138,2026-08-04,5.0,95
8a400de0-92c1-4261-9da3-089a7de3e138,2026-08-05,1.4,98
c3e7c8bc-8904-44a8-ad5d-c19a5f27b970,2026-07-30,5.0,95
c3e7c8bc-8904-44a8-ad5d-c19a5f27b970,2026-07-31,5.0,95
c3e7c8bc-8904-44a8-ad5d-c19a5f27b970,2026-08-01,5.0,95
c3e7c8bc-8904-44a8-ad5d-c19a5f27b970,2026-08-02,6.77,93
c3e7c8bc-8904-44a8-ad5d-c19a5f27b970,2026-08-03,5.0,95
c3e7c8bc-8904-44a8-ad5d-c19a5f27b970,2026-08-04,5.0,95
c3e7c8bc-8904-44a8-ad5d-c19a5f27b970,2026-08-05,2.6,97
d15d0a93-d81a-43b7-af89-41be03b1717f,2026-07-30,5.0,95
d15d0a93-d81a-43b7-af89-41be03b1717f,2026-07-31,5.0,95
d15d0a93-d81a-43b7-af89-41be03b1717f,2026-08-01,5.0,95
d15d0a93-d81a-43b7-af89-41be03b1717f,2026-08-02,5.0,95
d15d0a93-d81a-43b7-af89-41be03b1717f,2026-08-03,5.0,95
d15d0a93-d81a-43b7-af89-41be03b1717f,2026-08-04,5.0,95
d15d0a93-d81a-43b7-af89-41be03b1717f,2026-08-05,2.5,97
d2606ef8-b640-4b26-8580-6d4ab7ddb810,2026-07-30,5.0,95
d2606ef8-b640-4b26-8580-6d4ab7ddb810,2026-07-31,5.0,95
d2606ef8-b640-4b26-8580-6d4ab7ddb810,2026-08-01,5.0,95
d2606ef8-b640-4b26-8580-6d4ab7ddb810,2026-08-02,5.0,95
d2606ef8-b640-4b26-8580-6d4ab7ddb810,2026-08-03,5.0,95
d2606ef8-b640-4b26-8580-6d4ab7ddb810,2026-08-04,6.31,93
d2606ef8-b640-4b26-8580-6d4ab7ddb810,2026-08-05,2.6,97
39f72930-ef0c-41df-8c50-6d10450d800b,2026-07-30,5.0,95
39f72930-ef0c-41df-8c50-6d10450d800b,2026-07-31,5.0,95
39f72930-ef0c-41df-8c50-6d10450d800b,2026-08-01,5.0,95
39f72930-ef0c-41df-8c50-6d10450d800b,2026-08-02,5.0,95
39f72930-ef0c-41df-8c50-6d10450d800b,2026-08-03,5.0,95
39f72930-ef0c-41df-8c50-6d10450d800b,2026-08-04,5.0,95
39f72930-ef0c-41df-8c50-6d10450d800b,2026-08-05,1.4,98
3a162a16-e282-4f5c-8d09-9da76c627f19,2026-07-30,5.0,95
3a162a16-e282-4f5c-8d09-9da76c627f19,2026-07-31,5.0,95
3a162a16-e282-4f5c-8d09-9da76c627f19,2026-08-01,5.0,95
3a162a16-e282-4f5c-8d09-9da76c627f19,2026-08-02,5.0,95
3a162a16-e282-4f5c-8d09-9da76c627f19,2026-08-03,5.0,95
3a162a16-e282-4f5c-8d09-9da76c627f19,2026-08-04,5.0,95
3a162a16-e282-4f5c-8d09-9da76c627f19,2026-08-05,1.4,98
3dff5d67-ae21-474a-a63f-ea71c08b1164,2026-07-30,5.0,95
3dff5d67-ae21-474a-a63f-ea71c08b1164,2026-07-31,5.0,95
3dff5d67-ae21-474a-a63f-ea71c08b1164,2026-08-01,5.0,95
3dff5d67-ae21-474a-a63f-ea71c08b1164,2026-08-02,5.0,95
3dff5d67-ae21-474a-a63f-ea71c08b1164,2026-08-03,5.0,95
3dff5d67-ae21-474a-a63f-ea71c08b1164,2026-08-04,5.0,95
3dff5d67-ae21-474a-a63f-ea71c08b1164,2026-08-05,1.4,98
3e1606b9-bbce-438a-8312-ea5648b35a6a,2026-07-30,5.0,95
3e1606b9-bbce-438a-8312-ea5648b35a6a,2026-07-31,5.0,95
3e1606b9-bbce-438a-8312-ea5648b35a6a,2026-08-01,5.0,95
3e1606b9-bbce-438a-8312-ea5648b35a6a,2026-08-02,5.0,95
3e1606b9-bbce-438a-8312-ea5648b35a6a,2026-08-03,5.0,95
3e1606b9-bbce-438a-8312-ea5648b35a6a,2026-08-04,5.0,95
3e1606b9-bbce-438a-8312-ea5648b35a6a,2026-08-05,1.4,98
46428df0-be29-49d8-a098-026a6f429eb6,2026-07-30,5.0,95
46428df0-be29-49d8-a098-026a6f429eb6,2026-07-31,5.0,95
46428df0-be29-49d8-a098-026a6f429eb6,2026-08-01,5.0,95
46428df0-be29-49d8-a098-026a6f429eb6,2026-08-02,5.0,95
46428df0-be29-49d8-a098-026a6f429eb6,2026-08-03,5.0,95
46428df0-be29-49d8-a098-026a6f429eb6,2026-08-04,5.0,95
46428df0-be29-49d8-a098-026a6f429eb6,2026-08-05,1.4,98
467e2021-2efc-4f7b-ac1c-bfbe00afe96a,2026-07-30,5.0,95
467e2021-2efc-4f7b-ac1c-bfbe00afe96a,2026-07-31,5.0,95
467e2021-2efc-4f7b-ac1c-bfbe00afe96a,2026-08-01,5.0,95
467e2021-2efc-4f7b-ac1c-bfbe00afe96a,2026-08-02,5.0,95
467e2021-2efc-4f7b-ac1c-bfbe00afe96a,2026-08-03,5.0,95
467e2021-2efc-4f7b-ac1c-bfbe00afe96a,2026-08-04,5.0,95
467e2021-2efc-4f7b-ac1c-bfbe00afe96a,2026-08-05,1.5,98
46a9b18b-ea1b-48bf-b44b-ca84e3a5ba6d,2026-07-30,5.0,95
46a9b18b-ea1b-48bf-b44b-ca84e3a5ba6d,2026-07-31,5.0,95
46a9b18b-ea1b-48bf-b44b-ca84e3a5ba6d,2026-08-01,5.0,95
46a9b18b-ea1b-48bf-b44b-ca84e3a5ba6d,2026-08-02,5.0,95
46a9b18b-ea1b-48bf-b44b-ca84e3a5ba6d,2026-08-03,5.0,95
46a9b18b-ea1b-48bf-b44b-ca84e3a5ba6d,2026-08-04,5.0,95
46a9b18b-ea1b-48bf-b44b-ca84e3a5ba6d,2026-08-05,1.4,98
472ec22f-d05a-4858-8462-87790c15a31b,2026-07-30,5.0,95
472ec22f-d05a-4858-8462-87790c15a31b,2026-07-31,5.0,95
472ec22f-d05a-4858-8462-87790c15a31b,2026-08-01,5.0,95
472ec22f-d05a-4858-8462-87790c15a31b,2026-08-02,5.0,95
472ec22f-d05a-4858-8462-87790c15a31b,2026-08-03,5.0,95
472ec22f-d05a-4858-8462-87790c15a31b,2026-08-04,5.0,95
472ec22f-d05a-4858-8462-87790c15a31b,2026-08-05,1.4,98
4742f162-5e67-4be3-91e5-eabbcc17163a,2026-07-30,5.0,95
4742f162-5e67-4be3-91e5-eabbcc17163a,2026-07-31,5.0,95
4742f162-5e67-4be3-91e5-eabbcc17163a,2026-08-01,5.0,95
4742f162-5e67-4be3-91e5-eabbcc17163a,2026-08-02,5.0,95
4742f162-5e67-4be3-91e5-eabbcc17163a,2026-08-03,5.0,95
4742f162-5e67-4be3-91e5-eabbcc17163a,2026-08-04,5.0,95
4742f162-5e67-4be3-91e5-eabbcc17163a,2026-08-05,1.4,98
47615f90-9b19-4e2d-a071-3e1bbbb84c12,2026-07-30,5.0,95
47615f90-9b19-4e2d-a071-3e1bbbb84c12,2026-07-31,5.0,95
47615f90-9b19-4e2d-a071-3e1bbbb84c12,2026-08-01,5.0,95
47615f90-9b19-4e2d-a071-3e1bbbb84c12,2026-08-02,5.0,95
47615f90-9b19-4e2d-a071-3e1bbbb84c12,2026-08-03,5.0,95
47615f90-9b19-4e2d-a071-3e1bbbb84c12,2026-08-04,5.0,95
47615f90-9b19-4e2d-a071-3e1bbbb84c12,2026-08-05,1.3,98
477cdefe-e513-454b-8311-b71fb25fbf4a,2026-07-30,5.0,95
477cdefe-e513-454b-8311-b71fb25fbf4a,2026-07-31,5.0,95
477cdefe-e513-454b-8311-b71fb25fbf4a,2026-08-01,5.0,95
477cdefe-e513-454b-8311-b71fb25fbf4a,2026-08-02,5.0,95
477cdefe-e513-454b-8311-b71fb25fbf4a,2026-08-03,5.0,95
477cdefe-e513-454b-8311-b71fb25fbf4a,2026-08-04,5.0,95
477cdefe-e513-454b-8311-b71fb25fbf4a,2026-08-05,1.4,98
47dc53de-c3c0-45a3-9d60-228b31d15c5b,2026-07-30,5.0,95
47dc53de-c3c0-45a3-9d60-228b31d15c5b,2026-07-31,5.0,95
47dc53de-c3c0-45a3-9d60-228b31d15c5b,2026-08-01,5.0,95
47dc53de-c3c0-45a3-9d60-228b31d15c5b,2026-08-02,5.0,95
47dc53de-c3c0-45a3-9d60-228b31d15c5b,2026-08-03,5.0,95
47dc53de-c3c0-45a3-9d60-228b31d15c5b,2026-08-04,5.0,95
47dc53de-c3c0-45a3-9d60-228b31d15c5b,2026-08-05,1.4,98
48604f8d-dfc4-41a5-b592-7b2b9ebe14ef,2026-07-30,5.18,94
48604f8d-dfc4-41a5-b592-7b2b9ebe14ef,2026-07-31,5.0,95
48604f8d-dfc4-41a5-b592-7b2b9ebe14ef,2026-08-01,5.0,95
48604f8d-dfc4-41a5-b592-7b2b9ebe14ef,2026-08-02,5.0,95
48604f8d-dfc4-41a5-b592-7b2b9ebe14ef,2026-08-03,5.0,95
48604f8d-dfc4-41a5-b592-7b2b9ebe14ef,2026-08-04,5.38,94
48604f8d-dfc4-41a5-b592-7b2b9ebe14ef,2026-08-05,1.4,98
48d316fd-7144-4715-a649-f43ddb182708,2026-07-30,5.0,95
48d316fd-7144-4715-a649-f43ddb182708,2026-07-31,5.99,94
48d316fd-7144-4715-a649-f43ddb182708,2026-08-01,5.0,95
48d316fd-7144-4715-a649-f43ddb182708,2026-08-02,5.0,95
48d316fd-7144-4715-a649-f43ddb182708,2026-08-03,5.0,95
48d316fd-7144-4715-a649-f43ddb182708,2026-08-04,5.0,95
48d316fd-7144-4715-a649-f43ddb182708,2026-08-05,1.4,98
8af8feb0-4188-4675-9fdd-c596043e83a1,2026-07-30,5.0,95
8af8feb0-4188-4675-9fdd-c596043e83a1,2026-07-31,5.0,95
8af8feb0-4188-4675-9fdd-c596043e83a1,2026-08-01,5.0,95
8af8feb0-4188-4675-9fdd-c596043e83a1,2026-08-02,5.53,94
8af8feb0-4188-4675-9fdd-c596043e83a1,2026-08-03,5.0,95
8af8feb0-4188-4675-9fdd-c596043e83a1,2026-08-04,5.0,95
8af8feb0-4188-4675-9fdd-c596043e83a1,2026-08-05,1.4,98
8bbe1721-62fb-46e4-8ace-02f147ce0e6e,2026-07-30,5.0,95
8bbe1721-62fb-46e4-8ace-02f147ce0e6e,2026-07-31,5.0,95
8bbe1721-62fb-46e4-8ace-02f147ce0e6e,2026-08-01,5.0,95
8bbe1721-62fb-46e4-8ace-02f147ce0e6e,2026-08-02,5.0,95
8bbe1721-62fb-46e4-8ace-02f147ce0e6e,2026-08-03,5.0,95
8bbe1721-62fb-46e4-8ace-02f147ce0e6e,2026-08-04,5.0,95
8bbe1721-62fb-46e4-8ace-02f147ce0e6e,2026-08-05,1.4,98
48e045e2-54a5-413f-bcf2-e22f6ff2c4f6,2026-07-30,5.0,95
48e045e2-54a5-413f-bcf2-e22f6ff2c4f6,2026-07-31,5.0,95
48e045e2-54a5-413f-bcf2-e22f6ff2c4f6,2026-08-01,5.0,95
48e045e2-54a5-413f-bcf2-e22f6ff2c4f6,2026-08-02,5.0,95
48e045e2-54a5-413f-bcf2-e22f6ff2c4f6,2026-08-03,5.0,95
48e045e2-54a5-413f-bcf2-e22f6ff2c4f6,2026-08-04,5.0,95
48e045e2-54a5-413f-bcf2-e22f6ff2c4f6,2026-08-05,1.4,98
4d365b16-4c4c-4f9e-bce4-e84393a76f00,2026-07-30,5.0,95
4d365b16-4c4c-4f9e-bce4-e84393a76f00,2026-07-31,5.0,95
4d365b16-4c4c-4f9e-bce4-e84393a76f00,2026-08-01,5.0,95
4d365b16-4c4c-4f9e-bce4-e84393a76f00,2026-08-02,5.0,95
4d365b16-4c4c-4f9e-bce4-e84393a76f00,2026-08-03,5.0,95
4d365b16-4c4c-4f9e-bce4-e84393a76f00,2026-08-04,5.0,95
4d365b16-4c4c-4f9e-bce4-e84393a76f00,2026-08-05,1.4,98
4e481508-acae-48b2-ae87-83a3e0046e42,2026-07-30,5.0,95
4e481508-acae-48b2-ae87-83a3e0046e42,2026-07-31,5.0,95
4e481508-acae-48b2-ae87-83a3e0046e42,2026-08-01,5.0,95
4e481508-acae-48b2-ae87-83a3e0046e42,2026-08-02,5.0,95
4e481508-acae-48b2-ae87-83a3e0046e42,2026-08-03,5.0,95
4e481508-acae-48b2-ae87-83a3e0046e42,2026-08-04,5.0,95
4e481508-acae-48b2-ae87-83a3e0046e42,2026-08-05,1.4,98
535bd13f-191a-4185-b4e4-f8d1666d6a97,2026-07-30,5.0,95
535bd13f-191a-4185-b4e4-f8d1666d6a97,2026-07-31,5.0,95
535bd13f-191a-4185-b4e4-f8d1666d6a97,2026-08-01,5.0,95
535bd13f-191a-4185-b4e4-f8d1666d6a97,2026-08-02,5.0,95
535bd13f-191a-4185-b4e4-f8d1666d6a97,2026-08-03,5.0,95
535bd13f-191a-4185-b4e4-f8d1666d6a97,2026-08-04,5.0,95
535bd13f-191a-4185-b4e4-f8d1666d6a97,2026-08-05,1.4,98
d2633d96-ecf2-49b8-a37f-4d47761eb867,2026-07-30,5.0,95
d2633d96-ecf2-49b8-a37f-4d47761eb867,2026-07-31,5.0,95
d2633d96-ecf2-49b8-a37f-4d47761eb867,2026-08-01,5.0,95
d2633d96-ecf2-49b8-a37f-4d47761eb867,2026-08-02,5.0,95
d2633d96-ecf2-49b8-a37f-4d47761eb867,2026-08-03,5.0,95
d2633d96-ecf2-49b8-a37f-4d47761eb867,2026-08-04,6.39,93
d2633d96-ecf2-49b8-a37f-4d47761eb867,2026-08-05,2.7,97
d60252c8-18e1-4625-849c-3dfbbb7c58f3,2026-07-30,5.0,95
d60252c8-18e1-4625-849c-3dfbbb7c58f3,2026-07-31,5.0,95
d60252c8-18e1-4625-849c-3dfbbb7c58f3,2026-08-01,5.0,95
d60252c8-18e1-4625-849c-3dfbbb7c58f3,2026-08-02,5.0,95
d60252c8-18e1-4625-849c-3dfbbb7c58f3,2026-08-03,5.0,95
d60252c8-18e1-4625-849c-3dfbbb7c58f3,2026-08-04,5.0,95
d60252c8-18e1-4625-849c-3dfbbb7c58f3,2026-08-05,2.7,97
e2343920-4526-494b-b7a4-42c00f53a1e4,2026-07-30,5.0,95
e2343920-4526-494b-b7a4-42c00f53a1e4,2026-07-31,5.0,95
e2343920-4526-494b-b7a4-42c00f53a1e4,2026-08-01,5.0,95
e2343920-4526-494b-b7a4-42c00f53a1e4,2026-08-02,5.0,95
e2343920-4526-494b-b7a4-42c00f53a1e4,2026-08-03,5.0,95
e2343920-4526-494b-b7a4-42c00f53a1e4,2026-08-04,5.0,95
e2343920-4526-494b-b7a4-42c00f53a1e4,2026-08-05,2.6,97
e2ef05d2-90e0-4f1d-9f99-982c6c1a2d7f,2026-07-30,5.0,95
e2ef05d2-90e0-4f1d-9f99-982c6c1a2d7f,2026-07-31,5.0,95
e2ef05d2-90e0-4f1d-9f99-982c6c1a2d7f,2026-08-01,5.0,95
e2ef05d2-90e0-4f1d-9f99-982c6c1a2d7f,2026-08-02,5.0,95
e2ef05d2-90e0-4f1d-9f99-982c6c1a2d7f,2026-08-03,7.33,92
e2ef05d2-90e0-4f1d-9f99-982c6c1a2d7f,2026-08-04,5.0,95
e2ef05d2-90e0-4f1d-9f99-982c6c1a2d7f,2026-08-05,2.6,97
53fb1aa8-a364-4e14-aaa6-90d60857bbe2,2026-07-30,5.0,95
53fb1aa8-a364-4e14-aaa6-90d60857bbe2,2026-07-31,6.31,93
53fb1aa8-a364-4e14-aaa6-90d60857bbe2,2026-08-01,5.0,95
53fb1aa8-a364-4e14-aaa6-90d60857bbe2,2026-08-02,6.28,93
53fb1aa8-a364-4e14-aaa6-90d60857bbe2,2026-08-03,5.0,95
53fb1aa8-a364-4e14-aaa6-90d60857bbe2,2026-08-04,5.0,95
53fb1aa8-a364-4e14-aaa6-90d60857bbe2,2026-08-05,1.3,98
5486b8f4-6852-40a4-a28d-5d1cedfb6d86,2026-07-30,5.0,95
5486b8f4-6852-40a4-a28d-5d1cedfb6d86,2026-07-31,5.0,95
5486b8f4-6852-40a4-a28d-5d1cedfb6d86,2026-08-01,5.0,95
5486b8f4-6852-40a4-a28d-5d1cedfb6d86,2026-08-02,5.0,95
5486b8f4-6852-40a4-a28d-5d1cedfb6d86,2026-08-03,5.0,95
5486b8f4-6852-40a4-a28d-5d1cedfb6d86,2026-08-04,5.0,95
5486b8f4-6852-40a4-a28d-5d1cedfb6d86,2026-08-05,1.4,98
e3b0139e-c77d-4d7c-b6d4-cdb69660572b,2026-07-30,5.0,95
e3b0139e-c77d-4d7c-b6d4-cdb69660572b,2026-07-31,8.21,91
e3b0139e-c77d-4d7c-b6d4-cdb69660572b,2026-08-01,5.0,95
e3b0139e-c77d-4d7c-b6d4-cdb69660572b,2026-08-02,5.29,94
e3b0139e-c77d-4d7c-b6d4-cdb69660572b,2026-08-03,5.0,95
e3b0139e-c77d-4d7c-b6d4-cdb69660572b,2026-08-04,5.0,95
e3b0139e-c77d-4d7c-b6d4-cdb69660572b,2026-08-05,2.6,97
55cda8d0-cf0e-47d7-997b-63e088247b33,2026-07-30,5.0,95
55cda8d0-cf0e-47d7-997b-63e088247b33,2026-07-31,5.0,95
55cda8d0-cf0e-47d7-997b-63e088247b33,2026-08-01,5.0,95
55cda8d0-cf0e-47d7-997b-63e088247b33,2026-08-02,5.0,95
55cda8d0-cf0e-47d7-997b-63e088247b33,2026-08-03,5.0,95
55cda8d0-cf0e-47d7-997b-63e088247b33,2026-08-04,5.0,95
55cda8d0-cf0e-47d7-997b-63e088247b33,2026-08-05,1.4,98
573fa856-6ca0-4349-b3a3-a7e4c5e8af80,2026-07-30,5.0,95
573fa856-6ca0-4349-b3a3-a7e4c5e8af80,2026-07-31,5.0,95
573fa856-6ca0-4349-b3a3-a7e4c5e8af80,2026-08-01,5.0,95
573fa856-6ca0-4349-b3a3-a7e4c5e8af80,2026-08-02,6.76,93
573fa856-6ca0-4349-b3a3-a7e4c5e8af80,2026-08-03,5.59,94
573fa856-6ca0-4349-b3a3-a7e4c5e8af80,2026-08-04,5.0,95
573fa856-6ca0-4349-b3a3-a7e4c5e8af80,2026-08-05,3.4,96
5763c8f3-9ddf-4542-b7c8-272362db2652,2026-07-30,5.0,95
5763c8f3-9ddf-4542-b7c8-272362db2652,2026-07-31,5.0,95
5763c8f3-9ddf-4542-b7c8-272362db2652,2026-08-01,5.0,95
5763c8f3-9ddf-4542-b7c8-272362db2652,2026-08-02,5.0,95
5763c8f3-9ddf-4542-b7c8-272362db2652,2026-08-03,5.0,95
5763c8f3-9ddf-4542-b7c8-272362db2652,2026-08-04,5.0,95
5763c8f3-9ddf-4542-b7c8-272362db2652,2026-08-05,1.4,98
582efbf2-2647-47b1-8214-42452c9002fa,2026-07-30,5.0,95
582efbf2-2647-47b1-8214-42452c9002fa,2026-07-31,5.0,95
582efbf2-2647-47b1-8214-42452c9002fa,2026-08-01,5.0,95
582efbf2-2647-47b1-8214-42452c9002fa,2026-08-02,5.0,95
582efbf2-2647-47b1-8214-42452c9002fa,2026-08-03,5.0,95
582efbf2-2647-47b1-8214-42452c9002fa,2026-08-04,5.0,95
582efbf2-2647-47b1-8214-42452c9002fa,2026-08-05,1.4,98
58fdab2f-f501-461b-8b81-eb1bc33344b2,2026-07-30,5.0,95
58fdab2f-f501-461b-8b81-eb1bc33344b2,2026-07-31,5.0,95
58fdab2f-f501-461b-8b81-eb1bc33344b2,2026-08-01,5.0,95
58fdab2f-f501-461b-8b81-eb1bc33344b2,2026-08-02,5.0,95
58fdab2f-f501-461b-8b81-eb1bc33344b2,2026-08-03,5.0,95
58fdab2f-f501-461b-8b81-eb1bc33344b2,2026-08-04,5.0,95
58fdab2f-f501-461b-8b81-eb1bc33344b2,2026-08-05,1.4,98
590dc132-589e-4642-a623-c5c7882f4bce,2026-07-30,5.0,95
590dc132-589e-4642-a623-c5c7882f4bce,2026-07-31,5.0,95
590dc132-589e-4642-a623-c5c7882f4bce,2026-08-01,5.0,95
590dc132-589e-4642-a623-c5c7882f4bce,2026-08-02,5.0,95
590dc132-589e-4642-a623-c5c7882f4bce,2026-08-03,5.0,95
590dc132-589e-4642-a623-c5c7882f4bce,2026-08-04,5.0,95
590dc132-589e-4642-a623-c5c7882f4bce,2026-08-05,1.4,98
8158a76d-0eac-4700-99b5-bc03ead292ac,2026-07-30,90.67,9
8158a76d-0eac-4700-99b5-bc03ead292ac,2026-07-31,96.44,3
8158a76d-0eac-4700-99b5-bc03ead292ac,2026-08-01,89.68,10
8158a76d-0eac-4700-99b5-bc03ead292ac,2026-08-02,92.44,7
8158a76d-0eac-4700-99b5-bc03ead292ac,2026-08-03,94.63,5
8158a76d-0eac-4700-99b5-bc03ead292ac,2026-08-04,97.89,2
8158a76d-0eac-4700-99b5-bc03ead292ac,2026-08-05,95.9,4
8173ffeb-1305-4643-b158-c812e26b4185,2026-07-30,5.0,95
8173ffeb-1305-4643-b158-c812e26b4185,2026-07-31,5.0,95
8173ffeb-1305-4643-b158-c812e26b4185,2026-08-01,5.0,95
8173ffeb-1305-4643-b158-c812e26b4185,2026-08-02,5.66,94
8173ffeb-1305-4643-b158-c812e26b4185,2026-08-03,5.0,95
8173ffeb-1305-4643-b158-c812e26b4185,2026-08-04,5.0,95
8173ffeb-1305-4643-b158-c812e26b4185,2026-08-05,4.2,95
81fde7cc-b3f1-43aa-adfd-a714baa61e96,2026-07-30,5.0,95
81fde7cc-b3f1-43aa-adfd-a714baa61e96,2026-07-31,5.0,95
81fde7cc-b3f1-43aa-adfd-a714baa61e96,2026-08-01,5.0,95
81fde7cc-b3f1-43aa-adfd-a714baa61e96,2026-08-02,5.0,95
81fde7cc-b3f1-43aa-adfd-a714baa61e96,2026-08-03,5.0,95
81fde7cc-b3f1-43aa-adfd-a714baa61e96,2026-08-04,5.0,95
81fde7cc-b3f1-43aa-adfd-a714baa61e96,2026-08-05,1.4,98
8298a47c-26bf-4ecd-9a61-d08323bd1e70,2026-07-30,5.0,95
8298a47c-26bf-4ecd-9a61-d08323bd1e70,2026-07-31,5.0,95
8298a47c-26bf-4ecd-9a61-d08323bd1e70,2026-08-01,5.0,95
8298a47c-26bf-4ecd-9a61-d08323bd1e70,2026-08-02,5.0,95
8298a47c-26bf-4ecd-9a61-d08323bd1e70,2026-08-03,5.0,95
8298a47c-26bf-4ecd-9a61-d08323bd1e70,2026-08-04,5.0,95
8298a47c-26bf-4ecd-9a61-d08323bd1e70,2026-08-05,4.7,95
829bfb4b-94b7-4b55-b8b7-fe944ab11454,2026-07-30,5.0,95
829bfb4b-94b7-4b55-b8b7-fe944ab11454,2026-07-31,5.0,95
829bfb4b-94b7-4b55-b8b7-fe944ab11454,2026-08-01,5.0,95
829bfb4b-94b7-4b55-b8b7-fe944ab11454,2026-08-02,5.0,95
829bfb4b-94b7-4b55-b8b7-fe944ab11454,2026-08-03,5.0,95
829bfb4b-94b7-4b55-b8b7-fe944ab11454,2026-08-04,5.0,95
829bfb4b-94b7-4b55-b8b7-fe944ab11454,2026-08-05,1.4,98
83995f73-f0d6-4c55-a70b-8e552bd95bab,2026-07-30,5.0,95
83995f73-f0d6-4c55-a70b-8e552bd95bab,2026-07-31,5.0,95
83995f73-f0d6-4c55-a70b-8e552bd95bab,2026-08-01,5.0,95
83995f73-f0d6-4c55-a70b-8e552bd95bab,2026-08-02,5.0,95
83995f73-f0d6-4c55-a70b-8e552bd95bab,2026-08-03,5.0,95
83995f73-f0d6-4c55-a70b-8e552bd95bab,2026-08-04,5.0,95
83995f73-f0d6-4c55-a70b-8e552bd95bab,2026-08-05,4.2,95
84462541-cbd7-450c-928a-764b18c0f021,2026-07-30,5.0,95
84462541-cbd7-450c-928a-764b18c0f021,2026-07-31,5.0,95
84462541-cbd7-450c-928a-764b18c0f021,2026-08-01,5.0,95
84462541-cbd7-450c-928a-764b18c0f021,2026-08-02,5.0,95
84462541-cbd7-450c-928a-764b18c0f021,2026-08-03,5.0,95
84462541-cbd7-450c-928a-764b18c0f021,2026-08-04,5.0,95
84462541-cbd7-450c-928a-764b18c0f021,2026-08-05,1.4,98
84606145-a91f-4696-bc6a-d0dd0b5fa4b2,2026-07-30,5.0,95
84606145-a91f-4696-bc6a-d0dd0b5fa4b2,2026-07-31,5.0,95
84606145-a91f-4696-bc6a-d0dd0b5fa4b2,2026-08-01,5.0,95
84606145-a91f-4696-bc6a-d0dd0b5fa4b2,2026-08-02,5.0,95
84606145-a91f-4696-bc6a-d0dd0b5fa4b2,2026-08-03,5.87,94
84606145-a91f-4696-bc6a-d0dd0b5fa4b2,2026-08-04,5.0,95
84606145-a91f-4696-bc6a-d0dd0b5fa4b2,2026-08-05,1.4,98
84e03b7a-89ed-470d-85fe-a9cc06670827,2026-07-30,5.0,95
84e03b7a-89ed-470d-85fe-a9cc06670827,2026-07-31,5.0,95
84e03b7a-89ed-470d-85fe-a9cc06670827,2026-08-01,5.0,95
84e03b7a-89ed-470d-85fe-a9cc06670827,2026-08-02,5.0,95
84e03b7a-89ed-470d-85fe-a9cc06670827,2026-08-03,5.0,95
84e03b7a-89ed-470d-85fe-a9cc06670827,2026-08-04,5.0,95
84e03b7a-89ed-470d-85fe-a9cc06670827,2026-08-05,1.4,98
863bf531-4af1-4721-abf3-a1a702035e11,2026-07-30,5.63,94
863bf531-4af1-4721-abf3-a1a702035e11,2026-07-31,5.0,95
863bf531-4af1-4721-abf3-a1a702035e11,2026-08-01,5.0,95
863bf531-4af1-4721-abf3-a1a702035e11,2026-08-02,5.0,95
863bf531-4af1-4721-abf3-a1a702035e11,2026-08-03,5.0,95
863bf531-4af1-4721-abf3-a1a702035e11,2026-08-04,5.0,95
863bf531-4af1-4721-abf3-a1a702035e11,2026-08-05,1.4,98
8680c483-8d2e-447f-b621-c251641739e1,2026-07-30,83.64,16
8680c483-8d2e-447f-b621-c251641739e1,2026-07-31,87.38,12
8680c483-8d2e-447f-b621-c251641739e1,2026-08-01,98.0,2
8680c483-8d2e-447f-b621-c251641739e1,2026-08-02,93.58,6
8680c483-8d2e-447f-b621-c251641739e1,2026-08-03,88.22,11
8680c483-8d2e-447f-b621-c251641739e1,2026-08-04,90.15,9
8680c483-8d2e-447f-b621-c251641739e1,2026-08-05,94.4,5
87c659f4-6faa-4c93-9b0d-203ab4f490f2,2026-07-30,5.59,94
87c659f4-6faa-4c93-9b0d-203ab4f490f2,2026-07-31,5.0,95
87c659f4-6faa-4c93-9b0d-203ab4f490f2,2026-08-01,5.0,95
87c659f4-6faa-4c93-9b0d-203ab4f490f2,2026-08-02,5.0,95
87c659f4-6faa-4c93-9b0d-203ab4f490f2,2026-08-03,5.0,95
87c659f4-6faa-4c93-9b0d-203ab4f490f2,2026-08-04,5.0,95
87c659f4-6faa-4c93-9b0d-203ab4f490f2,2026-08-05,1.4,98
8b12c842-8c67-4790-831c-778357793289,2026-07-30,5.0,95
8b12c842-8c67-4790-831c-778357793289,2026-07-31,5.03,94
8b12c842-8c67-4790-831c-778357793289,2026-08-01,5.0,95
8b12c842-8c67-4790-831c-778357793289,2026-08-02,5.0,95
8b12c842-8c67-4790-831c-778357793289,2026-08-03,5.0,95
8b12c842-8c67-4790-831c-778357793289,2026-08-04,5.0,95
8b12c842-8c67-4790-831c-778357793289,2026-08-05,1.4,98
8ca828ec-f609-4e32-9ebd-92cf3d9d2447,2026-07-30,5.0,95
8ca828ec-f609-4e32-9ebd-92cf3d9d2447,2026-07-31,5.61,94
8ca828ec-f609-4e32-9ebd-92cf3d9d2447,2026-08-01,5.0,95
8ca828ec-f609-4e32-9ebd-92cf3d9d2447,2026-08-02,5.0,95
8ca828ec-f609-4e32-9ebd-92cf3d9d2447,2026-08-03,5.0,95
8ca828ec-f609-4e32-9ebd-92cf3d9d2447,2026-08-04,5.0,95
8ca828ec-f609-4e32-9ebd-92cf3d9d2447,2026-08-05,3.0,97
8ee567f8-663b-4afa-bbd3-dc32ea16dc3d,2026-07-30,5.0,95
8ee567f8-663b-4afa-bbd3-dc32ea16dc3d,2026-07-31,5.0,95
8ee567f8-663b-4afa-bbd3-dc32ea16dc3d,2026-08-01,5.0,95
8ee567f8-663b-4afa-bbd3-dc32ea16dc3d,2026-08-02,5.0,95
8ee567f8-663b-4afa-bbd3-dc32ea16dc3d,2026-08-03,5.0,95
8ee567f8-663b-4afa-bbd3-dc32ea16dc3d,2026-08-04,5.0,95
8ee567f8-663b-4afa-bbd3-dc32ea16dc3d,2026-08-05,1.4,98
8f526d09-20a7-4ace-a344-18f7b5781415,2026-07-30,5.0,95
8f526d09-20a7-4ace-a344-18f7b5781415,2026-07-31,5.0,95
8f526d09-20a7-4ace-a344-18f7b5781415,2026-08-01,5.0,95
8f526d09-20a7-4ace-a344-18f7b5781415,2026-08-02,5.67,94
8f526d09-20a7-4ace-a344-18f7b5781415,2026-08-03,5.0,95
8f526d09-20a7-4ace-a344-18f7b5781415,2026-08-04,5.0,95
8f526d09-20a7-4ace-a344-18f7b5781415,2026-08-05,2.2,97
8fc1b379-b920-4732-8eb4-f2c0b914cc41,2026-07-30,5.0,95
8fc1b379-b920-4732-8eb4-f2c0b914cc41,2026-07-31,5.0,95
8fc1b379-b920-4732-8eb4-f2c0b914cc41,2026-08-01,5.69,94
8fc1b379-b920-4732-8eb4-f2c0b914cc41,2026-08-02,5.0,95
8fc1b379-b920-4732-8eb4-f2c0b914cc41,2026-08-03,5.0,95
8fc1b379-b920-4732-8eb4-f2c0b914cc41,2026-08-04,5.0,95
8fc1b379-b920-4732-8eb4-f2c0b914cc41,2026-08-05,3.1,96
92813fd7-93d8-4343-be35-d8edf67ef46e,2026-07-30,5.0,95
92813fd7-93d8-4343-be35-d8edf67ef46e,2026-07-31,5.0,95
92813fd7-93d8-4343-be35-d8edf67ef46e,2026-08-01,5.0,95
92813fd7-93d8-4343-be35-d8edf67ef46e,2026-08-02,6.09,93
92813fd7-93d8-4343-be35-d8edf67ef46e,2026-08-03,5.0,95
92813fd7-93d8-4343-be35-d8edf67ef46e,2026-08-04,5.0,95
92813fd7-93d8-4343-be35-d8edf67ef46e,2026-08-05,1.4,98
92c67b99-61ca-420c-a17e-9884a5c1f561,2026-07-30,5.0,95
92c67b99-61ca-420c-a17e-9884a5c1f561,2026-07-31,5.0,95
92c67b99-61ca-420c-a17e-9884a5c1f561,2026-08-01,5.0,95
92c67b99-61ca-420c-a17e-9884a5c1f561,2026-08-02,5.0,95
92c67b99-61ca-420c-a17e-9884a5c1f561,2026-08-03,5.0,95
92c67b99-61ca-420c-a17e-9884a5c1f561,2026-08-04,5.0,95
92c67b99-61ca-420c-a17e-9884a5c1f561,2026-08-05,1.4,98
93e8d546-210e-471a-b5fa-60618ed67f22,2026-07-30,5.0,95
93e8d546-210e-471a-b5fa-60618ed67f22,2026-07-31,5.0,95
93e8d546-210e-471a-b5fa-60618ed67f22,2026-08-01,6.84,93
93e8d546-210e-471a-b5fa-60618ed67f22,2026-08-02,5.0,95
93e8d546-210e-471a-b5fa-60618ed67f22,2026-08-03,5.38,94
93e8d546-210e-471a-b5fa-60618ed67f22,2026-08-04,5.14,94
93e8d546-210e-471a-b5fa-60618ed67f22,2026-08-05,4.5,95
9451dd55-cdff-4e6a-ae81-f00a53ae6ec6,2026-07-30,5.0,95
9451dd55-cdff-4e6a-ae81-f00a53ae6ec6,2026-07-31,5.0,95
9451dd55-cdff-4e6a-ae81-f00a53ae6ec6,2026-08-01,5.0,95
9451dd55-cdff-4e6a-ae81-f00a53ae6ec6,2026-08-02,5.0,95
9451dd55-cdff-4e6a-ae81-f00a53ae6ec6,2026-08-03,5.0,95
9451dd55-cdff-4e6a-ae81-f00a53ae6ec6,2026-08-04,5.0,95
9451dd55-cdff-4e6a-ae81-f00a53ae6ec6,2026-08-05,1.3,98
96ace31d-894d-4598-b12c-271a8b96540e,2026-07-30,5.0,95
96ace31d-894d-4598-b12c-271a8b96540e,2026-07-31,5.0,95
96ace31d-894d-4598-b12c-271a8b96540e,2026-08-01,5.0,95
96ace31d-894d-4598-b12c-271a8b96540e,2026-08-02,5.0,95
96ace31d-894d-4598-b12c-271a8b96540e,2026-08-03,5.38,94
96ace31d-894d-4598-b12c-271a8b96540e,2026-08-04,5.0,95
96ace31d-894d-4598-b12c-271a8b96540e,2026-08-05,1.4,98
978efcee-192c-4b5b-aebe-58d6e636e651,2026-07-30,5.0,95
978efcee-192c-4b5b-aebe-58d6e636e651,2026-07-31,5.0,95
978efcee-192c-4b5b-aebe-58d6e636e651,2026-08-01,5.0,95
978efcee-192c-4b5b-aebe-58d6e636e651,2026-08-02,5.0,95
978efcee-192c-4b5b-aebe-58d6e636e651,2026-08-03,5.0,95
978efcee-192c-4b5b-aebe-58d6e636e651,2026-08-04,5.0,95
978efcee-192c-4b5b-aebe-58d6e636e651,2026-08-05,1.3,98
979e23c3-fb6c-446a-9ff2-d616814aaea9,2026-07-30,5.0,95
979e23c3-fb6c-446a-9ff2-d616814aaea9,2026-07-31,5.0,95
979e23c3-fb6c-446a-9ff2-d616814aaea9,2026-08-01,5.0,95
979e23c3-fb6c-446a-9ff2-d616814aaea9,2026-08-02,5.0,95
979e23c3-fb6c-446a-9ff2-d616814aaea9,2026-08-03,5.0,95
979e23c3-fb6c-446a-9ff2-d616814aaea9,2026-08-04,5.0,95
979e23c3-fb6c-446a-9ff2-d616814aaea9,2026-08-05,1.4,98
97cd281b-6ed2-4e5f-8ef6-3c89785ffc6f,2026-07-30,5.0,95
97cd281b-6ed2-4e5f-8ef6-3c89785ffc6f,2026-07-31,5.0,95
97cd281b-6ed2-4e5f-8ef6-3c89785ffc6f,2026-08-01,5.0,95
97cd281b-6ed2-4e5f-8ef6-3c89785ffc6f,2026-08-02,5.0,95
97cd281b-6ed2-4e5f-8ef6-3c89785ffc6f,2026-08-03,5.83,94
97cd281b-6ed2-4e5f-8ef6-3c89785ffc6f,2026-08-04,5.0,95
97cd281b-6ed2-4e5f-8ef6-3c89785ffc6f,2026-08-05,1.4,98
98c95a5b-b01b-44af-9bf1-04d0b0e84e56,2026-07-30,5.0,95
98c95a5b-b01b-44af-9bf1-04d0b0e84e56,2026-07-31,5.0,95
98c95a5b-b01b-44af-9bf1-04d0b0e84e56,2026-08-01,5.0,95
98c95a5b-b01b-44af-9bf1-04d0b0e84e56,2026-08-02,5.28,94
98c95a5b-b01b-44af-9bf1-04d0b0e84e56,2026-08-03,5.0,95
98c95a5b-b01b-44af-9bf1-04d0b0e84e56,2026-08-04,5.0,95
98c95a5b-b01b-44af-9bf1-04d0b0e84e56,2026-08-05,1.4,98
991f02fd-7fba-4611-8e15-cff506061501,2026-07-30,5.0,95
991f02fd-7fba-4611-8e15-cff506061501,2026-07-31,5.0,95
991f02fd-7fba-4611-8e15-cff506061501,2026-08-01,5.0,95
991f02fd-7fba-4611-8e15-cff506061501,2026-08-02,5.0,95
991f02fd-7fba-4611-8e15-cff506061501,2026-08-03,5.0,95
991f02fd-7fba-4611-8e15-cff506061501,2026-08-04,5.0,95
991f02fd-7fba-4611-8e15-cff506061501,2026-08-05,2.2,97
998fd074-7091-41b8-ac2a-bcba893679e1,2026-07-30,5.0,95
998fd074-7091-41b8-ac2a-bcba893679e1,2026-07-31,5.0,95
998fd074-7091-41b8-ac2a-bcba893679e1,2026-08-01,5.0,95
998fd074-7091-41b8-ac2a-bcba893679e1,2026-08-02,5.0,95
998fd074-7091-41b8-ac2a-bcba893679e1,2026-08-03,5.0,95
998fd074-7091-41b8-ac2a-bcba893679e1,2026-08-04,5.0,95
998fd074-7091-41b8-ac2a-bcba893679e1,2026-08-05,1.4,98
99a79e2f-64a6-4ebe-be9d-4e9e29626bf4,2026-07-30,5.0,95
99a79e2f-64a6-4ebe-be9d-4e9e29626bf4,2026-07-31,5.0,95
99a79e2f-64a6-4ebe-be9d-4e9e29626bf4,2026-08-01,5.0,95
99a79e2f-64a6-4ebe-be9d-4e9e29626bf4,2026-08-02,5.0,95
99a79e2f-64a6-4ebe-be9d-4e9e29626bf4,2026-08-03,5.0,95
99a79e2f-64a6-4ebe-be9d-4e9e29626bf4,2026-08-04,5.0,95
99a79e2f-64a6-4ebe-be9d-4e9e29626bf4,2026-08-05,1.4,98
9bc16a7a-1d7d-407e-915a-60fb388e49c7,2026-07-30,5.0,95
9bc16a7a-1d7d-407e-915a-60fb388e49c7,2026-07-31,5.0,95
9bc16a7a-1d7d-407e-915a-60fb388e49c7,2026-08-01,5.0,95
9bc16a7a-1d7d-407e-915a-60fb388e49c7,2026-08-02,5.0,95
9bc16a7a-1d7d-407e-915a-60fb388e49c7,2026-08-03,5.0,95
9bc16a7a-1d7d-407e-915a-60fb388e49c7,2026-08-04,5.0,95
9bc16a7a-1d7d-407e-915a-60fb388e49c7,2026-08-05,1.4,98
9d16e330-0c9e-4de8-977d-dca7500faff8,2026-07-30,86.95,13
9d16e330-0c9e-4de8-977d-dca7500faff8,2026-07-31,86.07,13
9d16e330-0c9e-4de8-977d-dca7500faff8,2026-08-01,92.32,7
9d16e330-0c9e-4de8-977d-dca7500faff8,2026-08-02,97.01,2
9d16e330-0c9e-4de8-977d-dca7500faff8,2026-08-03,93.54,6
9d16e330-0c9e-4de8-977d-dca7500faff8,2026-08-04,94.37,5
9d16e330-0c9e-4de8-977d-dca7500faff8,2026-08-05,95.8,4
9d21b7b1-e690-4484-8f4a-c0359b55387a,2026-07-30,89.17,10
9d21b7b1-e690-4484-8f4a-c0359b55387a,2026-07-31,97.53,2
9d21b7b1-e690-4484-8f4a-c0359b55387a,2026-08-01,89.69,10
9d21b7b1-e690-4484-8f4a-c0359b55387a,2026-08-02,92.13,7
9d21b7b1-e690-4484-8f4a-c0359b55387a,2026-08-03,87.29,12
9d21b7b1-e690-4484-8f4a-c0359b55387a,2026-08-04,88.4,11
9d21b7b1-e690-4484-8f4a-c0359b55387a,2026-08-05,93.3,6
9ddfbf53-a48f-4589-8ca6-2de605570629,2026-07-30,5.0,95
9ddfbf53-a48f-4589-8ca6-2de605570629,2026-07-31,5.0,95
9ddfbf53-a48f-4589-8ca6-2de605570629,2026-08-01,5.0,95
9ddfbf53-a48f-4589-8ca6-2de605570629,2026-08-02,5.0,95
9ddfbf53-a48f-4589-8ca6-2de605570629,2026-08-03,5.0,95
9ddfbf53-a48f-4589-8ca6-2de605570629,2026-08-04,5.0,95
9ddfbf53-a48f-4589-8ca6-2de605570629,2026-08-05,1.4,98
9df05a06-49c4-477a-b936-f1fb4f3e5eed,2026-07-30,5.0,95
9df05a06-49c4-477a-b936-f1fb4f3e5eed,2026-07-31,5.0,95
9df05a06-49c4-477a-b936-f1fb4f3e5eed,2026-08-01,5.0,95
9df05a06-49c4-477a-b936-f1fb4f3e5eed,2026-08-02,5.0,95
9df05a06-49c4-477a-b936-f1fb4f3e5eed,2026-08-03,5.0,95
9df05a06-49c4-477a-b936-f1fb4f3e5eed,2026-08-04,5.0,95
9df05a06-49c4-477a-b936-f1fb4f3e5eed,2026-08-05,1.4,98
9e4b9e63-9a00-4aad-8960-2d618a00a470,2026-07-30,5.0,95
9e4b9e63-9a00-4aad-8960-2d618a00a470,2026-07-31,5.0,95
9e4b9e63-9a00-4aad-8960-2d618a00a470,2026-08-01,5.0,95
9e4b9e63-9a00-4aad-8960-2d618a00a470,2026-08-02,5.0,95
9e4b9e63-9a00-4aad-8960-2d618a00a470,2026-08-03,5.0,95
9e4b9e63-9a00-4aad-8960-2d618a00a470,2026-08-04,5.0,95
9e4b9e63-9a00-4aad-8960-2d618a00a470,2026-08-05,1.4,98
a6f139a1-e387-455a-9f3a-b2e613fe1a7f,2026-07-30,5.0,95
a6f139a1-e387-455a-9f3a-b2e613fe1a7f,2026-07-31,5.0,95
a6f139a1-e387-455a-9f3a-b2e613fe1a7f,2026-08-01,5.0,95
a6f139a1-e387-455a-9f3a-b2e613fe1a7f,2026-08-02,5.0,95
a6f139a1-e387-455a-9f3a-b2e613fe1a7f,2026-08-03,5.0,95
a6f139a1-e387-455a-9f3a-b2e613fe1a7f,2026-08-04,5.0,95
a6f139a1-e387-455a-9f3a-b2e613fe1a7f,2026-08-05,1.4,98
c8614144-b508-4c38-98c4-09f9abb1f385,2026-07-30,5.0,95
c8614144-b508-4c38-98c4-09f9abb1f385,2026-07-31,5.0,95
c8614144-b508-4c38-98c4-09f9abb1f385,2026-08-01,5.0,95
c8614144-b508-4c38-98c4-09f9abb1f385,2026-08-02,5.0,95
c8614144-b508-4c38-98c4-09f9abb1f385,2026-08-03,5.0,95
c8614144-b508-4c38-98c4-09f9abb1f385,2026-08-04,5.0,95
c8614144-b508-4c38-98c4-09f9abb1f385,2026-08-05,1.4,98
c8cff2fc-f253-4b15-ae46-1a790b891ab4,2026-07-30,5.0,95
c8cff2fc-f253-4b15-ae46-1a790b891ab4,2026-07-31,5.0,95
c8cff2fc-f253-4b15-ae46-1a790b891ab4,2026-08-01,5.0,95
c8cff2fc-f253-4b15-ae46-1a790b891ab4,2026-08-02,5.0,95
c8cff2fc-f253-4b15-ae46-1a790b891ab4,2026-08-03,5.0,95
c8cff2fc-f253-4b15-ae46-1a790b891ab4,2026-08-04,5.0,95
c8cff2fc-f253-4b15-ae46-1a790b891ab4,2026-08-05,1.4,98
c96a67f5-5084-4f50-bb7a-8508c248006a,2026-07-30,90.22,9
c96a67f5-5084-4f50-bb7a-8508c248006a,2026-07-31,94.46,5
c96a67f5-5084-4f50-bb7a-8508c248006a,2026-08-01,95.92,4
c96a67f5-5084-4f50-bb7a-8508c248006a,2026-08-02,92.21,7
c96a67f5-5084-4f50-bb7a-8508c248006a,2026-08-03,97.11,2
c96a67f5-5084-4f50-bb7a-8508c248006a,2026-08-04,92.47,7
c96a67f5-5084-4f50-bb7a-8508c248006a,2026-08-05,96.9,3
cb3a262f-bf0d-458d-9200-618ec450279f,2026-07-30,91.07,8
cb3a262f-bf0d-458d-9200-618ec450279f,2026-07-31,98.0,2
cb3a262f-bf0d-458d-9200-618ec450279f,2026-08-01,98.0,2
cb3a262f-bf0d-458d-9200-618ec450279f,2026-08-02,94.26,5
cb3a262f-bf0d-458d-9200-618ec450279f,2026-08-03,90.29,9
cb3a262f-bf0d-458d-9200-618ec450279f,2026-08-04,94.02,5
cb3a262f-bf0d-458d-9200-618ec450279f,2026-08-05,96.4,3
cbffde51-bf1b-4404-a3c4-9dd323e64c6c,2026-07-30,13.97,86
cbffde51-bf1b-4404-a3c4-9dd323e64c6c,2026-07-31,6.77,93
cbffde51-bf1b-4404-a3c4-9dd323e64c6c,2026-08-01,12.92,87
cbffde51-bf1b-4404-a3c4-9dd323e64c6c,2026-08-02,19.0,81
cbffde51-bf1b-4404-a3c4-9dd323e64c6c,2026-08-03,14.81,85
cbffde51-bf1b-4404-a3c4-9dd323e64c6c,2026-08-04,14.57,85
cbffde51-bf1b-4404-a3c4-9dd323e64c6c,2026-08-05,16.3,83
e56f4865-afd9-4890-bc63-80adfaae5285,2026-07-30,5.0,95
e56f4865-afd9-4890-bc63-80adfaae5285,2026-07-31,5.0,95
e56f4865-afd9-4890-bc63-80adfaae5285,2026-08-01,5.0,95
e56f4865-afd9-4890-bc63-80adfaae5285,2026-08-02,5.0,95
e56f4865-afd9-4890-bc63-80adfaae5285,2026-08-03,5.0,95
e56f4865-afd9-4890-bc63-80adfaae5285,2026-08-04,5.0,95
e56f4865-afd9-4890-bc63-80adfaae5285,2026-08-05,1.4,98
e5b45327-149e-4d70-8d70-a346a1a2a7d1,2026-07-30,5.0,95
e5b45327-149e-4d70-8d70-a346a1a2a7d1,2026-07-31,5.0,95
e5b45327-149e-4d70-8d70-a346a1a2a7d1,2026-08-01,5.0,95
e5b45327-149e-4d70-8d70-a346a1a2a7d1,2026-08-02,5.0,95
e5b45327-149e-4d70-8d70-a346a1a2a7d1,2026-08-03,5.0,95
e5b45327-149e-4d70-8d70-a346a1a2a7d1,2026-08-04,5.0,95
e5b45327-149e-4d70-8d70-a346a1a2a7d1,2026-08-05,1.4,98
e879caa2-8a25-49d4-aed9-385b63fb426f,2026-07-30,5.0,95
e879caa2-8a25-49d4-aed9-385b63fb426f,2026-07-31,5.0,95
e879caa2-8a25-49d4-aed9-385b63fb426f,2026-08-01,5.0,95
e879caa2-8a25-49d4-aed9-385b63fb426f,2026-08-02,5.0,95
e879caa2-8a25-49d4-aed9-385b63fb426f,2026-08-03,5.0,95
e879caa2-8a25-49d4-aed9-385b63fb426f,2026-08-04,5.0,95
e879caa2-8a25-49d4-aed9-385b63fb426f,2026-08-05,1.3,98
f0568c2d-e273-41e5-ae3a-38443d40973f,2026-07-30,5.0,95
f0568c2d-e273-41e5-ae3a-38443d40973f,2026-07-31,5.0,95
f0568c2d-e273-41e5-ae3a-38443d40973f,2026-08-01,5.0,95
f0568c2d-e273-41e5-ae3a-38443d40973f,2026-08-02,5.0,95
f0568c2d-e273-41e5-ae3a-38443d40973f,2026-08-03,5.0,95
f0568c2d-e273-41e5-ae3a-38443d40973f,2026-08-04,5.04,94
f0568c2d-e273-41e5-ae3a-38443d40973f,2026-08-05,1.4,98
f1287cfe-b6f9-415b-a8b8-a40d21a525e6,2026-07-30,5.0,95
f1287cfe-b6f9-415b-a8b8-a40d21a525e6,2026-07-31,5.0,95
f1287cfe-b6f9-415b-a8b8-a40d21a525e6,2026-08-01,5.0,95
f1287cfe-b6f9-415b-a8b8-a40d21a525e6,2026-08-02,5.0,95
f1287cfe-b6f9-415b-a8b8-a40d21a525e6,2026-08-03,5.0,95
f1287cfe-b6f9-415b-a8b8-a40d21a525e6,2026-08-04,5.0,95
f1287cfe-b6f9-415b-a8b8-a40d21a525e6,2026-08-05,1.4,98
f1c6b7eb-ba08-42de-9d21-7cdcb854b20a,2026-07-30,5.0,95
f1c6b7eb-ba08-42de-9d21-7cdcb854b20a,2026-07-31,5.0,95
f1c6b7eb-ba08-42de-9d21-7cdcb854b20a,2026-08-01,5.0,95
f1c6b7eb-ba08-42de-9d21-7cdcb854b20a,2026-08-02,5.0,95
f1c6b7eb-ba08-42de-9d21-7cdcb854b20a,2026-08-03,5.0,95
f1c6b7eb-ba08-42de-9d21-7cdcb854b20a,2026-08-04,5.0,95
f1c6b7eb-ba08-42de-9d21-7cdcb854b20a,2026-08-05,1.4,98
f1f3e03a-90ea-48f7-8fd5-074ce693cd49,2026-07-30,5.0,95
f1f3e03a-90ea-48f7-8fd5-074ce693cd49,2026-07-31,5.0,95
f1f3e03a-90ea-48f7-8fd5-074ce693cd49,2026-08-01,5.0,95
f1f3e03a-90ea-48f7-8fd5-074ce693cd49,2026-08-02,5.0,95
f1f3e03a-90ea-48f7-8fd5-074ce693cd49,2026-08-03,5.0,95
f1f3e03a-90ea-48f7-8fd5-074ce693cd49,2026-08-04,5.0,95
f1f3e03a-90ea-48f7-8fd5-074ce693cd49,2026-08-05,1.4,98
f210cf3e-ef69-4fa3-9be2-45e3e9be9121,2026-07-30,5.0,95
f210cf3e-ef69-4fa3-9be2-45e3e9be9121,2026-07-31,5.03,94
f210cf3e-ef69-4fa3-9be2-45e3e9be9121,2026-08-01,5.0,95
f210cf3e-ef69-4fa3-9be2-45e3e9be9121,2026-08-02,5.0,95
f210cf3e-ef69-4fa3-9be2-45e3e9be9121,2026-08-03,5.0,95
f210cf3e-ef69-4fa3-9be2-45e3e9be9121,2026-08-04,5.0,95
f210cf3e-ef69-4fa3-9be2-45e3e9be9121,2026-08-05,1.4,98
10cd573e-452c-45ee-8f2e-6a831da2951d,2026-07-30,5.0,95
10cd573e-452c-45ee-8f2e-6a831da2951d,2026-07-31,5.0,95
10cd573e-452c-45ee-8f2e-6a831da2951d,2026-08-01,5.0,95
10cd573e-452c-45ee-8f2e-6a831da2951d,2026-08-02,5.0,95
10cd573e-452c-45ee-8f2e-6a831da2951d,2026-08-03,5.0,95
10cd573e-452c-45ee-8f2e-6a831da2951d,2026-08-04,5.0,95
10cd573e-452c-45ee-8f2e-6a831da2951d,2026-08-05,1.4,98
11d6f363-6b7b-447e-b770-0430173798c0,2026-07-30,6.91,93
11d6f363-6b7b-447e-b770-0430173798c0,2026-07-31,5.0,95
11d6f363-6b7b-447e-b770-0430173798c0,2026-08-01,5.0,95
11d6f363-6b7b-447e-b770-0430173798c0,2026-08-02,5.0,95
11d6f363-6b7b-447e-b770-0430173798c0,2026-08-03,5.0,95
11d6f363-6b7b-447e-b770-0430173798c0,2026-08-04,5.0,95
11d6f363-6b7b-447e-b770-0430173798c0,2026-08-05,1.4,98
12aaa1a6-9490-4332-8c1b-5f57de51feec,2026-07-30,7.77,92
12aaa1a6-9490-4332-8c1b-5f57de51feec,2026-07-31,5.0,95
12aaa1a6-9490-4332-8c1b-5f57de51feec,2026-08-01,5.0,95
12aaa1a6-9490-4332-8c1b-5f57de51feec,2026-08-02,5.0,95
12aaa1a6-9490-4332-8c1b-5f57de51feec,2026-08-03,5.0,95
12aaa1a6-9490-4332-8c1b-5f57de51feec,2026-08-04,5.0,95
12aaa1a6-9490-4332-8c1b-5f57de51feec,2026-08-05,1.4,98
13cccd6f-bcd4-493f-8d89-1355c1a592ff,2026-07-30,5.0,95
13cccd6f-bcd4-493f-8d89-1355c1a592ff,2026-07-31,5.0,95
13cccd6f-bcd4-493f-8d89-1355c1a592ff,2026-08-01,5.0,95
13cccd6f-bcd4-493f-8d89-1355c1a592ff,2026-08-02,5.0,95
13cccd6f-bcd4-493f-8d89-1355c1a592ff,2026-08-03,5.0,95
13cccd6f-bcd4-493f-8d89-1355c1a592ff,2026-08-04,5.0,95
13cccd6f-bcd4-493f-8d89-1355c1a592ff,2026-08-05,1.4,98
13eb96d1-af12-45aa-b369-2d2d992b2342,2026-07-30,5.0,95
13eb96d1-af12-45aa-b369-2d2d992b2342,2026-07-31,5.0,95
13eb96d1-af12-45aa-b369-2d2d992b2342,2026-08-01,5.27,94
13eb96d1-af12-45aa-b369-2d2d992b2342,2026-08-02,5.0,95
13eb96d1-af12-45aa-b369-2d2d992b2342,2026-08-03,5.0,95
13eb96d1-af12-45aa-b369-2d2d992b2342,2026-08-04,5.0,95
13eb96d1-af12-45aa-b369-2d2d992b2342,2026-08-05,1.4,98
150a8342-4f81-43ba-8593-72e4c3b5e604,2026-07-30,5.0,95
150a8342-4f81-43ba-8593-72e4c3b5e604,2026-07-31,5.0,95
150a8342-4f81-43ba-8593-72e4c3b5e604,2026-08-01,5.0,95
150a8342-4f81-43ba-8593-72e4c3b5e604,2026-08-02,5.0,95
150a8342-4f81-43ba-8593-72e4c3b5e604,2026-08-03,5.05,94
150a8342-4f81-43ba-8593-72e4c3b5e604,2026-08-04,5.0,95
150a8342-4f81-43ba-8593-72e4c3b5e604,2026-08-05,1.3,98
150a9939-dfed-40bf-955a-6927e95bb0d1,2026-07-30,5.0,95
150a9939-dfed-40bf-955a-6927e95bb0d1,2026-07-31,5.0,95
150a9939-dfed-40bf-955a-6927e95bb0d1,2026-08-01,5.0,95
150a9939-dfed-40bf-955a-6927e95bb0d1,2026-08-02,5.0,95
150a9939-dfed-40bf-955a-6927e95bb0d1,2026-08-03,5.0,95
150a9939-dfed-40bf-955a-6927e95bb0d1,2026-08-04,5.0,95
150a9939-dfed-40bf-955a-6927e95bb0d1,2026-08-05,1.3,98
1553b02f-e11f-433d-983a-41c559ce3a1d,2026-07-30,5.0,95
1553b02f-e11f-433d-983a-41c559ce3a1d,2026-07-31,5.0,95
1553b02f-e11f-433d-983a-41c559ce3a1d,2026-08-01,5.0,95
1553b02f-e11f-433d-983a-41c559ce3a1d,2026-08-02,5.0,95
1553b02f-e11f-433d-983a-41c559ce3a1d,2026-08-03,6.02,93
1553b02f-e11f-433d-983a-41c559ce3a1d,2026-08-04,5.0,95
1553b02f-e11f-433d-983a-41c559ce3a1d,2026-08-05,1.4,98
158a5bff-74b2-42b8-829f-3642494be04e,2026-07-30,5.0,95
158a5bff-74b2-42b8-829f-3642494be04e,2026-07-31,5.0,95
158a5bff-74b2-42b8-829f-3642494be04e,2026-08-01,5.0,95
158a5bff-74b2-42b8-829f-3642494be04e,2026-08-02,5.0,95
158a5bff-74b2-42b8-829f-3642494be04e,2026-08-03,5.0,95
158a5bff-74b2-42b8-829f-3642494be04e,2026-08-04,5.0,95
158a5bff-74b2-42b8-829f-3642494be04e,2026-08-05,1.4,98
1615638c-1f3d-4edd-807c-53b4a9342957,2026-07-30,5.0,95
1615638c-1f3d-4edd-807c-53b4a9342957,2026-07-31,6.39,93
1615638c-1f3d-4edd-807c-53b4a9342957,2026-08-01,5.0,95
1615638c-1f3d-4edd-807c-53b4a9342957,2026-08-02,5.0,95
1615638c-1f3d-4edd-807c-53b4a9342957,2026-08-03,5.0,95
1615638c-1f3d-4edd-807c-53b4a9342957,2026-08-04,5.0,95
1615638c-1f3d-4edd-807c-53b4a9342957,2026-08-05,1.4,98
170c9f36-fec2-47f4-a659-0212b1839b5c,2026-07-30,5.0,95
170c9f36-fec2-47f4-a659-0212b1839b5c,2026-07-31,5.0,95
170c9f36-fec2-47f4-a659-0212b1839b5c,2026-08-01,5.0,95
170c9f36-fec2-47f4-a659-0212b1839b5c,2026-08-02,5.0,95
170c9f36-fec2-47f4-a659-0212b1839b5c,2026-08-03,5.31,94
170c9f36-fec2-47f4-a659-0212b1839b5c,2026-08-04,5.0,95
170c9f36-fec2-47f4-a659-0212b1839b5c,2026-08-05,1.4,98
17ec8e68-5325-4857-abe8-244869f685eb,2026-07-30,5.0,95
17ec8e68-5325-4857-abe8-244869f685eb,2026-07-31,7.32,92
17ec8e68-5325-4857-abe8-244869f685eb,2026-08-01,5.0,95
17ec8e68-5325-4857-abe8-244869f685eb,2026-08-02,5.0,95
17ec8e68-5325-4857-abe8-244869f685eb,2026-08-03,5.55,94
17ec8e68-5325-4857-abe8-244869f685eb,2026-08-04,5.0,95
17ec8e68-5325-4857-abe8-244869f685eb,2026-08-05,2.3,97
1b9ef990-34a0-484b-a148-0d4ee47bcec8,2026-07-30,5.0,95
1b9ef990-34a0-484b-a148-0d4ee47bcec8,2026-07-31,5.0,95
1b9ef990-34a0-484b-a148-0d4ee47bcec8,2026-08-01,5.0,95
1b9ef990-34a0-484b-a148-0d4ee47bcec8,2026-08-02,5.0,95
1b9ef990-34a0-484b-a148-0d4ee47bcec8,2026-08-03,5.77,94
1b9ef990-34a0-484b-a148-0d4ee47bcec8,2026-08-04,5.0,95
1b9ef990-34a0-484b-a148-0d4ee47bcec8,2026-08-05,3.4,96
1c3bfe36-c112-4fa0-b145-1ce52e39bdba,2026-07-30,5.0,95
1c3bfe36-c112-4fa0-b145-1ce52e39bdba,2026-07-31,5.0,95
1c3bfe36-c112-4fa0-b145-1ce52e39bdba,2026-08-01,5.0,95
1c3bfe36-c112-4fa0-b145-1ce52e39bdba,2026-08-02,5.0,95
1c3bfe36-c112-4fa0-b145-1ce52e39bdba,2026-08-03,5.0,95
1c3bfe36-c112-4fa0-b145-1ce52e39bdba,2026-08-04,5.0,95
1c3bfe36-c112-4fa0-b145-1ce52e39bdba,2026-08-05,1.4,98
1d0966d3-3d30-44ed-8947-ed078853bb58,2026-07-30,5.0,95
1d0966d3-3d30-44ed-8947-ed078853bb58,2026-07-31,5.0,95
1d0966d3-3d30-44ed-8947-ed078853bb58,2026-08-01,5.0,95
1d0966d3-3d30-44ed-8947-ed078853bb58,2026-08-02,5.0,95
1d0966d3-3d30-44ed-8947-ed078853bb58,2026-08-03,5.0,95
1d0966d3-3d30-44ed-8947-ed078853bb58,2026-08-04,5.0,95
1d0966d3-3d30-44ed-8947-ed078853bb58,2026-08-05,1.4,98
1d755a10-8305-4ddd-bcf2-04fac3909435,2026-07-30,5.0,95
1d755a10-8305-4ddd-bcf2-04fac3909435,2026-07-31,5.0,95
1d755a10-8305-4ddd-bcf2-04fac3909435,2026-08-01,5.0,95
1d755a10-8305-4ddd-bcf2-04fac3909435,2026-08-02,5.0,95
1d755a10-8305-4ddd-bcf2-04fac3909435,2026-08-03,5.0,95
1d755a10-8305-4ddd-bcf2-04fac3909435,2026-08-04,5.0,95
1d755a10-8305-4ddd-bcf2-04fac3909435,2026-08-05,1.4,98
1d77fc9f-52bf-4ea1-beb2-0362f7a2f653,2026-07-30,5.0,95
1d77fc9f-52bf-4ea1-beb2-0362f7a2f653,2026-07-31,5.0,95
1d77fc9f-52bf-4ea1-beb2-0362f7a2f653,2026-08-01,5.25,94
1d77fc9f-52bf-4ea1-beb2-0362f7a2f653,2026-08-02,5.0,95
1d77fc9f-52bf-4ea1-beb2-0362f7a2f653,2026-08-03,7.29,92
1d77fc9f-52bf-4ea1-beb2-0362f7a2f653,2026-08-04,5.0,95
1d77fc9f-52bf-4ea1-beb2-0362f7a2f653,2026-08-05,2.6,97
1d7f8fa1-9889-4069-a142-47112d3e2edd,2026-07-30,5.0,95
1d7f8fa1-9889-4069-a142-47112d3e2edd,2026-07-31,5.0,95
1d7f8fa1-9889-4069-a142-47112d3e2edd,2026-08-01,5.0,95
1d7f8fa1-9889-4069-a142-47112d3e2edd,2026-08-02,5.0,95
1d7f8fa1-9889-4069-a142-47112d3e2edd,2026-08-03,5.0,95
1d7f8fa1-9889-4069-a142-47112d3e2edd,2026-08-04,5.0,95
1d7f8fa1-9889-4069-a142-47112d3e2edd,2026-08-05,1.4,98
1db6ecdc-c140-4e4b-97fd-9cce20b17acc,2026-07-30,5.0,95
1db6ecdc-c140-4e4b-97fd-9cce20b17acc,2026-07-31,5.0,95
1db6ecdc-c140-4e4b-97fd-9cce20b17acc,2026-08-01,5.0,95
1db6ecdc-c140-4e4b-97fd-9cce20b17acc,2026-08-02,5.0,95
1db6ecdc-c140-4e4b-97fd-9cce20b17acc,2026-08-03,5.0,95
1db6ecdc-c140-4e4b-97fd-9cce20b17acc,2026-08-04,5.0,95
1db6ecdc-c140-4e4b-97fd-9cce20b17acc,2026-08-05,1.4,98
1e51f569-c2b5-44f1-8516-5d2bc5774881,2026-07-30,5.0,95
1e51f569-c2b5-44f1-8516-5d2bc5774881,2026-07-31,5.0,95
1e51f569-c2b5-44f1-8516-5d2bc5774881,2026-08-01,5.0,95
1e51f569-c2b5-44f1-8516-5d2bc5774881,2026-08-02,5.0,95
1e51f569-c2b5-44f1-8516-5d2bc5774881,2026-08-03,5.0,95
1e51f569-c2b5-44f1-8516-5d2bc5774881,2026-08-04,5.0,95
1e51f569-c2b5-44f1-8516-5d2bc5774881,2026-08-05,1.4,98
21b7d2c2-58f7-4ca8-887d-232338b9500f,2026-07-30,5.0,95
21b7d2c2-58f7-4ca8-887d-232338b9500f,2026-07-31,5.0,95
21b7d2c2-58f7-4ca8-887d-232338b9500f,2026-08-01,5.0,95
21b7d2c2-58f7-4ca8-887d-232338b9500f,2026-08-02,5.0,95
21b7d2c2-58f7-4ca8-887d-232338b9500f,2026-08-03,5.0,95
21b7d2c2-58f7-4ca8-887d-232338b9500f,2026-08-04,5.0,95
21b7d2c2-58f7-4ca8-887d-232338b9500f,2026-08-05,1.3,98
274fc540-3b25-40a8-8cde-66118a95f554,2026-07-30,5.0,95
274fc540-3b25-40a8-8cde-66118a95f554,2026-07-31,5.0,95
274fc540-3b25-40a8-8cde-66118a95f554,2026-08-01,5.0,95
274fc540-3b25-40a8-8cde-66118a95f554,2026-08-02,5.0,95
274fc540-3b25-40a8-8cde-66118a95f554,2026-08-03,5.0,95
274fc540-3b25-40a8-8cde-66118a95f554,2026-08-04,5.0,95
274fc540-3b25-40a8-8cde-66118a95f554,2026-08-05,1.4,98
40c1acef-d43b-4139-8fcc-b4ad7478de2b,2026-07-30,5.0,95
40c1acef-d43b-4139-8fcc-b4ad7478de2b,2026-07-31,5.0,95
40c1acef-d43b-4139-8fcc-b4ad7478de2b,2026-08-01,5.0,95
40c1acef-d43b-4139-8fcc-b4ad7478de2b,2026-08-02,5.0,95
40c1acef-d43b-4139-8fcc-b4ad7478de2b,2026-08-03,5.0,95
40c1acef-d43b-4139-8fcc-b4ad7478de2b,2026-08-04,5.0,95
40c1acef-d43b-4139-8fcc-b4ad7478de2b,2026-08-05,1.3,98
bb15996e-415d-48ca-bc80-6a29148da8b0,2026-07-30,5.0,95
bb15996e-415d-48ca-bc80-6a29148da8b0,2026-07-31,5.0,95
bb15996e-415d-48ca-bc80-6a29148da8b0,2026-08-01,5.0,95
bb15996e-415d-48ca-bc80-6a29148da8b0,2026-08-02,5.0,95
bb15996e-415d-48ca-bc80-6a29148da8b0,2026-08-03,5.0,95
bb15996e-415d-48ca-bc80-6a29148da8b0,2026-08-04,5.0,95
bb15996e-415d-48ca-bc80-6a29148da8b0,2026-08-05,1.4,98
4103b6f8-068b-4ed1-ba88-66c9103d0d6d,2026-07-30,5.0,95
4103b6f8-068b-4ed1-ba88-66c9103d0d6d,2026-07-31,5.0,95
4103b6f8-068b-4ed1-ba88-66c9103d0d6d,2026-08-01,5.0,95
4103b6f8-068b-4ed1-ba88-66c9103d0d6d,2026-08-02,5.0,95
4103b6f8-068b-4ed1-ba88-66c9103d0d6d,2026-08-03,5.0,95
4103b6f8-068b-4ed1-ba88-66c9103d0d6d,2026-08-04,5.0,95
4103b6f8-068b-4ed1-ba88-66c9103d0d6d,2026-08-05,1.4,98
42bef899-beb0-4f0f-9c0f-83dde283cec6,2026-07-30,5.0,95
42bef899-beb0-4f0f-9c0f-83dde283cec6,2026-07-31,5.0,95
42bef899-beb0-4f0f-9c0f-83dde283cec6,2026-08-01,5.0,95
42bef899-beb0-4f0f-9c0f-83dde283cec6,2026-08-02,5.0,95
42bef899-beb0-4f0f-9c0f-83dde283cec6,2026-08-03,5.0,95
42bef899-beb0-4f0f-9c0f-83dde283cec6,2026-08-04,5.0,95
42bef899-beb0-4f0f-9c0f-83dde283cec6,2026-08-05,1.3,98
bbddf4f1-f556-46de-99f5-a42cd3f6e836,2026-07-30,5.0,95
bbddf4f1-f556-46de-99f5-a42cd3f6e836,2026-07-31,5.0,95
bbddf4f1-f556-46de-99f5-a42cd3f6e836,2026-08-01,5.0,95
bbddf4f1-f556-46de-99f5-a42cd3f6e836,2026-08-02,5.0,95
bbddf4f1-f556-46de-99f5-a42cd3f6e836,2026-08-03,5.0,95
bbddf4f1-f556-46de-99f5-a42cd3f6e836,2026-08-04,5.0,95
bbddf4f1-f556-46de-99f5-a42cd3f6e836,2026-08-05,1.4,98
45316fd6-6847-41bd-a244-a44959e1a8e9,2026-07-30,5.0,95
45316fd6-6847-41bd-a244-a44959e1a8e9,2026-07-31,5.0,95
45316fd6-6847-41bd-a244-a44959e1a8e9,2026-08-01,5.0,95
45316fd6-6847-41bd-a244-a44959e1a8e9,2026-08-02,5.0,95
45316fd6-6847-41bd-a244-a44959e1a8e9,2026-08-03,5.0,95
45316fd6-6847-41bd-a244-a44959e1a8e9,2026-08-04,5.0,95
45316fd6-6847-41bd-a244-a44959e1a8e9,2026-08-05,1.4,98
5b0bf4ad-f8bd-434a-9398-cffc1f43ddbe,2026-07-30,5.0,95
5b0bf4ad-f8bd-434a-9398-cffc1f43ddbe,2026-07-31,5.0,95
5b0bf4ad-f8bd-434a-9398-cffc1f43ddbe,2026-08-01,5.0,95
5b0bf4ad-f8bd-434a-9398-cffc1f43ddbe,2026-08-02,5.6,94
5b0bf4ad-f8bd-434a-9398-cffc1f43ddbe,2026-08-03,5.0,95
5b0bf4ad-f8bd-434a-9398-cffc1f43ddbe,2026-08-04,5.0,95
5b0bf4ad-f8bd-434a-9398-cffc1f43ddbe,2026-08-05,1.4,98
604e3da6-4ce5-4bbc-ae71-99a0b84fd15c,2026-07-30,5.0,95
604e3da6-4ce5-4bbc-ae71-99a0b84fd15c,2026-07-31,5.0,95
604e3da6-4ce5-4bbc-ae71-99a0b84fd15c,2026-08-01,5.0,95
604e3da6-4ce5-4bbc-ae71-99a0b84fd15c,2026-08-02,5.0,95
604e3da6-4ce5-4bbc-ae71-99a0b84fd15c,2026-08-03,5.0,95
604e3da6-4ce5-4bbc-ae71-99a0b84fd15c,2026-08-04,5.0,95
604e3da6-4ce5-4bbc-ae71-99a0b84fd15c,2026-08-05,1.4,98
605ccfc5-e5b5-434c-b0e7-41e3b444080b,2026-07-30,5.0,95
605ccfc5-e5b5-434c-b0e7-41e3b444080b,2026-07-31,5.0,95
605ccfc5-e5b5-434c-b0e7-41e3b444080b,2026-08-01,5.0,95
605ccfc5-e5b5-434c-b0e7-41e3b444080b,2026-08-02,5.0,95
605ccfc5-e5b5-434c-b0e7-41e3b444080b,2026-08-03,5.0,95
605ccfc5-e5b5-434c-b0e7-41e3b444080b,2026-08-04,5.0,95
605ccfc5-e5b5-434c-b0e7-41e3b444080b,2026-08-05,1.4,98
6071d288-49cd-4c0b-a180-0b64d8371a4a,2026-07-30,5.73,94
6071d288-49cd-4c0b-a180-0b64d8371a4a,2026-07-31,5.0,95
6071d288-49cd-4c0b-a180-0b64d8371a4a,2026-08-01,5.0,95
6071d288-49cd-4c0b-a180-0b64d8371a4a,2026-08-02,5.0,95
6071d288-49cd-4c0b-a180-0b64d8371a4a,2026-08-03,5.0,95
6071d288-49cd-4c0b-a180-0b64d8371a4a,2026-08-04,5.0,95
6071d288-49cd-4c0b-a180-0b64d8371a4a,2026-08-05,1.3,98
6073be7e-2c7e-4e89-9076-5bac4021a802,2026-07-30,5.0,95
6073be7e-2c7e-4e89-9076-5bac4021a802,2026-07-31,5.0,95
6073be7e-2c7e-4e89-9076-5bac4021a802,2026-08-01,5.0,95
6073be7e-2c7e-4e89-9076-5bac4021a802,2026-08-02,5.0,95
6073be7e-2c7e-4e89-9076-5bac4021a802,2026-08-03,5.0,95
6073be7e-2c7e-4e89-9076-5bac4021a802,2026-08-04,5.0,95
6073be7e-2c7e-4e89-9076-5bac4021a802,2026-08-05,1.4,98
63b5b709-eefd-4938-ae87-8b5c002c6e13,2026-07-30,5.97,94
63b5b709-eefd-4938-ae87-8b5c002c6e13,2026-07-31,5.0,95
63b5b709-eefd-4938-ae87-8b5c002c6e13,2026-08-01,5.0,95
63b5b709-eefd-4938-ae87-8b5c002c6e13,2026-08-02,5.0,95
63b5b709-eefd-4938-ae87-8b5c002c6e13,2026-08-03,5.0,95
63b5b709-eefd-4938-ae87-8b5c002c6e13,2026-08-04,5.0,95
63b5b709-eefd-4938-ae87-8b5c002c6e13,2026-08-05,1.4,98
63eddae8-79b4-4986-b8d4-fd01e88e0d6a,2026-07-30,5.0,95
63eddae8-79b4-4986-b8d4-fd01e88e0d6a,2026-07-31,5.0,95
63eddae8-79b4-4986-b8d4-fd01e88e0d6a,2026-08-01,5.0,95
63eddae8-79b4-4986-b8d4-fd01e88e0d6a,2026-08-02,5.0,95
63eddae8-79b4-4986-b8d4-fd01e88e0d6a,2026-08-03,5.0,95
63eddae8-79b4-4986-b8d4-fd01e88e0d6a,2026-08-04,5.0,95
63eddae8-79b4-4986-b8d4-fd01e88e0d6a,2026-08-05,1.4,98
64d6241d-c6fa-4fe7-b562-74d68d2531d8,2026-07-30,5.0,95
64d6241d-c6fa-4fe7-b562-74d68d2531d8,2026-07-31,5.0,95
64d6241d-c6fa-4fe7-b562-74d68d2531d8,2026-08-01,5.0,95
64d6241d-c6fa-4fe7-b562-74d68d2531d8,2026-08-02,5.0,95
64d6241d-c6fa-4fe7-b562-74d68d2531d8,2026-08-03,5.0,95
64d6241d-c6fa-4fe7-b562-74d68d2531d8,2026-08-04,5.0,95
64d6241d-c6fa-4fe7-b562-74d68d2531d8,2026-08-05,1.4,98
64fb0b4f-412b-4d71-8a59-2beea9400f58,2026-07-30,5.0,95
64fb0b4f-412b-4d71-8a59-2beea9400f58,2026-07-31,5.0,95
64fb0b4f-412b-4d71-8a59-2beea9400f58,2026-08-01,5.0,95
64fb0b4f-412b-4d71-8a59-2beea9400f58,2026-08-02,5.0,95
64fb0b4f-412b-4d71-8a59-2beea9400f58,2026-08-03,5.0,95
64fb0b4f-412b-4d71-8a59-2beea9400f58,2026-08-04,5.0,95
64fb0b4f-412b-4d71-8a59-2beea9400f58,2026-08-05,1.4,98
6835f929-40fd-420d-b55e-d91f5e7548ba,2026-07-30,5.0,95
6835f929-40fd-420d-b55e-d91f5e7548ba,2026-07-31,5.0,95
6835f929-40fd-420d-b55e-d91f5e7548ba,2026-08-01,5.05,94
6835f929-40fd-420d-b55e-d91f5e7548ba,2026-08-02,5.0,95
6835f929-40fd-420d-b55e-d91f5e7548ba,2026-08-03,5.0,95
6835f929-40fd-420d-b55e-d91f5e7548ba,2026-08-04,5.0,95
6835f929-40fd-420d-b55e-d91f5e7548ba,2026-08-05,1.4,98
68bd27e8-e25a-4bf5-8134-3c6a91e74d0f,2026-07-30,5.0,95
68bd27e8-e25a-4bf5-8134-3c6a91e74d0f,2026-07-31,5.0,95
68bd27e8-e25a-4bf5-8134-3c6a91e74d0f,2026-08-01,5.0,95
68bd27e8-e25a-4bf5-8134-3c6a91e74d0f,2026-08-02,5.0,95
68bd27e8-e25a-4bf5-8134-3c6a91e74d0f,2026-08-03,5.0,95
68bd27e8-e25a-4bf5-8134-3c6a91e74d0f,2026-08-04,5.0,95
68bd27e8-e25a-4bf5-8134-3c6a91e74d0f,2026-08-05,1.4,98
69198da8-0db9-4237-8077-09f74ce1e604,2026-07-30,5.95,94
69198da8-0db9-4237-8077-09f74ce1e604,2026-07-31,5.0,95
69198da8-0db9-4237-8077-09f74ce1e604,2026-08-01,5.0,95
69198da8-0db9-4237-8077-09f74ce1e604,2026-08-02,5.0,95
69198da8-0db9-4237-8077-09f74ce1e604,2026-08-03,5.0,95
69198da8-0db9-4237-8077-09f74ce1e604,2026-08-04,5.0,95
69198da8-0db9-4237-8077-09f74ce1e604,2026-08-05,1.4,98
6ea38db8-3dce-47fd-be23-6981ba68b5dd,2026-07-30,5.0,95
6ea38db8-3dce-47fd-be23-6981ba68b5dd,2026-07-31,5.0,95
6ea38db8-3dce-47fd-be23-6981ba68b5dd,2026-08-01,5.0,95
6ea38db8-3dce-47fd-be23-6981ba68b5dd,2026-08-02,5.0,95
6ea38db8-3dce-47fd-be23-6981ba68b5dd,2026-08-03,5.0,95
6ea38db8-3dce-47fd-be23-6981ba68b5dd,2026-08-04,5.0,95
6ea38db8-3dce-47fd-be23-6981ba68b5dd,2026-08-05,1.4,98
6ec20da3-4df1-4e5b-8aa2-9aeeb6ca60c1,2026-07-30,5.0,95
6ec20da3-4df1-4e5b-8aa2-9aeeb6ca60c1,2026-07-31,5.0,95
6ec20da3-4df1-4e5b-8aa2-9aeeb6ca60c1,2026-08-01,5.0,95
6ec20da3-4df1-4e5b-8aa2-9aeeb6ca60c1,2026-08-02,5.0,95
6ec20da3-4df1-4e5b-8aa2-9aeeb6ca60c1,2026-08-03,5.0,95
6ec20da3-4df1-4e5b-8aa2-9aeeb6ca60c1,2026-08-04,5.0,95
6ec20da3-4df1-4e5b-8aa2-9aeeb6ca60c1,2026-08-05,1.4,98
6ef34604-f471-4597-9237-9a6b9f68d45c,2026-07-30,5.0,95
6ef34604-f471-4597-9237-9a6b9f68d45c,2026-07-31,6.46,93
6ef34604-f471-4597-9237-9a6b9f68d45c,2026-08-01,5.0,95
6ef34604-f471-4597-9237-9a6b9f68d45c,2026-08-02,5.0,95
6ef34604-f471-4597-9237-9a6b9f68d45c,2026-08-03,5.0,95
6ef34604-f471-4597-9237-9a6b9f68d45c,2026-08-04,5.0,95
6ef34604-f471-4597-9237-9a6b9f68d45c,2026-08-05,1.4,98
6f1c703b-b883-47ec-8225-a134757a16c8,2026-07-30,5.0,95
6f1c703b-b883-47ec-8225-a134757a16c8,2026-07-31,5.0,95
6f1c703b-b883-47ec-8225-a134757a16c8,2026-08-01,5.0,95
6f1c703b-b883-47ec-8225-a134757a16c8,2026-08-02,5.0,95
6f1c703b-b883-47ec-8225-a134757a16c8,2026-08-03,5.0,95
6f1c703b-b883-47ec-8225-a134757a16c8,2026-08-04,5.0,95
6f1c703b-b883-47ec-8225-a134757a16c8,2026-08-05,1.5,98
6f3aef5b-b10c-4de7-9561-ab96f5e7cfda,2026-07-30,5.0,95
6f3aef5b-b10c-4de7-9561-ab96f5e7cfda,2026-07-31,5.0,95
6f3aef5b-b10c-4de7-9561-ab96f5e7cfda,2026-08-01,5.0,95
6f3aef5b-b10c-4de7-9561-ab96f5e7cfda,2026-08-02,5.0,95
6f3aef5b-b10c-4de7-9561-ab96f5e7cfda,2026-08-03,5.0,95
6f3aef5b-b10c-4de7-9561-ab96f5e7cfda,2026-08-04,5.0,95
6f3aef5b-b10c-4de7-9561-ab96f5e7cfda,2026-08-05,1.4,98
70603eca-ccb1-46ad-8bb2-8a94b256eada,2026-07-30,5.0,95
70603eca-ccb1-46ad-8bb2-8a94b256eada,2026-07-31,5.0,95
70603eca-ccb1-46ad-8bb2-8a94b256eada,2026-08-01,5.0,95
70603eca-ccb1-46ad-8bb2-8a94b256eada,2026-08-02,5.0,95
70603eca-ccb1-46ad-8bb2-8a94b256eada,2026-08-03,5.0,95
70603eca-ccb1-46ad-8bb2-8a94b256eada,2026-08-04,5.0,95
70603eca-ccb1-46ad-8bb2-8a94b256eada,2026-08-05,1.3,98
71524a54-051c-4cae-b74e-ea6a81b7ae03,2026-07-30,5.0,95
71524a54-051c-4cae-b74e-ea6a81b7ae03,2026-07-31,5.0,95
71524a54-051c-4cae-b74e-ea6a81b7ae03,2026-08-01,5.0,95
71524a54-051c-4cae-b74e-ea6a81b7ae03,2026-08-02,5.0,95
71524a54-051c-4cae-b74e-ea6a81b7ae03,2026-08-03,5.17,94
71524a54-051c-4cae-b74e-ea6a81b7ae03,2026-08-04,5.0,95
71524a54-051c-4cae-b74e-ea6a81b7ae03,2026-08-05,4.2,95
716af4fb-01da-47ac-bc5f-748f1c618741,2026-07-30,5.0,95
716af4fb-01da-47ac-bc5f-748f1c618741,2026-07-31,5.0,95
716af4fb-01da-47ac-bc5f-748f1c618741,2026-08-01,5.85,94
716af4fb-01da-47ac-bc5f-748f1c618741,2026-08-02,7.22,92
716af4fb-01da-47ac-bc5f-748f1c618741,2026-08-03,7.51,92
716af4fb-01da-47ac-bc5f-748f1c618741,2026-08-04,9.07,90
716af4fb-01da-47ac-bc5f-748f1c618741,2026-08-05,6.9,93
719ba7b6-dac9-4367-8a9c-092cc598a289,2026-07-30,5.0,95
719ba7b6-dac9-4367-8a9c-092cc598a289,2026-07-31,5.0,95
719ba7b6-dac9-4367-8a9c-092cc598a289,2026-08-01,5.0,95
719ba7b6-dac9-4367-8a9c-092cc598a289,2026-08-02,5.0,95
719ba7b6-dac9-4367-8a9c-092cc598a289,2026-08-03,5.0,95
719ba7b6-dac9-4367-8a9c-092cc598a289,2026-08-04,5.0,95
719ba7b6-dac9-4367-8a9c-092cc598a289,2026-08-05,1.4,98
74c9193d-ac5c-4ff4-9fb8-7a7a1daff872,2026-07-30,5.0,95
74c9193d-ac5c-4ff4-9fb8-7a7a1daff872,2026-07-31,5.0,95
74c9193d-ac5c-4ff4-9fb8-7a7a1daff872,2026-08-01,5.34,94
74c9193d-ac5c-4ff4-9fb8-7a7a1daff872,2026-08-02,5.0,95
74c9193d-ac5c-4ff4-9fb8-7a7a1daff872,2026-08-03,5.0,95
74c9193d-ac5c-4ff4-9fb8-7a7a1daff872,2026-08-04,5.0,95
74c9193d-ac5c-4ff4-9fb8-7a7a1daff872,2026-08-05,2.3,97
75eaadf1-7b4e-4fda-b984-6ae2d9f27320,2026-07-30,5.0,95
75eaadf1-7b4e-4fda-b984-6ae2d9f27320,2026-07-31,5.0,95
75eaadf1-7b4e-4fda-b984-6ae2d9f27320,2026-08-01,5.0,95
75eaadf1-7b4e-4fda-b984-6ae2d9f27320,2026-08-02,5.0,95
75eaadf1-7b4e-4fda-b984-6ae2d9f27320,2026-08-03,5.0,95
75eaadf1-7b4e-4fda-b984-6ae2d9f27320,2026-08-04,5.0,95
75eaadf1-7b4e-4fda-b984-6ae2d9f27320,2026-08-05,1.4,98
7692b95a-109d-4ba9-93fa-56fdd880f5d6,2026-07-30,5.0,95
7692b95a-109d-4ba9-93fa-56fdd880f5d6,2026-07-31,5.0,95
7692b95a-109d-4ba9-93fa-56fdd880f5d6,2026-08-01,5.0,95
7692b95a-109d-4ba9-93fa-56fdd880f5d6,2026-08-02,5.0,95
7692b95a-109d-4ba9-93fa-56fdd880f5d6,2026-08-03,5.0,95
7692b95a-109d-4ba9-93fa-56fdd880f5d6,2026-08-04,5.0,95
7692b95a-109d-4ba9-93fa-56fdd880f5d6,2026-08-05,1.4,98
97efd9c0-155e-4d46-93d7-d2710eef7035,2026-07-30,5.0,95
97efd9c0-155e-4d46-93d7-d2710eef7035,2026-07-31,5.0,95
97efd9c0-155e-4d46-93d7-d2710eef7035,2026-08-01,5.0,95
97efd9c0-155e-4d46-93d7-d2710eef7035,2026-08-02,5.0,95
97efd9c0-155e-4d46-93d7-d2710eef7035,2026-08-03,5.0,95
97efd9c0-155e-4d46-93d7-d2710eef7035,2026-08-04,5.0,95
97efd9c0-155e-4d46-93d7-d2710eef7035,2026-08-05,1.4,98
97ffe2d7-6cbf-454a-ae1d-93dd53b62a8d,2026-07-30,5.0,95
97ffe2d7-6cbf-454a-ae1d-93dd53b62a8d,2026-07-31,5.0,95
97ffe2d7-6cbf-454a-ae1d-93dd53b62a8d,2026-08-01,5.0,95
97ffe2d7-6cbf-454a-ae1d-93dd53b62a8d,2026-08-02,5.0,95
97ffe2d7-6cbf-454a-ae1d-93dd53b62a8d,2026-08-03,5.0,95
97ffe2d7-6cbf-454a-ae1d-93dd53b62a8d,2026-08-04,5.0,95
97ffe2d7-6cbf-454a-ae1d-93dd53b62a8d,2026-08-05,1.4,98
989cf8bd-164b-42ff-94b9-dad611c6ce06,2026-07-30,5.0,95
989cf8bd-164b-42ff-94b9-dad611c6ce06,2026-07-31,5.0,95
989cf8bd-164b-42ff-94b9-dad611c6ce06,2026-08-01,5.0,95
989cf8bd-164b-42ff-94b9-dad611c6ce06,2026-08-02,5.0,95
989cf8bd-164b-42ff-94b9-dad611c6ce06,2026-08-03,5.0,95
989cf8bd-164b-42ff-94b9-dad611c6ce06,2026-08-04,5.0,95
989cf8bd-164b-42ff-94b9-dad611c6ce06,2026-08-05,1.4,98
9919aa3e-e0cf-4027-8e6a-0b4838359c64,2026-07-30,5.0,95
9919aa3e-e0cf-4027-8e6a-0b4838359c64,2026-07-31,5.0,95
9919aa3e-e0cf-4027-8e6a-0b4838359c64,2026-08-01,5.0,95
9919aa3e-e0cf-4027-8e6a-0b4838359c64,2026-08-02,5.0,95
9919aa3e-e0cf-4027-8e6a-0b4838359c64,2026-08-03,5.0,95
9919aa3e-e0cf-4027-8e6a-0b4838359c64,2026-08-04,5.15,94
9919aa3e-e0cf-4027-8e6a-0b4838359c64,2026-08-05,1.4,98
992c3a15-a948-480d-b04f-7be822304ca0,2026-07-30,5.0,95
992c3a15-a948-480d-b04f-7be822304ca0,2026-07-31,5.0,95
992c3a15-a948-480d-b04f-7be822304ca0,2026-08-01,5.0,95
992c3a15-a948-480d-b04f-7be822304ca0,2026-08-02,5.0,95
992c3a15-a948-480d-b04f-7be822304ca0,2026-08-03,5.0,95
992c3a15-a948-480d-b04f-7be822304ca0,2026-08-04,5.0,95
992c3a15-a948-480d-b04f-7be822304ca0,2026-08-05,1.4,98
9976efb4-214a-4049-a496-bb800a354f8b,2026-07-30,5.0,95
9976efb4-214a-4049-a496-bb800a354f8b,2026-07-31,5.0,95
9976efb4-214a-4049-a496-bb800a354f8b,2026-08-01,5.75,94
9976efb4-214a-4049-a496-bb800a354f8b,2026-08-02,5.0,95
9976efb4-214a-4049-a496-bb800a354f8b,2026-08-03,5.0,95
9976efb4-214a-4049-a496-bb800a354f8b,2026-08-04,5.0,95
9976efb4-214a-4049-a496-bb800a354f8b,2026-08-05,1.4,98
9a0599c5-ff24-4f88-af7b-ab4f0a3ca399,2026-07-30,5.0,95
9a0599c5-ff24-4f88-af7b-ab4f0a3ca399,2026-07-31,6.76,93
9a0599c5-ff24-4f88-af7b-ab4f0a3ca399,2026-08-01,5.0,95
9a0599c5-ff24-4f88-af7b-ab4f0a3ca399,2026-08-02,5.72,94
9a0599c5-ff24-4f88-af7b-ab4f0a3ca399,2026-08-03,5.0,95
9a0599c5-ff24-4f88-af7b-ab4f0a3ca399,2026-08-04,5.0,95
9a0599c5-ff24-4f88-af7b-ab4f0a3ca399,2026-08-05,2.5,97
9a0ffaf8-9761-4259-b362-040a057681d6,2026-07-30,5.0,95
9a0ffaf8-9761-4259-b362-040a057681d6,2026-07-31,5.0,95
9a0ffaf8-9761-4259-b362-040a057681d6,2026-08-01,5.0,95
9a0ffaf8-9761-4259-b362-040a057681d6,2026-08-02,5.0,95
9a0ffaf8-9761-4259-b362-040a057681d6,2026-08-03,5.0,95
9a0ffaf8-9761-4259-b362-040a057681d6,2026-08-04,5.0,95
9a0ffaf8-9761-4259-b362-040a057681d6,2026-08-05,1.4,98
9ae75646-d61c-4f31-b99b-0ae5b2b5e9a7,2026-07-30,5.0,95
9ae75646-d61c-4f31-b99b-0ae5b2b5e9a7,2026-07-31,5.0,95
9ae75646-d61c-4f31-b99b-0ae5b2b5e9a7,2026-08-01,5.57,94
9ae75646-d61c-4f31-b99b-0ae5b2b5e9a7,2026-08-02,5.0,95
9ae75646-d61c-4f31-b99b-0ae5b2b5e9a7,2026-08-03,5.0,95
9ae75646-d61c-4f31-b99b-0ae5b2b5e9a7,2026-08-04,5.0,95
9ae75646-d61c-4f31-b99b-0ae5b2b5e9a7,2026-08-05,1.4,98
9b282dc1-9083-4614-a0b5-95f3f61f455e,2026-07-30,5.0,95
9b282dc1-9083-4614-a0b5-95f3f61f455e,2026-07-31,5.0,95
9b282dc1-9083-4614-a0b5-95f3f61f455e,2026-08-01,5.0,95
9b282dc1-9083-4614-a0b5-95f3f61f455e,2026-08-02,5.0,95
9b282dc1-9083-4614-a0b5-95f3f61f455e,2026-08-03,5.0,95
9b282dc1-9083-4614-a0b5-95f3f61f455e,2026-08-04,5.0,95
9b282dc1-9083-4614-a0b5-95f3f61f455e,2026-08-05,1.4,98
9b927685-2f65-4069-b953-5af97326d069,2026-07-30,5.0,95
9b927685-2f65-4069-b953-5af97326d069,2026-07-31,5.0,95
9b927685-2f65-4069-b953-5af97326d069,2026-08-01,5.0,95
9b927685-2f65-4069-b953-5af97326d069,2026-08-02,5.0,95
9b927685-2f65-4069-b953-5af97326d069,2026-08-03,5.0,95
9b927685-2f65-4069-b953-5af97326d069,2026-08-04,5.0,95
9b927685-2f65-4069-b953-5af97326d069,2026-08-05,1.4,98
9cc68ec8-03f0-45a0-82d9-58adf6401a07,2026-07-30,6.17,93
9cc68ec8-03f0-45a0-82d9-58adf6401a07,2026-07-31,5.0,95
9cc68ec8-03f0-45a0-82d9-58adf6401a07,2026-08-01,5.0,95
9cc68ec8-03f0-45a0-82d9-58adf6401a07,2026-08-02,5.0,95
9cc68ec8-03f0-45a0-82d9-58adf6401a07,2026-08-03,5.0,95
9cc68ec8-03f0-45a0-82d9-58adf6401a07,2026-08-04,5.0,95
9cc68ec8-03f0-45a0-82d9-58adf6401a07,2026-08-05,1.4,98
9dea734f-7e16-4c9c-a2ac-85428bfc49a3,2026-07-30,5.0,95
9dea734f-7e16-4c9c-a2ac-85428bfc49a3,2026-07-31,5.0,95
9dea734f-7e16-4c9c-a2ac-85428bfc49a3,2026-08-01,5.0,95
9dea734f-7e16-4c9c-a2ac-85428bfc49a3,2026-08-02,5.0,95
9dea734f-7e16-4c9c-a2ac-85428bfc49a3,2026-08-03,5.0,95
9dea734f-7e16-4c9c-a2ac-85428bfc49a3,2026-08-04,5.0,95
9dea734f-7e16-4c9c-a2ac-85428bfc49a3,2026-08-05,1.4,98
9e78c3c0-0f1e-4796-8df1-90e53f25e37d,2026-07-30,7.06,92
9e78c3c0-0f1e-4796-8df1-90e53f25e37d,2026-07-31,5.75,94
9e78c3c0-0f1e-4796-8df1-90e53f25e37d,2026-08-01,5.0,95
9e78c3c0-0f1e-4796-8df1-90e53f25e37d,2026-08-02,5.0,95
9e78c3c0-0f1e-4796-8df1-90e53f25e37d,2026-08-03,5.0,95
9e78c3c0-0f1e-4796-8df1-90e53f25e37d,2026-08-04,5.0,95
9e78c3c0-0f1e-4796-8df1-90e53f25e37d,2026-08-05,1.3,98
a14a4ee7-e97c-407a-a253-66253282ebc8,2026-07-30,5.0,95
a14a4ee7-e97c-407a-a253-66253282ebc8,2026-07-31,5.0,95
a14a4ee7-e97c-407a-a253-66253282ebc8,2026-08-01,5.0,95
a14a4ee7-e97c-407a-a253-66253282ebc8,2026-08-02,5.0,95
a14a4ee7-e97c-407a-a253-66253282ebc8,2026-08-03,5.0,95
a14a4ee7-e97c-407a-a253-66253282ebc8,2026-08-04,5.0,95
a14a4ee7-e97c-407a-a253-66253282ebc8,2026-08-05,1.4,98
bec7eac9-8156-49f4-bc26-6977074e8940,2026-07-30,5.0,95
bec7eac9-8156-49f4-bc26-6977074e8940,2026-07-31,5.0,95
bec7eac9-8156-49f4-bc26-6977074e8940,2026-08-01,5.0,95
bec7eac9-8156-49f4-bc26-6977074e8940,2026-08-02,5.0,95
bec7eac9-8156-49f4-bc26-6977074e8940,2026-08-03,5.0,95
bec7eac9-8156-49f4-bc26-6977074e8940,2026-08-04,5.0,95
bec7eac9-8156-49f4-bc26-6977074e8940,2026-08-05,1.4,98
bf01ec9b-8554-476e-88f8-d86af0bb758a,2026-07-30,5.0,95
bf01ec9b-8554-476e-88f8-d86af0bb758a,2026-07-31,5.0,95
bf01ec9b-8554-476e-88f8-d86af0bb758a,2026-08-01,5.0,95
bf01ec9b-8554-476e-88f8-d86af0bb758a,2026-08-02,5.9,94
bf01ec9b-8554-476e-88f8-d86af0bb758a,2026-08-03,5.0,95
bf01ec9b-8554-476e-88f8-d86af0bb758a,2026-08-04,5.0,95
bf01ec9b-8554-476e-88f8-d86af0bb758a,2026-08-05,1.3,98
bf332975-db0b-4bd2-b78c-b27cd041ecc9,2026-07-30,5.0,95
bf332975-db0b-4bd2-b78c-b27cd041ecc9,2026-07-31,5.0,95
bf332975-db0b-4bd2-b78c-b27cd041ecc9,2026-08-01,5.0,95
bf332975-db0b-4bd2-b78c-b27cd041ecc9,2026-08-02,5.0,95
bf332975-db0b-4bd2-b78c-b27cd041ecc9,2026-08-03,5.0,95
bf332975-db0b-4bd2-b78c-b27cd041ecc9,2026-08-04,5.0,95
bf332975-db0b-4bd2-b78c-b27cd041ecc9,2026-08-05,1.3,98
bf426830-2ddc-4baa-a5b0-487045408e67,2026-07-30,5.0,95
bf426830-2ddc-4baa-a5b0-487045408e67,2026-07-31,5.0,95
bf426830-2ddc-4baa-a5b0-487045408e67,2026-08-01,5.0,95
bf426830-2ddc-4baa-a5b0-487045408e67,2026-08-02,5.0,95
bf426830-2ddc-4baa-a5b0-487045408e67,2026-08-03,5.0,95
bf426830-2ddc-4baa-a5b0-487045408e67,2026-08-04,5.0,95
bf426830-2ddc-4baa-a5b0-487045408e67,2026-08-05,1.4,98
c1779aaf-0acb-4507-a22c-97eb515e942b,2026-07-30,5.0,95
c1779aaf-0acb-4507-a22c-97eb515e942b,2026-07-31,5.0,95
c1779aaf-0acb-4507-a22c-97eb515e942b,2026-08-01,5.0,95
c1779aaf-0acb-4507-a22c-97eb515e942b,2026-08-02,5.0,95
c1779aaf-0acb-4507-a22c-97eb515e942b,2026-08-03,5.0,95
c1779aaf-0acb-4507-a22c-97eb515e942b,2026-08-04,5.0,95
c1779aaf-0acb-4507-a22c-97eb515e942b,2026-08-05,1.4,98
c17d7766-cf71-45ea-a7d5-5a10c26a18ff,2026-07-30,5.0,95
c17d7766-cf71-45ea-a7d5-5a10c26a18ff,2026-07-31,5.0,95
c17d7766-cf71-45ea-a7d5-5a10c26a18ff,2026-08-01,6.88,93
c17d7766-cf71-45ea-a7d5-5a10c26a18ff,2026-08-02,5.0,95
c17d7766-cf71-45ea-a7d5-5a10c26a18ff,2026-08-03,5.0,95
c17d7766-cf71-45ea-a7d5-5a10c26a18ff,2026-08-04,5.0,95
c17d7766-cf71-45ea-a7d5-5a10c26a18ff,2026-08-05,1.4,98
c195b659-71a7-4343-8d9b-638789af87bf,2026-07-30,5.0,95
c195b659-71a7-4343-8d9b-638789af87bf,2026-07-31,5.0,95
c195b659-71a7-4343-8d9b-638789af87bf,2026-08-01,5.0,95
c195b659-71a7-4343-8d9b-638789af87bf,2026-08-02,5.0,95
c195b659-71a7-4343-8d9b-638789af87bf,2026-08-03,5.0,95
c195b659-71a7-4343-8d9b-638789af87bf,2026-08-04,5.0,95
c195b659-71a7-4343-8d9b-638789af87bf,2026-08-05,1.4,98
c231765e-77b0-4ec5-b4fd-69b8362ec1d9,2026-07-30,5.0,95
c231765e-77b0-4ec5-b4fd-69b8362ec1d9,2026-07-31,5.0,95
c231765e-77b0-4ec5-b4fd-69b8362ec1d9,2026-08-01,5.0,95
c231765e-77b0-4ec5-b4fd-69b8362ec1d9,2026-08-02,5.0,95
c231765e-77b0-4ec5-b4fd-69b8362ec1d9,2026-08-03,5.0,95
c231765e-77b0-4ec5-b4fd-69b8362ec1d9,2026-08-04,5.0,95
c231765e-77b0-4ec5-b4fd-69b8362ec1d9,2026-08-05,1.4,98
c267e918-1a83-4a89-812d-33788370488d,2026-07-30,5.0,95
c267e918-1a83-4a89-812d-33788370488d,2026-07-31,5.0,95
c267e918-1a83-4a89-812d-33788370488d,2026-08-01,5.0,95
c267e918-1a83-4a89-812d-33788370488d,2026-08-02,5.0,95
c267e918-1a83-4a89-812d-33788370488d,2026-08-03,5.0,95
c267e918-1a83-4a89-812d-33788370488d,2026-08-04,5.0,95
c267e918-1a83-4a89-812d-33788370488d,2026-08-05,1.4,98
c26dfc1f-44b8-4f36-b7f3-768245dd395a,2026-07-30,5.0,95
c26dfc1f-44b8-4f36-b7f3-768245dd395a,2026-07-31,5.0,95
c26dfc1f-44b8-4f36-b7f3-768245dd395a,2026-08-01,5.0,95
c26dfc1f-44b8-4f36-b7f3-768245dd395a,2026-08-02,5.0,95
c26dfc1f-44b8-4f36-b7f3-768245dd395a,2026-08-03,5.0,95
c26dfc1f-44b8-4f36-b7f3-768245dd395a,2026-08-04,5.0,95
c26dfc1f-44b8-4f36-b7f3-768245dd395a,2026-08-05,1.4,98
c2bea4ef-a6f5-40a1-88dd-eef6faa45941,2026-07-30,5.0,95
c2bea4ef-a6f5-40a1-88dd-eef6faa45941,2026-07-31,5.0,95
c2bea4ef-a6f5-40a1-88dd-eef6faa45941,2026-08-01,5.0,95
c2bea4ef-a6f5-40a1-88dd-eef6faa45941,2026-08-02,5.0,95
c2bea4ef-a6f5-40a1-88dd-eef6faa45941,2026-08-03,5.24,94
c2bea4ef-a6f5-40a1-88dd-eef6faa45941,2026-08-04,5.0,95
c2bea4ef-a6f5-40a1-88dd-eef6faa45941,2026-08-05,1.4,98
c2bf642b-3d6a-49f5-86d9-5493c65b1585,2026-07-30,5.0,95
c2bf642b-3d6a-49f5-86d9-5493c65b1585,2026-07-31,5.0,95
c2bf642b-3d6a-49f5-86d9-5493c65b1585,2026-08-01,5.0,95
c2bf642b-3d6a-49f5-86d9-5493c65b1585,2026-08-02,5.0,95
c2bf642b-3d6a-49f5-86d9-5493c65b1585,2026-08-03,5.0,95
c2bf642b-3d6a-49f5-86d9-5493c65b1585,2026-08-04,5.0,95
c2bf642b-3d6a-49f5-86d9-5493c65b1585,2026-08-05,1.4,98
c2d5fb6c-0782-4910-a204-12415878425e,2026-07-30,5.0,95
c2d5fb6c-0782-4910-a204-12415878425e,2026-07-31,5.0,95
c2d5fb6c-0782-4910-a204-12415878425e,2026-08-01,5.0,95
c2d5fb6c-0782-4910-a204-12415878425e,2026-08-02,5.0,95
c2d5fb6c-0782-4910-a204-12415878425e,2026-08-03,5.0,95
c2d5fb6c-0782-4910-a204-12415878425e,2026-08-04,5.0,95
c2d5fb6c-0782-4910-a204-12415878425e,2026-08-05,1.4,98
c319b1fb-04f2-4aeb-9bbf-5282ee083ae5,2026-07-30,5.0,95
c319b1fb-04f2-4aeb-9bbf-5282ee083ae5,2026-07-31,5.0,95
c319b1fb-04f2-4aeb-9bbf-5282ee083ae5,2026-08-01,5.31,94
c319b1fb-04f2-4aeb-9bbf-5282ee083ae5,2026-08-02,5.0,95
c319b1fb-04f2-4aeb-9bbf-5282ee083ae5,2026-08-03,5.0,95
c319b1fb-04f2-4aeb-9bbf-5282ee083ae5,2026-08-04,5.0,95
c319b1fb-04f2-4aeb-9bbf-5282ee083ae5,2026-08-05,1.4,98
c3bb2a56-c7c0-4f18-904e-f5388a5f8209,2026-07-30,5.0,95
c3bb2a56-c7c0-4f18-904e-f5388a5f8209,2026-07-31,5.0,95
c3bb2a56-c7c0-4f18-904e-f5388a5f8209,2026-08-01,5.0,95
c3bb2a56-c7c0-4f18-904e-f5388a5f8209,2026-08-02,5.0,95
c3bb2a56-c7c0-4f18-904e-f5388a5f8209,2026-08-03,5.0,95
c3bb2a56-c7c0-4f18-904e-f5388a5f8209,2026-08-04,5.0,95
c3bb2a56-c7c0-4f18-904e-f5388a5f8209,2026-08-05,1.4,98
c3fcec2e-2f98-4d9c-97ad-c0380ac1db10,2026-07-30,5.0,95
c3fcec2e-2f98-4d9c-97ad-c0380ac1db10,2026-07-31,5.0,95
c3fcec2e-2f98-4d9c-97ad-c0380ac1db10,2026-08-01,5.78,94
c3fcec2e-2f98-4d9c-97ad-c0380ac1db10,2026-08-02,5.72,94
c3fcec2e-2f98-4d9c-97ad-c0380ac1db10,2026-08-03,5.0,95
c3fcec2e-2f98-4d9c-97ad-c0380ac1db10,2026-08-04,5.0,95
c3fcec2e-2f98-4d9c-97ad-c0380ac1db10,2026-08-05,1.4,98
c4081ca5-4238-4aee-a41f-d4e3bf2347e0,2026-07-30,5.0,95
c4081ca5-4238-4aee-a41f-d4e3bf2347e0,2026-07-31,5.0,95
c4081ca5-4238-4aee-a41f-d4e3bf2347e0,2026-08-01,5.0,95
c4081ca5-4238-4aee-a41f-d4e3bf2347e0,2026-08-02,5.0,95
c4081ca5-4238-4aee-a41f-d4e3bf2347e0,2026-08-03,5.0,95
c4081ca5-4238-4aee-a41f-d4e3bf2347e0,2026-08-04,5.0,95
c4081ca5-4238-4aee-a41f-d4e3bf2347e0,2026-08-05,1.5,98
c4b2f223-663c-4ce6-ba9f-df825a0dc422,2026-07-30,5.0,95
c4b2f223-663c-4ce6-ba9f-df825a0dc422,2026-07-31,5.0,95
c4b2f223-663c-4ce6-ba9f-df825a0dc422,2026-08-01,5.0,95
c4b2f223-663c-4ce6-ba9f-df825a0dc422,2026-08-02,5.0,95
c4b2f223-663c-4ce6-ba9f-df825a0dc422,2026-08-03,5.0,95
c4b2f223-663c-4ce6-ba9f-df825a0dc422,2026-08-04,5.0,95
c4b2f223-663c-4ce6-ba9f-df825a0dc422,2026-08-05,1.4,98
c4f85157-8366-4368-9768-f5e78470cd91,2026-07-30,5.0,95
c4f85157-8366-4368-9768-f5e78470cd91,2026-07-31,5.0,95
c4f85157-8366-4368-9768-f5e78470cd91,2026-08-01,5.0,95
c4f85157-8366-4368-9768-f5e78470cd91,2026-08-02,5.0,95
c4f85157-8366-4368-9768-f5e78470cd91,2026-08-03,5.0,95
c4f85157-8366-4368-9768-f5e78470cd91,2026-08-04,5.0,95
c4f85157-8366-4368-9768-f5e78470cd91,2026-08-05,1.4,98
c504125b-b516-4847-9b88-322350dddde5,2026-07-30,5.0,95
c504125b-b516-4847-9b88-322350dddde5,2026-07-31,5.0,95
c504125b-b516-4847-9b88-322350dddde5,2026-08-01,5.0,95
c504125b-b516-4847-9b88-322350dddde5,2026-08-02,5.07,94
c504125b-b516-4847-9b88-322350dddde5,2026-08-03,5.0,95
c504125b-b516-4847-9b88-322350dddde5,2026-08-04,5.0,95
c504125b-b516-4847-9b88-322350dddde5,2026-08-05,1.4,98
c66c65b2-717e-4dec-823a-5c60a29b7121,2026-07-30,5.0,95
c66c65b2-717e-4dec-823a-5c60a29b7121,2026-07-31,5.0,94
c66c65b2-717e-4dec-823a-5c60a29b7121,2026-08-01,5.0,95
c66c65b2-717e-4dec-823a-5c60a29b7121,2026-08-02,5.0,95
c66c65b2-717e-4dec-823a-5c60a29b7121,2026-08-03,5.0,95
c66c65b2-717e-4dec-823a-5c60a29b7121,2026-08-04,5.0,95
c66c65b2-717e-4dec-823a-5c60a29b7121,2026-08-05,1.4,98
c6c5f3dc-37e6-41f8-9cad-e13d48b417af,2026-07-30,5.0,95
c6c5f3dc-37e6-41f8-9cad-e13d48b417af,2026-07-31,5.0,95
c6c5f3dc-37e6-41f8-9cad-e13d48b417af,2026-08-01,5.0,95
c6c5f3dc-37e6-41f8-9cad-e13d48b417af,2026-08-02,5.0,95
c6c5f3dc-37e6-41f8-9cad-e13d48b417af,2026-08-03,5.0,95
c6c5f3dc-37e6-41f8-9cad-e13d48b417af,2026-08-04,5.0,95
c6c5f3dc-37e6-41f8-9cad-e13d48b417af,2026-08-05,2.4,97
e8d16644-58d2-4fdd-a9ad-d64f48d78d97,2026-07-30,5.0,95
e8d16644-58d2-4fdd-a9ad-d64f48d78d97,2026-07-31,5.0,95
e8d16644-58d2-4fdd-a9ad-d64f48d78d97,2026-08-01,5.0,95
e8d16644-58d2-4fdd-a9ad-d64f48d78d97,2026-08-02,5.0,95
e8d16644-58d2-4fdd-a9ad-d64f48d78d97,2026-08-03,5.0,95
e8d16644-58d2-4fdd-a9ad-d64f48d78d97,2026-08-04,5.0,95
e8d16644-58d2-4fdd-a9ad-d64f48d78d97,2026-08-05,2.3,97
eab9ab06-451f-4ad1-8cc2-ad0442b30a17,2026-07-30,89.2,10
eab9ab06-451f-4ad1-8cc2-ad0442b30a17,2026-07-31,87.81,12
eab9ab06-451f-4ad1-8cc2-ad0442b30a17,2026-08-01,91.5,8
eab9ab06-451f-4ad1-8cc2-ad0442b30a17,2026-08-02,95.27,4
eab9ab06-451f-4ad1-8cc2-ad0442b30a17,2026-08-03,92.16,7
eab9ab06-451f-4ad1-8cc2-ad0442b30a17,2026-08-04,95.12,4
eab9ab06-451f-4ad1-8cc2-ad0442b30a17,2026-08-05,94.3,5
eb6b97cb-5333-48af-a3bd-e5c3014127bf,2026-07-30,5.0,95
eb6b97cb-5333-48af-a3bd-e5c3014127bf,2026-07-31,5.0,95
eb6b97cb-5333-48af-a3bd-e5c3014127bf,2026-08-01,5.0,95
eb6b97cb-5333-48af-a3bd-e5c3014127bf,2026-08-02,5.0,95
eb6b97cb-5333-48af-a3bd-e5c3014127bf,2026-08-03,5.0,95
eb6b97cb-5333-48af-a3bd-e5c3014127bf,2026-08-04,5.0,95
eb6b97cb-5333-48af-a3bd-e5c3014127bf,2026-08-05,1.4,98
ed4fafb1-2006-48da-90ed-34f5ca92a789,2026-07-30,5.0,95
ed4fafb1-2006-48da-90ed-34f5ca92a789,2026-07-31,5.0,95
ed4fafb1-2006-48da-90ed-34f5ca92a789,2026-08-01,5.0,95
ed4fafb1-2006-48da-90ed-34f5ca92a789,2026-08-02,5.0,95
ed4fafb1-2006-48da-90ed-34f5ca92a789,2026-08-03,5.0,95
ed4fafb1-2006-48da-90ed-34f5ca92a789,2026-08-04,5.0,95
ed4fafb1-2006-48da-90ed-34f5ca92a789,2026-08-05,2.8,97
ee792e5f-3aa5-4a35-bedf-1fc652a77706,2026-07-30,5.0,95
ee792e5f-3aa5-4a35-bedf-1fc652a77706,2026-07-31,5.0,95
ee792e5f-3aa5-4a35-bedf-1fc652a77706,2026-08-01,5.0,95
ee792e5f-3aa5-4a35-bedf-1fc652a77706,2026-08-02,5.0,95
ee792e5f-3aa5-4a35-bedf-1fc652a77706,2026-08-03,5.0,95
ee792e5f-3aa5-4a35-bedf-1fc652a77706,2026-08-04,5.0,95
ee792e5f-3aa5-4a35-bedf-1fc652a77706,2026-08-05,3.3,96
f22ba7d8-3a81-4c4a-a138-01f36c05c2f7,2026-07-30,5.0,95
f22ba7d8-3a81-4c4a-a138-01f36c05c2f7,2026-07-31,5.0,95
f22ba7d8-3a81-4c4a-a138-01f36c05c2f7,2026-08-01,5.49,94
f22ba7d8-3a81-4c4a-a138-01f36c05c2f7,2026-08-02,5.0,95
f22ba7d8-3a81-4c4a-a138-01f36c05c2f7,2026-08-03,5.0,95
f22ba7d8-3a81-4c4a-a138-01f36c05c2f7,2026-08-04,6.75,93
f22ba7d8-3a81-4c4a-a138-01f36c05c2f7,2026-08-05,4.7,95
f3802d32-1bb8-48d5-9ab5-382d4a07cb48,2026-07-30,86.02,13
f3802d32-1bb8-48d5-9ab5-382d4a07cb48,2026-07-31,95.21,4
f3802d32-1bb8-48d5-9ab5-382d4a07cb48,2026-08-01,95.28,4
f3802d32-1bb8-48d5-9ab5-382d4a07cb48,2026-08-02,97.83,2
f3802d32-1bb8-48d5-9ab5-382d4a07cb48,2026-08-03,90.13,9
f3802d32-1bb8-48d5-9ab5-382d4a07cb48,2026-08-04,98.0,2
f3802d32-1bb8-48d5-9ab5-382d4a07cb48,2026-08-05,95.9,4
f457ff95-03f6-425b-be5a-189f313902d7,2026-07-30,5.0,95
f457ff95-03f6-425b-be5a-189f313902d7,2026-07-31,5.0,95
f457ff95-03f6-425b-be5a-189f313902d7,2026-08-01,6.45,93
f457ff95-03f6-425b-be5a-189f313902d7,2026-08-02,5.0,95
f457ff95-03f6-425b-be5a-189f313902d7,2026-08-03,5.0,95
f457ff95-03f6-425b-be5a-189f313902d7,2026-08-04,5.0,95
f457ff95-03f6-425b-be5a-189f313902d7,2026-08-05,1.4,98
f45a3283-4336-40de-ad19-85827230cbc5,2026-07-30,5.0,95
f45a3283-4336-40de-ad19-85827230cbc5,2026-07-31,7.47,92
f45a3283-4336-40de-ad19-85827230cbc5,2026-08-01,6.08,93
f45a3283-4336-40de-ad19-85827230cbc5,2026-08-02,8.98,91
f45a3283-4336-40de-ad19-85827230cbc5,2026-08-03,11.49,88
f45a3283-4336-40de-ad19-85827230cbc5,2026-08-04,5.08,94
f45a3283-4336-40de-ad19-85827230cbc5,2026-08-05,10.0,90
f558bac6-e151-48e7-8119-39b7d5953c46,2026-07-30,5.0,95
f558bac6-e151-48e7-8119-39b7d5953c46,2026-07-31,5.0,95
f558bac6-e151-48e7-8119-39b7d5953c46,2026-08-01,5.0,95
f558bac6-e151-48e7-8119-39b7d5953c46,2026-08-02,5.0,95
f558bac6-e151-48e7-8119-39b7d5953c46,2026-08-03,5.45,94
f558bac6-e151-48e7-8119-39b7d5953c46,2026-08-04,5.0,95
f558bac6-e151-48e7-8119-39b7d5953c46,2026-08-05,2.2,97
5e1c5065-1a00-49bc-b6d0-d662a836e7d1,2026-07-30,5.08,94
5e1c5065-1a00-49bc-b6d0-d662a836e7d1,2026-07-31,5.0,95
5e1c5065-1a00-49bc-b6d0-d662a836e7d1,2026-08-01,5.0,95
5e1c5065-1a00-49bc-b6d0-d662a836e7d1,2026-08-02,5.0,95
5e1c5065-1a00-49bc-b6d0-d662a836e7d1,2026-08-03,5.0,95
5e1c5065-1a00-49bc-b6d0-d662a836e7d1,2026-08-04,5.0,95
5e1c5065-1a00-49bc-b6d0-d662a836e7d1,2026-08-05,1.4,98
5eef693b-72ed-4a5c-a6ea-12cb1cb7e707,2026-07-30,5.0,95
5eef693b-72ed-4a5c-a6ea-12cb1cb7e707,2026-07-31,5.0,95
5eef693b-72ed-4a5c-a6ea-12cb1cb7e707,2026-08-01,5.0,95
5eef693b-72ed-4a5c-a6ea-12cb1cb7e707,2026-08-02,5.0,95
5eef693b-72ed-4a5c-a6ea-12cb1cb7e707,2026-08-03,5.0,95
5eef693b-72ed-4a5c-a6ea-12cb1cb7e707,2026-08-04,5.0,95
5eef693b-72ed-4a5c-a6ea-12cb1cb7e707,2026-08-05,1.4,98
5f0819a4-0aa9-46cf-9362-1ad5b5e7bad2,2026-07-30,5.0,95
5f0819a4-0aa9-46cf-9362-1ad5b5e7bad2,2026-07-31,5.0,95
5f0819a4-0aa9-46cf-9362-1ad5b5e7bad2,2026-08-01,5.0,95
5f0819a4-0aa9-46cf-9362-1ad5b5e7bad2,2026-08-02,5.0,95
5f0819a4-0aa9-46cf-9362-1ad5b5e7bad2,2026-08-03,5.0,95
5f0819a4-0aa9-46cf-9362-1ad5b5e7bad2,2026-08-04,5.0,95
5f0819a4-0aa9-46cf-9362-1ad5b5e7bad2,2026-08-05,1.4,98
5f24a0eb-66f9-4c0c-8991-931bbd4bfd43,2026-07-30,5.0,95
5f24a0eb-66f9-4c0c-8991-931bbd4bfd43,2026-07-31,5.0,95
5f24a0eb-66f9-4c0c-8991-931bbd4bfd43,2026-08-01,5.0,95
5f24a0eb-66f9-4c0c-8991-931bbd4bfd43,2026-08-02,5.0,95
5f24a0eb-66f9-4c0c-8991-931bbd4bfd43,2026-08-03,5.0,95
5f24a0eb-66f9-4c0c-8991-931bbd4bfd43,2026-08-04,5.0,95
5f24a0eb-66f9-4c0c-8991-931bbd4bfd43,2026-08-05,1.4,98
5f294aa2-e8e1-4e5b-914e-6e00cbe3c854,2026-07-30,5.0,95
5f294aa2-e8e1-4e5b-914e-6e00cbe3c854,2026-07-31,5.0,95
5f294aa2-e8e1-4e5b-914e-6e00cbe3c854,2026-08-01,5.0,95
5f294aa2-e8e1-4e5b-914e-6e00cbe3c854,2026-08-02,5.29,94
5f294aa2-e8e1-4e5b-914e-6e00cbe3c854,2026-08-03,5.0,95
5f294aa2-e8e1-4e5b-914e-6e00cbe3c854,2026-08-04,5.0,95
5f294aa2-e8e1-4e5b-914e-6e00cbe3c854,2026-08-05,1.4,98
5f6ec021-10dc-42d6-bb9a-298b35ab7db0,2026-07-30,5.0,95
5f6ec021-10dc-42d6-bb9a-298b35ab7db0,2026-07-31,5.0,95
5f6ec021-10dc-42d6-bb9a-298b35ab7db0,2026-08-01,5.0,95
5f6ec021-10dc-42d6-bb9a-298b35ab7db0,2026-08-02,5.0,95
5f6ec021-10dc-42d6-bb9a-298b35ab7db0,2026-08-03,5.0,95
5f6ec021-10dc-42d6-bb9a-298b35ab7db0,2026-08-04,5.0,95
5f6ec021-10dc-42d6-bb9a-298b35ab7db0,2026-08-05,1.3,98
602fd79a-5f3c-4155-8243-9d91a165187f,2026-07-30,5.0,95
602fd79a-5f3c-4155-8243-9d91a165187f,2026-07-31,5.0,95
602fd79a-5f3c-4155-8243-9d91a165187f,2026-08-01,5.0,95
602fd79a-5f3c-4155-8243-9d91a165187f,2026-08-02,5.0,95
602fd79a-5f3c-4155-8243-9d91a165187f,2026-08-03,5.0,95
602fd79a-5f3c-4155-8243-9d91a165187f,2026-08-04,5.0,95
602fd79a-5f3c-4155-8243-9d91a165187f,2026-08-05,1.4,98
72a6ef00-64fe-465e-87e5-198bba812ab9,2026-07-30,5.0,95
72a6ef00-64fe-465e-87e5-198bba812ab9,2026-07-31,5.6,94
72a6ef00-64fe-465e-87e5-198bba812ab9,2026-08-01,5.0,95
72a6ef00-64fe-465e-87e5-198bba812ab9,2026-08-02,5.0,95
72a6ef00-64fe-465e-87e5-198bba812ab9,2026-08-03,5.0,95
72a6ef00-64fe-465e-87e5-198bba812ab9,2026-08-04,5.0,95
72a6ef00-64fe-465e-87e5-198bba812ab9,2026-08-05,1.4,98
72f80b85-17dc-48a6-8043-165e81f36bb3,2026-07-30,5.0,95
72f80b85-17dc-48a6-8043-165e81f36bb3,2026-07-31,5.0,95
72f80b85-17dc-48a6-8043-165e81f36bb3,2026-08-01,5.0,95
72f80b85-17dc-48a6-8043-165e81f36bb3,2026-08-02,5.05,94
72f80b85-17dc-48a6-8043-165e81f36bb3,2026-08-03,5.0,95
72f80b85-17dc-48a6-8043-165e81f36bb3,2026-08-04,5.0,95
72f80b85-17dc-48a6-8043-165e81f36bb3,2026-08-05,1.4,98
731f761c-81d4-4801-ad5c-f303d1b42c3c,2026-07-30,5.0,95
731f761c-81d4-4801-ad5c-f303d1b42c3c,2026-07-31,5.0,95
731f761c-81d4-4801-ad5c-f303d1b42c3c,2026-08-01,5.0,95
731f761c-81d4-4801-ad5c-f303d1b42c3c,2026-08-02,5.0,95
731f761c-81d4-4801-ad5c-f303d1b42c3c,2026-08-03,5.0,95
731f761c-81d4-4801-ad5c-f303d1b42c3c,2026-08-04,5.0,95
731f761c-81d4-4801-ad5c-f303d1b42c3c,2026-08-05,1.3,98
7589de49-f8d2-4bd5-8521-19918389864f,2026-07-30,5.0,95
7589de49-f8d2-4bd5-8521-19918389864f,2026-07-31,5.0,95
7589de49-f8d2-4bd5-8521-19918389864f,2026-08-01,5.0,95
7589de49-f8d2-4bd5-8521-19918389864f,2026-08-02,5.0,95
7589de49-f8d2-4bd5-8521-19918389864f,2026-08-03,5.0,95
7589de49-f8d2-4bd5-8521-19918389864f,2026-08-04,5.0,95
7589de49-f8d2-4bd5-8521-19918389864f,2026-08-05,1.4,98
763484e3-a6fb-45b8-8d3f-39ff22e85935,2026-07-30,5.0,95
763484e3-a6fb-45b8-8d3f-39ff22e85935,2026-07-31,5.0,95
763484e3-a6fb-45b8-8d3f-39ff22e85935,2026-08-01,5.0,95
763484e3-a6fb-45b8-8d3f-39ff22e85935,2026-08-02,5.0,95
763484e3-a6fb-45b8-8d3f-39ff22e85935,2026-08-03,5.0,95
763484e3-a6fb-45b8-8d3f-39ff22e85935,2026-08-04,5.0,95
763484e3-a6fb-45b8-8d3f-39ff22e85935,2026-08-05,1.4,98
768baffd-f9b2-4691-881d-9a0ddcd6ff44,2026-07-30,5.0,95
768baffd-f9b2-4691-881d-9a0ddcd6ff44,2026-07-31,5.0,95
768baffd-f9b2-4691-881d-9a0ddcd6ff44,2026-08-01,5.0,95
768baffd-f9b2-4691-881d-9a0ddcd6ff44,2026-08-02,5.0,95
768baffd-f9b2-4691-881d-9a0ddcd6ff44,2026-08-03,5.0,95
768baffd-f9b2-4691-881d-9a0ddcd6ff44,2026-08-04,5.0,95
768baffd-f9b2-4691-881d-9a0ddcd6ff44,2026-08-05,1.8,98
76b859cc-7a5a-415b-b21c-7e02c85491a6,2026-07-30,5.0,95
76b859cc-7a5a-415b-b21c-7e02c85491a6,2026-07-31,5.0,95
76b859cc-7a5a-415b-b21c-7e02c85491a6,2026-08-01,5.0,95
76b859cc-7a5a-415b-b21c-7e02c85491a6,2026-08-02,5.0,95
76b859cc-7a5a-415b-b21c-7e02c85491a6,2026-08-03,5.0,95
76b859cc-7a5a-415b-b21c-7e02c85491a6,2026-08-04,5.0,95
76b859cc-7a5a-415b-b21c-7e02c85491a6,2026-08-05,1.4,98
a68851bf-53e5-40b2-9f67-842babeab217,2026-07-30,5.0,95
a68851bf-53e5-40b2-9f67-842babeab217,2026-07-31,5.0,95
a68851bf-53e5-40b2-9f67-842babeab217,2026-08-01,5.0,95
a68851bf-53e5-40b2-9f67-842babeab217,2026-08-02,5.0,95
a68851bf-53e5-40b2-9f67-842babeab217,2026-08-03,5.0,95
a68851bf-53e5-40b2-9f67-842babeab217,2026-08-04,5.0,95
a68851bf-53e5-40b2-9f67-842babeab217,2026-08-05,1.4,98
a6b82e1d-95ea-4429-8301-8ac0c8931a4e,2026-07-30,5.0,95
a6b82e1d-95ea-4429-8301-8ac0c8931a4e,2026-07-31,5.0,95
a6b82e1d-95ea-4429-8301-8ac0c8931a4e,2026-08-01,5.0,95
a6b82e1d-95ea-4429-8301-8ac0c8931a4e,2026-08-02,5.0,95
a6b82e1d-95ea-4429-8301-8ac0c8931a4e,2026-08-03,5.0,95
a6b82e1d-95ea-4429-8301-8ac0c8931a4e,2026-08-04,5.0,95
a6b82e1d-95ea-4429-8301-8ac0c8931a4e,2026-08-05,1.4,98
a6c6031d-404e-43e9-b8c0-5da58e095e3e,2026-07-30,5.0,95
a6c6031d-404e-43e9-b8c0-5da58e095e3e,2026-07-31,5.0,95
a6c6031d-404e-43e9-b8c0-5da58e095e3e,2026-08-01,5.0,95
a6c6031d-404e-43e9-b8c0-5da58e095e3e,2026-08-02,5.0,95
a6c6031d-404e-43e9-b8c0-5da58e095e3e,2026-08-03,5.0,95
a6c6031d-404e-43e9-b8c0-5da58e095e3e,2026-08-04,5.0,95
a6c6031d-404e-43e9-b8c0-5da58e095e3e,2026-08-05,1.5,98
ce5da3d8-5475-46c4-bbb9-76b0ac48c048,2026-07-30,5.0,95
ce5da3d8-5475-46c4-bbb9-76b0ac48c048,2026-07-31,5.0,95
ce5da3d8-5475-46c4-bbb9-76b0ac48c048,2026-08-01,5.0,95
ce5da3d8-5475-46c4-bbb9-76b0ac48c048,2026-08-02,5.0,95
ce5da3d8-5475-46c4-bbb9-76b0ac48c048,2026-08-03,5.0,95
ce5da3d8-5475-46c4-bbb9-76b0ac48c048,2026-08-04,5.0,95
ce5da3d8-5475-46c4-bbb9-76b0ac48c048,2026-08-05,1.4,98
892d51ba-a84b-4852-8888-4a8cd10e128e,2026-07-30,5.0,95
892d51ba-a84b-4852-8888-4a8cd10e128e,2026-07-31,5.0,95
892d51ba-a84b-4852-8888-4a8cd10e128e,2026-08-01,5.0,95
892d51ba-a84b-4852-8888-4a8cd10e128e,2026-08-02,5.0,95
892d51ba-a84b-4852-8888-4a8cd10e128e,2026-08-03,5.0,95
892d51ba-a84b-4852-8888-4a8cd10e128e,2026-08-04,5.0,95
892d51ba-a84b-4852-8888-4a8cd10e128e,2026-08-05,1.4,98
8f657558-44c4-4493-9e97-3be52f0fd42a,2026-07-30,5.0,95
8f657558-44c4-4493-9e97-3be52f0fd42a,2026-07-31,5.0,95
8f657558-44c4-4493-9e97-3be52f0fd42a,2026-08-01,5.0,95
8f657558-44c4-4493-9e97-3be52f0fd42a,2026-08-02,5.0,95
8f657558-44c4-4493-9e97-3be52f0fd42a,2026-08-03,5.0,95
8f657558-44c4-4493-9e97-3be52f0fd42a,2026-08-04,5.0,95
8f657558-44c4-4493-9e97-3be52f0fd42a,2026-08-05,1.4,98
8f6d3e9d-6ea5-41d5-8d15-cd39d745b4f2,2026-07-30,5.0,95
8f6d3e9d-6ea5-41d5-8d15-cd39d745b4f2,2026-07-31,5.0,95
8f6d3e9d-6ea5-41d5-8d15-cd39d745b4f2,2026-08-01,5.0,95
8f6d3e9d-6ea5-41d5-8d15-cd39d745b4f2,2026-08-02,5.0,95
8f6d3e9d-6ea5-41d5-8d15-cd39d745b4f2,2026-08-03,5.0,95
8f6d3e9d-6ea5-41d5-8d15-cd39d745b4f2,2026-08-04,5.0,95
8f6d3e9d-6ea5-41d5-8d15-cd39d745b4f2,2026-08-05,1.4,98
9433b854-a5b6-463b-bce4-568eb3ac017c,2026-07-30,5.0,95
9433b854-a5b6-463b-bce4-568eb3ac017c,2026-07-31,5.0,95
9433b854-a5b6-463b-bce4-568eb3ac017c,2026-08-01,5.0,95
9433b854-a5b6-463b-bce4-568eb3ac017c,2026-08-02,5.0,95
9433b854-a5b6-463b-bce4-568eb3ac017c,2026-08-03,5.0,95
9433b854-a5b6-463b-bce4-568eb3ac017c,2026-08-04,5.0,95
9433b854-a5b6-463b-bce4-568eb3ac017c,2026-08-05,1.4,98
e09cf8c0-a18a-45fc-9af2-5d01cf81011c,2026-07-30,5.0,95
e09cf8c0-a18a-45fc-9af2-5d01cf81011c,2026-07-31,5.0,95
e09cf8c0-a18a-45fc-9af2-5d01cf81011c,2026-08-01,5.0,95
e09cf8c0-a18a-45fc-9af2-5d01cf81011c,2026-08-02,5.0,95
e09cf8c0-a18a-45fc-9af2-5d01cf81011c,2026-08-03,5.0,95
e09cf8c0-a18a-45fc-9af2-5d01cf81011c,2026-08-04,5.0,95
e09cf8c0-a18a-45fc-9af2-5d01cf81011c,2026-08-05,1.4,98
e0ce5bd3-6592-4ee1-84b2-989953f376ec,2026-07-30,5.0,95
e0ce5bd3-6592-4ee1-84b2-989953f376ec,2026-07-31,5.0,95
e0ce5bd3-6592-4ee1-84b2-989953f376ec,2026-08-01,6.75,93
e0ce5bd3-6592-4ee1-84b2-989953f376ec,2026-08-02,5.0,95
e0ce5bd3-6592-4ee1-84b2-989953f376ec,2026-08-03,5.0,95
e0ce5bd3-6592-4ee1-84b2-989953f376ec,2026-08-04,5.0,95
e0ce5bd3-6592-4ee1-84b2-989953f376ec,2026-08-05,1.4,98
e0eae6b2-4aa0-436e-bb86-805f9de561d2,2026-07-30,5.0,95
e0eae6b2-4aa0-436e-bb86-805f9de561d2,2026-07-31,5.0,95
e0eae6b2-4aa0-436e-bb86-805f9de561d2,2026-08-01,5.0,95
e0eae6b2-4aa0-436e-bb86-805f9de561d2,2026-08-02,5.0,95
e0eae6b2-4aa0-436e-bb86-805f9de561d2,2026-08-03,5.0,95
e0eae6b2-4aa0-436e-bb86-805f9de561d2,2026-08-04,5.0,95
e0eae6b2-4aa0-436e-bb86-805f9de561d2,2026-08-05,1.4,98
f13eada2-c6d2-41c0-8f41-ee22a8593a7d,2026-07-30,5.0,95
f13eada2-c6d2-41c0-8f41-ee22a8593a7d,2026-07-31,5.0,95
f13eada2-c6d2-41c0-8f41-ee22a8593a7d,2026-08-01,5.0,95
f13eada2-c6d2-41c0-8f41-ee22a8593a7d,2026-08-02,5.0,95
f13eada2-c6d2-41c0-8f41-ee22a8593a7d,2026-08-03,5.0,95
f13eada2-c6d2-41c0-8f41-ee22a8593a7d,2026-08-04,5.0,95
f13eada2-c6d2-41c0-8f41-ee22a8593a7d,2026-08-05,1.4,98
f172fa06-8e13-4f47-95ff-b150a4320bef,2026-07-30,86.31,13
f172fa06-8e13-4f47-95ff-b150a4320bef,2026-07-31,94.4,5
f172fa06-8e13-4f47-95ff-b150a4320bef,2026-08-01,90.7,9
f172fa06-8e13-4f47-95ff-b150a4320bef,2026-08-02,98.0,2
f172fa06-8e13-4f47-95ff-b150a4320bef,2026-08-03,98.0,2
f172fa06-8e13-4f47-95ff-b150a4320bef,2026-08-04,94.17,5
f172fa06-8e13-4f47-95ff-b150a4320bef,2026-08-05,96.9,3
f1f6203b-3da9-4687-871b-23617e9b62a3,2026-07-30,5.0,95
f1f6203b-3da9-4687-871b-23617e9b62a3,2026-07-31,5.0,95
f1f6203b-3da9-4687-871b-23617e9b62a3,2026-08-01,5.0,95
f1f6203b-3da9-4687-871b-23617e9b62a3,2026-08-02,5.0,95
f1f6203b-3da9-4687-871b-23617e9b62a3,2026-08-03,5.0,95
f1f6203b-3da9-4687-871b-23617e9b62a3,2026-08-04,5.0,95
f1f6203b-3da9-4687-871b-23617e9b62a3,2026-08-05,1.4,98
f5bf6b16-a7ac-47d3-8681-b6e48bea5179,2026-07-30,5.0,95
f5bf6b16-a7ac-47d3-8681-b6e48bea5179,2026-07-31,5.0,95
f5bf6b16-a7ac-47d3-8681-b6e48bea5179,2026-08-01,5.0,95
f5bf6b16-a7ac-47d3-8681-b6e48bea5179,2026-08-02,5.0,95
f5bf6b16-a7ac-47d3-8681-b6e48bea5179,2026-08-03,5.0,95
f5bf6b16-a7ac-47d3-8681-b6e48bea5179,2026-08-04,5.0,95
f5bf6b16-a7ac-47d3-8681-b6e48bea5179,2026-08-05,1.4,98
f5ef5f9f-6d10-43db-9998-a97338e8fc2c,2026-07-30,5.0,95
f5ef5f9f-6d10-43db-9998-a97338e8fc2c,2026-07-31,5.0,95
f5ef5f9f-6d10-43db-9998-a97338e8fc2c,2026-08-01,5.0,95
f5ef5f9f-6d10-43db-9998-a97338e8fc2c,2026-08-02,5.0,95
f5ef5f9f-6d10-43db-9998-a97338e8fc2c,2026-08-03,5.0,95
f5ef5f9f-6d10-43db-9998-a97338e8fc2c,2026-08-04,5.0,95
f5ef5f9f-6d10-43db-9998-a97338e8fc2c,2026-08-05,1.4,98
eef3c15e-b286-4ea9-98cb-4419e59eb855,2026-07-30,5.0,95
eef3c15e-b286-4ea9-98cb-4419e59eb855,2026-07-31,5.0,95
eef3c15e-b286-4ea9-98cb-4419e59eb855,2026-08-01,5.0,95
eef3c15e-b286-4ea9-98cb-4419e59eb855,2026-08-02,5.0,95
eef3c15e-b286-4ea9-98cb-4419e59eb855,2026-08-03,5.0,95
eef3c15e-b286-4ea9-98cb-4419e59eb855,2026-08-04,5.0,95
eef3c15e-b286-4ea9-98cb-4419e59eb855,2026-08-05,1.4,98
ef14db81-c5c1-4026-9e6f-acf2736b2478,2026-07-30,5.0,95
ef14db81-c5c1-4026-9e6f-acf2736b2478,2026-07-31,7.01,92
ef14db81-c5c1-4026-9e6f-acf2736b2478,2026-08-01,5.0,95
ef14db81-c5c1-4026-9e6f-acf2736b2478,2026-08-02,5.0,95
ef14db81-c5c1-4026-9e6f-acf2736b2478,2026-08-03,5.0,95
ef14db81-c5c1-4026-9e6f-acf2736b2478,2026-08-04,5.0,95
ef14db81-c5c1-4026-9e6f-acf2736b2478,2026-08-05,2.2,97
f079aca3-f113-4dee-b1ea-2cb6c12eb206,2026-07-30,5.0,95
f079aca3-f113-4dee-b1ea-2cb6c12eb206,2026-07-31,5.0,95
f079aca3-f113-4dee-b1ea-2cb6c12eb206,2026-08-01,5.0,95
f079aca3-f113-4dee-b1ea-2cb6c12eb206,2026-08-02,5.75,94
f079aca3-f113-4dee-b1ea-2cb6c12eb206,2026-08-03,5.0,95
f079aca3-f113-4dee-b1ea-2cb6c12eb206,2026-08-04,5.0,95
f079aca3-f113-4dee-b1ea-2cb6c12eb206,2026-08-05,1.4,98
f0a1d2b0-f1d1-48bc-9f7b-3d4a231d829d,2026-07-30,7.13,92
f0a1d2b0-f1d1-48bc-9f7b-3d4a231d829d,2026-07-31,5.0,95
f0a1d2b0-f1d1-48bc-9f7b-3d4a231d829d,2026-08-01,5.0,95
f0a1d2b0-f1d1-48bc-9f7b-3d4a231d829d,2026-08-02,5.0,95
f0a1d2b0-f1d1-48bc-9f7b-3d4a231d829d,2026-08-03,5.0,95
f0a1d2b0-f1d1-48bc-9f7b-3d4a231d829d,2026-08-04,5.0,95
f0a1d2b0-f1d1-48bc-9f7b-3d4a231d829d,2026-08-05,1.4,98
f1707d52-7b74-43dc-a6a3-2024913ae842,2026-07-30,5.0,95
f1707d52-7b74-43dc-a6a3-2024913ae842,2026-07-31,5.0,95
f1707d52-7b74-43dc-a6a3-2024913ae842,2026-08-01,5.0,95
f1707d52-7b74-43dc-a6a3-2024913ae842,2026-08-02,5.0,95
f1707d52-7b74-43dc-a6a3-2024913ae842,2026-08-03,5.0,95
f1707d52-7b74-43dc-a6a3-2024913ae842,2026-08-04,5.0,95
f1707d52-7b74-43dc-a6a3-2024913ae842,2026-08-05,1.4,98
f179a4bb-5e38-4988-8aa8-fdbfceb53dad,2026-07-30,5.0,95
f179a4bb-5e38-4988-8aa8-fdbfceb53dad,2026-07-31,5.0,95
f179a4bb-5e38-4988-8aa8-fdbfceb53dad,2026-08-01,5.0,95
f179a4bb-5e38-4988-8aa8-fdbfceb53dad,2026-08-02,5.0,95
f179a4bb-5e38-4988-8aa8-fdbfceb53dad,2026-08-03,5.0,95
f179a4bb-5e38-4988-8aa8-fdbfceb53dad,2026-08-04,5.0,95
f179a4bb-5e38-4988-8aa8-fdbfceb53dad,2026-08-05,1.4,98
f1c57f65-4db9-4eaa-b502-af7a20d3e6cc,2026-07-30,5.0,95
f1c57f65-4db9-4eaa-b502-af7a20d3e6cc,2026-07-31,5.0,95
f1c57f65-4db9-4eaa-b502-af7a20d3e6cc,2026-08-01,5.0,95
f1c57f65-4db9-4eaa-b502-af7a20d3e6cc,2026-08-02,5.0,95
f1c57f65-4db9-4eaa-b502-af7a20d3e6cc,2026-08-03,5.0,95
f1c57f65-4db9-4eaa-b502-af7a20d3e6cc,2026-08-04,5.0,95
f1c57f65-4db9-4eaa-b502-af7a20d3e6cc,2026-08-05,1.3,98
f1c5d240-3cc3-4c6e-bb72-5f58130c2e7b,2026-07-30,5.0,95
f1c5d240-3cc3-4c6e-bb72-5f58130c2e7b,2026-07-31,5.0,95
f1c5d240-3cc3-4c6e-bb72-5f58130c2e7b,2026-08-01,5.0,95
f1c5d240-3cc3-4c6e-bb72-5f58130c2e7b,2026-08-02,5.0,95
f1c5d240-3cc3-4c6e-bb72-5f58130c2e7b,2026-08-03,5.0,95
f1c5d240-3cc3-4c6e-bb72-5f58130c2e7b,2026-08-04,5.0,95
f1c5d240-3cc3-4c6e-bb72-5f58130c2e7b,2026-08-05,1.4,98
f24faa48-fa40-441e-8148-c034418add1c,2026-07-30,5.0,95
f24faa48-fa40-441e-8148-c034418add1c,2026-07-31,5.0,95
f24faa48-fa40-441e-8148-c034418add1c,2026-08-01,5.0,95
f24faa48-fa40-441e-8148-c034418add1c,2026-08-02,5.0,95
f24faa48-fa40-441e-8148-c034418add1c,2026-08-03,5.0,95
f24faa48-fa40-441e-8148-c034418add1c,2026-08-04,5.0,95
f24faa48-fa40-441e-8148-c034418add1c,2026-08-05,1.4,98
f27e1cbb-4282-4fe4-b988-afd56007710d,2026-07-30,5.0,95
f27e1cbb-4282-4fe4-b988-afd56007710d,2026-07-31,5.0,95
f27e1cbb-4282-4fe4-b988-afd56007710d,2026-08-01,5.0,95
f27e1cbb-4282-4fe4-b988-afd56007710d,2026-08-02,5.0,95
f27e1cbb-4282-4fe4-b988-afd56007710d,2026-08-03,5.0,95
f27e1cbb-4282-4fe4-b988-afd56007710d,2026-08-04,5.0,95
f27e1cbb-4282-4fe4-b988-afd56007710d,2026-08-05,1.4,98
f2a43dee-6ea5-4f5d-86a4-c38b79e6a972,2026-07-30,5.0,95
f2a43dee-6ea5-4f5d-86a4-c38b79e6a972,2026-07-31,5.0,95
f2a43dee-6ea5-4f5d-86a4-c38b79e6a972,2026-08-01,5.0,95
f2a43dee-6ea5-4f5d-86a4-c38b79e6a972,2026-08-02,5.0,95
f2a43dee-6ea5-4f5d-86a4-c38b79e6a972,2026-08-03,5.0,95
f2a43dee-6ea5-4f5d-86a4-c38b79e6a972,2026-08-04,5.0,95
f2a43dee-6ea5-4f5d-86a4-c38b79e6a972,2026-08-05,1.4,98
0a7bfb67-4cb2-4cec-a7c5-2f641fa609b8,2026-07-30,5.0,95
0a7bfb67-4cb2-4cec-a7c5-2f641fa609b8,2026-07-31,5.0,95
0a7bfb67-4cb2-4cec-a7c5-2f641fa609b8,2026-08-01,5.0,95
0a7bfb67-4cb2-4cec-a7c5-2f641fa609b8,2026-08-02,5.0,95
0a7bfb67-4cb2-4cec-a7c5-2f641fa609b8,2026-08-03,5.0,95
0a7bfb67-4cb2-4cec-a7c5-2f641fa609b8,2026-08-04,5.0,95
0a7bfb67-4cb2-4cec-a7c5-2f641fa609b8,2026-08-05,1.4,98
0c96d0f0-db8b-418e-bc3c-1dfbc09b0241,2026-07-30,5.0,95
0c96d0f0-db8b-418e-bc3c-1dfbc09b0241,2026-07-31,5.0,95
0c96d0f0-db8b-418e-bc3c-1dfbc09b0241,2026-08-01,5.81,94
0c96d0f0-db8b-418e-bc3c-1dfbc09b0241,2026-08-02,5.0,95
0c96d0f0-db8b-418e-bc3c-1dfbc09b0241,2026-08-03,5.0,95
0c96d0f0-db8b-418e-bc3c-1dfbc09b0241,2026-08-04,5.0,95
0c96d0f0-db8b-418e-bc3c-1dfbc09b0241,2026-08-05,1.4,98
0d2f8dfc-a225-480d-97b8-85966432658b,2026-07-30,5.0,95
0d2f8dfc-a225-480d-97b8-85966432658b,2026-07-31,5.0,95
0d2f8dfc-a225-480d-97b8-85966432658b,2026-08-01,5.0,95
0d2f8dfc-a225-480d-97b8-85966432658b,2026-08-02,5.0,95
0d2f8dfc-a225-480d-97b8-85966432658b,2026-08-03,5.0,95
0d2f8dfc-a225-480d-97b8-85966432658b,2026-08-04,5.0,95
0d2f8dfc-a225-480d-97b8-85966432658b,2026-08-05,1.3,98
0d7fccc9-34a7-4a8f-87f2-7fd8f30d99dc,2026-07-30,5.0,95
0d7fccc9-34a7-4a8f-87f2-7fd8f30d99dc,2026-07-31,5.0,95
0d7fccc9-34a7-4a8f-87f2-7fd8f30d99dc,2026-08-01,5.0,95
0d7fccc9-34a7-4a8f-87f2-7fd8f30d99dc,2026-08-02,5.0,95
0d7fccc9-34a7-4a8f-87f2-7fd8f30d99dc,2026-08-03,5.0,95
0d7fccc9-34a7-4a8f-87f2-7fd8f30d99dc,2026-08-04,5.73,94
0d7fccc9-34a7-4a8f-87f2-7fd8f30d99dc,2026-08-05,2.2,97
0d8a0e2e-1ca6-4acf-85c8-7068438281c3,2026-07-30,5.0,95
0d8a0e2e-1ca6-4acf-85c8-7068438281c3,2026-07-31,5.0,95
0d8a0e2e-1ca6-4acf-85c8-7068438281c3,2026-08-01,5.0,95
0d8a0e2e-1ca6-4acf-85c8-7068438281c3,2026-08-02,5.0,95
0d8a0e2e-1ca6-4acf-85c8-7068438281c3,2026-08-03,5.0,95
0d8a0e2e-1ca6-4acf-85c8-7068438281c3,2026-08-04,5.0,95
0d8a0e2e-1ca6-4acf-85c8-7068438281c3,2026-08-05,1.4,98
0f0316dd-c382-420b-b551-8ee13712ce5c,2026-07-30,5.0,95
0f0316dd-c382-420b-b551-8ee13712ce5c,2026-07-31,6.46,93
0f0316dd-c382-420b-b551-8ee13712ce5c,2026-08-01,5.0,95
0f0316dd-c382-420b-b551-8ee13712ce5c,2026-08-02,5.0,95
0f0316dd-c382-420b-b551-8ee13712ce5c,2026-08-03,5.0,95
0f0316dd-c382-420b-b551-8ee13712ce5c,2026-08-04,5.0,95
0f0316dd-c382-420b-b551-8ee13712ce5c,2026-08-05,1.3,98
f40c00d2-9d09-4388-acdb-36130e5e09e6,2026-07-30,5.0,95
f40c00d2-9d09-4388-acdb-36130e5e09e6,2026-07-31,5.0,95
f40c00d2-9d09-4388-acdb-36130e5e09e6,2026-08-01,5.0,95
f40c00d2-9d09-4388-acdb-36130e5e09e6,2026-08-02,5.0,95
f40c00d2-9d09-4388-acdb-36130e5e09e6,2026-08-03,5.0,95
f40c00d2-9d09-4388-acdb-36130e5e09e6,2026-08-04,5.0,95
f40c00d2-9d09-4388-acdb-36130e5e09e6,2026-08-05,1.4,98
f418f8ed-d1f0-4704-a13c-64e54cda1296,2026-07-30,5.0,95
f418f8ed-d1f0-4704-a13c-64e54cda1296,2026-07-31,5.0,95
f418f8ed-d1f0-4704-a13c-64e54cda1296,2026-08-01,5.23,94
f418f8ed-d1f0-4704-a13c-64e54cda1296,2026-08-02,5.0,95
f418f8ed-d1f0-4704-a13c-64e54cda1296,2026-08-03,5.0,95
f418f8ed-d1f0-4704-a13c-64e54cda1296,2026-08-04,5.0,95
f418f8ed-d1f0-4704-a13c-64e54cda1296,2026-08-05,2.6,97
f480d9dc-5a61-4ce0-9e04-20f8f7508b6c,2026-07-30,5.0,95
f480d9dc-5a61-4ce0-9e04-20f8f7508b6c,2026-07-31,5.0,95
f480d9dc-5a61-4ce0-9e04-20f8f7508b6c,2026-08-01,5.0,95
f480d9dc-5a61-4ce0-9e04-20f8f7508b6c,2026-08-02,5.0,95
f480d9dc-5a61-4ce0-9e04-20f8f7508b6c,2026-08-03,5.0,95
f480d9dc-5a61-4ce0-9e04-20f8f7508b6c,2026-08-04,5.0,95
f480d9dc-5a61-4ce0-9e04-20f8f7508b6c,2026-08-05,1.4,98
f493f12e-42b8-45a8-b2d4-dc83883decb2,2026-07-30,5.0,95
f493f12e-42b8-45a8-b2d4-dc83883decb2,2026-07-31,5.0,95
f493f12e-42b8-45a8-b2d4-dc83883decb2,2026-08-01,5.0,95
f493f12e-42b8-45a8-b2d4-dc83883decb2,2026-08-02,5.0,95
f493f12e-42b8-45a8-b2d4-dc83883decb2,2026-08-03,5.0,95
f493f12e-42b8-45a8-b2d4-dc83883decb2,2026-08-04,5.0,95
f493f12e-42b8-45a8-b2d4-dc83883decb2,2026-08-05,1.4,98
0346ddb0-5d14-4b8b-8662-dd239fa202c0,2026-07-30,5.0,95
0346ddb0-5d14-4b8b-8662-dd239fa202c0,2026-07-31,5.0,95
0346ddb0-5d14-4b8b-8662-dd239fa202c0,2026-08-01,8.85,91
0346ddb0-5d14-4b8b-8662-dd239fa202c0,2026-08-02,5.0,95
0346ddb0-5d14-4b8b-8662-dd239fa202c0,2026-08-03,8.54,91
0346ddb0-5d14-4b8b-8662-dd239fa202c0,2026-08-04,5.0,95
0346ddb0-5d14-4b8b-8662-dd239fa202c0,2026-08-05,4.5,95
073d16ee-fa43-4016-b84a-b678e3df4c13,2026-07-30,5.0,95
073d16ee-fa43-4016-b84a-b678e3df4c13,2026-07-31,5.0,95
073d16ee-fa43-4016-b84a-b678e3df4c13,2026-08-01,5.0,95
073d16ee-fa43-4016-b84a-b678e3df4c13,2026-08-02,5.0,95
073d16ee-fa43-4016-b84a-b678e3df4c13,2026-08-03,5.0,95
073d16ee-fa43-4016-b84a-b678e3df4c13,2026-08-04,5.0,95
073d16ee-fa43-4016-b84a-b678e3df4c13,2026-08-05,1.4,98
08ba87cb-9b05-48a6-9d61-493a64a9791f,2026-07-30,5.0,95
08ba87cb-9b05-48a6-9d61-493a64a9791f,2026-07-31,5.0,95
08ba87cb-9b05-48a6-9d61-493a64a9791f,2026-08-01,5.0,95
08ba87cb-9b05-48a6-9d61-493a64a9791f,2026-08-02,5.0,95
08ba87cb-9b05-48a6-9d61-493a64a9791f,2026-08-03,5.0,95
08ba87cb-9b05-48a6-9d61-493a64a9791f,2026-08-04,5.0,95
08ba87cb-9b05-48a6-9d61-493a64a9791f,2026-08-05,1.3,98
143d31e9-b9a9-4e04-961b-bb18e23534bc,2026-07-30,89.19,10
143d31e9-b9a9-4e04-961b-bb18e23534bc,2026-07-31,92.84,7
143d31e9-b9a9-4e04-961b-bb18e23534bc,2026-08-01,98.0,2
143d31e9-b9a9-4e04-961b-bb18e23534bc,2026-08-02,91.39,8
143d31e9-b9a9-4e04-961b-bb18e23534bc,2026-08-03,94.7,5
143d31e9-b9a9-4e04-961b-bb18e23534bc,2026-08-04,93.86,6
143d31e9-b9a9-4e04-961b-bb18e23534bc,2026-08-05,96.5,3
1482c998-9b03-4d5c-af4b-be854cbfa50d,2026-07-30,5.0,95
1482c998-9b03-4d5c-af4b-be854cbfa50d,2026-07-31,5.0,95
1482c998-9b03-4d5c-af4b-be854cbfa50d,2026-08-01,5.0,95
1482c998-9b03-4d5c-af4b-be854cbfa50d,2026-08-02,5.0,95
1482c998-9b03-4d5c-af4b-be854cbfa50d,2026-08-03,5.0,95
1482c998-9b03-4d5c-af4b-be854cbfa50d,2026-08-04,5.08,94
1482c998-9b03-4d5c-af4b-be854cbfa50d,2026-08-05,1.4,98
14f7e275-1e9e-4c6c-a0d5-ff7b66f6d3c2,2026-07-30,5.0,95
14f7e275-1e9e-4c6c-a0d5-ff7b66f6d3c2,2026-07-31,6.11,93
14f7e275-1e9e-4c6c-a0d5-ff7b66f6d3c2,2026-08-01,5.45,94
14f7e275-1e9e-4c6c-a0d5-ff7b66f6d3c2,2026-08-02,5.0,95
14f7e275-1e9e-4c6c-a0d5-ff7b66f6d3c2,2026-08-03,5.0,95
14f7e275-1e9e-4c6c-a0d5-ff7b66f6d3c2,2026-08-04,7.44,92
14f7e275-1e9e-4c6c-a0d5-ff7b66f6d3c2,2026-08-05,3.2,96
14fa74f1-46b1-42f0-b7bb-c01c4da1e9ec,2026-07-30,5.0,95
14fa74f1-46b1-42f0-b7bb-c01c4da1e9ec,2026-07-31,5.0,95
14fa74f1-46b1-42f0-b7bb-c01c4da1e9ec,2026-08-01,5.0,95
14fa74f1-46b1-42f0-b7bb-c01c4da1e9ec,2026-08-02,5.0,95
14fa74f1-46b1-42f0-b7bb-c01c4da1e9ec,2026-08-03,5.0,95
14fa74f1-46b1-42f0-b7bb-c01c4da1e9ec,2026-08-04,5.0,95
14fa74f1-46b1-42f0-b7bb-c01c4da1e9ec,2026-08-05,1.4,98
174ae58d-e27e-4d12-99ad-875c5a9077aa,2026-07-30,5.0,95
174ae58d-e27e-4d12-99ad-875c5a9077aa,2026-07-31,5.0,95
174ae58d-e27e-4d12-99ad-875c5a9077aa,2026-08-01,5.0,95
174ae58d-e27e-4d12-99ad-875c5a9077aa,2026-08-02,5.0,95
174ae58d-e27e-4d12-99ad-875c5a9077aa,2026-08-03,5.0,95
174ae58d-e27e-4d12-99ad-875c5a9077aa,2026-08-04,5.0,95
174ae58d-e27e-4d12-99ad-875c5a9077aa,2026-08-05,1.3,98
18dc195b-0621-459b-921d-e523c442c942,2026-07-30,5.0,95
18dc195b-0621-459b-921d-e523c442c942,2026-07-31,5.0,95
18dc195b-0621-459b-921d-e523c442c942,2026-08-01,5.0,95
18dc195b-0621-459b-921d-e523c442c942,2026-08-02,5.0,95
18dc195b-0621-459b-921d-e523c442c942,2026-08-03,5.0,95
18dc195b-0621-459b-921d-e523c442c942,2026-08-04,5.0,95
18dc195b-0621-459b-921d-e523c442c942,2026-08-05,1.3,98
19ff9f70-a4f6-472b-91a2-5f23e8e2c4af,2026-07-30,5.0,95
19ff9f70-a4f6-472b-91a2-5f23e8e2c4af,2026-07-31,5.0,95
19ff9f70-a4f6-472b-91a2-5f23e8e2c4af,2026-08-01,5.0,95
19ff9f70-a4f6-472b-91a2-5f23e8e2c4af,2026-08-02,5.0,95
19ff9f70-a4f6-472b-91a2-5f23e8e2c4af,2026-08-03,5.0,95
19ff9f70-a4f6-472b-91a2-5f23e8e2c4af,2026-08-04,5.38,94
19ff9f70-a4f6-472b-91a2-5f23e8e2c4af,2026-08-05,1.4,98
1a07ff09-0d78-42e2-b882-6436fad30f8e,2026-07-30,5.0,95
1a07ff09-0d78-42e2-b882-6436fad30f8e,2026-07-31,5.0,95
1a07ff09-0d78-42e2-b882-6436fad30f8e,2026-08-01,5.0,95
1a07ff09-0d78-42e2-b882-6436fad30f8e,2026-08-02,5.0,95
1a07ff09-0d78-42e2-b882-6436fad30f8e,2026-08-03,5.0,95
1a07ff09-0d78-42e2-b882-6436fad30f8e,2026-08-04,5.0,95
1a07ff09-0d78-42e2-b882-6436fad30f8e,2026-08-05,1.4,98
1a79041f-5a61-4ad7-9529-6f81ce4f99f9,2026-07-30,5.0,95
1a79041f-5a61-4ad7-9529-6f81ce4f99f9,2026-07-31,5.0,95
1a79041f-5a61-4ad7-9529-6f81ce4f99f9,2026-08-01,5.0,95
1a79041f-5a61-4ad7-9529-6f81ce4f99f9,2026-08-02,5.0,95
1a79041f-5a61-4ad7-9529-6f81ce4f99f9,2026-08-03,5.0,95
1a79041f-5a61-4ad7-9529-6f81ce4f99f9,2026-08-04,5.0,95
1a79041f-5a61-4ad7-9529-6f81ce4f99f9,2026-08-05,1.4,98
872e2094-9b27-459e-9cbd-35b52cd8d117,2026-07-30,5.0,95
872e2094-9b27-459e-9cbd-35b52cd8d117,2026-07-31,5.0,95
872e2094-9b27-459e-9cbd-35b52cd8d117,2026-08-01,5.0,95
872e2094-9b27-459e-9cbd-35b52cd8d117,2026-08-02,5.0,95
872e2094-9b27-459e-9cbd-35b52cd8d117,2026-08-03,5.0,95
872e2094-9b27-459e-9cbd-35b52cd8d117,2026-08-04,5.0,95
872e2094-9b27-459e-9cbd-35b52cd8d117,2026-08-05,1.4,98
88d96075-6f45-4127-b95c-d9947317e295,2026-07-30,5.0,95
88d96075-6f45-4127-b95c-d9947317e295,2026-07-31,5.0,95
88d96075-6f45-4127-b95c-d9947317e295,2026-08-01,5.0,95
88d96075-6f45-4127-b95c-d9947317e295,2026-08-02,5.0,95
88d96075-6f45-4127-b95c-d9947317e295,2026-08-03,5.0,95
88d96075-6f45-4127-b95c-d9947317e295,2026-08-04,5.0,95
88d96075-6f45-4127-b95c-d9947317e295,2026-08-05,1.4,98
88dba7c8-d488-4f63-9b2b-7d95fa84b5dd,2026-07-30,5.0,95
88dba7c8-d488-4f63-9b2b-7d95fa84b5dd,2026-07-31,5.0,95
88dba7c8-d488-4f63-9b2b-7d95fa84b5dd,2026-08-01,5.0,95
88dba7c8-d488-4f63-9b2b-7d95fa84b5dd,2026-08-02,5.0,95
88dba7c8-d488-4f63-9b2b-7d95fa84b5dd,2026-08-03,5.0,95
88dba7c8-d488-4f63-9b2b-7d95fa84b5dd,2026-08-04,5.0,95
88dba7c8-d488-4f63-9b2b-7d95fa84b5dd,2026-08-05,1.4,98
8a088868-a65d-4444-8414-d94fe1a483a9,2026-07-30,5.0,95
8a088868-a65d-4444-8414-d94fe1a483a9,2026-07-31,5.0,95
8a088868-a65d-4444-8414-d94fe1a483a9,2026-08-01,5.0,95
8a088868-a65d-4444-8414-d94fe1a483a9,2026-08-02,5.0,95
8a088868-a65d-4444-8414-d94fe1a483a9,2026-08-03,5.0,95
8a088868-a65d-4444-8414-d94fe1a483a9,2026-08-04,5.0,95
8a088868-a65d-4444-8414-d94fe1a483a9,2026-08-05,1.3,98
8a27f3a2-f1d8-476f-bb68-1af4014e193d,2026-07-30,5.0,95
8a27f3a2-f1d8-476f-bb68-1af4014e193d,2026-07-31,5.0,95
8a27f3a2-f1d8-476f-bb68-1af4014e193d,2026-08-01,5.0,95
8a27f3a2-f1d8-476f-bb68-1af4014e193d,2026-08-02,5.0,95
8a27f3a2-f1d8-476f-bb68-1af4014e193d,2026-08-03,5.0,95
8a27f3a2-f1d8-476f-bb68-1af4014e193d,2026-08-04,5.0,95
8a27f3a2-f1d8-476f-bb68-1af4014e193d,2026-08-05,1.3,98
8cd15736-6462-4771-80a6-f9de95601a20,2026-07-30,5.0,95
8cd15736-6462-4771-80a6-f9de95601a20,2026-07-31,5.0,95
8cd15736-6462-4771-80a6-f9de95601a20,2026-08-01,8.72,91
8cd15736-6462-4771-80a6-f9de95601a20,2026-08-02,10.1,89
8cd15736-6462-4771-80a6-f9de95601a20,2026-08-03,7.49,92
8cd15736-6462-4771-80a6-f9de95601a20,2026-08-04,5.0,95
8cd15736-6462-4771-80a6-f9de95601a20,2026-08-05,4.8,95
8da69ad1-3750-46b4-8de1-bedacaa66a42,2026-07-30,5.0,95
8da69ad1-3750-46b4-8de1-bedacaa66a42,2026-07-31,5.0,95
8da69ad1-3750-46b4-8de1-bedacaa66a42,2026-08-01,5.0,95
8da69ad1-3750-46b4-8de1-bedacaa66a42,2026-08-02,5.0,95
8da69ad1-3750-46b4-8de1-bedacaa66a42,2026-08-03,5.0,95
8da69ad1-3750-46b4-8de1-bedacaa66a42,2026-08-04,5.0,95
8da69ad1-3750-46b4-8de1-bedacaa66a42,2026-08-05,1.4,98
8dbced7c-85ec-4e85-b68f-6ea943c550e6,2026-07-30,5.0,95
8dbced7c-85ec-4e85-b68f-6ea943c550e6,2026-07-31,5.0,95
8dbced7c-85ec-4e85-b68f-6ea943c550e6,2026-08-01,5.0,95
8dbced7c-85ec-4e85-b68f-6ea943c550e6,2026-08-02,5.0,95
8dbced7c-85ec-4e85-b68f-6ea943c550e6,2026-08-03,5.0,95
8dbced7c-85ec-4e85-b68f-6ea943c550e6,2026-08-04,5.0,95
8dbced7c-85ec-4e85-b68f-6ea943c550e6,2026-08-05,1.4,98
8e3e09e6-23a0-4099-b8e0-258d03b22d8e,2026-07-30,5.0,95
8e3e09e6-23a0-4099-b8e0-258d03b22d8e,2026-07-31,5.93,94
8e3e09e6-23a0-4099-b8e0-258d03b22d8e,2026-08-01,5.0,95
8e3e09e6-23a0-4099-b8e0-258d03b22d8e,2026-08-02,5.0,95
8e3e09e6-23a0-4099-b8e0-258d03b22d8e,2026-08-03,5.0,95
8e3e09e6-23a0-4099-b8e0-258d03b22d8e,2026-08-04,5.0,95
8e3e09e6-23a0-4099-b8e0-258d03b22d8e,2026-08-05,2.3,97
8e4bcf9f-c0e7-4bca-90e0-3a5c89b58b67,2026-07-30,6.06,93
8e4bcf9f-c0e7-4bca-90e0-3a5c89b58b67,2026-07-31,5.0,95
8e4bcf9f-c0e7-4bca-90e0-3a5c89b58b67,2026-08-01,5.0,95
8e4bcf9f-c0e7-4bca-90e0-3a5c89b58b67,2026-08-02,5.0,95
8e4bcf9f-c0e7-4bca-90e0-3a5c89b58b67,2026-08-03,5.0,95
8e4bcf9f-c0e7-4bca-90e0-3a5c89b58b67,2026-08-04,5.0,95
8e4bcf9f-c0e7-4bca-90e0-3a5c89b58b67,2026-08-05,1.4,98
9035f7b0-b7a9-4fe5-a3df-9bfcdb055bab,2026-07-30,5.0,95
9035f7b0-b7a9-4fe5-a3df-9bfcdb055bab,2026-07-31,5.0,95
9035f7b0-b7a9-4fe5-a3df-9bfcdb055bab,2026-08-01,5.0,95
9035f7b0-b7a9-4fe5-a3df-9bfcdb055bab,2026-08-02,5.0,95
9035f7b0-b7a9-4fe5-a3df-9bfcdb055bab,2026-08-03,5.0,95
9035f7b0-b7a9-4fe5-a3df-9bfcdb055bab,2026-08-04,5.0,95
9035f7b0-b7a9-4fe5-a3df-9bfcdb055bab,2026-08-05,1.4,98
90ba46e3-1f2a-4df0-a75d-82c9a061c7af,2026-07-30,5.0,95
90ba46e3-1f2a-4df0-a75d-82c9a061c7af,2026-07-31,5.0,95
90ba46e3-1f2a-4df0-a75d-82c9a061c7af,2026-08-01,5.0,95
90ba46e3-1f2a-4df0-a75d-82c9a061c7af,2026-08-02,5.0,95
90ba46e3-1f2a-4df0-a75d-82c9a061c7af,2026-08-03,5.0,95
90ba46e3-1f2a-4df0-a75d-82c9a061c7af,2026-08-04,5.0,95
90ba46e3-1f2a-4df0-a75d-82c9a061c7af,2026-08-05,2.3,97
90bc0397-63c7-4780-ac0a-6de4e3a13752,2026-07-30,5.0,95
90bc0397-63c7-4780-ac0a-6de4e3a13752,2026-07-31,5.0,95
90bc0397-63c7-4780-ac0a-6de4e3a13752,2026-08-01,5.0,95
90bc0397-63c7-4780-ac0a-6de4e3a13752,2026-08-02,5.0,95
90bc0397-63c7-4780-ac0a-6de4e3a13752,2026-08-03,5.0,95
90bc0397-63c7-4780-ac0a-6de4e3a13752,2026-08-04,5.0,95
90bc0397-63c7-4780-ac0a-6de4e3a13752,2026-08-05,1.4,98
90cc93b0-9dc9-43c8-9ddb-a83fffdff842,2026-07-30,5.0,95
90cc93b0-9dc9-43c8-9ddb-a83fffdff842,2026-07-31,5.0,95
90cc93b0-9dc9-43c8-9ddb-a83fffdff842,2026-08-01,5.0,95
90cc93b0-9dc9-43c8-9ddb-a83fffdff842,2026-08-02,5.0,95
90cc93b0-9dc9-43c8-9ddb-a83fffdff842,2026-08-03,5.0,95
90cc93b0-9dc9-43c8-9ddb-a83fffdff842,2026-08-04,5.0,95
90cc93b0-9dc9-43c8-9ddb-a83fffdff842,2026-08-05,1.4,98
90fcdfca-585e-4364-9838-42e20a79b512,2026-07-30,5.0,95
90fcdfca-585e-4364-9838-42e20a79b512,2026-07-31,5.0,95
90fcdfca-585e-4364-9838-42e20a79b512,2026-08-01,5.0,95
90fcdfca-585e-4364-9838-42e20a79b512,2026-08-02,5.0,95
90fcdfca-585e-4364-9838-42e20a79b512,2026-08-03,5.0,95
90fcdfca-585e-4364-9838-42e20a79b512,2026-08-04,5.0,95
90fcdfca-585e-4364-9838-42e20a79b512,2026-08-05,1.4,98
911be440-22e1-4140-b9c6-f15c9d33e9ee,2026-07-30,5.0,95
911be440-22e1-4140-b9c6-f15c9d33e9ee,2026-07-31,5.0,95
911be440-22e1-4140-b9c6-f15c9d33e9ee,2026-08-01,5.0,95
911be440-22e1-4140-b9c6-f15c9d33e9ee,2026-08-02,5.0,95
911be440-22e1-4140-b9c6-f15c9d33e9ee,2026-08-03,5.0,95
911be440-22e1-4140-b9c6-f15c9d33e9ee,2026-08-04,5.0,95
911be440-22e1-4140-b9c6-f15c9d33e9ee,2026-08-05,1.4,98
91819357-db6a-4baf-9f05-565f0b0e65bb,2026-07-30,5.0,95
91819357-db6a-4baf-9f05-565f0b0e65bb,2026-07-31,5.0,95
91819357-db6a-4baf-9f05-565f0b0e65bb,2026-08-01,5.0,95
91819357-db6a-4baf-9f05-565f0b0e65bb,2026-08-02,5.0,95
91819357-db6a-4baf-9f05-565f0b0e65bb,2026-08-03,5.0,95
91819357-db6a-4baf-9f05-565f0b0e65bb,2026-08-04,5.0,95
91819357-db6a-4baf-9f05-565f0b0e65bb,2026-08-05,1.4,98
91c29be3-f5f4-4307-855c-a3c3b916e1e8,2026-07-30,5.0,95
91c29be3-f5f4-4307-855c-a3c3b916e1e8,2026-07-31,5.0,95
91c29be3-f5f4-4307-855c-a3c3b916e1e8,2026-08-01,5.0,95
91c29be3-f5f4-4307-855c-a3c3b916e1e8,2026-08-02,5.0,95
91c29be3-f5f4-4307-855c-a3c3b916e1e8,2026-08-03,5.0,95
91c29be3-f5f4-4307-855c-a3c3b916e1e8,2026-08-04,5.0,95
91c29be3-f5f4-4307-855c-a3c3b916e1e8,2026-08-05,1.5,98
91c9b7a1-e68b-400e-ae7f-c2cb7b432baa,2026-07-30,5.0,95
91c9b7a1-e68b-400e-ae7f-c2cb7b432baa,2026-07-31,5.0,95
91c9b7a1-e68b-400e-ae7f-c2cb7b432baa,2026-08-01,5.0,95
91c9b7a1-e68b-400e-ae7f-c2cb7b432baa,2026-08-02,5.0,95
91c9b7a1-e68b-400e-ae7f-c2cb7b432baa,2026-08-03,5.0,95
91c9b7a1-e68b-400e-ae7f-c2cb7b432baa,2026-08-04,5.0,95
91c9b7a1-e68b-400e-ae7f-c2cb7b432baa,2026-08-05,1.4,98
91ccb002-1063-4906-aa2d-5a1b5e73de88,2026-07-30,6.9,93
91ccb002-1063-4906-aa2d-5a1b5e73de88,2026-07-31,5.0,95
91ccb002-1063-4906-aa2d-5a1b5e73de88,2026-08-01,5.0,95
91ccb002-1063-4906-aa2d-5a1b5e73de88,2026-08-02,5.0,95
91ccb002-1063-4906-aa2d-5a1b5e73de88,2026-08-03,5.0,95
91ccb002-1063-4906-aa2d-5a1b5e73de88,2026-08-04,5.0,95
91ccb002-1063-4906-aa2d-5a1b5e73de88,2026-08-05,1.4,98
91ccdfee-9e86-4657-9a90-765a1e5c9115,2026-07-30,5.0,95
91ccdfee-9e86-4657-9a90-765a1e5c9115,2026-07-31,5.0,95
91ccdfee-9e86-4657-9a90-765a1e5c9115,2026-08-01,5.0,95
91ccdfee-9e86-4657-9a90-765a1e5c9115,2026-08-02,5.0,95
91ccdfee-9e86-4657-9a90-765a1e5c9115,2026-08-03,5.0,95
91ccdfee-9e86-4657-9a90-765a1e5c9115,2026-08-04,5.0,95
91ccdfee-9e86-4657-9a90-765a1e5c9115,2026-08-05,1.4,98
941bd67c-f698-438e-a3bc-a16ffaef4ee5,2026-07-30,5.0,95
941bd67c-f698-438e-a3bc-a16ffaef4ee5,2026-07-31,6.95,93
941bd67c-f698-438e-a3bc-a16ffaef4ee5,2026-08-01,5.0,95
941bd67c-f698-438e-a3bc-a16ffaef4ee5,2026-08-02,5.0,95
941bd67c-f698-438e-a3bc-a16ffaef4ee5,2026-08-03,6.15,93
941bd67c-f698-438e-a3bc-a16ffaef4ee5,2026-08-04,5.0,95
941bd67c-f698-438e-a3bc-a16ffaef4ee5,2026-08-05,6.0,94
424096f2-567d-4500-92cf-cedce90c2de9,2026-07-30,89.49,10
424096f2-567d-4500-92cf-cedce90c2de9,2026-07-31,93.33,6
424096f2-567d-4500-92cf-cedce90c2de9,2026-08-01,98.0,2
424096f2-567d-4500-92cf-cedce90c2de9,2026-08-02,91.29,8
424096f2-567d-4500-92cf-cedce90c2de9,2026-08-03,96.88,3
424096f2-567d-4500-92cf-cedce90c2de9,2026-08-04,96.21,3
424096f2-567d-4500-92cf-cedce90c2de9,2026-08-05,96.9,3
42605058-7936-4640-80da-cd73914df634,2026-07-30,5.0,95
42605058-7936-4640-80da-cd73914df634,2026-07-31,5.0,95
42605058-7936-4640-80da-cd73914df634,2026-08-01,5.0,95
42605058-7936-4640-80da-cd73914df634,2026-08-02,5.0,95
42605058-7936-4640-80da-cd73914df634,2026-08-03,5.0,95
42605058-7936-4640-80da-cd73914df634,2026-08-04,5.0,95
42605058-7936-4640-80da-cd73914df634,2026-08-05,1.4,98
436bf739-019d-4183-a60e-42be46fb4994,2026-07-30,5.0,95
436bf739-019d-4183-a60e-42be46fb4994,2026-07-31,5.0,95
436bf739-019d-4183-a60e-42be46fb4994,2026-08-01,5.0,95
436bf739-019d-4183-a60e-42be46fb4994,2026-08-02,5.0,95
436bf739-019d-4183-a60e-42be46fb4994,2026-08-03,5.49,94
436bf739-019d-4183-a60e-42be46fb4994,2026-08-04,5.0,95
436bf739-019d-4183-a60e-42be46fb4994,2026-08-05,1.3,98
4376eecd-963c-4611-9977-5e4444550925,2026-07-30,5.0,95
4376eecd-963c-4611-9977-5e4444550925,2026-07-31,5.0,95
4376eecd-963c-4611-9977-5e4444550925,2026-08-01,5.0,95
4376eecd-963c-4611-9977-5e4444550925,2026-08-02,5.0,95
4376eecd-963c-4611-9977-5e4444550925,2026-08-03,5.0,95
4376eecd-963c-4611-9977-5e4444550925,2026-08-04,5.0,95
4376eecd-963c-4611-9977-5e4444550925,2026-08-05,1.4,98
43fae635-1a75-4659-8fd3-14791b8ae3e9,2026-07-30,5.0,95
43fae635-1a75-4659-8fd3-14791b8ae3e9,2026-07-31,5.0,95
43fae635-1a75-4659-8fd3-14791b8ae3e9,2026-08-01,5.0,95
43fae635-1a75-4659-8fd3-14791b8ae3e9,2026-08-02,5.0,95
43fae635-1a75-4659-8fd3-14791b8ae3e9,2026-08-03,5.0,95
43fae635-1a75-4659-8fd3-14791b8ae3e9,2026-08-04,5.0,95
43fae635-1a75-4659-8fd3-14791b8ae3e9,2026-08-05,1.4,98
4541b7dd-f401-40a5-9b0f-3cc66f817523,2026-07-30,5.0,95
4541b7dd-f401-40a5-9b0f-3cc66f817523,2026-07-31,5.0,95
4541b7dd-f401-40a5-9b0f-3cc66f817523,2026-08-01,5.0,95
4541b7dd-f401-40a5-9b0f-3cc66f817523,2026-08-02,5.0,95
4541b7dd-f401-40a5-9b0f-3cc66f817523,2026-08-03,5.0,95
4541b7dd-f401-40a5-9b0f-3cc66f817523,2026-08-04,5.0,95
4541b7dd-f401-40a5-9b0f-3cc66f817523,2026-08-05,1.4,98
45509d79-1107-4652-8f36-2beea0b7031d,2026-07-30,5.0,95
45509d79-1107-4652-8f36-2beea0b7031d,2026-07-31,5.0,95
45509d79-1107-4652-8f36-2beea0b7031d,2026-08-01,5.0,95
45509d79-1107-4652-8f36-2beea0b7031d,2026-08-02,5.0,95
45509d79-1107-4652-8f36-2beea0b7031d,2026-08-03,5.0,95
45509d79-1107-4652-8f36-2beea0b7031d,2026-08-04,5.0,95
45509d79-1107-4652-8f36-2beea0b7031d,2026-08-05,1.4,98
458b17bd-c8ee-4264-9887-aa60a62d0832,2026-07-30,5.0,95
458b17bd-c8ee-4264-9887-aa60a62d0832,2026-07-31,5.0,95
458b17bd-c8ee-4264-9887-aa60a62d0832,2026-08-01,5.0,95
458b17bd-c8ee-4264-9887-aa60a62d0832,2026-08-02,5.47,94
458b17bd-c8ee-4264-9887-aa60a62d0832,2026-08-03,5.0,95
458b17bd-c8ee-4264-9887-aa60a62d0832,2026-08-04,5.0,95
458b17bd-c8ee-4264-9887-aa60a62d0832,2026-08-05,3.1,96
45a2c585-c5d4-4f23-a02d-2f5833ee576a,2026-07-30,5.0,95
45a2c585-c5d4-4f23-a02d-2f5833ee576a,2026-07-31,5.0,95
45a2c585-c5d4-4f23-a02d-2f5833ee576a,2026-08-01,5.0,95
45a2c585-c5d4-4f23-a02d-2f5833ee576a,2026-08-02,5.0,95
45a2c585-c5d4-4f23-a02d-2f5833ee576a,2026-08-03,5.0,95
45a2c585-c5d4-4f23-a02d-2f5833ee576a,2026-08-04,5.0,95
45a2c585-c5d4-4f23-a02d-2f5833ee576a,2026-08-05,1.4,98
45d31423-8005-461f-9ef3-d4b098f2da54,2026-07-30,6.53,93
45d31423-8005-461f-9ef3-d4b098f2da54,2026-07-31,5.0,95
45d31423-8005-461f-9ef3-d4b098f2da54,2026-08-01,5.0,95
45d31423-8005-461f-9ef3-d4b098f2da54,2026-08-02,5.0,95
45d31423-8005-461f-9ef3-d4b098f2da54,2026-08-03,5.0,95
45d31423-8005-461f-9ef3-d4b098f2da54,2026-08-04,5.59,94
45d31423-8005-461f-9ef3-d4b098f2da54,2026-08-05,1.4,98
462881a5-1f3b-442a-a439-19c6362f55bd,2026-07-30,5.0,95
462881a5-1f3b-442a-a439-19c6362f55bd,2026-07-31,5.0,95
462881a5-1f3b-442a-a439-19c6362f55bd,2026-08-01,5.16,94
462881a5-1f3b-442a-a439-19c6362f55bd,2026-08-02,5.0,95
462881a5-1f3b-442a-a439-19c6362f55bd,2026-08-03,5.0,95
462881a5-1f3b-442a-a439-19c6362f55bd,2026-08-04,5.0,95
462881a5-1f3b-442a-a439-19c6362f55bd,2026-08-05,1.4,98
4648fac5-4d43-4d61-9b4c-46a104b0d5e2,2026-07-30,5.0,95
4648fac5-4d43-4d61-9b4c-46a104b0d5e2,2026-07-31,5.0,95
4648fac5-4d43-4d61-9b4c-46a104b0d5e2,2026-08-01,5.0,95
4648fac5-4d43-4d61-9b4c-46a104b0d5e2,2026-08-02,5.0,95
4648fac5-4d43-4d61-9b4c-46a104b0d5e2,2026-08-03,6.06,93
4648fac5-4d43-4d61-9b4c-46a104b0d5e2,2026-08-04,5.0,95
4648fac5-4d43-4d61-9b4c-46a104b0d5e2,2026-08-05,1.4,98
4a2ca695-ca26-4dc4-bdac-385a1921e19e,2026-07-30,5.0,95
4a2ca695-ca26-4dc4-bdac-385a1921e19e,2026-07-31,5.0,95
4a2ca695-ca26-4dc4-bdac-385a1921e19e,2026-08-01,5.0,95
4a2ca695-ca26-4dc4-bdac-385a1921e19e,2026-08-02,5.0,95
4a2ca695-ca26-4dc4-bdac-385a1921e19e,2026-08-03,5.0,95
4a2ca695-ca26-4dc4-bdac-385a1921e19e,2026-08-04,5.0,95
4a2ca695-ca26-4dc4-bdac-385a1921e19e,2026-08-05,2.4,97
4acc5282-04c6-4650-9922-8c23ff25b79a,2026-07-30,5.0,95
4acc5282-04c6-4650-9922-8c23ff25b79a,2026-07-31,5.0,95
4acc5282-04c6-4650-9922-8c23ff25b79a,2026-08-01,5.0,95
4acc5282-04c6-4650-9922-8c23ff25b79a,2026-08-02,5.0,95
4acc5282-04c6-4650-9922-8c23ff25b79a,2026-08-03,5.0,95
4acc5282-04c6-4650-9922-8c23ff25b79a,2026-08-04,5.0,95
4acc5282-04c6-4650-9922-8c23ff25b79a,2026-08-05,1.4,98
4aea0259-29ff-4ffa-9ca8-b0c04ccc0f95,2026-07-30,5.0,95
4aea0259-29ff-4ffa-9ca8-b0c04ccc0f95,2026-07-31,5.0,95
4aea0259-29ff-4ffa-9ca8-b0c04ccc0f95,2026-08-01,5.0,95
4aea0259-29ff-4ffa-9ca8-b0c04ccc0f95,2026-08-02,5.0,95
4aea0259-29ff-4ffa-9ca8-b0c04ccc0f95,2026-08-03,5.0,95
4aea0259-29ff-4ffa-9ca8-b0c04ccc0f95,2026-08-04,5.0,95
4aea0259-29ff-4ffa-9ca8-b0c04ccc0f95,2026-08-05,1.4,98
4ae8dcd2-ee43-4f7d-a90c-a4894f1b9b81,2026-07-30,5.0,95
4ae8dcd2-ee43-4f7d-a90c-a4894f1b9b81,2026-07-31,6.22,93
4ae8dcd2-ee43-4f7d-a90c-a4894f1b9b81,2026-08-01,5.04,94
4ae8dcd2-ee43-4f7d-a90c-a4894f1b9b81,2026-08-02,5.0,95
4ae8dcd2-ee43-4f7d-a90c-a4894f1b9b81,2026-08-03,5.0,95
4ae8dcd2-ee43-4f7d-a90c-a4894f1b9b81,2026-08-04,5.0,95
4ae8dcd2-ee43-4f7d-a90c-a4894f1b9b81,2026-08-05,1.4,98
4b26c995-5143-4d5a-9137-d089056c63c9,2026-07-30,5.0,95
4b26c995-5143-4d5a-9137-d089056c63c9,2026-07-31,5.0,95
4b26c995-5143-4d5a-9137-d089056c63c9,2026-08-01,5.0,95
4b26c995-5143-4d5a-9137-d089056c63c9,2026-08-02,5.0,95
4b26c995-5143-4d5a-9137-d089056c63c9,2026-08-03,5.0,95
4b26c995-5143-4d5a-9137-d089056c63c9,2026-08-04,5.0,95
4b26c995-5143-4d5a-9137-d089056c63c9,2026-08-05,1.4,98
4b47531f-767c-4c4d-9cf7-9de5d4659855,2026-07-30,5.0,95
4b47531f-767c-4c4d-9cf7-9de5d4659855,2026-07-31,5.0,95
4b47531f-767c-4c4d-9cf7-9de5d4659855,2026-08-01,5.0,95
4b47531f-767c-4c4d-9cf7-9de5d4659855,2026-08-02,5.0,95
4b47531f-767c-4c4d-9cf7-9de5d4659855,2026-08-03,5.0,95
4b47531f-767c-4c4d-9cf7-9de5d4659855,2026-08-04,5.0,95
4b47531f-767c-4c4d-9cf7-9de5d4659855,2026-08-05,1.4,98
4c796512-e843-4bee-9524-5bba6a411610,2026-07-30,5.0,95
4c796512-e843-4bee-9524-5bba6a411610,2026-07-31,5.0,95
4c796512-e843-4bee-9524-5bba6a411610,2026-08-01,5.0,95
4c796512-e843-4bee-9524-5bba6a411610,2026-08-02,5.0,95
4c796512-e843-4bee-9524-5bba6a411610,2026-08-03,5.0,95
4c796512-e843-4bee-9524-5bba6a411610,2026-08-04,5.0,95
4c796512-e843-4bee-9524-5bba6a411610,2026-08-05,1.4,98
4cc9b7fa-da75-4515-9779-8e7fd331d5f4,2026-07-30,5.0,95
4cc9b7fa-da75-4515-9779-8e7fd331d5f4,2026-07-31,5.0,95
4cc9b7fa-da75-4515-9779-8e7fd331d5f4,2026-08-01,5.0,95
4cc9b7fa-da75-4515-9779-8e7fd331d5f4,2026-08-02,5.0,95
4cc9b7fa-da75-4515-9779-8e7fd331d5f4,2026-08-03,5.0,95
4cc9b7fa-da75-4515-9779-8e7fd331d5f4,2026-08-04,5.0,95
4cc9b7fa-da75-4515-9779-8e7fd331d5f4,2026-08-05,1.4,98
4cee965d-c0fc-4633-88ef-e86598574981,2026-07-30,5.0,95
4cee965d-c0fc-4633-88ef-e86598574981,2026-07-31,5.0,95
4cee965d-c0fc-4633-88ef-e86598574981,2026-08-01,5.0,95
4cee965d-c0fc-4633-88ef-e86598574981,2026-08-02,5.0,95
4cee965d-c0fc-4633-88ef-e86598574981,2026-08-03,5.0,95
4cee965d-c0fc-4633-88ef-e86598574981,2026-08-04,5.0,95
4cee965d-c0fc-4633-88ef-e86598574981,2026-08-05,2.2,97
9473f26b-e21f-49f7-a180-a2b222dcd7fc,2026-07-30,5.0,95
9473f26b-e21f-49f7-a180-a2b222dcd7fc,2026-07-31,5.0,95
9473f26b-e21f-49f7-a180-a2b222dcd7fc,2026-08-01,5.0,95
9473f26b-e21f-49f7-a180-a2b222dcd7fc,2026-08-02,5.0,95
9473f26b-e21f-49f7-a180-a2b222dcd7fc,2026-08-03,5.0,95
9473f26b-e21f-49f7-a180-a2b222dcd7fc,2026-08-04,5.0,95
9473f26b-e21f-49f7-a180-a2b222dcd7fc,2026-08-05,1.4,98
94e4c518-85bd-431a-8dbb-7d506e572954,2026-07-30,90.09,9
94e4c518-85bd-431a-8dbb-7d506e572954,2026-07-31,95.27,4
94e4c518-85bd-431a-8dbb-7d506e572954,2026-08-01,95.51,4
94e4c518-85bd-431a-8dbb-7d506e572954,2026-08-02,88.34,11
94e4c518-85bd-431a-8dbb-7d506e572954,2026-08-03,94.21,5
94e4c518-85bd-431a-8dbb-7d506e572954,2026-08-04,97.77,2
94e4c518-85bd-431a-8dbb-7d506e572954,2026-08-05,94.4,5
95dd716c-401f-4f12-a67c-f1090c87f901,2026-07-30,5.0,95
95dd716c-401f-4f12-a67c-f1090c87f901,2026-07-31,5.0,95
95dd716c-401f-4f12-a67c-f1090c87f901,2026-08-01,5.0,95
95dd716c-401f-4f12-a67c-f1090c87f901,2026-08-02,5.0,95
95dd716c-401f-4f12-a67c-f1090c87f901,2026-08-03,5.0,95
95dd716c-401f-4f12-a67c-f1090c87f901,2026-08-04,5.0,95
95dd716c-401f-4f12-a67c-f1090c87f901,2026-08-05,1.5,98
962e0446-a020-4034-a0d2-f59f67afae94,2026-07-30,5.0,95
962e0446-a020-4034-a0d2-f59f67afae94,2026-07-31,5.0,95
962e0446-a020-4034-a0d2-f59f67afae94,2026-08-01,5.0,95
962e0446-a020-4034-a0d2-f59f67afae94,2026-08-02,5.0,95
962e0446-a020-4034-a0d2-f59f67afae94,2026-08-03,5.0,95
962e0446-a020-4034-a0d2-f59f67afae94,2026-08-04,5.0,95
962e0446-a020-4034-a0d2-f59f67afae94,2026-08-05,1.3,98
35556a50-9bf0-42e3-b558-b875b3f2688a,2026-07-30,5.0,95
35556a50-9bf0-42e3-b558-b875b3f2688a,2026-07-31,5.0,95
35556a50-9bf0-42e3-b558-b875b3f2688a,2026-08-01,5.0,95
35556a50-9bf0-42e3-b558-b875b3f2688a,2026-08-02,5.0,95
35556a50-9bf0-42e3-b558-b875b3f2688a,2026-08-03,5.0,95
35556a50-9bf0-42e3-b558-b875b3f2688a,2026-08-04,5.0,95
35556a50-9bf0-42e3-b558-b875b3f2688a,2026-08-05,1.4,98
357c2f5a-524c-45c0-9abb-132c61a1bb62,2026-07-30,5.0,95
357c2f5a-524c-45c0-9abb-132c61a1bb62,2026-07-31,5.0,95
357c2f5a-524c-45c0-9abb-132c61a1bb62,2026-08-01,5.0,95
357c2f5a-524c-45c0-9abb-132c61a1bb62,2026-08-02,5.0,95
357c2f5a-524c-45c0-9abb-132c61a1bb62,2026-08-03,5.0,95
357c2f5a-524c-45c0-9abb-132c61a1bb62,2026-08-04,5.0,95
357c2f5a-524c-45c0-9abb-132c61a1bb62,2026-08-05,1.4,98
35bf8d34-6b27-4333-a44e-d62b9851701a,2026-07-30,5.0,95
35bf8d34-6b27-4333-a44e-d62b9851701a,2026-07-31,5.0,95
35bf8d34-6b27-4333-a44e-d62b9851701a,2026-08-01,5.0,95
35bf8d34-6b27-4333-a44e-d62b9851701a,2026-08-02,5.0,95
35bf8d34-6b27-4333-a44e-d62b9851701a,2026-08-03,5.0,95
35bf8d34-6b27-4333-a44e-d62b9851701a,2026-08-04,5.0,95
35bf8d34-6b27-4333-a44e-d62b9851701a,2026-08-05,1.4,98
4d5e3b48-b529-4242-b769-77216c0b5736,2026-07-30,5.0,95
4d5e3b48-b529-4242-b769-77216c0b5736,2026-07-31,5.0,95
4d5e3b48-b529-4242-b769-77216c0b5736,2026-08-01,5.0,95
4d5e3b48-b529-4242-b769-77216c0b5736,2026-08-02,5.0,95
4d5e3b48-b529-4242-b769-77216c0b5736,2026-08-03,5.0,95
4d5e3b48-b529-4242-b769-77216c0b5736,2026-08-04,5.0,95
4d5e3b48-b529-4242-b769-77216c0b5736,2026-08-05,1.4,98
4dcef49c-c067-4915-9aad-f7e3ec1ea2fd,2026-07-30,5.0,95
4dcef49c-c067-4915-9aad-f7e3ec1ea2fd,2026-07-31,5.0,95
4dcef49c-c067-4915-9aad-f7e3ec1ea2fd,2026-08-01,5.0,95
4dcef49c-c067-4915-9aad-f7e3ec1ea2fd,2026-08-02,5.0,95
4dcef49c-c067-4915-9aad-f7e3ec1ea2fd,2026-08-03,5.0,95
4dcef49c-c067-4915-9aad-f7e3ec1ea2fd,2026-08-04,5.0,95
4dcef49c-c067-4915-9aad-f7e3ec1ea2fd,2026-08-05,1.4,98
4de0be42-7930-4b83-8988-c436b20db133,2026-07-30,5.0,95
4de0be42-7930-4b83-8988-c436b20db133,2026-07-31,5.0,95
4de0be42-7930-4b83-8988-c436b20db133,2026-08-01,5.0,95
4de0be42-7930-4b83-8988-c436b20db133,2026-08-02,5.0,95
4de0be42-7930-4b83-8988-c436b20db133,2026-08-03,5.0,95
4de0be42-7930-4b83-8988-c436b20db133,2026-08-04,5.0,95
4de0be42-7930-4b83-8988-c436b20db133,2026-08-05,1.4,98
4e5a0d99-268a-4fba-a118-eb5b247ca699,2026-07-30,5.0,95
4e5a0d99-268a-4fba-a118-eb5b247ca699,2026-07-31,5.0,95
4e5a0d99-268a-4fba-a118-eb5b247ca699,2026-08-01,5.0,95
4e5a0d99-268a-4fba-a118-eb5b247ca699,2026-08-02,5.0,95
4e5a0d99-268a-4fba-a118-eb5b247ca699,2026-08-03,5.0,95
4e5a0d99-268a-4fba-a118-eb5b247ca699,2026-08-04,5.0,95
4e5a0d99-268a-4fba-a118-eb5b247ca699,2026-08-05,1.4,98
4eeb42d4-a7d8-4a1a-b160-0006f26859c1,2026-07-30,5.0,95
4eeb42d4-a7d8-4a1a-b160-0006f26859c1,2026-07-31,5.0,95
4eeb42d4-a7d8-4a1a-b160-0006f26859c1,2026-08-01,5.0,95
4eeb42d4-a7d8-4a1a-b160-0006f26859c1,2026-08-02,5.0,95
4eeb42d4-a7d8-4a1a-b160-0006f26859c1,2026-08-03,5.0,95
4eeb42d4-a7d8-4a1a-b160-0006f26859c1,2026-08-04,5.0,95
4eeb42d4-a7d8-4a1a-b160-0006f26859c1,2026-08-05,1.4,98
4efb536e-7358-469e-84df-0471bc29e72f,2026-07-30,5.0,95
4efb536e-7358-469e-84df-0471bc29e72f,2026-07-31,5.0,95
4efb536e-7358-469e-84df-0471bc29e72f,2026-08-01,5.0,95
4efb536e-7358-469e-84df-0471bc29e72f,2026-08-02,5.0,95
4efb536e-7358-469e-84df-0471bc29e72f,2026-08-03,5.0,95
4efb536e-7358-469e-84df-0471bc29e72f,2026-08-04,5.41,94
4efb536e-7358-469e-84df-0471bc29e72f,2026-08-05,1.3,98
4f1a3bff-d912-48e6-8c10-e7044f4935ae,2026-07-30,95.67,4
4f1a3bff-d912-48e6-8c10-e7044f4935ae,2026-07-31,95.01,4
4f1a3bff-d912-48e6-8c10-e7044f4935ae,2026-08-01,96.42,3
4f1a3bff-d912-48e6-8c10-e7044f4935ae,2026-08-02,94.6,5
4f1a3bff-d912-48e6-8c10-e7044f4935ae,2026-08-03,97.33,2
4f1a3bff-d912-48e6-8c10-e7044f4935ae,2026-08-04,98.0,2
4f1a3bff-d912-48e6-8c10-e7044f4935ae,2026-08-05,97.3,2
4f1fea10-f039-4c84-8f0d-6b530fb2ee76,2026-07-30,5.0,95
4f1fea10-f039-4c84-8f0d-6b530fb2ee76,2026-07-31,5.0,95
4f1fea10-f039-4c84-8f0d-6b530fb2ee76,2026-08-01,5.0,95
4f1fea10-f039-4c84-8f0d-6b530fb2ee76,2026-08-02,5.0,95
4f1fea10-f039-4c84-8f0d-6b530fb2ee76,2026-08-03,5.0,95
4f1fea10-f039-4c84-8f0d-6b530fb2ee76,2026-08-04,5.0,95
4f1fea10-f039-4c84-8f0d-6b530fb2ee76,2026-08-05,1.4,98
4f69b187-74d9-4290-9935-6f9b18d52f64,2026-07-30,5.0,95
4f69b187-74d9-4290-9935-6f9b18d52f64,2026-07-31,5.0,95
4f69b187-74d9-4290-9935-6f9b18d52f64,2026-08-01,6.34,93
4f69b187-74d9-4290-9935-6f9b18d52f64,2026-08-02,5.0,95
4f69b187-74d9-4290-9935-6f9b18d52f64,2026-08-03,5.0,95
4f69b187-74d9-4290-9935-6f9b18d52f64,2026-08-04,5.0,95
4f69b187-74d9-4290-9935-6f9b18d52f64,2026-08-05,1.4,98
5091fc23-d72b-4324-b0b1-40d8ecfad636,2026-07-30,5.0,95
5091fc23-d72b-4324-b0b1-40d8ecfad636,2026-07-31,7.75,92
5091fc23-d72b-4324-b0b1-40d8ecfad636,2026-08-01,5.0,95
5091fc23-d72b-4324-b0b1-40d8ecfad636,2026-08-02,5.0,95
5091fc23-d72b-4324-b0b1-40d8ecfad636,2026-08-03,5.0,95
5091fc23-d72b-4324-b0b1-40d8ecfad636,2026-08-04,5.0,95
5091fc23-d72b-4324-b0b1-40d8ecfad636,2026-08-05,1.4,98
511265b3-9443-4f47-8d6e-834bf6a3f689,2026-07-30,5.0,95
511265b3-9443-4f47-8d6e-834bf6a3f689,2026-07-31,5.0,95
511265b3-9443-4f47-8d6e-834bf6a3f689,2026-08-01,5.0,95
511265b3-9443-4f47-8d6e-834bf6a3f689,2026-08-02,5.0,95
511265b3-9443-4f47-8d6e-834bf6a3f689,2026-08-03,5.0,95
511265b3-9443-4f47-8d6e-834bf6a3f689,2026-08-04,5.0,95
511265b3-9443-4f47-8d6e-834bf6a3f689,2026-08-05,1.4,98
51e98c26-b135-4987-aced-9ad949dc2ce4,2026-07-30,5.0,95
51e98c26-b135-4987-aced-9ad949dc2ce4,2026-07-31,5.0,95
51e98c26-b135-4987-aced-9ad949dc2ce4,2026-08-01,5.0,95
51e98c26-b135-4987-aced-9ad949dc2ce4,2026-08-02,5.0,95
51e98c26-b135-4987-aced-9ad949dc2ce4,2026-08-03,5.0,95
51e98c26-b135-4987-aced-9ad949dc2ce4,2026-08-04,5.0,95
51e98c26-b135-4987-aced-9ad949dc2ce4,2026-08-05,2.5,97
522b46d8-3934-4eb9-8933-5bf6fd3378e2,2026-07-30,5.0,95
522b46d8-3934-4eb9-8933-5bf6fd3378e2,2026-07-31,5.0,95
522b46d8-3934-4eb9-8933-5bf6fd3378e2,2026-08-01,5.0,95
522b46d8-3934-4eb9-8933-5bf6fd3378e2,2026-08-02,5.0,95
522b46d8-3934-4eb9-8933-5bf6fd3378e2,2026-08-03,5.0,95
522b46d8-3934-4eb9-8933-5bf6fd3378e2,2026-08-04,5.0,95
522b46d8-3934-4eb9-8933-5bf6fd3378e2,2026-08-05,1.4,98
52307036-8c34-4123-974f-a4e5be69086d,2026-07-30,5.0,95
52307036-8c34-4123-974f-a4e5be69086d,2026-07-31,5.0,95
52307036-8c34-4123-974f-a4e5be69086d,2026-08-01,5.0,95
52307036-8c34-4123-974f-a4e5be69086d,2026-08-02,5.0,95
52307036-8c34-4123-974f-a4e5be69086d,2026-08-03,5.0,95
52307036-8c34-4123-974f-a4e5be69086d,2026-08-04,5.0,95
52307036-8c34-4123-974f-a4e5be69086d,2026-08-05,1.3,98
524e06ac-43c1-4db2-8620-f5b68c8a3389,2026-07-30,5.0,95
524e06ac-43c1-4db2-8620-f5b68c8a3389,2026-07-31,5.0,95
524e06ac-43c1-4db2-8620-f5b68c8a3389,2026-08-01,5.0,95
524e06ac-43c1-4db2-8620-f5b68c8a3389,2026-08-02,5.0,95
524e06ac-43c1-4db2-8620-f5b68c8a3389,2026-08-03,5.0,95
524e06ac-43c1-4db2-8620-f5b68c8a3389,2026-08-04,5.0,95
524e06ac-43c1-4db2-8620-f5b68c8a3389,2026-08-05,1.4,98
52c5fc24-d5b9-4e30-9d61-59a49180dab2,2026-07-30,88.7,11
52c5fc24-d5b9-4e30-9d61-59a49180dab2,2026-07-31,85.92,14
52c5fc24-d5b9-4e30-9d61-59a49180dab2,2026-08-01,88.91,11
52c5fc24-d5b9-4e30-9d61-59a49180dab2,2026-08-02,88.36,11
52c5fc24-d5b9-4e30-9d61-59a49180dab2,2026-08-03,92.52,7
52c5fc24-d5b9-4e30-9d61-59a49180dab2,2026-08-04,91.68,8
52c5fc24-d5b9-4e30-9d61-59a49180dab2,2026-08-05,91.7,8
52e7c327-f44c-4f7f-9947-29ef0a1148eb,2026-07-30,5.0,95
52e7c327-f44c-4f7f-9947-29ef0a1148eb,2026-07-31,5.0,95
52e7c327-f44c-4f7f-9947-29ef0a1148eb,2026-08-01,5.0,95
52e7c327-f44c-4f7f-9947-29ef0a1148eb,2026-08-02,5.0,95
52e7c327-f44c-4f7f-9947-29ef0a1148eb,2026-08-03,5.0,95
52e7c327-f44c-4f7f-9947-29ef0a1148eb,2026-08-04,5.0,95
52e7c327-f44c-4f7f-9947-29ef0a1148eb,2026-08-05,1.4,98
530619d2-1dd2-404e-befe-a029514104c3,2026-07-30,7.78,92
530619d2-1dd2-404e-befe-a029514104c3,2026-07-31,5.0,95
530619d2-1dd2-404e-befe-a029514104c3,2026-08-01,5.0,95
530619d2-1dd2-404e-befe-a029514104c3,2026-08-02,5.0,95
530619d2-1dd2-404e-befe-a029514104c3,2026-08-03,5.0,95
530619d2-1dd2-404e-befe-a029514104c3,2026-08-04,5.0,95
530619d2-1dd2-404e-befe-a029514104c3,2026-08-05,1.4,98
532303bd-35e2-4a0b-ba6a-314e0e646582,2026-07-30,89.03,10
532303bd-35e2-4a0b-ba6a-314e0e646582,2026-07-31,95.96,4
532303bd-35e2-4a0b-ba6a-314e0e646582,2026-08-01,93.06,6
532303bd-35e2-4a0b-ba6a-314e0e646582,2026-08-02,89.11,10
532303bd-35e2-4a0b-ba6a-314e0e646582,2026-08-03,98.0,2
532303bd-35e2-4a0b-ba6a-314e0e646582,2026-08-04,96.69,3
532303bd-35e2-4a0b-ba6a-314e0e646582,2026-08-05,96.8,3
54c0b7a1-16d2-4c8a-b0fb-b3de2bc4032f,2026-07-30,5.0,95
54c0b7a1-16d2-4c8a-b0fb-b3de2bc4032f,2026-07-31,5.0,95
54c0b7a1-16d2-4c8a-b0fb-b3de2bc4032f,2026-08-01,5.0,95
54c0b7a1-16d2-4c8a-b0fb-b3de2bc4032f,2026-08-02,5.0,95
54c0b7a1-16d2-4c8a-b0fb-b3de2bc4032f,2026-08-03,5.0,95
54c0b7a1-16d2-4c8a-b0fb-b3de2bc4032f,2026-08-04,5.0,95
54c0b7a1-16d2-4c8a-b0fb-b3de2bc4032f,2026-08-05,1.4,98
552b6ef5-8942-4799-8c65-2cd2bd72a871,2026-07-30,84.04,15
552b6ef5-8942-4799-8c65-2cd2bd72a871,2026-07-31,93.24,6
552b6ef5-8942-4799-8c65-2cd2bd72a871,2026-08-01,87.38,12
552b6ef5-8942-4799-8c65-2cd2bd72a871,2026-08-02,93.84,6
552b6ef5-8942-4799-8c65-2cd2bd72a871,2026-08-03,95.98,4
552b6ef5-8942-4799-8c65-2cd2bd72a871,2026-08-04,97.03,2
552b6ef5-8942-4799-8c65-2cd2bd72a871,2026-08-05,94.4,5
55471523-d8b4-46ea-a77e-15640ecb8888,2026-07-30,5.0,95
55471523-d8b4-46ea-a77e-15640ecb8888,2026-07-31,5.0,95
55471523-d8b4-46ea-a77e-15640ecb8888,2026-08-01,5.0,95
55471523-d8b4-46ea-a77e-15640ecb8888,2026-08-02,5.0,95
55471523-d8b4-46ea-a77e-15640ecb8888,2026-08-03,5.0,95
55471523-d8b4-46ea-a77e-15640ecb8888,2026-08-04,5.0,95
55471523-d8b4-46ea-a77e-15640ecb8888,2026-08-05,1.4,98
554b980e-7922-4d91-b982-fe1f09e552e4,2026-07-30,5.0,95
554b980e-7922-4d91-b982-fe1f09e552e4,2026-07-31,5.0,95
554b980e-7922-4d91-b982-fe1f09e552e4,2026-08-01,5.0,95
554b980e-7922-4d91-b982-fe1f09e552e4,2026-08-02,5.02,94
554b980e-7922-4d91-b982-fe1f09e552e4,2026-08-03,5.0,95
554b980e-7922-4d91-b982-fe1f09e552e4,2026-08-04,5.0,95
554b980e-7922-4d91-b982-fe1f09e552e4,2026-08-05,1.4,98
5992d820-0456-4718-9b60-9f77d3eec603,2026-07-30,5.0,95
5992d820-0456-4718-9b60-9f77d3eec603,2026-07-31,5.0,95
5992d820-0456-4718-9b60-9f77d3eec603,2026-08-01,5.0,95
5992d820-0456-4718-9b60-9f77d3eec603,2026-08-02,5.0,95
5992d820-0456-4718-9b60-9f77d3eec603,2026-08-03,5.0,95
5992d820-0456-4718-9b60-9f77d3eec603,2026-08-04,5.0,95
5992d820-0456-4718-9b60-9f77d3eec603,2026-08-05,1.4,98
599cf7cb-038f-4152-ba59-aeaae2c46a9d,2026-07-30,5.0,95
599cf7cb-038f-4152-ba59-aeaae2c46a9d,2026-07-31,5.0,95
599cf7cb-038f-4152-ba59-aeaae2c46a9d,2026-08-01,5.0,95
599cf7cb-038f-4152-ba59-aeaae2c46a9d,2026-08-02,5.0,95
599cf7cb-038f-4152-ba59-aeaae2c46a9d,2026-08-03,5.0,95
599cf7cb-038f-4152-ba59-aeaae2c46a9d,2026-08-04,5.0,95
599cf7cb-038f-4152-ba59-aeaae2c46a9d,2026-08-05,1.4,98
599f055a-0e51-4676-a071-cc227ad7b575,2026-07-30,5.01,94
599f055a-0e51-4676-a071-cc227ad7b575,2026-07-31,5.0,95
599f055a-0e51-4676-a071-cc227ad7b575,2026-08-01,5.0,95
599f055a-0e51-4676-a071-cc227ad7b575,2026-08-02,5.0,95
599f055a-0e51-4676-a071-cc227ad7b575,2026-08-03,5.0,95
599f055a-0e51-4676-a071-cc227ad7b575,2026-08-04,5.0,95
599f055a-0e51-4676-a071-cc227ad7b575,2026-08-05,1.4,98
59d65960-3a80-4245-8ef9-7b021698d2e7,2026-07-30,5.09,94
59d65960-3a80-4245-8ef9-7b021698d2e7,2026-07-31,5.0,95
59d65960-3a80-4245-8ef9-7b021698d2e7,2026-08-01,5.0,95
59d65960-3a80-4245-8ef9-7b021698d2e7,2026-08-02,5.0,95
59d65960-3a80-4245-8ef9-7b021698d2e7,2026-08-03,5.31,94
59d65960-3a80-4245-8ef9-7b021698d2e7,2026-08-04,5.0,95
59d65960-3a80-4245-8ef9-7b021698d2e7,2026-08-05,1.4,98
5a70f27e-1ebb-4045-84b0-51f3ff3f6fec,2026-07-30,80.7,19
5a70f27e-1ebb-4045-84b0-51f3ff3f6fec,2026-07-31,91.39,8
5a70f27e-1ebb-4045-84b0-51f3ff3f6fec,2026-08-01,93.43,6
5a70f27e-1ebb-4045-84b0-51f3ff3f6fec,2026-08-02,88.95,11
5a70f27e-1ebb-4045-84b0-51f3ff3f6fec,2026-08-03,89.87,10
5a70f27e-1ebb-4045-84b0-51f3ff3f6fec,2026-08-04,93.49,6
5a70f27e-1ebb-4045-84b0-51f3ff3f6fec,2026-08-05,92.7,7
5b1def61-2a05-4148-a669-50b0cf58534e,2026-07-30,5.0,95
5b1def61-2a05-4148-a669-50b0cf58534e,2026-07-31,5.0,95
5b1def61-2a05-4148-a669-50b0cf58534e,2026-08-01,5.0,95
5b1def61-2a05-4148-a669-50b0cf58534e,2026-08-02,6.74,93
5b1def61-2a05-4148-a669-50b0cf58534e,2026-08-03,5.0,95
5b1def61-2a05-4148-a669-50b0cf58534e,2026-08-04,5.0,95
5b1def61-2a05-4148-a669-50b0cf58534e,2026-08-05,1.4,98
5b4dffe5-30fe-443a-9a82-e200babc4c67,2026-07-30,5.0,95
5b4dffe5-30fe-443a-9a82-e200babc4c67,2026-07-31,5.0,95
5b4dffe5-30fe-443a-9a82-e200babc4c67,2026-08-01,5.0,95
5b4dffe5-30fe-443a-9a82-e200babc4c67,2026-08-02,5.0,95
5b4dffe5-30fe-443a-9a82-e200babc4c67,2026-08-03,5.0,95
5b4dffe5-30fe-443a-9a82-e200babc4c67,2026-08-04,5.0,95
5b4dffe5-30fe-443a-9a82-e200babc4c67,2026-08-05,1.4,98
5b6ec485-a5c0-4e73-9189-2b2842e23f90,2026-07-30,5.0,95
5b6ec485-a5c0-4e73-9189-2b2842e23f90,2026-07-31,5.0,95
5b6ec485-a5c0-4e73-9189-2b2842e23f90,2026-08-01,5.0,95
5b6ec485-a5c0-4e73-9189-2b2842e23f90,2026-08-02,5.0,95
5b6ec485-a5c0-4e73-9189-2b2842e23f90,2026-08-03,5.0,95
5b6ec485-a5c0-4e73-9189-2b2842e23f90,2026-08-04,5.0,95
5b6ec485-a5c0-4e73-9189-2b2842e23f90,2026-08-05,1.4,98
5b9c39fa-d718-4d32-ac9f-7196e6679bf9,2026-07-30,5.0,95
5b9c39fa-d718-4d32-ac9f-7196e6679bf9,2026-07-31,5.0,95
5b9c39fa-d718-4d32-ac9f-7196e6679bf9,2026-08-01,5.0,95
5b9c39fa-d718-4d32-ac9f-7196e6679bf9,2026-08-02,5.0,95
5b9c39fa-d718-4d32-ac9f-7196e6679bf9,2026-08-03,5.0,95
5b9c39fa-d718-4d32-ac9f-7196e6679bf9,2026-08-04,5.0,95
5b9c39fa-d718-4d32-ac9f-7196e6679bf9,2026-08-05,1.4,98
5bb0fe25-c0c6-46d0-a13b-4dde33a92fad,2026-07-30,5.0,95
5bb0fe25-c0c6-46d0-a13b-4dde33a92fad,2026-07-31,5.0,95
5bb0fe25-c0c6-46d0-a13b-4dde33a92fad,2026-08-01,5.0,95
5bb0fe25-c0c6-46d0-a13b-4dde33a92fad,2026-08-02,5.0,95
5bb0fe25-c0c6-46d0-a13b-4dde33a92fad,2026-08-03,5.0,95
5bb0fe25-c0c6-46d0-a13b-4dde33a92fad,2026-08-04,5.0,95
5bb0fe25-c0c6-46d0-a13b-4dde33a92fad,2026-08-05,2.5,97
5bd7ec1a-182d-4d86-bc99-5497872f7ba6,2026-07-30,5.0,95
5bd7ec1a-182d-4d86-bc99-5497872f7ba6,2026-07-31,5.0,95
5bd7ec1a-182d-4d86-bc99-5497872f7ba6,2026-08-01,5.0,95
5bd7ec1a-182d-4d86-bc99-5497872f7ba6,2026-08-02,5.0,95
5bd7ec1a-182d-4d86-bc99-5497872f7ba6,2026-08-03,5.0,95
5bd7ec1a-182d-4d86-bc99-5497872f7ba6,2026-08-04,5.0,95
5bd7ec1a-182d-4d86-bc99-5497872f7ba6,2026-08-05,1.3,98
5bebacbe-abef-4789-9dcc-83d01f7a3f99,2026-07-30,5.22,94
5bebacbe-abef-4789-9dcc-83d01f7a3f99,2026-07-31,5.0,95
5bebacbe-abef-4789-9dcc-83d01f7a3f99,2026-08-01,5.0,95
5bebacbe-abef-4789-9dcc-83d01f7a3f99,2026-08-02,5.0,95
5bebacbe-abef-4789-9dcc-83d01f7a3f99,2026-08-03,5.0,95
5bebacbe-abef-4789-9dcc-83d01f7a3f99,2026-08-04,5.0,95
5bebacbe-abef-4789-9dcc-83d01f7a3f99,2026-08-05,1.4,98
5ccf7826-f5c7-4dbc-a1d9-aef562190ce1,2026-07-30,5.0,95
5ccf7826-f5c7-4dbc-a1d9-aef562190ce1,2026-07-31,5.0,95
5ccf7826-f5c7-4dbc-a1d9-aef562190ce1,2026-08-01,6.22,93
5ccf7826-f5c7-4dbc-a1d9-aef562190ce1,2026-08-02,5.0,95
5ccf7826-f5c7-4dbc-a1d9-aef562190ce1,2026-08-03,5.0,95
5ccf7826-f5c7-4dbc-a1d9-aef562190ce1,2026-08-04,5.0,95
5ccf7826-f5c7-4dbc-a1d9-aef562190ce1,2026-08-05,1.4,98
5ce4f1ec-34b3-4c35-b3dc-1490853e69d3,2026-07-30,5.0,95
5ce4f1ec-34b3-4c35-b3dc-1490853e69d3,2026-07-31,5.0,95
5ce4f1ec-34b3-4c35-b3dc-1490853e69d3,2026-08-01,5.0,95
5ce4f1ec-34b3-4c35-b3dc-1490853e69d3,2026-08-02,5.0,95
5ce4f1ec-34b3-4c35-b3dc-1490853e69d3,2026-08-03,5.0,95
5ce4f1ec-34b3-4c35-b3dc-1490853e69d3,2026-08-04,5.0,95
5ce4f1ec-34b3-4c35-b3dc-1490853e69d3,2026-08-05,1.4,98
5dd9b000-c376-453e-a7ea-39becce39086,2026-07-30,5.0,95
5dd9b000-c376-453e-a7ea-39becce39086,2026-07-31,5.0,95
5dd9b000-c376-453e-a7ea-39becce39086,2026-08-01,5.0,95
5dd9b000-c376-453e-a7ea-39becce39086,2026-08-02,5.0,95
5dd9b000-c376-453e-a7ea-39becce39086,2026-08-03,5.0,95
5dd9b000-c376-453e-a7ea-39becce39086,2026-08-04,5.0,95
5dd9b000-c376-453e-a7ea-39becce39086,2026-08-05,1.4,98
5ddf5b98-263f-4b3e-9a6d-9cf7fee364c3,2026-07-30,83.79,16
5ddf5b98-263f-4b3e-9a6d-9cf7fee364c3,2026-07-31,85.52,14
5ddf5b98-263f-4b3e-9a6d-9cf7fee364c3,2026-08-01,96.44,3
5ddf5b98-263f-4b3e-9a6d-9cf7fee364c3,2026-08-02,92.29,7
5ddf5b98-263f-4b3e-9a6d-9cf7fee364c3,2026-08-03,95.54,4
5ddf5b98-263f-4b3e-9a6d-9cf7fee364c3,2026-08-04,93.41,6
5ddf5b98-263f-4b3e-9a6d-9cf7fee364c3,2026-08-05,93.1,6
5df639fc-c805-44f8-924b-4499dd776b94,2026-07-30,5.0,95
5df639fc-c805-44f8-924b-4499dd776b94,2026-07-31,5.0,95
5df639fc-c805-44f8-924b-4499dd776b94,2026-08-01,5.0,95
5df639fc-c805-44f8-924b-4499dd776b94,2026-08-02,5.0,95
5df639fc-c805-44f8-924b-4499dd776b94,2026-08-03,5.0,95
5df639fc-c805-44f8-924b-4499dd776b94,2026-08-04,5.0,95
5df639fc-c805-44f8-924b-4499dd776b94,2026-08-05,1.3,98
5e0887bc-76ba-43ba-84f4-f3aed2f53c4f,2026-07-30,5.0,95
5e0887bc-76ba-43ba-84f4-f3aed2f53c4f,2026-07-31,5.0,95
5e0887bc-76ba-43ba-84f4-f3aed2f53c4f,2026-08-01,5.0,95
5e0887bc-76ba-43ba-84f4-f3aed2f53c4f,2026-08-02,5.0,95
5e0887bc-76ba-43ba-84f4-f3aed2f53c4f,2026-08-03,5.0,95
5e0887bc-76ba-43ba-84f4-f3aed2f53c4f,2026-08-04,5.0,95
5e0887bc-76ba-43ba-84f4-f3aed2f53c4f,2026-08-05,1.3,98
5e325712-f39d-48b8-afed-935f4ecd6348,2026-07-30,5.0,95
5e325712-f39d-48b8-afed-935f4ecd6348,2026-07-31,5.0,95
5e325712-f39d-48b8-afed-935f4ecd6348,2026-08-01,5.0,95
5e325712-f39d-48b8-afed-935f4ecd6348,2026-08-02,5.0,95
5e325712-f39d-48b8-afed-935f4ecd6348,2026-08-03,5.0,95
5e325712-f39d-48b8-afed-935f4ecd6348,2026-08-04,5.0,95
5e325712-f39d-48b8-afed-935f4ecd6348,2026-08-05,1.4,98
61421eb7-a1c5-4b4d-b80a-75002adb095a,2026-07-30,5.0,95
61421eb7-a1c5-4b4d-b80a-75002adb095a,2026-07-31,6.54,93
61421eb7-a1c5-4b4d-b80a-75002adb095a,2026-08-01,5.0,95
61421eb7-a1c5-4b4d-b80a-75002adb095a,2026-08-02,5.0,95
61421eb7-a1c5-4b4d-b80a-75002adb095a,2026-08-03,5.0,95
61421eb7-a1c5-4b4d-b80a-75002adb095a,2026-08-04,5.0,95
61421eb7-a1c5-4b4d-b80a-75002adb095a,2026-08-05,1.4,98
6f538f69-96c3-4343-b8d7-251feb71070b,2026-07-30,5.0,95
6f538f69-96c3-4343-b8d7-251feb71070b,2026-07-31,5.0,95
6f538f69-96c3-4343-b8d7-251feb71070b,2026-08-01,5.0,95
6f538f69-96c3-4343-b8d7-251feb71070b,2026-08-02,5.0,95
6f538f69-96c3-4343-b8d7-251feb71070b,2026-08-03,5.0,95
6f538f69-96c3-4343-b8d7-251feb71070b,2026-08-04,5.03,94
6f538f69-96c3-4343-b8d7-251feb71070b,2026-08-05,1.4,98
7082826e-8cc4-4630-8d14-73ff8a4914dc,2026-07-30,6.28,93
7082826e-8cc4-4630-8d14-73ff8a4914dc,2026-07-31,5.0,95
7082826e-8cc4-4630-8d14-73ff8a4914dc,2026-08-01,5.0,95
7082826e-8cc4-4630-8d14-73ff8a4914dc,2026-08-02,5.0,95
7082826e-8cc4-4630-8d14-73ff8a4914dc,2026-08-03,5.0,95
7082826e-8cc4-4630-8d14-73ff8a4914dc,2026-08-04,5.0,95
7082826e-8cc4-4630-8d14-73ff8a4914dc,2026-08-05,1.4,98
709b26c3-2ff6-4dde-96d3-c2ddb151b887,2026-07-30,5.0,95
709b26c3-2ff6-4dde-96d3-c2ddb151b887,2026-07-31,5.0,95
709b26c3-2ff6-4dde-96d3-c2ddb151b887,2026-08-01,5.0,95
709b26c3-2ff6-4dde-96d3-c2ddb151b887,2026-08-02,5.0,95
709b26c3-2ff6-4dde-96d3-c2ddb151b887,2026-08-03,5.0,95
709b26c3-2ff6-4dde-96d3-c2ddb151b887,2026-08-04,5.0,95
709b26c3-2ff6-4dde-96d3-c2ddb151b887,2026-08-05,1.4,98
70dfa58e-11a2-4e3c-b5ac-9a14d593d187,2026-07-30,5.0,95
70dfa58e-11a2-4e3c-b5ac-9a14d593d187,2026-07-31,5.0,95
70dfa58e-11a2-4e3c-b5ac-9a14d593d187,2026-08-01,6.37,93
70dfa58e-11a2-4e3c-b5ac-9a14d593d187,2026-08-02,5.0,95
70dfa58e-11a2-4e3c-b5ac-9a14d593d187,2026-08-03,5.0,95
70dfa58e-11a2-4e3c-b5ac-9a14d593d187,2026-08-04,5.0,95
70dfa58e-11a2-4e3c-b5ac-9a14d593d187,2026-08-05,2.2,97
70f83716-d29b-489b-bf12-7edcb15c0123,2026-07-30,5.0,95
70f83716-d29b-489b-bf12-7edcb15c0123,2026-07-31,5.0,95
70f83716-d29b-489b-bf12-7edcb15c0123,2026-08-01,5.0,95
70f83716-d29b-489b-bf12-7edcb15c0123,2026-08-02,5.0,95
70f83716-d29b-489b-bf12-7edcb15c0123,2026-08-03,5.0,95
70f83716-d29b-489b-bf12-7edcb15c0123,2026-08-04,5.0,95
70f83716-d29b-489b-bf12-7edcb15c0123,2026-08-05,1.4,98
714b5edf-cd5c-46b7-aa2e-14dddcc73489,2026-07-30,5.0,95
714b5edf-cd5c-46b7-aa2e-14dddcc73489,2026-07-31,6.32,93
714b5edf-cd5c-46b7-aa2e-14dddcc73489,2026-08-01,5.0,95
714b5edf-cd5c-46b7-aa2e-14dddcc73489,2026-08-02,5.0,95
714b5edf-cd5c-46b7-aa2e-14dddcc73489,2026-08-03,5.0,95
714b5edf-cd5c-46b7-aa2e-14dddcc73489,2026-08-04,5.0,95
714b5edf-cd5c-46b7-aa2e-14dddcc73489,2026-08-05,1.4,98
71f15886-d6c5-4d24-92aa-5591cc1cba19,2026-07-30,5.0,95
71f15886-d6c5-4d24-92aa-5591cc1cba19,2026-07-31,5.0,95
71f15886-d6c5-4d24-92aa-5591cc1cba19,2026-08-01,5.0,95
71f15886-d6c5-4d24-92aa-5591cc1cba19,2026-08-02,5.0,95
71f15886-d6c5-4d24-92aa-5591cc1cba19,2026-08-03,5.0,95
71f15886-d6c5-4d24-92aa-5591cc1cba19,2026-08-04,5.0,95
71f15886-d6c5-4d24-92aa-5591cc1cba19,2026-08-05,1.4,98
76cef8a5-2335-43f5-9a4a-c937368a0fbf,2026-07-30,5.37,94
76cef8a5-2335-43f5-9a4a-c937368a0fbf,2026-07-31,9.82,90
76cef8a5-2335-43f5-9a4a-c937368a0fbf,2026-08-01,5.0,95
76cef8a5-2335-43f5-9a4a-c937368a0fbf,2026-08-02,6.9,93
76cef8a5-2335-43f5-9a4a-c937368a0fbf,2026-08-03,5.9,94
76cef8a5-2335-43f5-9a4a-c937368a0fbf,2026-08-04,7.63,92
76cef8a5-2335-43f5-9a4a-c937368a0fbf,2026-08-05,6.0,94
76fd4fb7-7310-4689-ba0d-64178a3ecc93,2026-07-30,5.0,95
76fd4fb7-7310-4689-ba0d-64178a3ecc93,2026-07-31,5.0,95
76fd4fb7-7310-4689-ba0d-64178a3ecc93,2026-08-01,5.0,95
76fd4fb7-7310-4689-ba0d-64178a3ecc93,2026-08-02,5.0,95
76fd4fb7-7310-4689-ba0d-64178a3ecc93,2026-08-03,5.0,95
76fd4fb7-7310-4689-ba0d-64178a3ecc93,2026-08-04,5.0,95
76fd4fb7-7310-4689-ba0d-64178a3ecc93,2026-08-05,2.1,97
77466f9e-fdea-4e29-ae70-11e77cdd2172,2026-07-30,86.87,13
77466f9e-fdea-4e29-ae70-11e77cdd2172,2026-07-31,89.15,10
77466f9e-fdea-4e29-ae70-11e77cdd2172,2026-08-01,90.51,9
77466f9e-fdea-4e29-ae70-11e77cdd2172,2026-08-02,93.8,6
77466f9e-fdea-4e29-ae70-11e77cdd2172,2026-08-03,91.99,8
77466f9e-fdea-4e29-ae70-11e77cdd2172,2026-08-04,93.9,6
77466f9e-fdea-4e29-ae70-11e77cdd2172,2026-08-05,95.6,4
7791174e-8394-47eb-a64d-055324dec6ea,2026-07-30,5.0,95
7791174e-8394-47eb-a64d-055324dec6ea,2026-07-31,5.79,94
7791174e-8394-47eb-a64d-055324dec6ea,2026-08-01,5.34,94
7791174e-8394-47eb-a64d-055324dec6ea,2026-08-02,5.0,95
7791174e-8394-47eb-a64d-055324dec6ea,2026-08-03,5.0,95
7791174e-8394-47eb-a64d-055324dec6ea,2026-08-04,5.0,95
7791174e-8394-47eb-a64d-055324dec6ea,2026-08-05,2.3,97
7b9faade-bafc-425c-a9e2-c09999bdf86d,2026-07-30,5.0,95
7b9faade-bafc-425c-a9e2-c09999bdf86d,2026-07-31,5.0,95
7b9faade-bafc-425c-a9e2-c09999bdf86d,2026-08-01,5.0,95
7b9faade-bafc-425c-a9e2-c09999bdf86d,2026-08-02,5.0,95
7b9faade-bafc-425c-a9e2-c09999bdf86d,2026-08-03,5.0,95
7b9faade-bafc-425c-a9e2-c09999bdf86d,2026-08-04,5.0,95
7b9faade-bafc-425c-a9e2-c09999bdf86d,2026-08-05,1.4,98
7bcf3f92-77e2-421f-9b72-95ee51ed1023,2026-07-30,5.0,95
7bcf3f92-77e2-421f-9b72-95ee51ed1023,2026-07-31,5.0,95
7bcf3f92-77e2-421f-9b72-95ee51ed1023,2026-08-01,5.0,95
7bcf3f92-77e2-421f-9b72-95ee51ed1023,2026-08-02,5.0,95
7bcf3f92-77e2-421f-9b72-95ee51ed1023,2026-08-03,5.0,95
7bcf3f92-77e2-421f-9b72-95ee51ed1023,2026-08-04,5.0,95
7bcf3f92-77e2-421f-9b72-95ee51ed1023,2026-08-05,1.4,98
7bde4c25-accb-4aae-a851-c0aee3c6b1b0,2026-07-30,5.0,95
7bde4c25-accb-4aae-a851-c0aee3c6b1b0,2026-07-31,5.0,95
7bde4c25-accb-4aae-a851-c0aee3c6b1b0,2026-08-01,5.0,95
7bde4c25-accb-4aae-a851-c0aee3c6b1b0,2026-08-02,5.0,95
7bde4c25-accb-4aae-a851-c0aee3c6b1b0,2026-08-03,5.0,95
7bde4c25-accb-4aae-a851-c0aee3c6b1b0,2026-08-04,5.0,95
7bde4c25-accb-4aae-a851-c0aee3c6b1b0,2026-08-05,1.4,98
7c330a2d-fcb8-4409-8104-4c453970492f,2026-07-30,5.0,95
7c330a2d-fcb8-4409-8104-4c453970492f,2026-07-31,5.0,95
7c330a2d-fcb8-4409-8104-4c453970492f,2026-08-01,5.0,95
7c330a2d-fcb8-4409-8104-4c453970492f,2026-08-02,5.0,95
7c330a2d-fcb8-4409-8104-4c453970492f,2026-08-03,5.0,95
7c330a2d-fcb8-4409-8104-4c453970492f,2026-08-04,5.0,95
7c330a2d-fcb8-4409-8104-4c453970492f,2026-08-05,1.4,98
7c45d57a-b791-4902-bfc9-b02e5d3c3fa1,2026-07-30,5.0,95
7c45d57a-b791-4902-bfc9-b02e5d3c3fa1,2026-07-31,5.0,95
7c45d57a-b791-4902-bfc9-b02e5d3c3fa1,2026-08-01,5.0,95
7c45d57a-b791-4902-bfc9-b02e5d3c3fa1,2026-08-02,5.0,95
7c45d57a-b791-4902-bfc9-b02e5d3c3fa1,2026-08-03,5.0,95
7c45d57a-b791-4902-bfc9-b02e5d3c3fa1,2026-08-04,5.14,94
7c45d57a-b791-4902-bfc9-b02e5d3c3fa1,2026-08-05,1.4,98
7c4f7e85-f307-4aab-af18-eba1fcb5f6e6,2026-07-30,5.87,94
7c4f7e85-f307-4aab-af18-eba1fcb5f6e6,2026-07-31,5.92,94
7c4f7e85-f307-4aab-af18-eba1fcb5f6e6,2026-08-01,5.0,95
7c4f7e85-f307-4aab-af18-eba1fcb5f6e6,2026-08-02,5.0,95
7c4f7e85-f307-4aab-af18-eba1fcb5f6e6,2026-08-03,5.0,95
7c4f7e85-f307-4aab-af18-eba1fcb5f6e6,2026-08-04,5.0,95
7c4f7e85-f307-4aab-af18-eba1fcb5f6e6,2026-08-05,1.4,98
7c7970bb-2a7e-4c10-b99a-d9fe197f116d,2026-07-30,5.0,95
7c7970bb-2a7e-4c10-b99a-d9fe197f116d,2026-07-31,5.0,95
7c7970bb-2a7e-4c10-b99a-d9fe197f116d,2026-08-01,5.0,95
7c7970bb-2a7e-4c10-b99a-d9fe197f116d,2026-08-02,5.0,95
7c7970bb-2a7e-4c10-b99a-d9fe197f116d,2026-08-03,5.0,95
7c7970bb-2a7e-4c10-b99a-d9fe197f116d,2026-08-04,5.0,95
7c7970bb-2a7e-4c10-b99a-d9fe197f116d,2026-08-05,1.4,98
7cdae050-6d28-4e07-bb76-dfc8325323f3,2026-07-30,5.0,95
7cdae050-6d28-4e07-bb76-dfc8325323f3,2026-07-31,5.0,95
7cdae050-6d28-4e07-bb76-dfc8325323f3,2026-08-01,5.0,95
7cdae050-6d28-4e07-bb76-dfc8325323f3,2026-08-02,5.0,95
7cdae050-6d28-4e07-bb76-dfc8325323f3,2026-08-03,5.0,95
7cdae050-6d28-4e07-bb76-dfc8325323f3,2026-08-04,5.0,95
7cdae050-6d28-4e07-bb76-dfc8325323f3,2026-08-05,1.4,98
7ceaf7ee-c790-45b6-9f83-50a9ffbcc18c,2026-07-30,5.0,95
7ceaf7ee-c790-45b6-9f83-50a9ffbcc18c,2026-07-31,5.0,95
7ceaf7ee-c790-45b6-9f83-50a9ffbcc18c,2026-08-01,5.0,95
7ceaf7ee-c790-45b6-9f83-50a9ffbcc18c,2026-08-02,5.0,95
7ceaf7ee-c790-45b6-9f83-50a9ffbcc18c,2026-08-03,5.0,95
7ceaf7ee-c790-45b6-9f83-50a9ffbcc18c,2026-08-04,5.0,95
7ceaf7ee-c790-45b6-9f83-50a9ffbcc18c,2026-08-05,1.4,98
7d323ca3-c823-4ace-9f27-503370389471,2026-07-30,5.0,95
7d323ca3-c823-4ace-9f27-503370389471,2026-07-31,5.0,95
7d323ca3-c823-4ace-9f27-503370389471,2026-08-01,5.0,95
7d323ca3-c823-4ace-9f27-503370389471,2026-08-02,5.0,95
7d323ca3-c823-4ace-9f27-503370389471,2026-08-03,5.0,95
7d323ca3-c823-4ace-9f27-503370389471,2026-08-04,5.0,95
7d323ca3-c823-4ace-9f27-503370389471,2026-08-05,1.4,98
7d6ab8e3-608a-4f04-9ed3-e3bc93b58c6e,2026-07-30,5.0,95
7d6ab8e3-608a-4f04-9ed3-e3bc93b58c6e,2026-07-31,5.0,95
7d6ab8e3-608a-4f04-9ed3-e3bc93b58c6e,2026-08-01,5.0,95
7d6ab8e3-608a-4f04-9ed3-e3bc93b58c6e,2026-08-02,5.0,95
7d6ab8e3-608a-4f04-9ed3-e3bc93b58c6e,2026-08-03,5.0,95
7d6ab8e3-608a-4f04-9ed3-e3bc93b58c6e,2026-08-04,5.0,95
7d6ab8e3-608a-4f04-9ed3-e3bc93b58c6e,2026-08-05,1.4,98
7db68d90-75f1-48c8-99a8-50ba015569dd,2026-07-30,5.0,95
7db68d90-75f1-48c8-99a8-50ba015569dd,2026-07-31,5.0,95
7db68d90-75f1-48c8-99a8-50ba015569dd,2026-08-01,5.0,95
7db68d90-75f1-48c8-99a8-50ba015569dd,2026-08-02,5.0,95
7db68d90-75f1-48c8-99a8-50ba015569dd,2026-08-03,5.0,95
7db68d90-75f1-48c8-99a8-50ba015569dd,2026-08-04,5.0,95
7db68d90-75f1-48c8-99a8-50ba015569dd,2026-08-05,1.4,98
7dc55a0c-9b46-4f9c-af42-6995b1ca5657,2026-07-30,5.0,95
7dc55a0c-9b46-4f9c-af42-6995b1ca5657,2026-07-31,5.0,95
7dc55a0c-9b46-4f9c-af42-6995b1ca5657,2026-08-01,5.0,95
7dc55a0c-9b46-4f9c-af42-6995b1ca5657,2026-08-02,5.0,95
7dc55a0c-9b46-4f9c-af42-6995b1ca5657,2026-08-03,5.0,95
7dc55a0c-9b46-4f9c-af42-6995b1ca5657,2026-08-04,5.0,95
7dc55a0c-9b46-4f9c-af42-6995b1ca5657,2026-08-05,1.4,98
7e09ed43-c054-4b94-b554-b68e6ce63e20,2026-07-30,5.0,95
7e09ed43-c054-4b94-b554-b68e6ce63e20,2026-07-31,5.0,95
7e09ed43-c054-4b94-b554-b68e6ce63e20,2026-08-01,5.0,95
7e09ed43-c054-4b94-b554-b68e6ce63e20,2026-08-02,5.0,95
7e09ed43-c054-4b94-b554-b68e6ce63e20,2026-08-03,5.0,95
7e09ed43-c054-4b94-b554-b68e6ce63e20,2026-08-04,5.0,95
7e09ed43-c054-4b94-b554-b68e6ce63e20,2026-08-05,1.4,98
7e4f17dd-84b5-4df7-8bf0-106fa9e1bf83,2026-07-30,5.0,95
7e4f17dd-84b5-4df7-8bf0-106fa9e1bf83,2026-07-31,5.0,95
7e4f17dd-84b5-4df7-8bf0-106fa9e1bf83,2026-08-01,5.0,95
7e4f17dd-84b5-4df7-8bf0-106fa9e1bf83,2026-08-02,5.0,95
7e4f17dd-84b5-4df7-8bf0-106fa9e1bf83,2026-08-03,5.0,95
7e4f17dd-84b5-4df7-8bf0-106fa9e1bf83,2026-08-04,5.07,94
7e4f17dd-84b5-4df7-8bf0-106fa9e1bf83,2026-08-05,1.4,98
7f03e6d1-dff5-4f1b-bcda-e42234eac882,2026-07-30,5.0,95
7f03e6d1-dff5-4f1b-bcda-e42234eac882,2026-07-31,5.0,95
7f03e6d1-dff5-4f1b-bcda-e42234eac882,2026-08-01,5.0,95
7f03e6d1-dff5-4f1b-bcda-e42234eac882,2026-08-02,5.0,95
7f03e6d1-dff5-4f1b-bcda-e42234eac882,2026-08-03,5.0,95
7f03e6d1-dff5-4f1b-bcda-e42234eac882,2026-08-04,5.0,95
7f03e6d1-dff5-4f1b-bcda-e42234eac882,2026-08-05,1.3,98
7f04bcf4-d8f7-4699-8755-9c120942e065,2026-07-30,5.0,95
7f04bcf4-d8f7-4699-8755-9c120942e065,2026-07-31,5.0,95
7f04bcf4-d8f7-4699-8755-9c120942e065,2026-08-01,5.0,95
7f04bcf4-d8f7-4699-8755-9c120942e065,2026-08-02,5.0,95
7f04bcf4-d8f7-4699-8755-9c120942e065,2026-08-03,5.0,95
7f04bcf4-d8f7-4699-8755-9c120942e065,2026-08-04,5.0,95
7f04bcf4-d8f7-4699-8755-9c120942e065,2026-08-05,1.4,98
85393b1b-07a4-418a-ba30-e9b67e0e8eaa,2026-07-30,82.64,17
85393b1b-07a4-418a-ba30-e9b67e0e8eaa,2026-07-31,90.85,9
85393b1b-07a4-418a-ba30-e9b67e0e8eaa,2026-08-01,92.72,7
85393b1b-07a4-418a-ba30-e9b67e0e8eaa,2026-08-02,95.73,4
85393b1b-07a4-418a-ba30-e9b67e0e8eaa,2026-08-03,97.85,2
85393b1b-07a4-418a-ba30-e9b67e0e8eaa,2026-08-04,97.04,2
85393b1b-07a4-418a-ba30-e9b67e0e8eaa,2026-08-05,94.6,5
8551c46a-8e79-4f53-a821-ea3e8f0e61a4,2026-07-30,5.0,95
8551c46a-8e79-4f53-a821-ea3e8f0e61a4,2026-07-31,5.0,95
8551c46a-8e79-4f53-a821-ea3e8f0e61a4,2026-08-01,5.0,95
8551c46a-8e79-4f53-a821-ea3e8f0e61a4,2026-08-02,5.0,95
8551c46a-8e79-4f53-a821-ea3e8f0e61a4,2026-08-03,5.0,95
8551c46a-8e79-4f53-a821-ea3e8f0e61a4,2026-08-04,5.0,95
8551c46a-8e79-4f53-a821-ea3e8f0e61a4,2026-08-05,1.4,98
8574a450-bde0-4c55-8ab9-95e23a0fa38d,2026-07-30,5.0,95
8574a450-bde0-4c55-8ab9-95e23a0fa38d,2026-07-31,5.0,95
8574a450-bde0-4c55-8ab9-95e23a0fa38d,2026-08-01,5.0,95
8574a450-bde0-4c55-8ab9-95e23a0fa38d,2026-08-02,5.0,95
8574a450-bde0-4c55-8ab9-95e23a0fa38d,2026-08-03,5.0,95
8574a450-bde0-4c55-8ab9-95e23a0fa38d,2026-08-04,5.0,95
8574a450-bde0-4c55-8ab9-95e23a0fa38d,2026-08-05,1.4,98
8584dcd8-3d69-44c9-8d7d-b9f8a4b0f138,2026-07-30,5.0,95
8584dcd8-3d69-44c9-8d7d-b9f8a4b0f138,2026-07-31,5.0,95
8584dcd8-3d69-44c9-8d7d-b9f8a4b0f138,2026-08-01,5.0,95
8584dcd8-3d69-44c9-8d7d-b9f8a4b0f138,2026-08-02,5.0,95
8584dcd8-3d69-44c9-8d7d-b9f8a4b0f138,2026-08-03,5.0,95
8584dcd8-3d69-44c9-8d7d-b9f8a4b0f138,2026-08-04,5.0,95
8584dcd8-3d69-44c9-8d7d-b9f8a4b0f138,2026-08-05,1.3,98
859b58ea-9b04-4e11-995b-ee819f61c15c,2026-07-30,5.0,95
859b58ea-9b04-4e11-995b-ee819f61c15c,2026-07-31,5.0,95
859b58ea-9b04-4e11-995b-ee819f61c15c,2026-08-01,5.0,95
859b58ea-9b04-4e11-995b-ee819f61c15c,2026-08-02,5.28,94
859b58ea-9b04-4e11-995b-ee819f61c15c,2026-08-03,5.0,95
859b58ea-9b04-4e11-995b-ee819f61c15c,2026-08-04,5.0,95
859b58ea-9b04-4e11-995b-ee819f61c15c,2026-08-05,1.4,98
86b53d0c-7f94-43ee-93e0-d3e717ca7dd3,2026-07-30,5.0,95
86b53d0c-7f94-43ee-93e0-d3e717ca7dd3,2026-07-31,5.0,95
86b53d0c-7f94-43ee-93e0-d3e717ca7dd3,2026-08-01,5.0,95
86b53d0c-7f94-43ee-93e0-d3e717ca7dd3,2026-08-02,5.0,95
86b53d0c-7f94-43ee-93e0-d3e717ca7dd3,2026-08-03,5.0,95
86b53d0c-7f94-43ee-93e0-d3e717ca7dd3,2026-08-04,5.0,95
86b53d0c-7f94-43ee-93e0-d3e717ca7dd3,2026-08-05,1.4,98
86f1c573-4b48-4a6c-bd06-b28bd5a1e825,2026-07-30,5.0,95
86f1c573-4b48-4a6c-bd06-b28bd5a1e825,2026-07-31,5.0,95
86f1c573-4b48-4a6c-bd06-b28bd5a1e825,2026-08-01,5.0,95
86f1c573-4b48-4a6c-bd06-b28bd5a1e825,2026-08-02,5.0,95
86f1c573-4b48-4a6c-bd06-b28bd5a1e825,2026-08-03,5.0,95
86f1c573-4b48-4a6c-bd06-b28bd5a1e825,2026-08-04,5.0,95
86f1c573-4b48-4a6c-bd06-b28bd5a1e825,2026-08-05,1.4,98
86f2c80b-ff29-4edc-a4d4-4b63b4392c9a,2026-07-30,5.21,94
86f2c80b-ff29-4edc-a4d4-4b63b4392c9a,2026-07-31,5.0,95
86f2c80b-ff29-4edc-a4d4-4b63b4392c9a,2026-08-01,5.0,95
86f2c80b-ff29-4edc-a4d4-4b63b4392c9a,2026-08-02,5.0,95
86f2c80b-ff29-4edc-a4d4-4b63b4392c9a,2026-08-03,5.0,95
86f2c80b-ff29-4edc-a4d4-4b63b4392c9a,2026-08-04,5.0,95
86f2c80b-ff29-4edc-a4d4-4b63b4392c9a,2026-08-05,1.4,98
87699e22-35e7-419d-911e-3885907409a4,2026-07-30,5.0,95
87699e22-35e7-419d-911e-3885907409a4,2026-07-31,5.0,95
87699e22-35e7-419d-911e-3885907409a4,2026-08-01,5.0,95
87699e22-35e7-419d-911e-3885907409a4,2026-08-02,5.0,95
87699e22-35e7-419d-911e-3885907409a4,2026-08-03,5.0,95
87699e22-35e7-419d-911e-3885907409a4,2026-08-04,5.0,95
87699e22-35e7-419d-911e-3885907409a4,2026-08-05,1.4,98
9b9a3a3b-63ac-4ab3-a5c8-9949fd347244,2026-07-30,5.0,95
9b9a3a3b-63ac-4ab3-a5c8-9949fd347244,2026-07-31,5.0,95
9b9a3a3b-63ac-4ab3-a5c8-9949fd347244,2026-08-01,5.0,95
9b9a3a3b-63ac-4ab3-a5c8-9949fd347244,2026-08-02,5.0,95
9b9a3a3b-63ac-4ab3-a5c8-9949fd347244,2026-08-03,5.0,95
9b9a3a3b-63ac-4ab3-a5c8-9949fd347244,2026-08-04,5.0,95
9b9a3a3b-63ac-4ab3-a5c8-9949fd347244,2026-08-05,1.4,98
946f2cd8-d95d-4c09-98b1-84ef46e92dac,2026-07-30,5.0,95
946f2cd8-d95d-4c09-98b1-84ef46e92dac,2026-07-31,5.0,95
946f2cd8-d95d-4c09-98b1-84ef46e92dac,2026-08-01,5.0,95
946f2cd8-d95d-4c09-98b1-84ef46e92dac,2026-08-02,6.45,93
946f2cd8-d95d-4c09-98b1-84ef46e92dac,2026-08-03,5.0,95
946f2cd8-d95d-4c09-98b1-84ef46e92dac,2026-08-04,5.0,95
946f2cd8-d95d-4c09-98b1-84ef46e92dac,2026-08-05,1.3,98
9516a8b3-3599-490f-9cba-61f54cce517a,2026-07-30,5.0,95
9516a8b3-3599-490f-9cba-61f54cce517a,2026-07-31,5.0,95
9516a8b3-3599-490f-9cba-61f54cce517a,2026-08-01,5.0,95
9516a8b3-3599-490f-9cba-61f54cce517a,2026-08-02,5.0,95
9516a8b3-3599-490f-9cba-61f54cce517a,2026-08-03,5.0,95
9516a8b3-3599-490f-9cba-61f54cce517a,2026-08-04,5.0,95
9516a8b3-3599-490f-9cba-61f54cce517a,2026-08-05,1.4,98
959b7fac-48a3-4e67-9235-26a08323885b,2026-07-30,5.0,95
959b7fac-48a3-4e67-9235-26a08323885b,2026-07-31,6.2,93
959b7fac-48a3-4e67-9235-26a08323885b,2026-08-01,5.0,95
959b7fac-48a3-4e67-9235-26a08323885b,2026-08-02,5.0,95
959b7fac-48a3-4e67-9235-26a08323885b,2026-08-03,5.0,95
959b7fac-48a3-4e67-9235-26a08323885b,2026-08-04,5.0,95
959b7fac-48a3-4e67-9235-26a08323885b,2026-08-05,2.3,97
959cd59a-78fd-461b-a7a8-0609d2a4228e,2026-07-30,89.57,10
959cd59a-78fd-461b-a7a8-0609d2a4228e,2026-07-31,92.82,7
959cd59a-78fd-461b-a7a8-0609d2a4228e,2026-08-01,92.16,7
959cd59a-78fd-461b-a7a8-0609d2a4228e,2026-08-02,95.28,4
959cd59a-78fd-461b-a7a8-0609d2a4228e,2026-08-03,95.73,4
959cd59a-78fd-461b-a7a8-0609d2a4228e,2026-08-04,91.96,8
959cd59a-78fd-461b-a7a8-0609d2a4228e,2026-08-05,96.1,3
9c219ab5-9914-40e2-9677-1ea7e25344b6,2026-07-30,5.0,95
9c219ab5-9914-40e2-9677-1ea7e25344b6,2026-07-31,5.0,95
9c219ab5-9914-40e2-9677-1ea7e25344b6,2026-08-01,5.0,95
9c219ab5-9914-40e2-9677-1ea7e25344b6,2026-08-02,5.0,95
9c219ab5-9914-40e2-9677-1ea7e25344b6,2026-08-03,5.0,95
9c219ab5-9914-40e2-9677-1ea7e25344b6,2026-08-04,5.0,95
9c219ab5-9914-40e2-9677-1ea7e25344b6,2026-08-05,1.4,98
9c5ec6a2-d87b-4beb-a54d-c22c8eef611e,2026-07-30,5.0,95
9c5ec6a2-d87b-4beb-a54d-c22c8eef611e,2026-07-31,5.0,95
9c5ec6a2-d87b-4beb-a54d-c22c8eef611e,2026-08-01,5.0,95
9c5ec6a2-d87b-4beb-a54d-c22c8eef611e,2026-08-02,5.0,95
9c5ec6a2-d87b-4beb-a54d-c22c8eef611e,2026-08-03,5.0,95
9c5ec6a2-d87b-4beb-a54d-c22c8eef611e,2026-08-04,5.0,95
9c5ec6a2-d87b-4beb-a54d-c22c8eef611e,2026-08-05,1.4,98
94f44db8-0817-4566-a05f-0b8d606c48ed,2026-07-30,5.0,95
94f44db8-0817-4566-a05f-0b8d606c48ed,2026-07-31,5.0,95
94f44db8-0817-4566-a05f-0b8d606c48ed,2026-08-01,5.0,95
94f44db8-0817-4566-a05f-0b8d606c48ed,2026-08-02,5.0,95
94f44db8-0817-4566-a05f-0b8d606c48ed,2026-08-03,5.0,95
94f44db8-0817-4566-a05f-0b8d606c48ed,2026-08-04,5.0,95
94f44db8-0817-4566-a05f-0b8d606c48ed,2026-08-05,1.4,98
95062995-d4f1-4992-813d-0ffc98ab3380,2026-07-30,5.0,95
95062995-d4f1-4992-813d-0ffc98ab3380,2026-07-31,5.0,95
95062995-d4f1-4992-813d-0ffc98ab3380,2026-08-01,5.0,95
95062995-d4f1-4992-813d-0ffc98ab3380,2026-08-02,5.0,95
95062995-d4f1-4992-813d-0ffc98ab3380,2026-08-03,5.0,95
95062995-d4f1-4992-813d-0ffc98ab3380,2026-08-04,5.0,95
95062995-d4f1-4992-813d-0ffc98ab3380,2026-08-05,1.4,98
95c7f75f-e346-49db-8cf2-4f9e1c0a8a03,2026-07-30,5.0,95
95c7f75f-e346-49db-8cf2-4f9e1c0a8a03,2026-07-31,5.0,95
95c7f75f-e346-49db-8cf2-4f9e1c0a8a03,2026-08-01,5.0,95
95c7f75f-e346-49db-8cf2-4f9e1c0a8a03,2026-08-02,5.0,95
95c7f75f-e346-49db-8cf2-4f9e1c0a8a03,2026-08-03,5.0,95
95c7f75f-e346-49db-8cf2-4f9e1c0a8a03,2026-08-04,5.0,95
95c7f75f-e346-49db-8cf2-4f9e1c0a8a03,2026-08-05,1.4,98
96aff73f-7616-45fc-a281-0a35947a1afe,2026-07-30,5.0,95
96aff73f-7616-45fc-a281-0a35947a1afe,2026-07-31,5.0,95
96aff73f-7616-45fc-a281-0a35947a1afe,2026-08-01,5.0,95
96aff73f-7616-45fc-a281-0a35947a1afe,2026-08-02,5.0,95
96aff73f-7616-45fc-a281-0a35947a1afe,2026-08-03,5.0,95
96aff73f-7616-45fc-a281-0a35947a1afe,2026-08-04,5.0,95
96aff73f-7616-45fc-a281-0a35947a1afe,2026-08-05,1.4,98
99081acf-0ad2-4226-9b17-c7df0d0bb0fe,2026-07-30,5.0,95
99081acf-0ad2-4226-9b17-c7df0d0bb0fe,2026-07-31,5.0,95
99081acf-0ad2-4226-9b17-c7df0d0bb0fe,2026-08-01,5.0,95
99081acf-0ad2-4226-9b17-c7df0d0bb0fe,2026-08-02,5.0,95
99081acf-0ad2-4226-9b17-c7df0d0bb0fe,2026-08-03,5.0,95
99081acf-0ad2-4226-9b17-c7df0d0bb0fe,2026-08-04,5.0,95
99081acf-0ad2-4226-9b17-c7df0d0bb0fe,2026-08-05,1.3,98
9d9aae83-b9ea-4fce-b48c-46e77fd374a6,2026-07-30,5.0,95
9d9aae83-b9ea-4fce-b48c-46e77fd374a6,2026-07-31,5.0,95
9d9aae83-b9ea-4fce-b48c-46e77fd374a6,2026-08-01,5.0,95
9d9aae83-b9ea-4fce-b48c-46e77fd374a6,2026-08-02,5.0,95
9d9aae83-b9ea-4fce-b48c-46e77fd374a6,2026-08-03,5.0,95
9d9aae83-b9ea-4fce-b48c-46e77fd374a6,2026-08-04,5.0,95
9d9aae83-b9ea-4fce-b48c-46e77fd374a6,2026-08-05,1.3,98
9e654b32-582c-4a3d-bfe9-4a7f259f0285,2026-07-30,5.0,95
9e654b32-582c-4a3d-bfe9-4a7f259f0285,2026-07-31,5.0,95
9e654b32-582c-4a3d-bfe9-4a7f259f0285,2026-08-01,5.0,95
9e654b32-582c-4a3d-bfe9-4a7f259f0285,2026-08-02,5.0,95
9e654b32-582c-4a3d-bfe9-4a7f259f0285,2026-08-03,5.0,95
9e654b32-582c-4a3d-bfe9-4a7f259f0285,2026-08-04,5.0,95
9e654b32-582c-4a3d-bfe9-4a7f259f0285,2026-08-05,1.4,98
9e75a5ca-f9ac-4f5a-9ba4-77640ae3b46f,2026-07-30,5.0,95
9e75a5ca-f9ac-4f5a-9ba4-77640ae3b46f,2026-07-31,5.0,95
9e75a5ca-f9ac-4f5a-9ba4-77640ae3b46f,2026-08-01,5.0,95
9e75a5ca-f9ac-4f5a-9ba4-77640ae3b46f,2026-08-02,5.0,95
9e75a5ca-f9ac-4f5a-9ba4-77640ae3b46f,2026-08-03,5.0,95
9e75a5ca-f9ac-4f5a-9ba4-77640ae3b46f,2026-08-04,5.0,95
9e75a5ca-f9ac-4f5a-9ba4-77640ae3b46f,2026-08-05,1.4,98
9ebd2bec-d05e-4753-b004-92bf8f56dba8,2026-07-30,5.0,95
9ebd2bec-d05e-4753-b004-92bf8f56dba8,2026-07-31,5.0,95
9ebd2bec-d05e-4753-b004-92bf8f56dba8,2026-08-01,5.0,95
9ebd2bec-d05e-4753-b004-92bf8f56dba8,2026-08-02,5.0,95
9ebd2bec-d05e-4753-b004-92bf8f56dba8,2026-08-03,5.0,95
9ebd2bec-d05e-4753-b004-92bf8f56dba8,2026-08-04,5.0,95
9ebd2bec-d05e-4753-b004-92bf8f56dba8,2026-08-05,1.3,98
9ec37d31-dc7d-450a-8097-851238b1159b,2026-07-30,5.0,95
9ec37d31-dc7d-450a-8097-851238b1159b,2026-07-31,5.0,95
9ec37d31-dc7d-450a-8097-851238b1159b,2026-08-01,5.0,95
9ec37d31-dc7d-450a-8097-851238b1159b,2026-08-02,5.0,95
9ec37d31-dc7d-450a-8097-851238b1159b,2026-08-03,5.0,95
9ec37d31-dc7d-450a-8097-851238b1159b,2026-08-04,5.0,95
9ec37d31-dc7d-450a-8097-851238b1159b,2026-08-05,1.4,98
9f284564-6dab-408d-9f35-c7408eb68839,2026-07-30,5.0,95
9f284564-6dab-408d-9f35-c7408eb68839,2026-07-31,5.0,95
9f284564-6dab-408d-9f35-c7408eb68839,2026-08-01,5.0,95
9f284564-6dab-408d-9f35-c7408eb68839,2026-08-02,5.0,95
9f284564-6dab-408d-9f35-c7408eb68839,2026-08-03,5.0,95
9f284564-6dab-408d-9f35-c7408eb68839,2026-08-04,5.0,95
9f284564-6dab-408d-9f35-c7408eb68839,2026-08-05,1.4,98
9fee8a52-267c-4ca2-a3e6-e9e80770d39d,2026-07-30,5.0,95
9fee8a52-267c-4ca2-a3e6-e9e80770d39d,2026-07-31,5.0,95
9fee8a52-267c-4ca2-a3e6-e9e80770d39d,2026-08-01,5.0,95
9fee8a52-267c-4ca2-a3e6-e9e80770d39d,2026-08-02,5.0,95
9fee8a52-267c-4ca2-a3e6-e9e80770d39d,2026-08-03,5.0,95
9fee8a52-267c-4ca2-a3e6-e9e80770d39d,2026-08-04,5.95,94
9fee8a52-267c-4ca2-a3e6-e9e80770d39d,2026-08-05,2.3,97
a0f6c0d9-1b7f-48f2-b2d6-a72fe37935d4,2026-07-30,5.0,95
a0f6c0d9-1b7f-48f2-b2d6-a72fe37935d4,2026-07-31,5.0,95
a0f6c0d9-1b7f-48f2-b2d6-a72fe37935d4,2026-08-01,5.0,95
a0f6c0d9-1b7f-48f2-b2d6-a72fe37935d4,2026-08-02,5.0,95
a0f6c0d9-1b7f-48f2-b2d6-a72fe37935d4,2026-08-03,5.0,95
a0f6c0d9-1b7f-48f2-b2d6-a72fe37935d4,2026-08-04,5.0,95
a0f6c0d9-1b7f-48f2-b2d6-a72fe37935d4,2026-08-05,1.3,98
a0fae958-d243-477d-9c73-839aa984c2fe,2026-07-30,5.0,95
a0fae958-d243-477d-9c73-839aa984c2fe,2026-07-31,5.0,95
a0fae958-d243-477d-9c73-839aa984c2fe,2026-08-01,5.0,95
a0fae958-d243-477d-9c73-839aa984c2fe,2026-08-02,5.0,95
a0fae958-d243-477d-9c73-839aa984c2fe,2026-08-03,5.0,95
a0fae958-d243-477d-9c73-839aa984c2fe,2026-08-04,5.0,95
a0fae958-d243-477d-9c73-839aa984c2fe,2026-08-05,1.3,98
a11aac07-b986-49d0-a569-4cb2eb0b5ce8,2026-07-30,5.0,95
a11aac07-b986-49d0-a569-4cb2eb0b5ce8,2026-07-31,5.0,95
a11aac07-b986-49d0-a569-4cb2eb0b5ce8,2026-08-01,5.0,95
a11aac07-b986-49d0-a569-4cb2eb0b5ce8,2026-08-02,5.0,95
a11aac07-b986-49d0-a569-4cb2eb0b5ce8,2026-08-03,5.0,95
a11aac07-b986-49d0-a569-4cb2eb0b5ce8,2026-08-04,5.0,95
a11aac07-b986-49d0-a569-4cb2eb0b5ce8,2026-08-05,1.4,98
aa130b86-e229-4a27-a034-c392a8c49f70,2026-07-30,5.0,95
aa130b86-e229-4a27-a034-c392a8c49f70,2026-07-31,5.0,95
aa130b86-e229-4a27-a034-c392a8c49f70,2026-08-01,5.0,95
aa130b86-e229-4a27-a034-c392a8c49f70,2026-08-02,5.0,95
aa130b86-e229-4a27-a034-c392a8c49f70,2026-08-03,5.0,95
aa130b86-e229-4a27-a034-c392a8c49f70,2026-08-04,5.0,95
aa130b86-e229-4a27-a034-c392a8c49f70,2026-08-05,1.3,98
aa24e20d-3d81-452d-a858-132962e42356,2026-07-30,5.0,95
aa24e20d-3d81-452d-a858-132962e42356,2026-07-31,5.0,95
aa24e20d-3d81-452d-a858-132962e42356,2026-08-01,5.0,95
aa24e20d-3d81-452d-a858-132962e42356,2026-08-02,5.0,95
aa24e20d-3d81-452d-a858-132962e42356,2026-08-03,5.0,95
aa24e20d-3d81-452d-a858-132962e42356,2026-08-04,5.0,95
aa24e20d-3d81-452d-a858-132962e42356,2026-08-05,1.4,98
aa414dc7-33b3-426d-bc0b-5afd6ba3f797,2026-07-30,5.0,95
aa414dc7-33b3-426d-bc0b-5afd6ba3f797,2026-07-31,5.0,95
aa414dc7-33b3-426d-bc0b-5afd6ba3f797,2026-08-01,5.0,95
aa414dc7-33b3-426d-bc0b-5afd6ba3f797,2026-08-02,5.0,95
aa414dc7-33b3-426d-bc0b-5afd6ba3f797,2026-08-03,5.0,95
aa414dc7-33b3-426d-bc0b-5afd6ba3f797,2026-08-04,5.0,95
aa414dc7-33b3-426d-bc0b-5afd6ba3f797,2026-08-05,1.4,98
aa570160-e6a4-4aa6-ae76-00a23392d41e,2026-07-30,5.0,95
aa570160-e6a4-4aa6-ae76-00a23392d41e,2026-07-31,5.35,94
aa570160-e6a4-4aa6-ae76-00a23392d41e,2026-08-01,5.0,95
aa570160-e6a4-4aa6-ae76-00a23392d41e,2026-08-02,5.0,95
aa570160-e6a4-4aa6-ae76-00a23392d41e,2026-08-03,5.0,95
aa570160-e6a4-4aa6-ae76-00a23392d41e,2026-08-04,5.0,95
aa570160-e6a4-4aa6-ae76-00a23392d41e,2026-08-05,1.4,98
ae254cf9-ecf4-4f63-9d48-26ba4a5b88d8,2026-07-30,5.0,95
ae254cf9-ecf4-4f63-9d48-26ba4a5b88d8,2026-07-31,5.0,95
ae254cf9-ecf4-4f63-9d48-26ba4a5b88d8,2026-08-01,5.0,95
ae254cf9-ecf4-4f63-9d48-26ba4a5b88d8,2026-08-02,5.0,95
ae254cf9-ecf4-4f63-9d48-26ba4a5b88d8,2026-08-03,5.0,95
ae254cf9-ecf4-4f63-9d48-26ba4a5b88d8,2026-08-04,5.0,95
ae254cf9-ecf4-4f63-9d48-26ba4a5b88d8,2026-08-05,1.4,98
ae54f9fc-5875-4f1f-babc-f8c516b07572,2026-07-30,5.0,95
ae54f9fc-5875-4f1f-babc-f8c516b07572,2026-07-31,5.0,95
ae54f9fc-5875-4f1f-babc-f8c516b07572,2026-08-01,5.0,95
ae54f9fc-5875-4f1f-babc-f8c516b07572,2026-08-02,5.0,95
ae54f9fc-5875-4f1f-babc-f8c516b07572,2026-08-03,5.0,95
ae54f9fc-5875-4f1f-babc-f8c516b07572,2026-08-04,5.0,95
ae54f9fc-5875-4f1f-babc-f8c516b07572,2026-08-05,1.4,98
af02208f-56d1-4155-80ec-93488125c1c7,2026-07-30,5.0,95
af02208f-56d1-4155-80ec-93488125c1c7,2026-07-31,5.0,95
af02208f-56d1-4155-80ec-93488125c1c7,2026-08-01,5.0,95
af02208f-56d1-4155-80ec-93488125c1c7,2026-08-02,5.0,95
af02208f-56d1-4155-80ec-93488125c1c7,2026-08-03,5.0,95
af02208f-56d1-4155-80ec-93488125c1c7,2026-08-04,5.0,95
af02208f-56d1-4155-80ec-93488125c1c7,2026-08-05,2.9,97
ba0641f5-e7a8-4be6-9663-794106d4eccf,2026-07-30,5.0,95
ba0641f5-e7a8-4be6-9663-794106d4eccf,2026-07-31,5.0,95
ba0641f5-e7a8-4be6-9663-794106d4eccf,2026-08-01,5.0,95
ba0641f5-e7a8-4be6-9663-794106d4eccf,2026-08-02,5.0,95
ba0641f5-e7a8-4be6-9663-794106d4eccf,2026-08-03,5.0,95
ba0641f5-e7a8-4be6-9663-794106d4eccf,2026-08-04,5.0,95
ba0641f5-e7a8-4be6-9663-794106d4eccf,2026-08-05,2.4,97
c0e8d344-8cb3-40b8-9031-1c3739cb031a,2026-07-30,5.0,95
c0e8d344-8cb3-40b8-9031-1c3739cb031a,2026-07-31,5.0,95
c0e8d344-8cb3-40b8-9031-1c3739cb031a,2026-08-01,5.0,95
c0e8d344-8cb3-40b8-9031-1c3739cb031a,2026-08-02,5.0,95
c0e8d344-8cb3-40b8-9031-1c3739cb031a,2026-08-03,5.0,95
c0e8d344-8cb3-40b8-9031-1c3739cb031a,2026-08-04,5.0,95
c0e8d344-8cb3-40b8-9031-1c3739cb031a,2026-08-05,1.4,98
c1421341-33f6-481e-8f8e-35a209276f7e,2026-07-30,5.0,95
c1421341-33f6-481e-8f8e-35a209276f7e,2026-07-31,5.0,95
c1421341-33f6-481e-8f8e-35a209276f7e,2026-08-01,5.0,95
c1421341-33f6-481e-8f8e-35a209276f7e,2026-08-02,5.79,94
c1421341-33f6-481e-8f8e-35a209276f7e,2026-08-03,5.0,95
c1421341-33f6-481e-8f8e-35a209276f7e,2026-08-04,5.0,95
c1421341-33f6-481e-8f8e-35a209276f7e,2026-08-05,1.4,98
c6d51091-48f1-464c-bb05-39193eefc013,2026-07-30,5.0,95
c6d51091-48f1-464c-bb05-39193eefc013,2026-07-31,5.0,95
c6d51091-48f1-464c-bb05-39193eefc013,2026-08-01,5.0,95
c6d51091-48f1-464c-bb05-39193eefc013,2026-08-02,5.0,95
c6d51091-48f1-464c-bb05-39193eefc013,2026-08-03,5.0,95
c6d51091-48f1-464c-bb05-39193eefc013,2026-08-04,5.0,95
c6d51091-48f1-464c-bb05-39193eefc013,2026-08-05,1.4,98
c71dcc9a-0376-44de-a953-c0720c5a9ab2,2026-07-30,5.0,95
c71dcc9a-0376-44de-a953-c0720c5a9ab2,2026-07-31,5.0,95
c71dcc9a-0376-44de-a953-c0720c5a9ab2,2026-08-01,5.0,95
c71dcc9a-0376-44de-a953-c0720c5a9ab2,2026-08-02,5.0,95
c71dcc9a-0376-44de-a953-c0720c5a9ab2,2026-08-03,5.0,95
c71dcc9a-0376-44de-a953-c0720c5a9ab2,2026-08-04,5.0,95
c71dcc9a-0376-44de-a953-c0720c5a9ab2,2026-08-05,1.4,98
c73de935-8aa6-4d6c-a712-91bb03388b9d,2026-07-30,5.0,95
c73de935-8aa6-4d6c-a712-91bb03388b9d,2026-07-31,5.0,95
c73de935-8aa6-4d6c-a712-91bb03388b9d,2026-08-01,5.0,95
c73de935-8aa6-4d6c-a712-91bb03388b9d,2026-08-02,5.0,95
c73de935-8aa6-4d6c-a712-91bb03388b9d,2026-08-03,5.0,95
c73de935-8aa6-4d6c-a712-91bb03388b9d,2026-08-04,5.0,95
c73de935-8aa6-4d6c-a712-91bb03388b9d,2026-08-05,1.4,98
c75fbaea-2e16-4cab-8a05-5fc1511fab01,2026-07-30,5.0,95
c75fbaea-2e16-4cab-8a05-5fc1511fab01,2026-07-31,5.0,95
c75fbaea-2e16-4cab-8a05-5fc1511fab01,2026-08-01,5.0,95
c75fbaea-2e16-4cab-8a05-5fc1511fab01,2026-08-02,5.0,95
c75fbaea-2e16-4cab-8a05-5fc1511fab01,2026-08-03,5.0,95
c75fbaea-2e16-4cab-8a05-5fc1511fab01,2026-08-04,5.0,95
c75fbaea-2e16-4cab-8a05-5fc1511fab01,2026-08-05,1.4,98
c769dc14-102b-4d12-b515-dc434c8d6fed,2026-07-30,5.0,95
c769dc14-102b-4d12-b515-dc434c8d6fed,2026-07-31,6.03,93
c769dc14-102b-4d12-b515-dc434c8d6fed,2026-08-01,5.0,95
c769dc14-102b-4d12-b515-dc434c8d6fed,2026-08-02,5.0,95
c769dc14-102b-4d12-b515-dc434c8d6fed,2026-08-03,5.73,94
c769dc14-102b-4d12-b515-dc434c8d6fed,2026-08-04,5.0,95
c769dc14-102b-4d12-b515-dc434c8d6fed,2026-08-05,2.3,97
c7926eab-5662-4853-bb79-f82b05c16738,2026-07-30,5.0,95
c7926eab-5662-4853-bb79-f82b05c16738,2026-07-31,5.0,95
c7926eab-5662-4853-bb79-f82b05c16738,2026-08-01,5.0,95
c7926eab-5662-4853-bb79-f82b05c16738,2026-08-02,5.0,95
c7926eab-5662-4853-bb79-f82b05c16738,2026-08-03,5.0,95
c7926eab-5662-4853-bb79-f82b05c16738,2026-08-04,5.0,95
c7926eab-5662-4853-bb79-f82b05c16738,2026-08-05,1.4,98
d3281c91-17cd-4ef0-9afc-13fd90672dd4,2026-07-30,5.0,95
d3281c91-17cd-4ef0-9afc-13fd90672dd4,2026-07-31,5.0,95
d3281c91-17cd-4ef0-9afc-13fd90672dd4,2026-08-01,5.2,94
d3281c91-17cd-4ef0-9afc-13fd90672dd4,2026-08-02,5.0,95
d3281c91-17cd-4ef0-9afc-13fd90672dd4,2026-08-03,5.0,95
d3281c91-17cd-4ef0-9afc-13fd90672dd4,2026-08-04,5.0,95
d3281c91-17cd-4ef0-9afc-13fd90672dd4,2026-08-05,1.4,98
e62fe682-3ff0-4df2-b209-2ac96d5b7355,2026-07-30,5.0,95
e62fe682-3ff0-4df2-b209-2ac96d5b7355,2026-07-31,5.0,95
e62fe682-3ff0-4df2-b209-2ac96d5b7355,2026-08-01,5.0,95
e62fe682-3ff0-4df2-b209-2ac96d5b7355,2026-08-02,5.0,95
e62fe682-3ff0-4df2-b209-2ac96d5b7355,2026-08-03,5.0,95
e62fe682-3ff0-4df2-b209-2ac96d5b7355,2026-08-04,5.0,95
e62fe682-3ff0-4df2-b209-2ac96d5b7355,2026-08-05,1.4,98
e64d7374-4dff-4b55-b964-ebc7670f3119,2026-07-30,5.0,95
e64d7374-4dff-4b55-b964-ebc7670f3119,2026-07-31,5.0,95
e64d7374-4dff-4b55-b964-ebc7670f3119,2026-08-01,5.06,94
e64d7374-4dff-4b55-b964-ebc7670f3119,2026-08-02,5.0,95
e64d7374-4dff-4b55-b964-ebc7670f3119,2026-08-03,5.0,95
e64d7374-4dff-4b55-b964-ebc7670f3119,2026-08-04,5.0,95
e64d7374-4dff-4b55-b964-ebc7670f3119,2026-08-05,1.4,98
e668937e-43ef-4b48-95c5-ef4df5dd8be7,2026-07-30,5.0,95
e668937e-43ef-4b48-95c5-ef4df5dd8be7,2026-07-31,5.0,95
e668937e-43ef-4b48-95c5-ef4df5dd8be7,2026-08-01,5.0,95
e668937e-43ef-4b48-95c5-ef4df5dd8be7,2026-08-02,5.0,95
e668937e-43ef-4b48-95c5-ef4df5dd8be7,2026-08-03,5.0,95
e668937e-43ef-4b48-95c5-ef4df5dd8be7,2026-08-04,5.0,95
e668937e-43ef-4b48-95c5-ef4df5dd8be7,2026-08-05,1.4,98
e68da241-67ae-4f77-8233-719a9d217316,2026-07-30,5.0,95
e68da241-67ae-4f77-8233-719a9d217316,2026-07-31,5.0,95
e68da241-67ae-4f77-8233-719a9d217316,2026-08-01,5.0,95
e68da241-67ae-4f77-8233-719a9d217316,2026-08-02,5.0,95
e68da241-67ae-4f77-8233-719a9d217316,2026-08-03,5.51,94
e68da241-67ae-4f77-8233-719a9d217316,2026-08-04,5.0,95
e68da241-67ae-4f77-8233-719a9d217316,2026-08-05,1.4,98
e6db15ee-eb86-4a43-a9ca-0a6b1d3b7fce,2026-07-30,5.0,95
e6db15ee-eb86-4a43-a9ca-0a6b1d3b7fce,2026-07-31,5.0,95
e6db15ee-eb86-4a43-a9ca-0a6b1d3b7fce,2026-08-01,5.0,95
e6db15ee-eb86-4a43-a9ca-0a6b1d3b7fce,2026-08-02,5.0,95
e6db15ee-eb86-4a43-a9ca-0a6b1d3b7fce,2026-08-03,5.0,95
e6db15ee-eb86-4a43-a9ca-0a6b1d3b7fce,2026-08-04,5.0,95
e6db15ee-eb86-4a43-a9ca-0a6b1d3b7fce,2026-08-05,1.4,98
e70ab060-e6a8-4dfb-ba28-fd955093343d,2026-07-30,5.0,95
e70ab060-e6a8-4dfb-ba28-fd955093343d,2026-07-31,5.0,95
e70ab060-e6a8-4dfb-ba28-fd955093343d,2026-08-01,5.0,95
e70ab060-e6a8-4dfb-ba28-fd955093343d,2026-08-02,5.0,95
e70ab060-e6a8-4dfb-ba28-fd955093343d,2026-08-03,5.0,95
e70ab060-e6a8-4dfb-ba28-fd955093343d,2026-08-04,5.8,94
e70ab060-e6a8-4dfb-ba28-fd955093343d,2026-08-05,2.6,97
00bd04fc-4aee-4e2a-8ed8-bb6609aa3e89,2026-07-30,5.0,95
00bd04fc-4aee-4e2a-8ed8-bb6609aa3e89,2026-07-31,5.0,95
00bd04fc-4aee-4e2a-8ed8-bb6609aa3e89,2026-08-01,5.0,95
00bd04fc-4aee-4e2a-8ed8-bb6609aa3e89,2026-08-02,5.0,95
00bd04fc-4aee-4e2a-8ed8-bb6609aa3e89,2026-08-03,5.02,94
00bd04fc-4aee-4e2a-8ed8-bb6609aa3e89,2026-08-04,5.0,95
00bd04fc-4aee-4e2a-8ed8-bb6609aa3e89,2026-08-05,1.4,98
00e62736-ecab-475e-b776-2fbaf672ec10,2026-07-30,5.0,95
00e62736-ecab-475e-b776-2fbaf672ec10,2026-07-31,5.0,95
00e62736-ecab-475e-b776-2fbaf672ec10,2026-08-01,5.0,95
00e62736-ecab-475e-b776-2fbaf672ec10,2026-08-02,5.96,94
00e62736-ecab-475e-b776-2fbaf672ec10,2026-08-03,5.0,95
00e62736-ecab-475e-b776-2fbaf672ec10,2026-08-04,5.0,95
00e62736-ecab-475e-b776-2fbaf672ec10,2026-08-05,1.3,98
f7a9cd30-78f9-43da-ae98-f0d1b6e04ded,2026-07-30,5.0,95
f7a9cd30-78f9-43da-ae98-f0d1b6e04ded,2026-07-31,5.0,95
f7a9cd30-78f9-43da-ae98-f0d1b6e04ded,2026-08-01,5.0,95
f7a9cd30-78f9-43da-ae98-f0d1b6e04ded,2026-08-02,5.0,95
f7a9cd30-78f9-43da-ae98-f0d1b6e04ded,2026-08-03,5.0,95
f7a9cd30-78f9-43da-ae98-f0d1b6e04ded,2026-08-04,5.0,95
f7a9cd30-78f9-43da-ae98-f0d1b6e04ded,2026-08-05,1.4,98
f7cbe67b-fb88-41f5-9ada-23ce87286fa0,2026-07-30,5.19,94
f7cbe67b-fb88-41f5-9ada-23ce87286fa0,2026-07-31,5.0,95
f7cbe67b-fb88-41f5-9ada-23ce87286fa0,2026-08-01,5.0,95
f7cbe67b-fb88-41f5-9ada-23ce87286fa0,2026-08-02,5.0,95
f7cbe67b-fb88-41f5-9ada-23ce87286fa0,2026-08-03,5.0,95
f7cbe67b-fb88-41f5-9ada-23ce87286fa0,2026-08-04,5.0,95
f7cbe67b-fb88-41f5-9ada-23ce87286fa0,2026-08-05,1.4,98
f8546795-bbfd-4643-9725-676b503de0f2,2026-07-30,5.0,95
f8546795-bbfd-4643-9725-676b503de0f2,2026-07-31,5.0,95
f8546795-bbfd-4643-9725-676b503de0f2,2026-08-01,5.0,95
f8546795-bbfd-4643-9725-676b503de0f2,2026-08-02,5.0,95
f8546795-bbfd-4643-9725-676b503de0f2,2026-08-03,5.0,95
f8546795-bbfd-4643-9725-676b503de0f2,2026-08-04,5.0,95
f8546795-bbfd-4643-9725-676b503de0f2,2026-08-05,3.5,96
f85a44eb-3886-4255-b3c4-c81bb478dfac,2026-07-30,5.0,95
f85a44eb-3886-4255-b3c4-c81bb478dfac,2026-07-31,5.0,95
f85a44eb-3886-4255-b3c4-c81bb478dfac,2026-08-01,5.0,95
f85a44eb-3886-4255-b3c4-c81bb478dfac,2026-08-02,5.0,95
f85a44eb-3886-4255-b3c4-c81bb478dfac,2026-08-03,5.59,94
f85a44eb-3886-4255-b3c4-c81bb478dfac,2026-08-04,5.0,95
f85a44eb-3886-4255-b3c4-c81bb478dfac,2026-08-05,1.4,98
f92839b7-1605-48a1-9881-99cdec33378a,2026-07-30,5.0,95
f92839b7-1605-48a1-9881-99cdec33378a,2026-07-31,5.0,95
f92839b7-1605-48a1-9881-99cdec33378a,2026-08-01,5.0,95
f92839b7-1605-48a1-9881-99cdec33378a,2026-08-02,5.0,95
f92839b7-1605-48a1-9881-99cdec33378a,2026-08-03,5.0,95
f92839b7-1605-48a1-9881-99cdec33378a,2026-08-04,5.0,95
f92839b7-1605-48a1-9881-99cdec33378a,2026-08-05,1.4,98
f9a6ab89-f25c-47dc-8048-81bd1361e3c0,2026-07-30,5.0,95
f9a6ab89-f25c-47dc-8048-81bd1361e3c0,2026-07-31,5.0,95
f9a6ab89-f25c-47dc-8048-81bd1361e3c0,2026-08-01,5.0,95
f9a6ab89-f25c-47dc-8048-81bd1361e3c0,2026-08-02,5.0,95
f9a6ab89-f25c-47dc-8048-81bd1361e3c0,2026-08-03,5.0,95
f9a6ab89-f25c-47dc-8048-81bd1361e3c0,2026-08-04,5.0,95
f9a6ab89-f25c-47dc-8048-81bd1361e3c0,2026-08-05,1.4,98
f9c323c2-9a98-4847-b4bc-eb89d04d321e,2026-07-30,5.0,95
f9c323c2-9a98-4847-b4bc-eb89d04d321e,2026-07-31,5.0,95
f9c323c2-9a98-4847-b4bc-eb89d04d321e,2026-08-01,5.0,95
f9c323c2-9a98-4847-b4bc-eb89d04d321e,2026-08-02,5.0,95
f9c323c2-9a98-4847-b4bc-eb89d04d321e,2026-08-03,5.0,95
f9c323c2-9a98-4847-b4bc-eb89d04d321e,2026-08-04,5.0,95
f9c323c2-9a98-4847-b4bc-eb89d04d321e,2026-08-05,1.4,98
fa4e16a5-5ea1-4046-8fbb-43ac7453862b,2026-07-30,5.0,95
fa4e16a5-5ea1-4046-8fbb-43ac7453862b,2026-07-31,5.0,95
fa4e16a5-5ea1-4046-8fbb-43ac7453862b,2026-08-01,5.0,95
fa4e16a5-5ea1-4046-8fbb-43ac7453862b,2026-08-02,5.0,95
fa4e16a5-5ea1-4046-8fbb-43ac7453862b,2026-08-03,5.0,95
fa4e16a5-5ea1-4046-8fbb-43ac7453862b,2026-08-04,5.0,95
fa4e16a5-5ea1-4046-8fbb-43ac7453862b,2026-08-05,1.4,98
fa91ccf4-190f-44ff-a4c1-023af059a7b8,2026-07-30,5.0,95
fa91ccf4-190f-44ff-a4c1-023af059a7b8,2026-07-31,5.0,95
fa91ccf4-190f-44ff-a4c1-023af059a7b8,2026-08-01,5.0,95
fa91ccf4-190f-44ff-a4c1-023af059a7b8,2026-08-02,5.0,95
fa91ccf4-190f-44ff-a4c1-023af059a7b8,2026-08-03,5.0,95
fa91ccf4-190f-44ff-a4c1-023af059a7b8,2026-08-04,5.0,95
fa91ccf4-190f-44ff-a4c1-023af059a7b8,2026-08-05,1.4,98
fd28ac34-02db-408b-8425-9400b000b191,2026-07-30,5.0,95
fd28ac34-02db-408b-8425-9400b000b191,2026-07-31,5.0,95
fd28ac34-02db-408b-8425-9400b000b191,2026-08-01,5.0,95
fd28ac34-02db-408b-8425-9400b000b191,2026-08-02,5.0,95
fd28ac34-02db-408b-8425-9400b000b191,2026-08-03,5.0,95
fd28ac34-02db-408b-8425-9400b000b191,2026-08-04,5.0,95
fd28ac34-02db-408b-8425-9400b000b191,2026-08-05,2.7,97
0d092e2d-3144-4a6b-b67c-4fa81002d075,2026-07-30,84.8,15
0d092e2d-3144-4a6b-b67c-4fa81002d075,2026-07-31,89.51,10
0d092e2d-3144-4a6b-b67c-4fa81002d075,2026-08-01,97.79,2
0d092e2d-3144-4a6b-b67c-4fa81002d075,2026-08-02,92.96,7
0d092e2d-3144-4a6b-b67c-4fa81002d075,2026-08-03,91.51,8
0d092e2d-3144-4a6b-b67c-4fa81002d075,2026-08-04,92.8,7
0d092e2d-3144-4a6b-b67c-4fa81002d075,2026-08-05,94.1,5
0f0ed66f-b0b1-4d02-a75f-7b9c62f64dc8,2026-07-30,5.0,95
0f0ed66f-b0b1-4d02-a75f-7b9c62f64dc8,2026-07-31,5.0,95
0f0ed66f-b0b1-4d02-a75f-7b9c62f64dc8,2026-08-01,5.0,95
0f0ed66f-b0b1-4d02-a75f-7b9c62f64dc8,2026-08-02,5.0,95
0f0ed66f-b0b1-4d02-a75f-7b9c62f64dc8,2026-08-03,5.0,95
0f0ed66f-b0b1-4d02-a75f-7b9c62f64dc8,2026-08-04,5.0,95
0f0ed66f-b0b1-4d02-a75f-7b9c62f64dc8,2026-08-05,1.4,98
0f19a02e-c931-4093-b32b-0904aed76347,2026-07-30,5.0,95
0f19a02e-c931-4093-b32b-0904aed76347,2026-07-31,5.0,95
0f19a02e-c931-4093-b32b-0904aed76347,2026-08-01,5.0,95
0f19a02e-c931-4093-b32b-0904aed76347,2026-08-02,5.0,95
0f19a02e-c931-4093-b32b-0904aed76347,2026-08-03,5.0,95
0f19a02e-c931-4093-b32b-0904aed76347,2026-08-04,5.0,95
0f19a02e-c931-4093-b32b-0904aed76347,2026-08-05,1.4,98
1ebd7824-b170-4ec6-be53-c3d0afbae350,2026-07-30,5.0,95
1ebd7824-b170-4ec6-be53-c3d0afbae350,2026-07-31,5.0,95
1ebd7824-b170-4ec6-be53-c3d0afbae350,2026-08-01,5.0,95
1ebd7824-b170-4ec6-be53-c3d0afbae350,2026-08-02,5.0,95
1ebd7824-b170-4ec6-be53-c3d0afbae350,2026-08-03,5.0,95
1ebd7824-b170-4ec6-be53-c3d0afbae350,2026-08-04,5.0,95
1ebd7824-b170-4ec6-be53-c3d0afbae350,2026-08-05,1.4,98
1ecdaea0-5afb-4681-8431-d2c9154180d5,2026-07-30,5.91,94
1ecdaea0-5afb-4681-8431-d2c9154180d5,2026-07-31,5.0,95
1ecdaea0-5afb-4681-8431-d2c9154180d5,2026-08-01,5.0,95
1ecdaea0-5afb-4681-8431-d2c9154180d5,2026-08-02,5.0,95
1ecdaea0-5afb-4681-8431-d2c9154180d5,2026-08-03,5.0,95
1ecdaea0-5afb-4681-8431-d2c9154180d5,2026-08-04,5.0,95
1ecdaea0-5afb-4681-8431-d2c9154180d5,2026-08-05,1.4,98
1ece209b-2b2c-4e84-bbae-0521338f1607,2026-07-30,5.0,95
1ece209b-2b2c-4e84-bbae-0521338f1607,2026-07-31,5.0,95
1ece209b-2b2c-4e84-bbae-0521338f1607,2026-08-01,5.0,95
1ece209b-2b2c-4e84-bbae-0521338f1607,2026-08-02,5.0,95
1ece209b-2b2c-4e84-bbae-0521338f1607,2026-08-03,5.0,95
1ece209b-2b2c-4e84-bbae-0521338f1607,2026-08-04,5.0,95
1ece209b-2b2c-4e84-bbae-0521338f1607,2026-08-05,1.7,98
1f0360ca-06d5-4f53-9f04-fb67e6fb83ec,2026-07-30,5.0,95
1f0360ca-06d5-4f53-9f04-fb67e6fb83ec,2026-07-31,5.0,95
1f0360ca-06d5-4f53-9f04-fb67e6fb83ec,2026-08-01,5.0,95
1f0360ca-06d5-4f53-9f04-fb67e6fb83ec,2026-08-02,5.0,95
1f0360ca-06d5-4f53-9f04-fb67e6fb83ec,2026-08-03,5.0,95
1f0360ca-06d5-4f53-9f04-fb67e6fb83ec,2026-08-04,5.0,95
1f0360ca-06d5-4f53-9f04-fb67e6fb83ec,2026-08-05,1.4,98
1f491081-b7c9-4982-854a-a6fcedebeddf,2026-07-30,5.0,95
1f491081-b7c9-4982-854a-a6fcedebeddf,2026-07-31,5.0,95
1f491081-b7c9-4982-854a-a6fcedebeddf,2026-08-01,5.0,95
1f491081-b7c9-4982-854a-a6fcedebeddf,2026-08-02,5.0,95
1f491081-b7c9-4982-854a-a6fcedebeddf,2026-08-03,5.0,95
1f491081-b7c9-4982-854a-a6fcedebeddf,2026-08-04,5.0,95
1f491081-b7c9-4982-854a-a6fcedebeddf,2026-08-05,1.4,98
1f72caca-528a-43b7-9d53-30d86b912583,2026-07-30,5.0,95
1f72caca-528a-43b7-9d53-30d86b912583,2026-07-31,5.0,95
1f72caca-528a-43b7-9d53-30d86b912583,2026-08-01,5.0,95
1f72caca-528a-43b7-9d53-30d86b912583,2026-08-02,5.0,95
1f72caca-528a-43b7-9d53-30d86b912583,2026-08-03,5.0,95
1f72caca-528a-43b7-9d53-30d86b912583,2026-08-04,5.0,95
1f72caca-528a-43b7-9d53-30d86b912583,2026-08-05,2.5,97
1f7c1c1b-c7c2-4030-a5c8-223be2d08550,2026-07-30,5.0,95
1f7c1c1b-c7c2-4030-a5c8-223be2d08550,2026-07-31,5.0,95
1f7c1c1b-c7c2-4030-a5c8-223be2d08550,2026-08-01,5.0,95
1f7c1c1b-c7c2-4030-a5c8-223be2d08550,2026-08-02,5.0,95
1f7c1c1b-c7c2-4030-a5c8-223be2d08550,2026-08-03,5.0,95
1f7c1c1b-c7c2-4030-a5c8-223be2d08550,2026-08-04,5.0,95
1f7c1c1b-c7c2-4030-a5c8-223be2d08550,2026-08-05,1.6,98
1f94b17f-f5ff-4838-96a6-c843e2c9c4e4,2026-07-30,5.0,95
1f94b17f-f5ff-4838-96a6-c843e2c9c4e4,2026-07-31,5.0,95
1f94b17f-f5ff-4838-96a6-c843e2c9c4e4,2026-08-01,5.0,95
1f94b17f-f5ff-4838-96a6-c843e2c9c4e4,2026-08-02,5.0,95
1f94b17f-f5ff-4838-96a6-c843e2c9c4e4,2026-08-03,5.0,95
1f94b17f-f5ff-4838-96a6-c843e2c9c4e4,2026-08-04,5.0,95
1f94b17f-f5ff-4838-96a6-c843e2c9c4e4,2026-08-05,1.4,98
1f98cee7-970d-4abe-92bd-db9496cd7e77,2026-07-30,5.18,94
1f98cee7-970d-4abe-92bd-db9496cd7e77,2026-07-31,5.0,95
1f98cee7-970d-4abe-92bd-db9496cd7e77,2026-08-01,5.0,95
1f98cee7-970d-4abe-92bd-db9496cd7e77,2026-08-02,5.0,95
1f98cee7-970d-4abe-92bd-db9496cd7e77,2026-08-03,5.0,95
1f98cee7-970d-4abe-92bd-db9496cd7e77,2026-08-04,5.0,95
1f98cee7-970d-4abe-92bd-db9496cd7e77,2026-08-05,1.4,98
1fc13227-07b1-4fa9-b36e-db84cb24e5bb,2026-07-30,5.0,95
1fc13227-07b1-4fa9-b36e-db84cb24e5bb,2026-07-31,5.0,95
1fc13227-07b1-4fa9-b36e-db84cb24e5bb,2026-08-01,5.77,94
1fc13227-07b1-4fa9-b36e-db84cb24e5bb,2026-08-02,5.0,95
1fc13227-07b1-4fa9-b36e-db84cb24e5bb,2026-08-03,5.0,95
1fc13227-07b1-4fa9-b36e-db84cb24e5bb,2026-08-04,5.0,95
1fc13227-07b1-4fa9-b36e-db84cb24e5bb,2026-08-05,1.4,98
1fe815e2-ef4b-4bf2-975a-60e4c1051549,2026-07-30,5.0,95
1fe815e2-ef4b-4bf2-975a-60e4c1051549,2026-07-31,5.0,95
1fe815e2-ef4b-4bf2-975a-60e4c1051549,2026-08-01,5.0,95
1fe815e2-ef4b-4bf2-975a-60e4c1051549,2026-08-02,5.0,95
1fe815e2-ef4b-4bf2-975a-60e4c1051549,2026-08-03,5.0,95
1fe815e2-ef4b-4bf2-975a-60e4c1051549,2026-08-04,5.0,95
1fe815e2-ef4b-4bf2-975a-60e4c1051549,2026-08-05,1.4,98
23c79963-6bad-4da4-be03-f7476c4c2e95,2026-07-30,5.0,95
23c79963-6bad-4da4-be03-f7476c4c2e95,2026-07-31,5.0,95
23c79963-6bad-4da4-be03-f7476c4c2e95,2026-08-01,5.0,95
23c79963-6bad-4da4-be03-f7476c4c2e95,2026-08-02,5.0,95
23c79963-6bad-4da4-be03-f7476c4c2e95,2026-08-03,5.41,94
23c79963-6bad-4da4-be03-f7476c4c2e95,2026-08-04,5.0,95
23c79963-6bad-4da4-be03-f7476c4c2e95,2026-08-05,5.7,94
24640caf-68f7-49e0-acdb-e556761354a3,2026-07-30,5.0,95
24640caf-68f7-49e0-acdb-e556761354a3,2026-07-31,5.0,95
24640caf-68f7-49e0-acdb-e556761354a3,2026-08-01,5.0,95
24640caf-68f7-49e0-acdb-e556761354a3,2026-08-02,5.0,95
24640caf-68f7-49e0-acdb-e556761354a3,2026-08-03,5.0,95
24640caf-68f7-49e0-acdb-e556761354a3,2026-08-04,5.0,95
24640caf-68f7-49e0-acdb-e556761354a3,2026-08-05,1.4,98
24753df7-d072-44ed-b688-7467314c56b0,2026-07-30,5.0,95
24753df7-d072-44ed-b688-7467314c56b0,2026-07-31,5.0,95
24753df7-d072-44ed-b688-7467314c56b0,2026-08-01,5.0,95
24753df7-d072-44ed-b688-7467314c56b0,2026-08-02,5.0,95
24753df7-d072-44ed-b688-7467314c56b0,2026-08-03,5.0,95
24753df7-d072-44ed-b688-7467314c56b0,2026-08-04,5.0,95
24753df7-d072-44ed-b688-7467314c56b0,2026-08-05,1.4,98
24d52475-6091-4f1c-bf02-f661abad9f49,2026-07-30,5.0,95
24d52475-6091-4f1c-bf02-f661abad9f49,2026-07-31,5.0,95
24d52475-6091-4f1c-bf02-f661abad9f49,2026-08-01,5.0,95
24d52475-6091-4f1c-bf02-f661abad9f49,2026-08-02,5.0,95
24d52475-6091-4f1c-bf02-f661abad9f49,2026-08-03,5.0,95
24d52475-6091-4f1c-bf02-f661abad9f49,2026-08-04,5.0,95
24d52475-6091-4f1c-bf02-f661abad9f49,2026-08-05,1.4,98
2966503e-fcb5-4b22-a7cf-30493b0e0dfa,2026-07-30,5.0,95
2966503e-fcb5-4b22-a7cf-30493b0e0dfa,2026-07-31,5.0,95
2966503e-fcb5-4b22-a7cf-30493b0e0dfa,2026-08-01,5.0,95
2966503e-fcb5-4b22-a7cf-30493b0e0dfa,2026-08-02,5.0,95
2966503e-fcb5-4b22-a7cf-30493b0e0dfa,2026-08-03,5.0,95
2966503e-fcb5-4b22-a7cf-30493b0e0dfa,2026-08-04,5.0,95
2966503e-fcb5-4b22-a7cf-30493b0e0dfa,2026-08-05,1.3,98
2a6f95e6-6228-475d-8fdb-a2dbb1f76405,2026-07-30,88.51,11
2a6f95e6-6228-475d-8fdb-a2dbb1f76405,2026-07-31,87.09,12
2a6f95e6-6228-475d-8fdb-a2dbb1f76405,2026-08-01,89.56,10
2a6f95e6-6228-475d-8fdb-a2dbb1f76405,2026-08-02,92.28,7
2a6f95e6-6228-475d-8fdb-a2dbb1f76405,2026-08-03,96.2,3
2a6f95e6-6228-475d-8fdb-a2dbb1f76405,2026-08-04,90.93,9
2a6f95e6-6228-475d-8fdb-a2dbb1f76405,2026-08-05,94.3,5
3edbc6a5-e43f-416b-b736-1170f7c694c0,2026-07-30,5.0,95
3edbc6a5-e43f-416b-b736-1170f7c694c0,2026-07-31,5.0,95
3edbc6a5-e43f-416b-b736-1170f7c694c0,2026-08-01,5.0,95
3edbc6a5-e43f-416b-b736-1170f7c694c0,2026-08-02,5.0,95
3edbc6a5-e43f-416b-b736-1170f7c694c0,2026-08-03,5.0,95
3edbc6a5-e43f-416b-b736-1170f7c694c0,2026-08-04,5.0,95
3edbc6a5-e43f-416b-b736-1170f7c694c0,2026-08-05,1.4,98
4e1307d6-7b9b-45bd-8710-53a2d3c55eb1,2026-07-30,5.0,95
4e1307d6-7b9b-45bd-8710-53a2d3c55eb1,2026-07-31,5.0,95
4e1307d6-7b9b-45bd-8710-53a2d3c55eb1,2026-08-01,5.0,95
4e1307d6-7b9b-45bd-8710-53a2d3c55eb1,2026-08-02,5.0,95
4e1307d6-7b9b-45bd-8710-53a2d3c55eb1,2026-08-03,5.0,95
4e1307d6-7b9b-45bd-8710-53a2d3c55eb1,2026-08-04,5.0,95
4e1307d6-7b9b-45bd-8710-53a2d3c55eb1,2026-08-05,1.4,98
4f5c7fc3-6390-4adf-b6a1-042eff22b76a,2026-07-30,5.0,95
4f5c7fc3-6390-4adf-b6a1-042eff22b76a,2026-07-31,5.0,95
4f5c7fc3-6390-4adf-b6a1-042eff22b76a,2026-08-01,5.0,95
4f5c7fc3-6390-4adf-b6a1-042eff22b76a,2026-08-02,5.0,95
4f5c7fc3-6390-4adf-b6a1-042eff22b76a,2026-08-03,5.0,95
4f5c7fc3-6390-4adf-b6a1-042eff22b76a,2026-08-04,5.0,95
4f5c7fc3-6390-4adf-b6a1-042eff22b76a,2026-08-05,1.4,98
4fd39782-79f7-431c-b606-18e3c4e4c0dd,2026-07-30,5.0,95
4fd39782-79f7-431c-b606-18e3c4e4c0dd,2026-07-31,5.0,95
4fd39782-79f7-431c-b606-18e3c4e4c0dd,2026-08-01,5.0,95
4fd39782-79f7-431c-b606-18e3c4e4c0dd,2026-08-02,6.62,93
4fd39782-79f7-431c-b606-18e3c4e4c0dd,2026-08-03,5.0,95
4fd39782-79f7-431c-b606-18e3c4e4c0dd,2026-08-04,5.0,95
4fd39782-79f7-431c-b606-18e3c4e4c0dd,2026-08-05,1.4,98
5048cba9-2a0f-4fb6-957b-790e8a7d748d,2026-07-30,5.0,95
5048cba9-2a0f-4fb6-957b-790e8a7d748d,2026-07-31,5.0,95
5048cba9-2a0f-4fb6-957b-790e8a7d748d,2026-08-01,5.0,95
5048cba9-2a0f-4fb6-957b-790e8a7d748d,2026-08-02,6.43,93
5048cba9-2a0f-4fb6-957b-790e8a7d748d,2026-08-03,5.0,95
5048cba9-2a0f-4fb6-957b-790e8a7d748d,2026-08-04,5.0,95
5048cba9-2a0f-4fb6-957b-790e8a7d748d,2026-08-05,2.4,97
507d4725-f698-4ddb-8abd-149911da6a01,2026-07-30,5.0,95
507d4725-f698-4ddb-8abd-149911da6a01,2026-07-31,5.0,95
507d4725-f698-4ddb-8abd-149911da6a01,2026-08-01,5.0,95
507d4725-f698-4ddb-8abd-149911da6a01,2026-08-02,5.0,95
507d4725-f698-4ddb-8abd-149911da6a01,2026-08-03,5.0,95
507d4725-f698-4ddb-8abd-149911da6a01,2026-08-04,5.0,95
507d4725-f698-4ddb-8abd-149911da6a01,2026-08-05,1.4,98
51418c19-1893-4c24-82fa-d16f8faf36c8,2026-07-30,5.0,95
51418c19-1893-4c24-82fa-d16f8faf36c8,2026-07-31,5.0,95
51418c19-1893-4c24-82fa-d16f8faf36c8,2026-08-01,5.0,95
51418c19-1893-4c24-82fa-d16f8faf36c8,2026-08-02,5.0,95
51418c19-1893-4c24-82fa-d16f8faf36c8,2026-08-03,5.0,95
51418c19-1893-4c24-82fa-d16f8faf36c8,2026-08-04,5.0,95
51418c19-1893-4c24-82fa-d16f8faf36c8,2026-08-05,1.4,98
5165614d-e350-4b9d-acfb-531995a22cf3,2026-07-30,85.59,14
5165614d-e350-4b9d-acfb-531995a22cf3,2026-07-31,81.63,18
5165614d-e350-4b9d-acfb-531995a22cf3,2026-08-01,90.84,9
5165614d-e350-4b9d-acfb-531995a22cf3,2026-08-02,85.36,14
5165614d-e350-4b9d-acfb-531995a22cf3,2026-08-03,89.09,10
5165614d-e350-4b9d-acfb-531995a22cf3,2026-08-04,90.22,9
5165614d-e350-4b9d-acfb-531995a22cf3,2026-08-05,89.9,10
5f4edbec-f70f-4c7e-8800-3ab517469f76,2026-07-30,5.0,95
5f4edbec-f70f-4c7e-8800-3ab517469f76,2026-07-31,5.0,95
5f4edbec-f70f-4c7e-8800-3ab517469f76,2026-08-01,5.0,95
5f4edbec-f70f-4c7e-8800-3ab517469f76,2026-08-02,5.0,95
5f4edbec-f70f-4c7e-8800-3ab517469f76,2026-08-03,5.0,95
5f4edbec-f70f-4c7e-8800-3ab517469f76,2026-08-04,5.0,95
5f4edbec-f70f-4c7e-8800-3ab517469f76,2026-08-05,1.4,98
5f822e38-0efd-46c9-9636-264668c3ad1b,2026-07-30,5.0,95
5f822e38-0efd-46c9-9636-264668c3ad1b,2026-07-31,5.0,95
5f822e38-0efd-46c9-9636-264668c3ad1b,2026-08-01,5.0,95
5f822e38-0efd-46c9-9636-264668c3ad1b,2026-08-02,5.0,95
5f822e38-0efd-46c9-9636-264668c3ad1b,2026-08-03,5.97,94
5f822e38-0efd-46c9-9636-264668c3ad1b,2026-08-04,5.0,95
5f822e38-0efd-46c9-9636-264668c3ad1b,2026-08-05,2.4,97
5ff36099-897f-4f76-b282-20bb54b1fc20,2026-07-30,5.0,95
5ff36099-897f-4f76-b282-20bb54b1fc20,2026-07-31,5.0,95
5ff36099-897f-4f76-b282-20bb54b1fc20,2026-08-01,5.0,95
5ff36099-897f-4f76-b282-20bb54b1fc20,2026-08-02,5.0,95
5ff36099-897f-4f76-b282-20bb54b1fc20,2026-08-03,5.0,95
5ff36099-897f-4f76-b282-20bb54b1fc20,2026-08-04,5.0,95
5ff36099-897f-4f76-b282-20bb54b1fc20,2026-08-05,1.4,98
609e7f6f-7685-4f2a-bd71-b20e02259725,2026-07-30,5.0,95
609e7f6f-7685-4f2a-bd71-b20e02259725,2026-07-31,5.0,95
609e7f6f-7685-4f2a-bd71-b20e02259725,2026-08-01,5.0,95
609e7f6f-7685-4f2a-bd71-b20e02259725,2026-08-02,5.0,95
609e7f6f-7685-4f2a-bd71-b20e02259725,2026-08-03,5.0,95
609e7f6f-7685-4f2a-bd71-b20e02259725,2026-08-04,5.0,95
609e7f6f-7685-4f2a-bd71-b20e02259725,2026-08-05,1.6,98
60cfbd7c-d8c7-4dee-a328-579e3e5e9a79,2026-07-30,5.0,95
60cfbd7c-d8c7-4dee-a328-579e3e5e9a79,2026-07-31,5.0,95
60cfbd7c-d8c7-4dee-a328-579e3e5e9a79,2026-08-01,5.0,95
60cfbd7c-d8c7-4dee-a328-579e3e5e9a79,2026-08-02,5.0,95
60cfbd7c-d8c7-4dee-a328-579e3e5e9a79,2026-08-03,5.0,95
60cfbd7c-d8c7-4dee-a328-579e3e5e9a79,2026-08-04,5.0,95
60cfbd7c-d8c7-4dee-a328-579e3e5e9a79,2026-08-05,1.4,98
614bbdc9-b133-4049-8975-908916094afa,2026-07-30,5.0,95
614bbdc9-b133-4049-8975-908916094afa,2026-07-31,5.0,95
614bbdc9-b133-4049-8975-908916094afa,2026-08-01,5.0,95
614bbdc9-b133-4049-8975-908916094afa,2026-08-02,5.0,95
614bbdc9-b133-4049-8975-908916094afa,2026-08-03,5.04,94
614bbdc9-b133-4049-8975-908916094afa,2026-08-04,5.0,95
614bbdc9-b133-4049-8975-908916094afa,2026-08-05,1.4,98
6155d771-4cb7-41aa-949a-a83be2c88b16,2026-07-30,5.0,95
6155d771-4cb7-41aa-949a-a83be2c88b16,2026-07-31,5.0,95
6155d771-4cb7-41aa-949a-a83be2c88b16,2026-08-01,5.0,95
6155d771-4cb7-41aa-949a-a83be2c88b16,2026-08-02,5.0,95
6155d771-4cb7-41aa-949a-a83be2c88b16,2026-08-03,5.0,95
6155d771-4cb7-41aa-949a-a83be2c88b16,2026-08-04,5.0,95
6155d771-4cb7-41aa-949a-a83be2c88b16,2026-08-05,1.4,98
61a49ecd-cf48-4835-8405-21a72f105a73,2026-07-30,5.0,95
61a49ecd-cf48-4835-8405-21a72f105a73,2026-07-31,5.0,95
61a49ecd-cf48-4835-8405-21a72f105a73,2026-08-01,5.0,95
61a49ecd-cf48-4835-8405-21a72f105a73,2026-08-02,5.0,95
61a49ecd-cf48-4835-8405-21a72f105a73,2026-08-03,5.0,95
61a49ecd-cf48-4835-8405-21a72f105a73,2026-08-04,5.0,95
61a49ecd-cf48-4835-8405-21a72f105a73,2026-08-05,1.4,98
61fbd830-58c1-489d-8029-b6b9b8a861f7,2026-07-30,5.0,95
61fbd830-58c1-489d-8029-b6b9b8a861f7,2026-07-31,5.0,95
61fbd830-58c1-489d-8029-b6b9b8a861f7,2026-08-01,5.0,95
61fbd830-58c1-489d-8029-b6b9b8a861f7,2026-08-02,5.0,95
61fbd830-58c1-489d-8029-b6b9b8a861f7,2026-08-03,5.0,95
61fbd830-58c1-489d-8029-b6b9b8a861f7,2026-08-04,5.0,95
61fbd830-58c1-489d-8029-b6b9b8a861f7,2026-08-05,1.4,98
62b73bfd-af44-4692-9e54-beb56fd83a94,2026-07-30,5.61,94
62b73bfd-af44-4692-9e54-beb56fd83a94,2026-07-31,5.0,95
62b73bfd-af44-4692-9e54-beb56fd83a94,2026-08-01,5.0,95
62b73bfd-af44-4692-9e54-beb56fd83a94,2026-08-02,5.0,95
62b73bfd-af44-4692-9e54-beb56fd83a94,2026-08-03,5.0,95
62b73bfd-af44-4692-9e54-beb56fd83a94,2026-08-04,5.0,95
62b73bfd-af44-4692-9e54-beb56fd83a94,2026-08-05,1.4,98
8a64b39a-fb18-46cc-bdb3-b14fa0879b1e,2026-07-30,5.0,95
8a64b39a-fb18-46cc-bdb3-b14fa0879b1e,2026-07-31,5.0,95
8a64b39a-fb18-46cc-bdb3-b14fa0879b1e,2026-08-01,5.0,95
8a64b39a-fb18-46cc-bdb3-b14fa0879b1e,2026-08-02,5.0,95
8a64b39a-fb18-46cc-bdb3-b14fa0879b1e,2026-08-03,5.0,95
8a64b39a-fb18-46cc-bdb3-b14fa0879b1e,2026-08-04,5.0,95
8a64b39a-fb18-46cc-bdb3-b14fa0879b1e,2026-08-05,1.4,98
8adfdc7e-d431-4c88-8ac2-319581ec9894,2026-07-30,5.0,95
8adfdc7e-d431-4c88-8ac2-319581ec9894,2026-07-31,5.0,95
8adfdc7e-d431-4c88-8ac2-319581ec9894,2026-08-01,5.0,95
8adfdc7e-d431-4c88-8ac2-319581ec9894,2026-08-02,5.0,95
8adfdc7e-d431-4c88-8ac2-319581ec9894,2026-08-03,5.0,95
8adfdc7e-d431-4c88-8ac2-319581ec9894,2026-08-04,5.0,95
8adfdc7e-d431-4c88-8ac2-319581ec9894,2026-08-05,1.4,98
8af78dce-2d9d-41cb-8f4e-6899ba831697,2026-07-30,5.0,95
8af78dce-2d9d-41cb-8f4e-6899ba831697,2026-07-31,5.91,94
8af78dce-2d9d-41cb-8f4e-6899ba831697,2026-08-01,5.0,95
8af78dce-2d9d-41cb-8f4e-6899ba831697,2026-08-02,5.0,95
8af78dce-2d9d-41cb-8f4e-6899ba831697,2026-08-03,5.0,95
8af78dce-2d9d-41cb-8f4e-6899ba831697,2026-08-04,5.0,95
8af78dce-2d9d-41cb-8f4e-6899ba831697,2026-08-05,1.4,98
91f96796-b066-4a90-aa2b-36960a82f8ca,2026-07-30,85.05,14
91f96796-b066-4a90-aa2b-36960a82f8ca,2026-07-31,85.31,14
91f96796-b066-4a90-aa2b-36960a82f8ca,2026-08-01,81.8,18
91f96796-b066-4a90-aa2b-36960a82f8ca,2026-08-02,90.01,9
91f96796-b066-4a90-aa2b-36960a82f8ca,2026-08-03,88.2,11
91f96796-b066-4a90-aa2b-36960a82f8ca,2026-08-04,86.57,13
91f96796-b066-4a90-aa2b-36960a82f8ca,2026-08-05,89.1,10
9220db69-1a0f-486f-8a76-209e44e7e5f0,2026-07-30,5.0,95
9220db69-1a0f-486f-8a76-209e44e7e5f0,2026-07-31,5.0,95
9220db69-1a0f-486f-8a76-209e44e7e5f0,2026-08-01,5.0,95
9220db69-1a0f-486f-8a76-209e44e7e5f0,2026-08-02,5.0,95
9220db69-1a0f-486f-8a76-209e44e7e5f0,2026-08-03,5.0,95
9220db69-1a0f-486f-8a76-209e44e7e5f0,2026-08-04,5.0,95
9220db69-1a0f-486f-8a76-209e44e7e5f0,2026-08-05,1.4,98
9229501c-5391-4f8d-8ddc-ea8729b73c01,2026-07-30,5.0,95
9229501c-5391-4f8d-8ddc-ea8729b73c01,2026-07-31,5.0,95
9229501c-5391-4f8d-8ddc-ea8729b73c01,2026-08-01,5.0,95
9229501c-5391-4f8d-8ddc-ea8729b73c01,2026-08-02,5.0,95
9229501c-5391-4f8d-8ddc-ea8729b73c01,2026-08-03,5.0,95
9229501c-5391-4f8d-8ddc-ea8729b73c01,2026-08-04,5.0,95
9229501c-5391-4f8d-8ddc-ea8729b73c01,2026-08-05,1.4,98
92391ab1-462a-4744-b8cd-05f6ba877d5b,2026-07-30,5.0,95
92391ab1-462a-4744-b8cd-05f6ba877d5b,2026-07-31,5.0,95
92391ab1-462a-4744-b8cd-05f6ba877d5b,2026-08-01,5.0,95
92391ab1-462a-4744-b8cd-05f6ba877d5b,2026-08-02,5.0,95
92391ab1-462a-4744-b8cd-05f6ba877d5b,2026-08-03,5.0,95
92391ab1-462a-4744-b8cd-05f6ba877d5b,2026-08-04,5.0,95
92391ab1-462a-4744-b8cd-05f6ba877d5b,2026-08-05,1.4,98
923aa6bb-b699-4adf-b7c1-a7df5fc596a1,2026-07-30,5.0,95
923aa6bb-b699-4adf-b7c1-a7df5fc596a1,2026-07-31,5.0,95
923aa6bb-b699-4adf-b7c1-a7df5fc596a1,2026-08-01,5.0,95
923aa6bb-b699-4adf-b7c1-a7df5fc596a1,2026-08-02,5.0,95
923aa6bb-b699-4adf-b7c1-a7df5fc596a1,2026-08-03,5.0,95
923aa6bb-b699-4adf-b7c1-a7df5fc596a1,2026-08-04,5.0,95
923aa6bb-b699-4adf-b7c1-a7df5fc596a1,2026-08-05,1.4,98
92574262-838f-4ed7-bd2a-9725e0a5d394,2026-07-30,5.0,95
92574262-838f-4ed7-bd2a-9725e0a5d394,2026-07-31,5.0,95
92574262-838f-4ed7-bd2a-9725e0a5d394,2026-08-01,5.0,95
92574262-838f-4ed7-bd2a-9725e0a5d394,2026-08-02,5.0,95
92574262-838f-4ed7-bd2a-9725e0a5d394,2026-08-03,5.0,95
92574262-838f-4ed7-bd2a-9725e0a5d394,2026-08-04,5.0,95
92574262-838f-4ed7-bd2a-9725e0a5d394,2026-08-05,1.4,98
9303b248-979f-451f-bfc5-771807b568fd,2026-07-30,5.69,94
9303b248-979f-451f-bfc5-771807b568fd,2026-07-31,5.0,95
9303b248-979f-451f-bfc5-771807b568fd,2026-08-01,5.0,95
9303b248-979f-451f-bfc5-771807b568fd,2026-08-02,5.0,95
9303b248-979f-451f-bfc5-771807b568fd,2026-08-03,5.0,95
9303b248-979f-451f-bfc5-771807b568fd,2026-08-04,5.0,95
9303b248-979f-451f-bfc5-771807b568fd,2026-08-05,1.4,98
9319a256-411e-488b-8000-0d6f423547f4,2026-07-30,5.0,95
9319a256-411e-488b-8000-0d6f423547f4,2026-07-31,5.0,95
9319a256-411e-488b-8000-0d6f423547f4,2026-08-01,5.0,95
9319a256-411e-488b-8000-0d6f423547f4,2026-08-02,5.0,95
9319a256-411e-488b-8000-0d6f423547f4,2026-08-03,5.0,95
9319a256-411e-488b-8000-0d6f423547f4,2026-08-04,5.0,95
9319a256-411e-488b-8000-0d6f423547f4,2026-08-05,1.4,98
94135d7e-d95e-4e9e-91c5-8de6c1cd2c38,2026-07-30,5.0,95
94135d7e-d95e-4e9e-91c5-8de6c1cd2c38,2026-07-31,6.38,93
94135d7e-d95e-4e9e-91c5-8de6c1cd2c38,2026-08-01,5.0,95
94135d7e-d95e-4e9e-91c5-8de6c1cd2c38,2026-08-02,5.0,95
94135d7e-d95e-4e9e-91c5-8de6c1cd2c38,2026-08-03,5.0,95
94135d7e-d95e-4e9e-91c5-8de6c1cd2c38,2026-08-04,5.0,95
94135d7e-d95e-4e9e-91c5-8de6c1cd2c38,2026-08-05,1.4,98
9acdab05-357a-4e63-b221-3fa02ccf6b07,2026-07-30,5.0,95
9acdab05-357a-4e63-b221-3fa02ccf6b07,2026-07-31,5.0,95
9acdab05-357a-4e63-b221-3fa02ccf6b07,2026-08-01,5.0,95
9acdab05-357a-4e63-b221-3fa02ccf6b07,2026-08-02,5.0,95
9acdab05-357a-4e63-b221-3fa02ccf6b07,2026-08-03,5.0,95
9acdab05-357a-4e63-b221-3fa02ccf6b07,2026-08-04,5.0,95
9acdab05-357a-4e63-b221-3fa02ccf6b07,2026-08-05,1.4,98
e25359b5-f787-4877-ade1-3f88a4d0be62,2026-07-30,5.0,95
e25359b5-f787-4877-ade1-3f88a4d0be62,2026-07-31,5.0,95
e25359b5-f787-4877-ade1-3f88a4d0be62,2026-08-01,5.0,95
e25359b5-f787-4877-ade1-3f88a4d0be62,2026-08-02,5.0,95
e25359b5-f787-4877-ade1-3f88a4d0be62,2026-08-03,5.0,95
e25359b5-f787-4877-ade1-3f88a4d0be62,2026-08-04,5.0,95
e25359b5-f787-4877-ade1-3f88a4d0be62,2026-08-05,1.4,98
e267d383-45e9-4c60-9e2a-91a8421f28b3,2026-07-30,87.67,12
e267d383-45e9-4c60-9e2a-91a8421f28b3,2026-07-31,92.15,7
e267d383-45e9-4c60-9e2a-91a8421f28b3,2026-08-01,89.06,10
e267d383-45e9-4c60-9e2a-91a8421f28b3,2026-08-02,93.39,6
e267d383-45e9-4c60-9e2a-91a8421f28b3,2026-08-03,90.18,9
e267d383-45e9-4c60-9e2a-91a8421f28b3,2026-08-04,90.31,9
e267d383-45e9-4c60-9e2a-91a8421f28b3,2026-08-05,94.9,5
e281a43f-29ca-428e-833f-248086eada6b,2026-07-30,5.0,95
e281a43f-29ca-428e-833f-248086eada6b,2026-07-31,5.0,95
e281a43f-29ca-428e-833f-248086eada6b,2026-08-01,5.0,95
e281a43f-29ca-428e-833f-248086eada6b,2026-08-02,5.6,94
e281a43f-29ca-428e-833f-248086eada6b,2026-08-03,5.0,95
e281a43f-29ca-428e-833f-248086eada6b,2026-08-04,5.0,95
e281a43f-29ca-428e-833f-248086eada6b,2026-08-05,1.4,98
e2896ee6-fab2-40f7-96f7-3e6f6143e4ff,2026-07-30,5.0,95
e2896ee6-fab2-40f7-96f7-3e6f6143e4ff,2026-07-31,5.0,95
e2896ee6-fab2-40f7-96f7-3e6f6143e4ff,2026-08-01,5.0,95
e2896ee6-fab2-40f7-96f7-3e6f6143e4ff,2026-08-02,5.0,95
e2896ee6-fab2-40f7-96f7-3e6f6143e4ff,2026-08-03,5.0,95
e2896ee6-fab2-40f7-96f7-3e6f6143e4ff,2026-08-04,5.0,95
e2896ee6-fab2-40f7-96f7-3e6f6143e4ff,2026-08-05,1.7,98
e3516a12-1438-45f7-bb36-6490f7443490,2026-07-30,5.0,95
e3516a12-1438-45f7-bb36-6490f7443490,2026-07-31,5.0,95
e3516a12-1438-45f7-bb36-6490f7443490,2026-08-01,5.0,95
e3516a12-1438-45f7-bb36-6490f7443490,2026-08-02,5.0,95
e3516a12-1438-45f7-bb36-6490f7443490,2026-08-03,5.0,95
e3516a12-1438-45f7-bb36-6490f7443490,2026-08-04,5.0,95
e3516a12-1438-45f7-bb36-6490f7443490,2026-08-05,1.4,98
e3d0ae13-51dd-4098-9fcd-e1b1f66b3b7c,2026-07-30,5.0,95
e3d0ae13-51dd-4098-9fcd-e1b1f66b3b7c,2026-07-31,5.01,94
e3d0ae13-51dd-4098-9fcd-e1b1f66b3b7c,2026-08-01,5.0,95
e3d0ae13-51dd-4098-9fcd-e1b1f66b3b7c,2026-08-02,5.0,95
e3d0ae13-51dd-4098-9fcd-e1b1f66b3b7c,2026-08-03,5.0,95
e3d0ae13-51dd-4098-9fcd-e1b1f66b3b7c,2026-08-04,5.0,95
e3d0ae13-51dd-4098-9fcd-e1b1f66b3b7c,2026-08-05,1.4,98
eddb130b-8d88-42f7-95d8-3a00cce2a349,2026-07-30,5.0,95
eddb130b-8d88-42f7-95d8-3a00cce2a349,2026-07-31,5.0,95
eddb130b-8d88-42f7-95d8-3a00cce2a349,2026-08-01,5.0,95
eddb130b-8d88-42f7-95d8-3a00cce2a349,2026-08-02,5.0,95
eddb130b-8d88-42f7-95d8-3a00cce2a349,2026-08-03,5.0,95
eddb130b-8d88-42f7-95d8-3a00cce2a349,2026-08-04,5.0,95
eddb130b-8d88-42f7-95d8-3a00cce2a349,2026-08-05,1.4,98
ee652744-a0c4-4746-9b8a-14347339218a,2026-07-30,91.59,8
ee652744-a0c4-4746-9b8a-14347339218a,2026-07-31,95.35,4
ee652744-a0c4-4746-9b8a-14347339218a,2026-08-01,88.28,11
ee652744-a0c4-4746-9b8a-14347339218a,2026-08-02,90.91,9
ee652744-a0c4-4746-9b8a-14347339218a,2026-08-03,93.69,6
ee652744-a0c4-4746-9b8a-14347339218a,2026-08-04,90.24,9
ee652744-a0c4-4746-9b8a-14347339218a,2026-08-05,92.6,7
ee9b961b-8c00-40e0-aa3c-7094954ba7ae,2026-07-30,5.0,95
ee9b961b-8c00-40e0-aa3c-7094954ba7ae,2026-07-31,5.0,95
ee9b961b-8c00-40e0-aa3c-7094954ba7ae,2026-08-01,5.0,95
ee9b961b-8c00-40e0-aa3c-7094954ba7ae,2026-08-02,5.0,95
ee9b961b-8c00-40e0-aa3c-7094954ba7ae,2026-08-03,5.0,95
ee9b961b-8c00-40e0-aa3c-7094954ba7ae,2026-08-04,5.0,95
ee9b961b-8c00-40e0-aa3c-7094954ba7ae,2026-08-05,1.4,98
eebd7ffe-f1b6-4a4c-81e0-daa43e556591,2026-07-30,5.0,95
eebd7ffe-f1b6-4a4c-81e0-daa43e556591,2026-07-31,5.0,95
eebd7ffe-f1b6-4a4c-81e0-daa43e556591,2026-08-01,5.0,95
eebd7ffe-f1b6-4a4c-81e0-daa43e556591,2026-08-02,5.0,95
eebd7ffe-f1b6-4a4c-81e0-daa43e556591,2026-08-03,5.0,95
eebd7ffe-f1b6-4a4c-81e0-daa43e556591,2026-08-04,5.0,95
eebd7ffe-f1b6-4a4c-81e0-daa43e556591,2026-08-05,1.4,98
eebdb663-ffe8-4ffe-8026-2a2be43e0264,2026-07-30,91.42,8
eebdb663-ffe8-4ffe-8026-2a2be43e0264,2026-07-31,98.0,2
eebdb663-ffe8-4ffe-8026-2a2be43e0264,2026-08-01,93.22,6
eebdb663-ffe8-4ffe-8026-2a2be43e0264,2026-08-02,90.78,9
eebdb663-ffe8-4ffe-8026-2a2be43e0264,2026-08-03,94.95,5
eebdb663-ffe8-4ffe-8026-2a2be43e0264,2026-08-04,89.51,10
eebdb663-ffe8-4ffe-8026-2a2be43e0264,2026-08-05,93.7,6
0042898d-1eb8-4a01-8f9b-08f951a0180d,2026-07-30,5.0,95
0042898d-1eb8-4a01-8f9b-08f951a0180d,2026-07-31,5.0,95
0042898d-1eb8-4a01-8f9b-08f951a0180d,2026-08-01,5.0,95
0042898d-1eb8-4a01-8f9b-08f951a0180d,2026-08-02,5.0,95
0042898d-1eb8-4a01-8f9b-08f951a0180d,2026-08-03,5.0,95
0042898d-1eb8-4a01-8f9b-08f951a0180d,2026-08-04,5.0,95
0042898d-1eb8-4a01-8f9b-08f951a0180d,2026-08-05,1.6,98
0202a9bb-fce4-4fc1-97da-fb533ae34aa9,2026-07-30,5.0,95
0202a9bb-fce4-4fc1-97da-fb533ae34aa9,2026-07-31,5.0,95
0202a9bb-fce4-4fc1-97da-fb533ae34aa9,2026-08-01,5.0,95
0202a9bb-fce4-4fc1-97da-fb533ae34aa9,2026-08-02,5.0,95
0202a9bb-fce4-4fc1-97da-fb533ae34aa9,2026-08-03,5.0,95
0202a9bb-fce4-4fc1-97da-fb533ae34aa9,2026-08-04,5.0,95
0202a9bb-fce4-4fc1-97da-fb533ae34aa9,2026-08-05,1.4,98
022ad4a0-f3b5-4d3b-a9d6-b39bc81982d8,2026-07-30,5.0,95
022ad4a0-f3b5-4d3b-a9d6-b39bc81982d8,2026-07-31,5.0,95
022ad4a0-f3b5-4d3b-a9d6-b39bc81982d8,2026-08-01,5.0,95
022ad4a0-f3b5-4d3b-a9d6-b39bc81982d8,2026-08-02,5.0,95
022ad4a0-f3b5-4d3b-a9d6-b39bc81982d8,2026-08-03,5.0,95
022ad4a0-f3b5-4d3b-a9d6-b39bc81982d8,2026-08-04,5.0,95
022ad4a0-f3b5-4d3b-a9d6-b39bc81982d8,2026-08-05,1.4,98
030736d4-2ee9-4586-97b4-d986da66033a,2026-07-30,5.0,95
030736d4-2ee9-4586-97b4-d986da66033a,2026-07-31,5.0,95
030736d4-2ee9-4586-97b4-d986da66033a,2026-08-01,5.0,95
030736d4-2ee9-4586-97b4-d986da66033a,2026-08-02,5.0,95
030736d4-2ee9-4586-97b4-d986da66033a,2026-08-03,5.0,95
030736d4-2ee9-4586-97b4-d986da66033a,2026-08-04,5.0,95
030736d4-2ee9-4586-97b4-d986da66033a,2026-08-05,1.4,98
0307d959-effa-4d5e-a488-a633f8702618,2026-07-30,5.0,95
0307d959-effa-4d5e-a488-a633f8702618,2026-07-31,5.0,95
0307d959-effa-4d5e-a488-a633f8702618,2026-08-01,5.0,95
0307d959-effa-4d5e-a488-a633f8702618,2026-08-02,5.0,95
0307d959-effa-4d5e-a488-a633f8702618,2026-08-03,5.0,95
0307d959-effa-4d5e-a488-a633f8702618,2026-08-04,5.0,95
0307d959-effa-4d5e-a488-a633f8702618,2026-08-05,1.4,98
033db346-6294-4fa6-ab9c-725a898578c5,2026-07-30,5.0,95
033db346-6294-4fa6-ab9c-725a898578c5,2026-07-31,5.0,95
033db346-6294-4fa6-ab9c-725a898578c5,2026-08-01,5.0,95
033db346-6294-4fa6-ab9c-725a898578c5,2026-08-02,5.0,95
033db346-6294-4fa6-ab9c-725a898578c5,2026-08-03,5.0,95
033db346-6294-4fa6-ab9c-725a898578c5,2026-08-04,5.0,95
033db346-6294-4fa6-ab9c-725a898578c5,2026-08-05,1.4,98
4c777d28-3cea-46ce-af4a-42506422eafd,2026-07-30,5.0,95
4c777d28-3cea-46ce-af4a-42506422eafd,2026-07-31,5.0,95
4c777d28-3cea-46ce-af4a-42506422eafd,2026-08-01,5.0,95
4c777d28-3cea-46ce-af4a-42506422eafd,2026-08-02,5.0,95
4c777d28-3cea-46ce-af4a-42506422eafd,2026-08-03,5.0,95
4c777d28-3cea-46ce-af4a-42506422eafd,2026-08-04,5.0,95
4c777d28-3cea-46ce-af4a-42506422eafd,2026-08-05,1.4,98
4e231b22-5354-4a64-8a7a-4990d4a3814f,2026-07-30,5.0,95
4e231b22-5354-4a64-8a7a-4990d4a3814f,2026-07-31,5.0,95
4e231b22-5354-4a64-8a7a-4990d4a3814f,2026-08-01,5.0,95
4e231b22-5354-4a64-8a7a-4990d4a3814f,2026-08-02,5.0,95
4e231b22-5354-4a64-8a7a-4990d4a3814f,2026-08-03,5.0,95
4e231b22-5354-4a64-8a7a-4990d4a3814f,2026-08-04,5.0,95
4e231b22-5354-4a64-8a7a-4990d4a3814f,2026-08-05,1.4,98
4e541025-8552-4ed1-9200-cca280d7e539,2026-07-30,5.0,95
4e541025-8552-4ed1-9200-cca280d7e539,2026-07-31,5.0,95
4e541025-8552-4ed1-9200-cca280d7e539,2026-08-01,5.0,95
4e541025-8552-4ed1-9200-cca280d7e539,2026-08-02,5.0,95
4e541025-8552-4ed1-9200-cca280d7e539,2026-08-03,5.0,95
4e541025-8552-4ed1-9200-cca280d7e539,2026-08-04,5.0,95
4e541025-8552-4ed1-9200-cca280d7e539,2026-08-05,1.3,98
4f293111-0f19-4fe3-8ff0-db7dc8fe2a9f,2026-07-30,86.0,13
4f293111-0f19-4fe3-8ff0-db7dc8fe2a9f,2026-07-31,92.58,7
4f293111-0f19-4fe3-8ff0-db7dc8fe2a9f,2026-08-01,91.86,8
4f293111-0f19-4fe3-8ff0-db7dc8fe2a9f,2026-08-02,91.66,8
4f293111-0f19-4fe3-8ff0-db7dc8fe2a9f,2026-08-03,91.61,8
4f293111-0f19-4fe3-8ff0-db7dc8fe2a9f,2026-08-04,95.15,4
4f293111-0f19-4fe3-8ff0-db7dc8fe2a9f,2026-08-05,95.2,4
4f2c26fc-b873-46f4-8947-18ed4bbaa4e9,2026-07-30,5.0,95
4f2c26fc-b873-46f4-8947-18ed4bbaa4e9,2026-07-31,5.0,94
4f2c26fc-b873-46f4-8947-18ed4bbaa4e9,2026-08-01,5.0,95
4f2c26fc-b873-46f4-8947-18ed4bbaa4e9,2026-08-02,5.0,95
4f2c26fc-b873-46f4-8947-18ed4bbaa4e9,2026-08-03,5.0,95
4f2c26fc-b873-46f4-8947-18ed4bbaa4e9,2026-08-04,5.0,95
4f2c26fc-b873-46f4-8947-18ed4bbaa4e9,2026-08-05,1.4,98
5c0f9687-dcc6-4cf2-8d9a-e60e192ad76a,2026-07-30,5.0,95
5c0f9687-dcc6-4cf2-8d9a-e60e192ad76a,2026-07-31,5.0,95
5c0f9687-dcc6-4cf2-8d9a-e60e192ad76a,2026-08-01,5.0,95
5c0f9687-dcc6-4cf2-8d9a-e60e192ad76a,2026-08-02,5.0,95
5c0f9687-dcc6-4cf2-8d9a-e60e192ad76a,2026-08-03,5.0,95
5c0f9687-dcc6-4cf2-8d9a-e60e192ad76a,2026-08-04,5.0,95
5c0f9687-dcc6-4cf2-8d9a-e60e192ad76a,2026-08-05,1.4,98
5c50e345-bfe1-4058-a350-e2727fa23ecf,2026-07-30,5.0,95
5c50e345-bfe1-4058-a350-e2727fa23ecf,2026-07-31,5.0,95
5c50e345-bfe1-4058-a350-e2727fa23ecf,2026-08-01,5.0,95
5c50e345-bfe1-4058-a350-e2727fa23ecf,2026-08-02,5.0,95
5c50e345-bfe1-4058-a350-e2727fa23ecf,2026-08-03,5.0,95
5c50e345-bfe1-4058-a350-e2727fa23ecf,2026-08-04,5.0,95
5c50e345-bfe1-4058-a350-e2727fa23ecf,2026-08-05,1.3,98
5c5515f7-3ecd-4865-88f8-228bc1cf2f57,2026-07-30,5.0,95
5c5515f7-3ecd-4865-88f8-228bc1cf2f57,2026-07-31,5.0,95
5c5515f7-3ecd-4865-88f8-228bc1cf2f57,2026-08-01,5.0,95
5c5515f7-3ecd-4865-88f8-228bc1cf2f57,2026-08-02,5.0,95
5c5515f7-3ecd-4865-88f8-228bc1cf2f57,2026-08-03,5.0,95
5c5515f7-3ecd-4865-88f8-228bc1cf2f57,2026-08-04,5.0,95
5c5515f7-3ecd-4865-88f8-228bc1cf2f57,2026-08-05,1.4,98
5c5a8eaf-4202-47f4-95d2-f60ffcec9d99,2026-07-30,5.0,95
5c5a8eaf-4202-47f4-95d2-f60ffcec9d99,2026-07-31,5.0,95
5c5a8eaf-4202-47f4-95d2-f60ffcec9d99,2026-08-01,5.0,95
5c5a8eaf-4202-47f4-95d2-f60ffcec9d99,2026-08-02,5.0,95
5c5a8eaf-4202-47f4-95d2-f60ffcec9d99,2026-08-03,5.0,95
5c5a8eaf-4202-47f4-95d2-f60ffcec9d99,2026-08-04,5.0,95
5c5a8eaf-4202-47f4-95d2-f60ffcec9d99,2026-08-05,1.3,98
b194a0f3-603f-4369-b7f9-b4e3203c9936,2026-07-30,5.0,95
b194a0f3-603f-4369-b7f9-b4e3203c9936,2026-07-31,5.0,95
b194a0f3-603f-4369-b7f9-b4e3203c9936,2026-08-01,5.0,95
b194a0f3-603f-4369-b7f9-b4e3203c9936,2026-08-02,5.0,95
b194a0f3-603f-4369-b7f9-b4e3203c9936,2026-08-03,5.0,95
b194a0f3-603f-4369-b7f9-b4e3203c9936,2026-08-04,5.0,95
b194a0f3-603f-4369-b7f9-b4e3203c9936,2026-08-05,1.4,98
b2be0d96-305d-462a-ac27-813c8bf04332,2026-07-30,5.0,95
b2be0d96-305d-462a-ac27-813c8bf04332,2026-07-31,5.0,95
b2be0d96-305d-462a-ac27-813c8bf04332,2026-08-01,5.0,95
b2be0d96-305d-462a-ac27-813c8bf04332,2026-08-02,5.0,95
b2be0d96-305d-462a-ac27-813c8bf04332,2026-08-03,5.0,95
b2be0d96-305d-462a-ac27-813c8bf04332,2026-08-04,5.0,95
b2be0d96-305d-462a-ac27-813c8bf04332,2026-08-05,1.3,98
b36c86e9-d3b7-4916-81a4-ca3348bd968f,2026-07-30,5.0,95
b36c86e9-d3b7-4916-81a4-ca3348bd968f,2026-07-31,5.0,95
b36c86e9-d3b7-4916-81a4-ca3348bd968f,2026-08-01,5.0,95
b36c86e9-d3b7-4916-81a4-ca3348bd968f,2026-08-02,5.0,95
b36c86e9-d3b7-4916-81a4-ca3348bd968f,2026-08-03,5.0,95
b36c86e9-d3b7-4916-81a4-ca3348bd968f,2026-08-04,5.0,95
b36c86e9-d3b7-4916-81a4-ca3348bd968f,2026-08-05,1.3,98
b37bf039-b94a-4ab1-9a55-e7de211ef9ec,2026-07-30,7.04,92
b37bf039-b94a-4ab1-9a55-e7de211ef9ec,2026-07-31,5.0,95
b37bf039-b94a-4ab1-9a55-e7de211ef9ec,2026-08-01,5.0,95
b37bf039-b94a-4ab1-9a55-e7de211ef9ec,2026-08-02,5.0,95
b37bf039-b94a-4ab1-9a55-e7de211ef9ec,2026-08-03,5.0,95
b37bf039-b94a-4ab1-9a55-e7de211ef9ec,2026-08-04,5.33,94
b37bf039-b94a-4ab1-9a55-e7de211ef9ec,2026-08-05,1.4,98
b3b99375-dd89-4151-9198-7b85b337cd36,2026-07-30,5.0,95
b3b99375-dd89-4151-9198-7b85b337cd36,2026-07-31,5.0,95
b3b99375-dd89-4151-9198-7b85b337cd36,2026-08-01,5.0,95
b3b99375-dd89-4151-9198-7b85b337cd36,2026-08-02,5.0,95
b3b99375-dd89-4151-9198-7b85b337cd36,2026-08-03,5.0,95
b3b99375-dd89-4151-9198-7b85b337cd36,2026-08-04,5.0,95
b3b99375-dd89-4151-9198-7b85b337cd36,2026-08-05,2.6,97
b4c93bc7-d65f-4efc-956a-8951fea8f40f,2026-07-30,5.0,95
b4c93bc7-d65f-4efc-956a-8951fea8f40f,2026-07-31,5.0,95
b4c93bc7-d65f-4efc-956a-8951fea8f40f,2026-08-01,5.0,95
b4c93bc7-d65f-4efc-956a-8951fea8f40f,2026-08-02,5.0,95
b4c93bc7-d65f-4efc-956a-8951fea8f40f,2026-08-03,5.0,95
b4c93bc7-d65f-4efc-956a-8951fea8f40f,2026-08-04,5.0,95
b4c93bc7-d65f-4efc-956a-8951fea8f40f,2026-08-05,1.4,98
b4daf5ee-7198-4a0b-8edc-c41a23245bde,2026-07-30,5.0,95
b4daf5ee-7198-4a0b-8edc-c41a23245bde,2026-07-31,5.0,95
b4daf5ee-7198-4a0b-8edc-c41a23245bde,2026-08-01,5.0,95
b4daf5ee-7198-4a0b-8edc-c41a23245bde,2026-08-02,5.0,95
b4daf5ee-7198-4a0b-8edc-c41a23245bde,2026-08-03,5.0,95
b4daf5ee-7198-4a0b-8edc-c41a23245bde,2026-08-04,5.0,95
b4daf5ee-7198-4a0b-8edc-c41a23245bde,2026-08-05,1.4,98
b4e2e541-4110-46f3-a3dd-5c4c9efac1e8,2026-07-30,5.0,95
b4e2e541-4110-46f3-a3dd-5c4c9efac1e8,2026-07-31,5.0,95
b4e2e541-4110-46f3-a3dd-5c4c9efac1e8,2026-08-01,5.0,95
b4e2e541-4110-46f3-a3dd-5c4c9efac1e8,2026-08-02,5.0,95
b4e2e541-4110-46f3-a3dd-5c4c9efac1e8,2026-08-03,5.0,95
b4e2e541-4110-46f3-a3dd-5c4c9efac1e8,2026-08-04,5.0,95
b4e2e541-4110-46f3-a3dd-5c4c9efac1e8,2026-08-05,1.4,98
b667edb0-8bc4-4846-9f41-013b82ecc47c,2026-07-30,5.0,95
b667edb0-8bc4-4846-9f41-013b82ecc47c,2026-07-31,5.0,95
b667edb0-8bc4-4846-9f41-013b82ecc47c,2026-08-01,5.0,95
b667edb0-8bc4-4846-9f41-013b82ecc47c,2026-08-02,5.0,95
b667edb0-8bc4-4846-9f41-013b82ecc47c,2026-08-03,5.0,95
b667edb0-8bc4-4846-9f41-013b82ecc47c,2026-08-04,5.0,95
b667edb0-8bc4-4846-9f41-013b82ecc47c,2026-08-05,1.4,98
b66a98d4-4722-49d9-ba37-1fe8470e5b2b,2026-07-30,86.86,13
b66a98d4-4722-49d9-ba37-1fe8470e5b2b,2026-07-31,96.35,3
b66a98d4-4722-49d9-ba37-1fe8470e5b2b,2026-08-01,93.75,6
b66a98d4-4722-49d9-ba37-1fe8470e5b2b,2026-08-02,92.52,7
b66a98d4-4722-49d9-ba37-1fe8470e5b2b,2026-08-03,91.03,8
b66a98d4-4722-49d9-ba37-1fe8470e5b2b,2026-08-04,95.27,4
b66a98d4-4722-49d9-ba37-1fe8470e5b2b,2026-08-05,97.0,3
b7c697e5-3a4b-4cd2-ba2f-76909caf4243,2026-07-30,5.0,95
b7c697e5-3a4b-4cd2-ba2f-76909caf4243,2026-07-31,5.0,95
b7c697e5-3a4b-4cd2-ba2f-76909caf4243,2026-08-01,5.0,95
b7c697e5-3a4b-4cd2-ba2f-76909caf4243,2026-08-02,5.0,95
b7c697e5-3a4b-4cd2-ba2f-76909caf4243,2026-08-03,5.0,95
b7c697e5-3a4b-4cd2-ba2f-76909caf4243,2026-08-04,5.0,95
b7c697e5-3a4b-4cd2-ba2f-76909caf4243,2026-08-05,1.4,98
b9f0812d-b637-4f59-91e4-532e2d6364a2,2026-07-30,5.0,95
b9f0812d-b637-4f59-91e4-532e2d6364a2,2026-07-31,5.0,95
b9f0812d-b637-4f59-91e4-532e2d6364a2,2026-08-01,5.0,95
b9f0812d-b637-4f59-91e4-532e2d6364a2,2026-08-02,5.0,95
b9f0812d-b637-4f59-91e4-532e2d6364a2,2026-08-03,5.0,95
b9f0812d-b637-4f59-91e4-532e2d6364a2,2026-08-04,5.0,95
b9f0812d-b637-4f59-91e4-532e2d6364a2,2026-08-05,1.4,98
d408467a-7bd7-49c0-ace3-1d7c64a90f03,2026-07-30,5.0,95
d408467a-7bd7-49c0-ace3-1d7c64a90f03,2026-07-31,5.0,95
d408467a-7bd7-49c0-ace3-1d7c64a90f03,2026-08-01,5.0,95
d408467a-7bd7-49c0-ace3-1d7c64a90f03,2026-08-02,5.0,95
d408467a-7bd7-49c0-ace3-1d7c64a90f03,2026-08-03,5.0,95
d408467a-7bd7-49c0-ace3-1d7c64a90f03,2026-08-04,5.0,95
d408467a-7bd7-49c0-ace3-1d7c64a90f03,2026-08-05,1.4,98
d4d4f342-6584-4593-be8a-0e237f0c1cb7,2026-07-30,5.0,95
d4d4f342-6584-4593-be8a-0e237f0c1cb7,2026-07-31,5.0,95
d4d4f342-6584-4593-be8a-0e237f0c1cb7,2026-08-01,5.0,95
d4d4f342-6584-4593-be8a-0e237f0c1cb7,2026-08-02,5.0,95
d4d4f342-6584-4593-be8a-0e237f0c1cb7,2026-08-03,5.0,95
d4d4f342-6584-4593-be8a-0e237f0c1cb7,2026-08-04,5.0,95
d4d4f342-6584-4593-be8a-0e237f0c1cb7,2026-08-05,1.4,98
d51d4d51-80ae-4ed5-851e-76d4cf44a9ff,2026-07-30,5.0,95
d51d4d51-80ae-4ed5-851e-76d4cf44a9ff,2026-07-31,5.0,95
d51d4d51-80ae-4ed5-851e-76d4cf44a9ff,2026-08-01,5.0,95
d51d4d51-80ae-4ed5-851e-76d4cf44a9ff,2026-08-02,5.0,95
d51d4d51-80ae-4ed5-851e-76d4cf44a9ff,2026-08-03,5.0,95
d51d4d51-80ae-4ed5-851e-76d4cf44a9ff,2026-08-04,5.0,95
d51d4d51-80ae-4ed5-851e-76d4cf44a9ff,2026-08-05,1.4,98
d5921036-5a9f-4f89-8bc7-c6a36c47203d,2026-07-30,5.0,95
d5921036-5a9f-4f89-8bc7-c6a36c47203d,2026-07-31,5.0,95
d5921036-5a9f-4f89-8bc7-c6a36c47203d,2026-08-01,5.0,95
d5921036-5a9f-4f89-8bc7-c6a36c47203d,2026-08-02,5.0,95
d5921036-5a9f-4f89-8bc7-c6a36c47203d,2026-08-03,5.0,95
d5921036-5a9f-4f89-8bc7-c6a36c47203d,2026-08-04,5.0,95
d5921036-5a9f-4f89-8bc7-c6a36c47203d,2026-08-05,1.4,98
d5a264cd-624e-4a84-8f96-9fabbdf6841e,2026-07-30,5.0,95
d5a264cd-624e-4a84-8f96-9fabbdf6841e,2026-07-31,5.0,95
d5a264cd-624e-4a84-8f96-9fabbdf6841e,2026-08-01,5.0,95
d5a264cd-624e-4a84-8f96-9fabbdf6841e,2026-08-02,5.0,95
d5a264cd-624e-4a84-8f96-9fabbdf6841e,2026-08-03,5.0,95
d5a264cd-624e-4a84-8f96-9fabbdf6841e,2026-08-04,5.0,95
d5a264cd-624e-4a84-8f96-9fabbdf6841e,2026-08-05,1.4,98
d5e7a8a1-60a3-419c-ac65-a7fbe0fd20a8,2026-07-30,5.0,95
d5e7a8a1-60a3-419c-ac65-a7fbe0fd20a8,2026-07-31,5.0,95
d5e7a8a1-60a3-419c-ac65-a7fbe0fd20a8,2026-08-01,5.0,95
d5e7a8a1-60a3-419c-ac65-a7fbe0fd20a8,2026-08-02,5.0,95
d5e7a8a1-60a3-419c-ac65-a7fbe0fd20a8,2026-08-03,5.0,95
d5e7a8a1-60a3-419c-ac65-a7fbe0fd20a8,2026-08-04,5.0,95
d5e7a8a1-60a3-419c-ac65-a7fbe0fd20a8,2026-08-05,1.4,98
d61266ba-affa-423c-90ef-6808266b154e,2026-07-30,5.0,95
d61266ba-affa-423c-90ef-6808266b154e,2026-07-31,5.0,95
d61266ba-affa-423c-90ef-6808266b154e,2026-08-01,5.0,95
d61266ba-affa-423c-90ef-6808266b154e,2026-08-02,5.0,95
d61266ba-affa-423c-90ef-6808266b154e,2026-08-03,5.0,95
d61266ba-affa-423c-90ef-6808266b154e,2026-08-04,5.0,95
d61266ba-affa-423c-90ef-6808266b154e,2026-08-05,1.4,98
d70c822e-8811-45b1-bad6-07948ab228ff,2026-07-30,5.0,95
d70c822e-8811-45b1-bad6-07948ab228ff,2026-07-31,5.0,95
d70c822e-8811-45b1-bad6-07948ab228ff,2026-08-01,5.0,95
d70c822e-8811-45b1-bad6-07948ab228ff,2026-08-02,5.0,95
d70c822e-8811-45b1-bad6-07948ab228ff,2026-08-03,5.0,95
d70c822e-8811-45b1-bad6-07948ab228ff,2026-08-04,5.0,95
d70c822e-8811-45b1-bad6-07948ab228ff,2026-08-05,1.4,98
d716686a-20da-4ef6-a5ae-70b891730fae,2026-07-30,5.0,95
d716686a-20da-4ef6-a5ae-70b891730fae,2026-07-31,5.0,95
d716686a-20da-4ef6-a5ae-70b891730fae,2026-08-01,5.0,95
d716686a-20da-4ef6-a5ae-70b891730fae,2026-08-02,5.0,95
d716686a-20da-4ef6-a5ae-70b891730fae,2026-08-03,5.0,95
d716686a-20da-4ef6-a5ae-70b891730fae,2026-08-04,5.0,95
d716686a-20da-4ef6-a5ae-70b891730fae,2026-08-05,1.4,98
d91f35a1-6b98-4767-b63f-c79f01d2c52f,2026-07-30,5.0,95
d91f35a1-6b98-4767-b63f-c79f01d2c52f,2026-07-31,5.0,95
d91f35a1-6b98-4767-b63f-c79f01d2c52f,2026-08-01,5.0,95
d91f35a1-6b98-4767-b63f-c79f01d2c52f,2026-08-02,5.0,95
d91f35a1-6b98-4767-b63f-c79f01d2c52f,2026-08-03,5.0,95
d91f35a1-6b98-4767-b63f-c79f01d2c52f,2026-08-04,5.0,95
d91f35a1-6b98-4767-b63f-c79f01d2c52f,2026-08-05,1.4,98
df9102c2-85d1-406a-8a08-2d27efedbc9c,2026-07-30,5.0,95
df9102c2-85d1-406a-8a08-2d27efedbc9c,2026-07-31,5.0,95
df9102c2-85d1-406a-8a08-2d27efedbc9c,2026-08-01,5.0,95
df9102c2-85d1-406a-8a08-2d27efedbc9c,2026-08-02,5.0,95
df9102c2-85d1-406a-8a08-2d27efedbc9c,2026-08-03,5.0,95
df9102c2-85d1-406a-8a08-2d27efedbc9c,2026-08-04,5.0,95
df9102c2-85d1-406a-8a08-2d27efedbc9c,2026-08-05,1.4,98
e0c8c410-5222-4229-9d8d-423aacd43d10,2026-07-30,5.0,95
e0c8c410-5222-4229-9d8d-423aacd43d10,2026-07-31,5.0,95
e0c8c410-5222-4229-9d8d-423aacd43d10,2026-08-01,5.0,95
e0c8c410-5222-4229-9d8d-423aacd43d10,2026-08-02,5.0,95
e0c8c410-5222-4229-9d8d-423aacd43d10,2026-08-03,5.0,95
e0c8c410-5222-4229-9d8d-423aacd43d10,2026-08-04,5.0,95
e0c8c410-5222-4229-9d8d-423aacd43d10,2026-08-05,3.4,96
f6cd7149-65e6-4e13-acd5-daaca0ad4401,2026-07-30,5.0,95
f6cd7149-65e6-4e13-acd5-daaca0ad4401,2026-07-31,5.0,95
f6cd7149-65e6-4e13-acd5-daaca0ad4401,2026-08-01,5.0,95
f6cd7149-65e6-4e13-acd5-daaca0ad4401,2026-08-02,5.0,95
f6cd7149-65e6-4e13-acd5-daaca0ad4401,2026-08-03,5.0,95
f6cd7149-65e6-4e13-acd5-daaca0ad4401,2026-08-04,5.09,94
f6cd7149-65e6-4e13-acd5-daaca0ad4401,2026-08-05,1.3,98
f6d037ba-2299-4a76-aefc-27a24033a784,2026-07-30,5.0,95
f6d037ba-2299-4a76-aefc-27a24033a784,2026-07-31,5.0,95
f6d037ba-2299-4a76-aefc-27a24033a784,2026-08-01,5.0,95
f6d037ba-2299-4a76-aefc-27a24033a784,2026-08-02,5.0,95
f6d037ba-2299-4a76-aefc-27a24033a784,2026-08-03,5.0,95
f6d037ba-2299-4a76-aefc-27a24033a784,2026-08-04,5.0,95
f6d037ba-2299-4a76-aefc-27a24033a784,2026-08-05,1.5,98
f6eae405-7806-4cf8-8cb4-18b94559d4fd,2026-07-30,5.0,95
f6eae405-7806-4cf8-8cb4-18b94559d4fd,2026-07-31,5.0,95
f6eae405-7806-4cf8-8cb4-18b94559d4fd,2026-08-01,5.0,95
f6eae405-7806-4cf8-8cb4-18b94559d4fd,2026-08-02,5.0,95
f6eae405-7806-4cf8-8cb4-18b94559d4fd,2026-08-03,5.0,95
f6eae405-7806-4cf8-8cb4-18b94559d4fd,2026-08-04,5.0,95
f6eae405-7806-4cf8-8cb4-18b94559d4fd,2026-08-05,1.4,98
f766c661-689e-4fb1-b2d6-467c1081c2ed,2026-07-30,5.0,95
f766c661-689e-4fb1-b2d6-467c1081c2ed,2026-07-31,5.0,95
f766c661-689e-4fb1-b2d6-467c1081c2ed,2026-08-01,5.0,95
f766c661-689e-4fb1-b2d6-467c1081c2ed,2026-08-02,5.0,95
f766c661-689e-4fb1-b2d6-467c1081c2ed,2026-08-03,5.0,95
f766c661-689e-4fb1-b2d6-467c1081c2ed,2026-08-04,5.0,95
f766c661-689e-4fb1-b2d6-467c1081c2ed,2026-08-05,1.4,98
fcc5e9c0-4f92-4248-a7ec-b523d080616a,2026-07-30,5.0,95
fcc5e9c0-4f92-4248-a7ec-b523d080616a,2026-07-31,5.72,94
fcc5e9c0-4f92-4248-a7ec-b523d080616a,2026-08-01,5.0,95
fcc5e9c0-4f92-4248-a7ec-b523d080616a,2026-08-02,5.0,95
fcc5e9c0-4f92-4248-a7ec-b523d080616a,2026-08-03,5.0,95
fcc5e9c0-4f92-4248-a7ec-b523d080616a,2026-08-04,5.0,95
fcc5e9c0-4f92-4248-a7ec-b523d080616a,2026-08-05,1.4,98
fdbc2af7-772b-44ae-a384-f1eae4b3d961,2026-07-30,5.0,95
fdbc2af7-772b-44ae-a384-f1eae4b3d961,2026-07-31,5.2,94
fdbc2af7-772b-44ae-a384-f1eae4b3d961,2026-08-01,5.0,95
fdbc2af7-772b-44ae-a384-f1eae4b3d961,2026-08-02,5.0,95
fdbc2af7-772b-44ae-a384-f1eae4b3d961,2026-08-03,5.0,95
fdbc2af7-772b-44ae-a384-f1eae4b3d961,2026-08-04,5.0,95
fdbc2af7-772b-44ae-a384-f1eae4b3d961,2026-08-05,1.4,98
26711d80-c900-4d0a-9b95-5aabe0613642,2026-07-30,6.25,93
26711d80-c900-4d0a-9b95-5aabe0613642,2026-07-31,5.0,95
26711d80-c900-4d0a-9b95-5aabe0613642,2026-08-01,5.0,95
26711d80-c900-4d0a-9b95-5aabe0613642,2026-08-02,5.0,95
26711d80-c900-4d0a-9b95-5aabe0613642,2026-08-03,5.0,95
26711d80-c900-4d0a-9b95-5aabe0613642,2026-08-04,5.0,95
26711d80-c900-4d0a-9b95-5aabe0613642,2026-08-05,1.4,98
269e8f40-7fe6-41f6-851e-a11e01d40eeb,2026-07-30,5.0,95
269e8f40-7fe6-41f6-851e-a11e01d40eeb,2026-07-31,5.0,95
269e8f40-7fe6-41f6-851e-a11e01d40eeb,2026-08-01,5.0,95
269e8f40-7fe6-41f6-851e-a11e01d40eeb,2026-08-02,5.0,95
269e8f40-7fe6-41f6-851e-a11e01d40eeb,2026-08-03,5.0,95
269e8f40-7fe6-41f6-851e-a11e01d40eeb,2026-08-04,5.0,95
269e8f40-7fe6-41f6-851e-a11e01d40eeb,2026-08-05,1.4,98
26b76b71-3bff-41a0-8fdc-515580ea4b73,2026-07-30,5.0,95
26b76b71-3bff-41a0-8fdc-515580ea4b73,2026-07-31,5.0,95
26b76b71-3bff-41a0-8fdc-515580ea4b73,2026-08-01,5.0,95
26b76b71-3bff-41a0-8fdc-515580ea4b73,2026-08-02,5.0,95
26b76b71-3bff-41a0-8fdc-515580ea4b73,2026-08-03,5.0,95
26b76b71-3bff-41a0-8fdc-515580ea4b73,2026-08-04,5.0,95
26b76b71-3bff-41a0-8fdc-515580ea4b73,2026-08-05,2.4,97
27b1d53e-41a5-4842-a14a-a5c9747f66a2,2026-07-30,5.0,95
27b1d53e-41a5-4842-a14a-a5c9747f66a2,2026-07-31,5.0,95
27b1d53e-41a5-4842-a14a-a5c9747f66a2,2026-08-01,5.0,95
27b1d53e-41a5-4842-a14a-a5c9747f66a2,2026-08-02,5.0,95
27b1d53e-41a5-4842-a14a-a5c9747f66a2,2026-08-03,5.0,95
27b1d53e-41a5-4842-a14a-a5c9747f66a2,2026-08-04,5.0,95
27b1d53e-41a5-4842-a14a-a5c9747f66a2,2026-08-05,1.3,98
27d56518-0cf4-4ee6-9874-9b79d2a22a1c,2026-07-30,14.76,85
27d56518-0cf4-4ee6-9874-9b79d2a22a1c,2026-07-31,18.11,81
27d56518-0cf4-4ee6-9874-9b79d2a22a1c,2026-08-01,14.88,85
27d56518-0cf4-4ee6-9874-9b79d2a22a1c,2026-08-02,13.79,86
27d56518-0cf4-4ee6-9874-9b79d2a22a1c,2026-08-03,10.89,89
27d56518-0cf4-4ee6-9874-9b79d2a22a1c,2026-08-04,14.83,85
27d56518-0cf4-4ee6-9874-9b79d2a22a1c,2026-08-05,15.0,85
2828dc03-cd7f-4790-b2bd-15069bf3f021,2026-07-30,5.0,95
2828dc03-cd7f-4790-b2bd-15069bf3f021,2026-07-31,5.0,95
2828dc03-cd7f-4790-b2bd-15069bf3f021,2026-08-01,5.0,95
2828dc03-cd7f-4790-b2bd-15069bf3f021,2026-08-02,5.0,95
2828dc03-cd7f-4790-b2bd-15069bf3f021,2026-08-03,5.0,95
2828dc03-cd7f-4790-b2bd-15069bf3f021,2026-08-04,5.01,94
2828dc03-cd7f-4790-b2bd-15069bf3f021,2026-08-05,1.4,98
2853e252-a059-4701-97b0-40f2bd796fca,2026-07-30,5.0,95
2853e252-a059-4701-97b0-40f2bd796fca,2026-07-31,5.0,95
2853e252-a059-4701-97b0-40f2bd796fca,2026-08-01,5.0,95
2853e252-a059-4701-97b0-40f2bd796fca,2026-08-02,5.0,95
2853e252-a059-4701-97b0-40f2bd796fca,2026-08-03,5.0,95
2853e252-a059-4701-97b0-40f2bd796fca,2026-08-04,5.0,95
2853e252-a059-4701-97b0-40f2bd796fca,2026-08-05,1.4,98
287068a9-53c9-443e-985c-539e54db83b3,2026-07-30,5.0,95
287068a9-53c9-443e-985c-539e54db83b3,2026-07-31,5.0,95
287068a9-53c9-443e-985c-539e54db83b3,2026-08-01,5.0,95
287068a9-53c9-443e-985c-539e54db83b3,2026-08-02,5.0,95
287068a9-53c9-443e-985c-539e54db83b3,2026-08-03,5.0,95
287068a9-53c9-443e-985c-539e54db83b3,2026-08-04,5.0,95
287068a9-53c9-443e-985c-539e54db83b3,2026-08-05,1.4,98
29025d65-644f-4af4-88b0-cff261e0ac96,2026-07-30,5.0,95
29025d65-644f-4af4-88b0-cff261e0ac96,2026-07-31,5.0,95
29025d65-644f-4af4-88b0-cff261e0ac96,2026-08-01,5.0,95
29025d65-644f-4af4-88b0-cff261e0ac96,2026-08-02,5.0,95
29025d65-644f-4af4-88b0-cff261e0ac96,2026-08-03,5.0,95
29025d65-644f-4af4-88b0-cff261e0ac96,2026-08-04,5.0,95
29025d65-644f-4af4-88b0-cff261e0ac96,2026-08-05,1.4,98
cab001f3-d486-408b-ba83-e2a9496e0030,2026-07-30,5.0,95
cab001f3-d486-408b-ba83-e2a9496e0030,2026-07-31,5.0,95
cab001f3-d486-408b-ba83-e2a9496e0030,2026-08-01,5.0,95
cab001f3-d486-408b-ba83-e2a9496e0030,2026-08-02,5.0,95
cab001f3-d486-408b-ba83-e2a9496e0030,2026-08-03,5.0,95
cab001f3-d486-408b-ba83-e2a9496e0030,2026-08-04,5.0,95
cab001f3-d486-408b-ba83-e2a9496e0030,2026-08-05,1.4,98
caf11d47-522d-4064-9964-ce96f64c56c3,2026-07-30,5.0,95
caf11d47-522d-4064-9964-ce96f64c56c3,2026-07-31,5.0,95
caf11d47-522d-4064-9964-ce96f64c56c3,2026-08-01,5.28,94
caf11d47-522d-4064-9964-ce96f64c56c3,2026-08-02,5.0,95
caf11d47-522d-4064-9964-ce96f64c56c3,2026-08-03,5.0,95
caf11d47-522d-4064-9964-ce96f64c56c3,2026-08-04,5.0,95
caf11d47-522d-4064-9964-ce96f64c56c3,2026-08-05,1.4,98
caf43487-4291-44d1-8dd9-47b5bf71c775,2026-07-30,14.82,85
caf43487-4291-44d1-8dd9-47b5bf71c775,2026-07-31,13.28,86
caf43487-4291-44d1-8dd9-47b5bf71c775,2026-08-01,15.16,84
caf43487-4291-44d1-8dd9-47b5bf71c775,2026-08-02,12.56,87
caf43487-4291-44d1-8dd9-47b5bf71c775,2026-08-03,21.48,78
caf43487-4291-44d1-8dd9-47b5bf71c775,2026-08-04,15.58,84
caf43487-4291-44d1-8dd9-47b5bf71c775,2026-08-05,17.9,82
caf9add2-65db-49ed-9637-32a717df2268,2026-07-30,5.0,95
caf9add2-65db-49ed-9637-32a717df2268,2026-07-31,5.0,95
caf9add2-65db-49ed-9637-32a717df2268,2026-08-01,5.0,95
caf9add2-65db-49ed-9637-32a717df2268,2026-08-02,5.0,95
caf9add2-65db-49ed-9637-32a717df2268,2026-08-03,5.0,95
caf9add2-65db-49ed-9637-32a717df2268,2026-08-04,5.0,95
caf9add2-65db-49ed-9637-32a717df2268,2026-08-05,1.4,98
cb9f0e66-1d2a-4c69-ae05-45f34359ba74,2026-07-30,5.0,95
cb9f0e66-1d2a-4c69-ae05-45f34359ba74,2026-07-31,5.0,95
cb9f0e66-1d2a-4c69-ae05-45f34359ba74,2026-08-01,5.0,95
cb9f0e66-1d2a-4c69-ae05-45f34359ba74,2026-08-02,5.0,95
cb9f0e66-1d2a-4c69-ae05-45f34359ba74,2026-08-03,5.0,95
cb9f0e66-1d2a-4c69-ae05-45f34359ba74,2026-08-04,5.0,95
cb9f0e66-1d2a-4c69-ae05-45f34359ba74,2026-08-05,1.3,98
fec4144a-a664-4ead-8a0e-f8182e53291a,2026-07-30,5.0,95
fec4144a-a664-4ead-8a0e-f8182e53291a,2026-07-31,5.0,95
fec4144a-a664-4ead-8a0e-f8182e53291a,2026-08-01,5.0,95
fec4144a-a664-4ead-8a0e-f8182e53291a,2026-08-02,5.0,95
fec4144a-a664-4ead-8a0e-f8182e53291a,2026-08-03,5.0,95
fec4144a-a664-4ead-8a0e-f8182e53291a,2026-08-04,5.0,95
fec4144a-a664-4ead-8a0e-f8182e53291a,2026-08-05,1.4,98
ff10b048-ca23-4729-a74b-cc7d74257545,2026-07-30,6.2,93
ff10b048-ca23-4729-a74b-cc7d74257545,2026-07-31,5.0,95
ff10b048-ca23-4729-a74b-cc7d74257545,2026-08-01,5.0,95
ff10b048-ca23-4729-a74b-cc7d74257545,2026-08-02,5.0,95
ff10b048-ca23-4729-a74b-cc7d74257545,2026-08-03,5.0,95
ff10b048-ca23-4729-a74b-cc7d74257545,2026-08-04,5.0,95
ff10b048-ca23-4729-a74b-cc7d74257545,2026-08-05,1.4,98
ff34ea8c-6562-48a3-bea6-42398b6f6341,2026-07-30,5.0,95
ff34ea8c-6562-48a3-bea6-42398b6f6341,2026-07-31,5.0,95
ff34ea8c-6562-48a3-bea6-42398b6f6341,2026-08-01,5.0,95
ff34ea8c-6562-48a3-bea6-42398b6f6341,2026-08-02,5.0,95
ff34ea8c-6562-48a3-bea6-42398b6f6341,2026-08-03,5.0,95
ff34ea8c-6562-48a3-bea6-42398b6f6341,2026-08-04,5.0,95
ff34ea8c-6562-48a3-bea6-42398b6f6341,2026-08-05,1.6,98
ff3f6a61-048a-41d3-933d-d0eb01b0d16d,2026-07-30,5.0,95
ff3f6a61-048a-41d3-933d-d0eb01b0d16d,2026-07-31,5.0,95
ff3f6a61-048a-41d3-933d-d0eb01b0d16d,2026-08-01,5.0,95
ff3f6a61-048a-41d3-933d-d0eb01b0d16d,2026-08-02,5.0,95
ff3f6a61-048a-41d3-933d-d0eb01b0d16d,2026-08-03,5.0,95
ff3f6a61-048a-41d3-933d-d0eb01b0d16d,2026-08-04,5.0,95
ff3f6a61-048a-41d3-933d-d0eb01b0d16d,2026-08-05,1.4,98
ff5f2d79-f7b7-4ec8-af8a-884f68f46759,2026-07-30,5.0,95
ff5f2d79-f7b7-4ec8-af8a-884f68f46759,2026-07-31,6.34,93
ff5f2d79-f7b7-4ec8-af8a-884f68f46759,2026-08-01,5.0,95
ff5f2d79-f7b7-4ec8-af8a-884f68f46759,2026-08-02,5.0,95
ff5f2d79-f7b7-4ec8-af8a-884f68f46759,2026-08-03,5.0,95
ff5f2d79-f7b7-4ec8-af8a-884f68f46759,2026-08-04,5.0,95
ff5f2d79-f7b7-4ec8-af8a-884f68f46759,2026-08-05,1.3,98
ff6ad87e-f1be-4293-854e-302c36c9c0d2,2026-07-30,5.0,95
ff6ad87e-f1be-4293-854e-302c36c9c0d2,2026-07-31,5.0,95
ff6ad87e-f1be-4293-854e-302c36c9c0d2,2026-08-01,5.0,95
ff6ad87e-f1be-4293-854e-302c36c9c0d2,2026-08-02,5.0,95
ff6ad87e-f1be-4293-854e-302c36c9c0d2,2026-08-03,5.0,95
ff6ad87e-f1be-4293-854e-302c36c9c0d2,2026-08-04,5.0,95
ff6ad87e-f1be-4293-854e-302c36c9c0d2,2026-08-05,2.3,97
ffc4fcd3-c8b4-404d-aeaf-bccafdf228c2,2026-07-30,5.0,95
ffc4fcd3-c8b4-404d-aeaf-bccafdf228c2,2026-07-31,5.0,95
ffc4fcd3-c8b4-404d-aeaf-bccafdf228c2,2026-08-01,5.0,95
ffc4fcd3-c8b4-404d-aeaf-bccafdf228c2,2026-08-02,5.0,95
ffc4fcd3-c8b4-404d-aeaf-bccafdf228c2,2026-08-03,5.0,95
ffc4fcd3-c8b4-404d-aeaf-bccafdf228c2,2026-08-04,5.0,95
ffc4fcd3-c8b4-404d-aeaf-bccafdf228c2,2026-08-05,1.4,98
ffc7d5da-da70-40a4-8321-63f0865c0031,2026-07-30,5.0,95
ffc7d5da-da70-40a4-8321-63f0865c0031,2026-07-31,5.0,95
ffc7d5da-da70-40a4-8321-63f0865c0031,2026-08-01,5.0,95
ffc7d5da-da70-40a4-8321-63f0865c0031,2026-08-02,5.0,95
ffc7d5da-da70-40a4-8321-63f0865c0031,2026-08-03,5.0,95
ffc7d5da-da70-40a4-8321-63f0865c0031,2026-08-04,5.0,95
ffc7d5da-da70-40a4-8321-63f0865c0031,2026-08-05,1.3,98
ffded911-275b-4123-8e67-c970ff89afbc,2026-07-30,93.98,6
ffded911-275b-4123-8e67-c970ff89afbc,2026-07-31,98.0,2
ffded911-275b-4123-8e67-c970ff89afbc,2026-08-01,94.59,5
ffded911-275b-4123-8e67-c970ff89afbc,2026-08-02,93.27,6
ffded911-275b-4123-8e67-c970ff89afbc,2026-08-03,97.93,2
ffded911-275b-4123-8e67-c970ff89afbc,2026-08-04,95.9,4
ffded911-275b-4123-8e67-c970ff89afbc,2026-08-05,96.6,3
ffdff60c-5746-46d3-8f8a-d452a369b352,2026-07-30,89.65,10
ffdff60c-5746-46d3-8f8a-d452a369b352,2026-07-31,95.39,4
ffdff60c-5746-46d3-8f8a-d452a369b352,2026-08-01,95.75,4
ffdff60c-5746-46d3-8f8a-d452a369b352,2026-08-02,97.51,2
ffdff60c-5746-46d3-8f8a-d452a369b352,2026-08-03,95.11,4
ffdff60c-5746-46d3-8f8a-d452a369b352,2026-08-04,95.91,4
ffdff60c-5746-46d3-8f8a-d452a369b352,2026-08-05,94.1,5
