temperature_c,load_percentage,voltage_lv,current_a,risk_label
73.81,107.04,371.9,392.4,1
64.18,49.14,414.4,116.9,0
67.44,16.24,396.6,61.3,0
27.53,74.51,426.4,230.0,0
109.95,125.53,369.6,612.0,2
54.55,33.28,415.8,99.2,0
76.68,92.18,389.6,355.5,1
34.27,74.61,420.0,288.9,0
30.23,22.25,426.9,47.1,0
88.0,125.45,362.1,533.4,2
92.41,136.76,367.0,487.6,2
64.49,30.74,426.3,81.0,0
46.4,19.81,428.5,43.3,0
63.85,31.95,410.7,70.8,0
105.08,137.9,355.8,543.5,2
38.65,58.53,398.1,120.1,0
82.73,108.06,370.8,280.9,1
73.89,91.55,379.4,239.8,1
102.7,117.36,366.8,456.1,2
92.64,125.08,359.7,498.4,2
105.69,135.57,350.9,569.4,2
26.56,48.32,418.2,184.1,0
73.52,95.79,378.7,365.0,1
82.44,103.2,390.7,454.7,1
78.14,108.21,394.7,391.8,1
43.53,29.84,429.9,93.5,0
56.02,42.91,398.5,113.4,0
85.8,134.47,361.5,578.7,2
44.83,17.98,424.4,47.8,0
51.97,76.22,415.9,288.9,0
67.6,61.59,396.9,244.4,0
70.62,83.29,381.9,367.8,1
77.12,90.83,371.9,283.6,1
103.96,118.61,364.1,367.7,2
42.64,33.54,404.8,116.6,0
33.17,54.92,420.4,207.6,0
30.64,45.6,414.1,179.1,0
33.39,27.42,414.6,88.3,0
91.01,125.95,359.7,549.9,2
103.02,126.77,356.9,601.2,2
74.97,98.87,379.9,390.3,1
50.61,76.15,422.6,280.5,0
40.48,65.19,419.0,256.2,0
31.05,54.68,422.5,203.1,0
70.46,107.32,383.4,401.1,1
34.01,69.69,422.5,161.6,0
94.68,114.58,365.9,430.1,2
78.83,105.81,381.7,393.9,1
78.28,106.96,370.1,409.2,1
78.81,101.89,386.8,373.2,1
30.24,31.39,416.7,73.6,0
36.95,26.16,397.0,102.7,0
72.49,87.56,386.3,357.2,1
57.61,70.58,411.5,164.0,0
94.31,126.93,362.7,546.9,2
25.34,31.39,398.0,118.0,0
105.82,122.72,355.9,394.9,2
104.8,110.54,358.8,411.2,2
34.52,76.31,400.5,280.5,0
66.94,79.73,413.0,277.7,0
34.95,69.56,397.4,275.6,0
57.18,59.01,412.9,135.4,0
33.71,23.52,427.9,79.5,0
59.48,37.49,410.8,125.4,0
69.4,23.47,427.7,47.9,0
46.09,75.28,428.1,291.4,0
99.72,126.77,361.7,447.4,2
28.6,57.67,412.1,131.7,0
66.65,70.55,424.0,185.4,0
77.11,94.56,377.2,332.5,1
58.04,76.93,429.0,240.4,0
35.91,15.24,423.8,42.3,0
68.5,65.61,409.3,219.6,0
38.41,46.43,417.7,106.0,0
53.56,42.03,426.1,91.8,0
42.35,62.16,419.3,140.9,0
82.64,102.3,386.6,375.7,1
39.12,66.3,421.1,165.0,0
33.29,61.72,409.2,239.7,0
72.53,81.7,381.0,306.2,1
60.58,32.44,395.7,106.1,0
114.61,113.59,350.1,548.4,2
59.4,41.13,396.9,95.7,0
25.6,27.61,403.8,73.8,0
45.1,70.94,425.8,283.5,0
97.98,129.2,355.3,440.0,2
62.97,30.62,405.1,73.5,0
30.22,48.7,403.4,161.9,0
43.28,50.93,413.6,186.2,0
112.26,127.65,354.6,471.3,2
83.36,98.82,382.7,283.6,1
46.61,22.41,416.1,73.3,0
102.31,124.05,366.4,401.6,2
44.05,35.92,427.6,141.6,0
100.66,136.44,364.3,463.9,2
93.31,118.42,357.3,504.5,2
47.63,50.94,396.2,158.8,0
37.62,69.21,422.3,144.2,0
67.57,66.21,399.0,180.8,0
78.83,83.67,379.6,221.2,1
102.94,113.49,362.6,466.4,2
35.13,40.57,429.0,158.8,0
55.26,20.58,428.9,46.2,0
48.36,50.88,418.2,151.8,0
112.43,118.91,365.3,463.2,2
53.84,26.45,395.1,96.4,0
46.79,52.45,400.2,135.9,0
31.92,67.8,412.7,257.5,0
42.46,48.63,407.1,151.9,0
54.09,57.13,409.5,183.1,0
46.34,19.77,429.7,55.1,0
74.58,105.93,393.1,268.8,1
36.06,21.95,421.1,47.3,0
49.53,55.02,404.0,143.4,0
65.07,34.0,409.6,130.2,0
45.15,76.59,413.5,189.3,0
53.12,67.27,424.7,146.3,0
49.5,68.16,418.7,223.2,0
35.66,73.33,402.7,227.0,0
40.39,63.78,416.4,147.8,0
62.64,69.71,400.2,265.4,0
38.99,57.13,401.5,151.9,0
41.13,51.19,406.4,108.6,0
51.02,66.51,424.5,141.4,0
54.54,17.72,414.8,61.5,0
30.35,31.71,422.0,110.8,0
90.78,115.63,362.1,512.2,2
56.16,77.25,427.1,283.0,0
68.22,21.06,424.7,44.2,0
69.06,68.33,424.2,264.7,0
67.15,29.85,424.0,76.2,0
86.99,113.07,352.9,496.4,2
51.96,49.52,413.6,169.4,0
38.97,64.3,415.1,149.3,0
55.31,34.33,403.8,113.0,0
63.14,71.54,418.9,237.6,0
74.69,91.53,392.3,303.9,1
49.92,15.83,429.1,39.8,0
41.28,76.29,422.7,203.3,0
41.17,44.08,426.5,118.0,0
60.1,60.96,403.2,136.3,0
68.81,59.02,423.6,131.7,0
60.27,75.97,397.7,272.6,0
60.32,71.13,415.6,185.2,0
60.77,51.26,397.0,178.6,0
61.44,64.53,411.5,168.7,0
31.28,59.38,426.3,235.8,0
47.21,61.04,396.3,134.3,0
74.55,83.13,393.4,276.9,1
50.21,44.63,406.9,144.8,0
103.7,130.85,356.9,587.1,2
40.09,64.26,419.8,201.3,0
49.35,66.95,397.2,206.7,0
51.3,38.47,399.2,94.7,0
61.27,28.92,423.7,90.5,0
107.14,131.41,353.1,543.5,2
64.36,23.28,425.5,83.9,0
64.19,28.07,397.7,75.6,0
54.99,62.39,400.9,216.5,0
36.93,34.03,399.0,115.9,0
82.78,98.61,391.8,315.7,1
57.13,26.61,416.1,98.0,0
55.85,41.83,417.4,92.7,0
88.01,120.1,361.1,445.5,2
73.61,106.21,387.1,357.2,1
29.11,62.98,417.8,127.2,0
81.25,90.61,393.6,374.9,1
39.03,17.44,407.3,35.5,0
56.81,65.75,416.3,160.4,0
48.18,48.84,424.6,163.9,0
32.92,30.98,428.4,85.6,0
94.72,122.96,366.9,477.5,2
63.8,53.37,422.3,130.6,0
46.11,59.13,415.9,160.2,0
68.3,39.27,429.5,99.0,0
30.4,18.11,417.4,44.7,0
50.81,51.19,416.4,177.4,0
72.34,109.75,391.0,317.7,1
79.33,104.57,382.9,364.6,1
30.81,39.58,395.6,123.0,0
73.54,84.62,392.7,328.3,1
32.26,51.67,423.8,201.7,0
98.13,126.93,351.9,403.8,2
90.3,136.29,351.8,419.7,2
67.47,23.5,424.0,61.4,0
66.81,44.63,400.5,129.6,0
111.33,111.28,353.8,493.4,2
78.6,80.26,382.4,295.5,1
63.3,26.68,395.5,67.5,0
93.47,136.66,366.2,411.9,2
53.28,35.06,403.1,73.9,0
78.97,85.06,374.1,298.9,1
37.36,37.02,426.3,98.5,0
92.93,127.59,354.0,467.5,2
86.21,135.97,366.1,542.9,2
43.12,62.05,425.7,228.8,0
61.1,21.82,416.2,53.8,0
82.35,90.95,392.5,391.6,1
75.61,92.37,391.2,282.1,1
28.06,79.36,420.1,313.6,0
84.18,85.64,380.7,311.8,1
25.93,31.28,424.1,102.7,0
40.66,54.32,397.4,160.9,0
89.2,134.71,367.0,449.6,2
65.41,35.85,403.7,130.2,0
84.89,88.42,372.4,394.0,1
32.36,48.47,426.1,141.3,0
36.25,39.44,405.7,85.3,0
89.64,125.1,354.4,557.1,2
64.23,41.15,404.0,122.4,0
33.94,20.44,402.7,65.6,0
55.01,73.06,403.2,284.5,0
83.45,97.96,384.0,438.5,1
66.1,16.52,407.5,52.6,0
94.64,134.34,362.2,509.6,2
36.1,60.38,407.2,130.3,0
30.43,22.1,427.2,87.8,0
44.39,53.33,407.8,201.6,0
61.26,30.7,405.0,95.4,0
35.69,35.44,425.1,141.5,0
93.45,132.67,361.4,439.5,2
111.74,135.6,356.9,640.9,2
50.5,63.68,395.5,186.0,0
69.95,53.18,395.9,136.5,0
40.03,37.56,414.6,129.0,0
67.9,30.08,402.7,102.8,0
41.92,58.44,405.9,208.8,0
58.09,28.26,424.2,103.1,0
71.51,104.49,379.4,380.8,1
36.82,15.23,408.5,60.0,0
60.89,26.92,424.1,85.5,0
35.68,47.52,413.7,167.9,0
70.05,96.98,383.1,326.0,1
25.22,22.6,416.4,72.7,0
66.78,36.24,423.8,122.0,0
26.46,53.41,404.1,194.5,0
45.88,15.57,417.1,55.3,0
110.88,134.56,369.2,613.0,2
96.42,111.0,359.4,476.6,2
51.98,35.32,421.9,125.8,0
62.16,31.3,396.9,99.8,0
73.15,109.83,387.3,326.5,1
89.34,127.41,353.2,451.0,2
32.18,60.25,421.1,238.6,0
53.43,46.54,416.5,94.8,0
25.41,46.82,414.1,124.3,0
71.31,81.95,387.9,279.9,1
51.79,15.89,409.0,48.6,0
31.03,27.26,412.4,61.2,0
84.05,80.95,370.9,210.5,1
36.29,28.76,408.7,108.7,0
42.25,72.83,422.5,243.4,0
77.51,86.0,386.5,232.6,1
48.46,39.42,420.1,154.4,0
39.41,26.18,418.7,86.5,0
37.72,59.17,401.0,147.8,0
41.59,73.05,425.7,248.2,0
46.83,69.93,416.1,150.2,0
61.38,22.91,401.4,70.6,0
91.23,128.58,367.2,464.2,2
96.25,115.54,369.5,421.6,2
68.79,52.87,420.3,128.1,0
30.88,39.43,428.6,143.5,0
59.36,35.43,429.4,139.7,0
82.82,102.62,391.9,371.1,1
28.11,18.57,413.9,43.2,0
27.64,15.54,411.6,39.7,0
56.54,68.3,408.3,237.8,0
56.8,36.39,420.2,134.0,0
106.55,119.46,356.8,403.8,2
46.46,79.11,420.3,207.3,0
57.72,19.21,429.9,47.8,0
58.97,20.91,398.5,60.1,0
25.0,54.62,426.4,167.0,0
63.54,17.74,411.0,59.7,0
42.63,30.86,400.9,121.8,0
35.96,44.73,411.2,109.5,0
31.31,41.71,413.0,120.3,0
46.86,49.93,413.7,174.7,0
48.52,21.95,417.4,66.3,0
62.02,46.54,404.4,144.5,0
54.04,17.88,404.9,42.5,0
61.98,21.52,423.2,68.5,0
30.8,28.06,395.8,61.4,0
35.89,64.46,403.4,178.8,0
82.43,107.71,387.7,427.0,1
80.76,98.01,380.4,428.6,1
52.48,59.08,405.6,232.9,0
66.39,30.27,405.0,60.5,0
61.14,25.96,429.4,68.7,0
47.82,68.37,400.4,158.3,0
68.7,53.18,411.5,197.6,0
37.11,57.65,404.8,121.5,0
82.38,98.57,374.7,376.6,1
76.4,92.33,392.0,347.3,1
74.59,87.4,372.3,355.2,1
62.62,24.12,405.5,55.4,0
87.6,113.03,369.5,480.4,2
78.01,108.79,386.1,304.5,1
68.91,74.39,417.9,267.8,0
28.75,38.48,396.2,106.6,0
57.98,75.1,411.1,259.7,0
35.11,29.55,429.2,81.2,0
54.23,75.95,403.7,289.5,0
96.97,121.09,359.6,440.5,2
35.89,38.12,396.5,144.6,0
82.13,86.86,370.9,333.2,1
59.74,28.29,397.4,91.0,0
86.5,115.9,354.9,364.1,2
51.72,35.44,416.3,92.9,0
74.63,109.33,382.7,416.4,1
32.01,70.25,423.2,195.1,0
81.35,80.0,389.2,357.6,1
64.22,35.58,408.3,118.0,0
71.32,97.27,372.0,274.0,1
33.68,48.54,427.6,194.1,0
25.94,27.14,398.7,105.5,0
61.77,74.14,424.8,245.4,0
69.74,77.29,414.1,289.8,0
37.67,58.04,425.8,189.4,0
88.08,122.29,367.0,568.8,2
71.18,98.76,374.2,434.3,1
69.38,53.51,429.9,128.9,0
28.5,72.51,428.6,234.1,0
91.2,139.07,369.3,636.3,2
61.81,38.61,400.6,149.5,0
57.37,39.45,429.6,130.3,0
57.6,63.12,399.0,190.3,0
36.69,21.75,397.1,54.2,0
39.6,68.21,420.4,145.8,0
99.66,136.1,353.4,593.6,2
51.36,76.48,406.5,215.1,0
79.21,101.59,393.9,360.6,1
47.9,32.54,427.9,116.1,0
67.89,70.57,415.5,144.9,0
45.89,35.12,404.9,99.2,0
61.46,77.65,409.8,184.4,0
48.0,70.79,401.7,187.4,0
80.9,103.14,380.4,462.3,1
53.13,61.53,412.3,231.8,0
64.23,28.39,396.8,67.9,0
36.2,50.33,418.6,131.4,0
60.65,16.18,407.8,49.3,0
50.24,45.22,424.8,113.7,0
31.86,44.71,398.4,101.4,0
56.21,20.48,413.3,58.6,0
111.46,117.42,358.3,411.1,2
44.34,72.16,424.5,217.0,0
87.95,117.99,353.5,559.5,2
33.7,31.49,421.1,67.2,0
72.99,96.76,392.4,258.9,1
98.79,131.95,359.6,466.9,2
43.32,45.57,412.2,180.7,0
106.18,139.62,355.1,432.4,2
92.98,131.75,350.3,425.4,2
44.52,23.38,398.3,67.1,0
102.39,132.82,352.1,622.5,2
61.04,76.99,415.2,236.2,0
45.73,40.53,414.3,120.4,0
28.02,51.14,409.0,169.0,0
39.08,68.37,423.1,172.7,0
70.49,96.83,376.7,346.5,1
69.28,75.83,403.9,160.0,0
83.98,104.55,387.6,301.7,1
93.55,126.38,353.5,452.7,2
99.45,122.55,369.9,442.8,2
40.39,21.69,402.0,60.9,0
40.64,29.4,411.3,106.8,0
29.25,21.47,421.6,45.9,0
66.92,40.91,425.8,89.4,0
30.08,51.93,400.1,168.6,0
73.73,91.31,371.9,405.2,1
114.86,114.51,352.7,453.3,2
93.22,138.6,363.6,670.0,2
93.77,123.95,365.6,474.5,2
60.94,40.44,404.0,100.8,0
70.48,85.08,379.4,366.9,1
92.96,119.89,353.1,476.8,2
47.85,75.27,406.6,231.3,0
46.23,40.29,429.7,87.8,0
84.68,107.18,372.8,433.8,1
30.76,47.7,426.6,99.5,0
77.37,108.06,381.7,424.4,1
67.51,60.58,400.3,226.2,0
82.09,92.57,370.6,297.6,1
113.41,124.17,355.9,474.8,2
64.24,76.57,396.6,260.4,0
67.78,27.14,398.1,80.4,0
64.88,48.42,404.2,191.3,0
51.35,61.18,401.4,123.2,0
57.81,26.87,417.1,54.8,0
40.24,26.04,420.5,97.1,0
70.56,108.14,371.5,393.8,1
88.79,139.45,361.7,525.2,2
41.6,57.29,413.1,136.1,0
25.03,23.28,402.2,85.2,0
50.48,68.67,427.2,175.2,0
53.95,69.48,419.9,263.3,0
46.95,36.29,404.3,143.9,0
56.61,40.11,397.1,137.4,0
38.64,77.32,411.2,203.0,0
55.65,72.69,417.9,247.2,0
28.88,69.4,398.6,147.2,0
97.11,138.64,352.2,455.8,2
84.31,86.8,377.5,304.7,1
28.23,34.11,422.9,103.1,0
64.18,63.15,401.2,218.0,0
69.52,66.39,419.9,209.3,0
37.01,34.24,424.8,86.2,0
81.6,100.01,372.3,416.3,1
63.05,27.47,421.5,109.5,0
44.37,25.99,398.1,53.1,0
98.01,128.64,361.6,508.4,2
25.19,42.09,428.9,119.0,0
58.7,44.7,398.0,154.9,0
40.38,24.94,401.2,73.8,0
44.77,30.73,406.3,99.9,0
82.02,95.7,384.9,338.9,1
87.62,127.72,356.2,498.6,2
49.54,28.08,395.9,63.0,0
68.55,72.99,425.9,167.5,0
80.71,90.79,386.5,260.4,1
113.49,119.57,350.5,571.7,2
88.71,122.7,357.0,461.2,2
85.4,121.58,363.7,429.2,2
48.35,58.51,426.1,223.9,0
53.64,39.72,428.8,82.6,0
78.34,87.29,380.6,273.8,1
103.86,118.13,361.7,498.6,2
33.42,69.46,408.0,180.2,0
33.16,32.49,397.7,120.9,0
25.72,22.38,416.9,54.7,0
84.15,91.01,387.6,269.4,1
67.97,19.42,429.5,66.0,0
90.5,126.96,356.9,503.8,2
50.97,16.16,406.6,40.1,0
96.01,122.97,353.0,535.9,2
93.17,139.98,354.6,449.4,2
46.77,26.87,415.2,97.0,0
35.14,62.82,415.5,136.9,0
109.7,122.89,368.6,607.3,2
49.4,22.31,426.8,73.7,0
69.83,37.91,423.9,143.8,0
112.02,134.19,354.7,651.6,2
38.66,31.43,422.4,119.4,0
73.39,108.71,384.6,431.6,1
25.87,33.57,427.2,132.0,0
34.72,47.71,396.6,130.4,0
52.88,69.63,395.8,173.2,0
90.86,137.87,354.8,489.4,2
44.07,59.84,409.4,146.1,0
79.65,83.44,379.4,288.9,1
108.16,116.65,359.3,404.7,2
56.14,42.54,402.9,156.2,0
48.28,71.16,414.1,264.8,0
29.65,45.5,420.3,111.0,0
66.96,46.74,405.6,98.7,0
95.13,111.96,359.5,402.5,2
58.35,63.64,403.8,225.1,0
108.66,138.24,353.9,421.5,2
71.41,83.49,377.8,311.5,1
111.63,125.13,358.9,572.9,2
46.62,48.84,408.1,188.7,0
55.44,61.96,401.4,233.5,0
60.9,17.16,425.0,62.4,0
81.78,106.24,389.2,326.6,1
105.65,126.34,359.6,410.9,2
40.78,40.85,421.0,98.9,0
41.42,60.67,420.7,179.3,0
28.08,18.49,424.5,47.4,0
32.4,46.36,409.0,125.4,0
101.83,139.77,350.6,584.9,2
40.07,76.0,400.2,170.9,0
75.03,98.48,394.6,326.5,1
60.17,37.53,417.0,110.7,0
82.05,89.65,381.0,304.8,1
88.15,139.44,350.2,513.4,2
64.92,75.61,420.3,260.5,0
89.73,113.66,358.7,474.0,2
54.29,35.05,410.4,104.2,0
62.02,16.6,428.2,61.8,0
68.43,35.1,414.8,73.8,0
27.31,46.22,414.1,109.9,0
53.02,64.53,413.8,163.3,0
73.12,84.3,395.0,248.2,1
75.88,88.08,373.2,235.7,1
63.12,26.03,405.4,67.8,0
43.48,57.07,419.2,144.4,0
40.37,77.4,426.4,219.6,0
41.12,15.87,401.9,40.8,0
68.79,70.86,413.1,205.6,0
34.69,72.73,395.6,236.1,0
48.18,54.56,406.9,145.2,0
49.26,61.65,397.4,198.1,0
84.9,101.54,392.1,254.2,1
101.47,115.79,368.9,458.7,2
102.17,126.31,357.0,488.3,2
98.35,123.4,352.2,539.0,2
29.35,20.29,425.6,50.3,0
74.46,103.09,381.2,270.8,1
35.44,24.84,403.9,81.2,0
81.25,107.23,390.2,355.0,1
29.51,37.07,408.8,100.6,0
68.51,54.42,402.0,145.7,0
51.43,44.23,407.3,109.8,0
62.24,29.41,428.5,82.6,0
29.56,73.18,424.7,208.0,0
65.85,42.7,420.8,165.1,0
44.31,64.67,424.8,250.2,0
26.8,57.86,418.0,142.3,0
57.36,55.26,427.8,129.8,0
107.17,117.06,362.2,537.4,2
99.05,130.58,362.2,428.1,2
40.22,52.97,412.3,126.1,0
74.51,82.96,377.6,250.0,1
35.45,53.51,423.8,141.4,0
42.96,76.13,407.7,242.9,0
51.13,74.61,400.1,258.2,0
43.64,32.8,422.0,109.9,0
56.06,18.24,412.0,50.5,0
106.85,139.97,353.5,584.3,2
70.32,103.93,377.2,353.1,1
83.49,99.77,378.9,273.3,1
73.37,102.43,382.1,342.8,1
90.2,131.34,360.6,634.0,2
60.27,31.91,420.7,76.1,0
66.39,70.69,399.6,186.9,0
60.8,26.34,407.8,95.9,0
67.18,60.19,397.7,186.2,0
50.32,19.2,426.7,53.6,0
50.41,51.71,429.8,185.9,0
63.3,40.76,396.0,98.6,0
80.14,91.8,387.4,271.2,1
44.13,76.13,412.9,261.7,0
82.41,107.7,374.5,360.5,1
57.13,72.5,426.9,204.5,0
40.08,42.34,410.7,126.1,0
49.31,23.31,413.1,52.2,0
87.77,117.05,354.5,454.2,2
37.83,37.25,408.7,101.3,0
36.35,43.68,419.6,130.1,0
53.62,22.3,397.8,60.9,0
29.71,56.89,402.6,194.7,0
91.25,132.53,361.2,571.4,2
49.94,56.67,402.0,205.9,0
106.37,117.19,355.2,354.2,2
72.32,86.41,373.8,330.9,1
33.66,55.98,422.9,176.5,0
90.88,117.34,358.1,574.5,2
68.5,49.32,412.5,142.4,0
85.81,135.82,365.2,645.6,2
34.22,70.17,397.4,243.5,0
67.39,23.66,402.9,84.6,0
41.41,30.1,403.4,100.1,0
75.38,109.45,387.9,293.0,1
53.2,55.55,425.5,130.3,0
109.55,135.13,354.3,431.8,2
44.72,24.05,399.4,69.1,0
51.02,28.51,410.7,73.9,0
100.1,114.59,367.3,410.4,2
42.66,57.71,401.4,190.5,0
56.35,30.18,409.2,102.7,0
61.26,77.05,418.7,237.8,0
57.5,28.45,408.2,86.8,0
51.88,21.4,418.9,52.8,0
41.3,75.5,411.9,212.6,0
104.7,113.94,351.7,376.9,2
40.07,27.24,412.8,100.9,0
52.88,21.16,397.5,50.0,0
43.54,26.8,423.5,61.2,0
52.6,76.79,423.3,222.2,0
51.18,58.56,418.9,206.0,0
28.27,28.7,420.2,88.6,0
97.41,132.52,360.4,616.9,2
33.72,34.85,409.6,138.1,0
26.69,71.41,404.5,243.9,0
37.64,77.49,424.2,163.2,0
59.29,30.44,400.5,120.2,0
75.74,101.32,378.0,366.7,1
47.72,34.07,404.8,109.9,0
109.77,124.67,357.5,452.4,2
83.7,108.11,390.6,388.2,1
28.84,54.84,425.4,200.9,0
30.25,53.83,423.6,213.2,0
56.05,54.29,406.3,163.4,0
55.46,25.38,398.4,74.7,0
52.3,58.83,403.5,188.8,0
29.25,29.05,420.4,93.0,0
79.15,105.17,383.1,306.8,1
69.79,70.57,398.2,220.8,0
27.97,77.04,398.2,223.4,0
57.67,23.52,400.4,88.0,0
94.11,138.3,358.1,665.7,2
75.09,103.91,387.7,379.0,1
55.79,49.95,413.3,176.1,0
81.34,99.85,378.5,447.7,1
77.12,96.86,382.7,431.8,1
38.93,43.24,413.9,108.7,0
82.01,108.59,380.3,278.4,1
78.57,109.96,372.8,449.9,1
70.16,92.06,394.7,368.6,1
50.26,35.56,426.3,85.5,0
62.01,36.25,407.7,122.6,0
66.2,44.66,401.7,175.1,0
76.13,95.76,387.4,243.7,1
55.32,60.13,419.2,161.2,0
74.37,81.55,390.7,260.7,1
65.99,62.87,420.2,209.9,0
95.61,121.98,364.4,524.6,2
68.02,69.87,416.0,213.4,0
40.96,64.51,421.1,229.7,0
50.96,51.15,422.8,189.0,0
30.83,49.44,415.9,179.2,0
69.87,25.25,398.1,76.9,0
46.03,20.8,402.7,54.9,0
53.9,23.03,406.5,76.6,0
66.02,47.37,406.0,121.5,0
55.12,39.37,397.5,152.4,0
57.22,57.5,395.8,193.4,0
111.75,129.67,350.5,638.3,2
47.17,15.08,411.2,35.7,0
42.21,55.03,416.3,215.8,0
59.78,17.09,424.2,39.7,0
55.44,74.25,427.8,177.2,0
40.55,16.44,424.5,44.3,0
46.4,71.46,428.8,267.2,0
37.56,78.01,428.7,226.6,0
33.83,40.33,416.8,118.8,0
33.46,43.31,404.4,102.8,0
65.93,49.08,425.9,154.5,0
25.44,36.41,410.7,108.0,0
57.52,40.71,398.9,154.7,0
73.93,84.37,371.0,229.6,1
39.14,18.36,415.9,64.8,0
39.2,34.62,411.1,106.9,0
48.91,42.97,417.7,155.9,0
32.36,73.16,426.1,219.3,0
35.44,42.19,413.7,163.9,0
112.45,111.97,351.9,378.0,2
61.13,38.04,406.7,76.3,0
103.51,111.27,356.7,366.9,2
113.55,119.81,354.0,406.1,2
103.37,113.35,358.4,416.2,2
25.83,48.13,422.1,143.4,0
58.21,57.19,419.5,182.2,0
52.11,75.39,415.1,290.5,0
69.55,17.02,412.7,59.6,0
53.41,29.19,422.9,115.5,0
83.59,100.49,391.4,435.4,1
61.65,55.93,410.3,218.8,0
32.39,49.28,428.9,181.2,0
33.55,43.61,403.0,130.6,0
35.37,36.33,428.3,143.2,0
59.27,44.91,426.4,168.9,0
27.63,45.05,410.3,119.3,0
113.06,121.31,368.0,410.8,2
54.85,49.59,399.3,118.2,0
34.94,20.1,419.1,73.4,0
48.3,70.07,421.0,257.9,0
77.79,84.12,378.0,316.2,1
72.47,91.77,374.2,346.4,1
31.63,75.14,397.2,185.8,0
114.75,127.56,364.0,469.4,2
69.32,61.97,422.2,218.2,0
68.0,18.36,404.0,42.1,0
57.78,21.92,408.0,70.9,0
56.7,55.26,415.1,153.2,0
103.36,132.45,369.8,563.5,2
63.97,22.34,403.1,61.3,0
34.24,67.64,415.0,157.0,0
26.16,77.59,424.8,167.0,0
25.21,39.77,395.0,142.8,0
44.75,77.85,402.9,241.7,0
44.24,71.73,420.8,270.2,0
26.46,64.07,418.5,217.2,0
37.31,21.81,407.4,52.0,0
92.58,119.11,369.9,446.5,2
77.03,88.07,385.7,359.5,1
61.85,29.38,415.0,96.2,0
32.03,66.92,423.3,240.3,0
37.14,20.72,408.0,46.9,0
45.87,70.97,420.0,246.7,0
28.99,36.72,417.8,139.1,0
36.13,37.81,403.4,78.6,0
29.04,59.97,399.0,124.6,0
89.0,114.09,356.3,398.4,2
45.11,52.34,406.2,140.0,0
61.16,21.41,403.1,66.7,0
109.51,124.59,365.5,483.5,2
39.82,28.82,400.3,94.7,0
77.85,99.14,375.6,348.8,1
37.82,75.68,412.9,242.7,0
51.25,38.0,407.6,143.3,0
40.25,69.75,429.8,215.9,0
29.68,73.97,418.1,180.5,0
65.06,67.49,406.5,149.8,0
62.55,64.3,399.4,211.6,0
45.31,64.45,413.7,169.4,0
50.12,23.05,399.1,91.2,0
86.36,113.76,368.2,378.2,2
99.51,114.97,368.6,448.9,2
33.81,70.37,422.6,183.4,0
76.7,98.46,378.6,337.5,1
50.89,49.52,424.6,135.6,0
44.41,33.93,402.3,104.7,0
48.91,20.97,419.3,69.3,0
87.49,122.45,363.3,517.2,2
34.61,16.0,410.4,61.9,0
75.48,86.37,393.3,218.1,1
75.52,93.95,380.1,406.5,1
65.98,51.71,427.0,115.9,0
35.46,55.35,413.3,217.7,0
34.99,17.91,396.2,41.1,0
59.2,65.8,400.6,134.4,0
54.86,43.57,407.6,159.3,0
102.08,138.95,352.6,586.8,2
25.65,76.24,399.0,188.0,0
31.89,53.3,417.8,186.2,0
44.22,46.33,420.5,171.1,0
28.24,47.94,425.8,96.7,0
63.95,17.17,415.5,53.7,0
67.36,75.78,409.3,250.1,0
36.62,60.86,402.7,132.7,0
59.29,72.13,426.2,197.7,0
57.33,17.17,426.1,46.2,0
32.54,75.55,400.4,158.2,0
72.5,81.54,371.8,315.5,1
34.71,46.69,395.2,132.1,0
43.99,68.97,404.1,140.0,0
54.34,32.37,404.7,110.4,0
41.27,33.32,401.1,74.7,0
80.25,105.48,393.0,428.1,1
25.62,48.1,411.2,121.2,0
32.24,62.06,406.7,221.0,0
66.72,70.0,416.3,248.1,0
33.86,28.73,416.5,83.4,0
65.13,19.65,423.5,69.1,0
57.58,34.94,416.6,93.0,0
89.74,112.14,361.9,516.3,2
26.12,69.02,429.2,219.9,0
25.51,68.96,426.6,274.2,0
53.18,71.63,421.4,260.4,0
37.12,18.66,419.5,70.2,0
33.77,19.83,427.3,68.3,0
33.48,68.81,425.2,243.5,0
59.4,27.18,427.3,105.3,0
49.21,69.95,429.6,177.8,0
39.51,51.02,414.0,194.0,0
28.67,15.08,405.2,57.5,0
45.68,78.13,428.6,231.2,0
41.19,60.97,429.0,158.4,0
110.26,118.76,363.4,391.6,2
50.98,47.2,406.8,161.8,0
107.45,123.0,360.8,482.1,2
27.01,74.86,406.5,247.2,0
86.71,127.83,350.4,486.2,2
102.49,125.32,368.7,463.1,2
59.08,55.45,417.6,124.1,0
92.02,111.92,362.6,558.3,2
102.36,125.32,356.0,546.1,2
25.07,28.52,395.2,94.7,0
30.85,66.04,407.2,171.6,0
93.65,119.69,362.6,368.7,2
37.86,47.59,396.1,167.4,0
57.27,35.23,417.8,108.1,0
38.04,61.82,424.0,236.5,0
37.47,65.02,419.5,163.4,0
70.36,80.94,389.5,315.8,1
47.83,32.22,417.0,68.0,0
63.35,41.58,399.4,112.7,0
81.07,97.42,389.6,374.9,1
40.18,79.14,405.9,297.7,0
34.22,73.94,417.1,165.7,0
82.14,101.26,392.0,439.4,1
25.98,17.53,429.8,42.1,0
96.39,120.37,363.5,585.8,2
52.73,69.04,422.2,269.5,0
36.22,19.35,405.4,43.9,0
75.66,106.63,386.1,426.9,1
67.01,77.17,411.5,281.1,0
47.62,40.46,427.0,82.5,0
36.25,23.58,407.6,81.4,0
78.98,106.03,390.6,424.7,1
111.32,133.82,363.5,616.6,2
69.46,37.0,420.8,76.7,0
31.8,27.52,427.9,95.9,0
26.11,41.48,413.3,89.8,0
55.4,30.01,415.7,102.5,0
63.0,58.64,405.2,224.9,0
43.11,44.32,399.4,145.5,0
30.34,72.85,410.0,257.3,0
27.33,63.8,395.4,252.9,0
52.61,45.49,414.1,178.2,0
55.79,79.22,420.8,302.3,0
48.61,20.1,395.7,67.8,0
32.61,67.73,420.8,151.8,0
49.12,18.25,426.1,66.2,0
104.29,133.03,355.9,467.6,2
26.78,27.02,426.1,65.7,0
52.2,42.88,417.1,142.9,0
86.09,115.22,351.0,476.9,2
75.98,83.58,370.7,241.9,1
65.84,32.01,422.4,68.2,0
61.3,53.79,423.5,146.6,0
57.77,32.92,425.1,85.3,0
44.37,78.65,400.0,167.2,0
63.51,47.01,414.0,156.2,0
29.07,47.8,425.4,96.7,0
25.49,24.16,429.9,48.3,0
61.2,60.86,426.4,133.0,0
64.59,57.15,401.6,125.2,0
75.15,103.36,375.4,397.7,1
85.96,112.65,357.5,511.1,2
105.42,136.16,360.6,513.9,2
58.36,73.46,415.4,157.9,0
29.37,43.89,397.9,173.7,0
46.74,41.64,412.5,125.3,0
32.85,17.73,414.1,50.9,0
52.29,75.71,423.5,183.7,0
64.17,78.97,423.7,214.6,0
37.1,78.14,396.6,189.7,0
46.78,46.06,412.5,151.7,0
54.17,58.82,418.0,184.4,0
33.51,39.17,416.0,85.6,0
36.5,50.07,404.3,131.8,0
29.03,78.52,403.5,292.5,0
46.83,24.69,406.9,54.3,0
54.03,21.29,427.6,84.7,0
25.32,29.04,400.7,62.5,0
65.53,69.59,418.5,243.7,0
46.32,63.63,396.8,168.6,0
41.07,37.95,423.6,137.0,0
43.45,48.77,422.7,191.3,0
71.63,98.71,379.0,380.5,1
61.88,59.09,426.2,189.5,0
49.88,45.15,400.8,146.6,0
65.37,46.62,397.1,126.8,0
51.71,51.61,407.8,114.9,0
29.22,23.55,410.5,87.2,0
83.77,86.57,371.2,255.9,1
50.71,49.88,396.6,164.5,0
95.12,114.23,365.0,562.4,2
29.86,73.61,396.6,224.7,0
83.34,102.79,380.4,274.9,1
32.63,35.84,423.6,89.4,0
51.9,78.89,415.0,257.2,0
64.36,64.51,406.4,173.4,0
27.15,22.9,402.8,72.0,0
73.41,105.09,374.7,420.0,1
43.84,52.19,423.2,208.0,0
49.34,27.89,401.7,77.7,0
62.99,15.24,420.7,50.3,0
25.87,44.29,403.5,113.1,0
42.59,64.95,408.9,229.8,0
103.52,121.86,357.0,444.2,2
56.83,17.46,428.8,55.8,0
84.35,94.94,372.3,407.5,1
51.59,36.36,395.3,79.3,0
48.39,61.52,423.3,143.1,0
33.48,45.49,417.4,156.3,0
32.97,65.67,422.9,155.8,0
108.28,116.08,350.3,375.0,2
53.35,32.6,426.1,116.1,0
59.83,49.58,418.3,187.6,0
108.97,119.47,353.5,512.4,2
88.29,139.29,364.5,618.1,2
82.39,106.43,384.0,374.0,1
48.42,75.32,413.0,226.5,0
78.47,90.4,372.0,367.7,1
106.12,117.77,366.6,397.0,2
60.99,23.27,401.2,61.2,0
69.15,60.22,397.6,221.1,0
51.21,61.83,410.8,171.1,0
58.56,54.44,401.9,134.6,0
49.59,27.48,422.5,100.1,0
64.33,75.57,410.8,244.9,0
64.41,21.52,418.2,59.7,0
114.27,137.48,355.2,613.7,2
65.47,15.97,426.2,35.3,0
37.1,39.58,401.7,135.3,0
69.79,60.76,402.0,239.0,0
76.45,91.51,385.3,236.7,1
48.72,31.38,427.3,91.8,0
49.8,53.28,417.8,153.9,0
38.15,66.47,419.1,198.2,0
49.95,28.95,409.4,114.0,0
69.86,70.16,427.7,226.5,0
34.19,47.07,429.4,114.0,0
76.96,97.27,378.3,352.3,1
27.68,64.78,417.3,219.0,0
38.93,54.98,402.1,121.2,0
68.18,29.98,418.3,105.0,0
70.7,95.16,388.3,248.3,1
30.68,26.19,429.6,99.4,0
29.59,61.85,403.1,238.6,0
48.02,59.69,429.7,174.3,0
60.8,73.74,412.3,172.2,0
68.62,71.65,404.2,146.3,0
27.37,53.74,404.4,203.5,0
72.18,97.98,374.2,436.6,1
66.99,15.28,401.2,51.1,0
41.96,71.6,417.8,261.2,0
76.83,106.3,372.4,329.4,1
68.73,65.49,427.0,202.9,0
78.99,97.27,386.2,421.1,1
110.62,110.13,364.5,362.1,2
55.71,34.51,397.2,124.8,0
64.09,61.16,429.8,222.3,0
46.84,38.82,410.5,97.2,0
78.82,87.24,377.7,313.2,1
97.24,111.83,356.5,455.3,2
59.59,55.78,398.7,117.7,0
94.82,119.65,361.7,433.7,2
39.77,30.97,412.2,82.8,0
58.75,66.11,429.6,220.6,0
44.27,48.35,398.9,119.1,0
50.79,69.74,415.2,207.5,0
99.65,121.49,357.0,576.0,2
31.93,35.46,420.1,139.4,0
43.29,34.38,425.9,113.3,0
77.32,81.51,374.0,358.9,1
70.68,92.45,372.6,414.9,1
65.23,33.59,418.5,92.1,0
70.17,91.05,394.2,267.2,1
25.46,70.66,399.3,223.2,0
113.2,128.2,361.2,516.6,2
26.64,41.68,412.6,95.0,0
42.89,38.37,400.2,143.0,0
41.77,52.26,412.8,178.3,0
104.4,139.65,369.4,433.7,2
41.67,25.22,407.9,93.2,0
74.36,102.92,373.4,302.5,1
74.85,100.35,379.7,307.6,1
76.41,89.49,384.6,365.4,1
41.93,49.17,424.1,194.4,0
32.37,43.27,407.0,100.9,0
57.5,67.21,395.6,204.7,0
38.54,48.81,402.5,187.7,0
109.5,134.77,359.2,566.3,2
70.16,99.81,380.4,409.5,1
81.98,80.21,380.9,279.7,1
60.38,77.2,419.4,199.0,0
64.66,64.32,417.3,128.8,0
90.19,127.83,363.9,550.5,2
65.41,58.01,408.0,134.7,0
104.79,118.8,364.6,388.1,2
61.53,46.48,410.7,108.9,0
38.2,63.5,425.5,166.0,0
70.61,104.12,388.1,407.5,1
95.84,124.47,366.6,517.4,2
27.82,62.92,413.3,180.1,0
41.46,15.61,413.1,47.1,0
31.97,49.95,416.5,139.3,0
51.71,42.8,402.1,110.3,0
79.21,85.95,375.4,379.8,1
94.97,136.57,358.5,543.1,2
31.68,16.35,422.8,59.0,0
97.48,117.66,351.1,545.1,2
70.4,83.14,381.0,340.2,1
42.43,34.03,414.0,130.8,0
30.75,43.61,423.3,172.1,0
39.95,53.56,419.9,176.0,0
28.69,74.09,424.0,244.5,0
80.27,102.27,372.8,333.7,1
110.57,134.68,369.8,608.6,2
82.21,95.06,390.1,251.2,1
25.29,43.35,415.4,100.1,0
98.32,138.6,360.6,682.0,2
26.1,17.03,410.6,39.6,0
95.42,124.99,350.4,488.4,2
81.87,96.46,376.7,249.9,1
48.41,76.47,405.8,238.7,0
91.48,134.91,360.1,654.1,2
61.87,77.61,413.2,275.8,0
49.49,24.64,427.8,53.3,0
55.49,69.27,413.9,160.7,0
67.07,48.51,398.0,135.3,0
46.03,71.97,420.2,243.4,0
43.08,18.2,426.4,42.8,0
104.2,138.32,361.9,434.8,2
48.93,60.08,397.9,168.9,0
53.42,71.07,404.3,185.5,0
44.33,61.83,424.2,157.8,0
70.04,84.47,394.4,371.1,1
71.37,81.55,387.6,321.3,1
63.25,52.41,424.4,119.5,0
39.54,63.01,405.8,148.2,0
26.65,73.58,418.0,224.2,0
50.18,78.25,396.5,311.5,0
53.93,38.65,416.3,107.2,0
54.99,27.93,413.0,76.3,0
29.63,20.92,421.3,53.5,0
37.18,46.32,418.5,122.2,0
83.08,87.69,386.6,383.4,1
56.22,39.66,413.4,149.1,0
45.3,65.94,424.8,166.2,0
32.68,51.99,424.2,168.1,0
30.93,57.19,425.6,208.9,0
94.8,138.03,352.1,437.3,2
83.09,100.68,392.4,413.7,1
34.51,25.83,413.0,91.3,0
58.4,41.18,411.2,159.3,0
84.91,86.16,381.4,267.5,1
26.98,49.94,417.7,169.9,0
66.72,33.8,409.3,91.7,0
51.03,55.42,414.6,186.5,0
74.37,94.45,393.2,391.9,1
85.9,117.66,361.3,386.8,2
79.81,86.45,388.1,328.0,1
59.4,62.84,420.0,242.6,0
51.29,41.24,397.6,156.3,0
67.23,66.58,411.2,206.8,0
62.83,15.28,413.7,51.8,0
40.13,78.52,401.6,193.3,0
74.02,88.09,377.8,338.0,1
27.93,45.54,403.7,163.0,0
77.8,93.77,388.4,325.9,1
63.93,61.98,408.4,238.8,0
61.62,23.44,413.3,47.0,0
66.93,22.95,418.9,79.8,0
48.65,28.31,429.0,103.7,0
70.9,103.55,385.6,380.4,1
31.4,59.64,424.5,238.2,0
76.37,93.79,386.3,372.1,1
77.07,88.78,373.0,366.7,1
61.32,46.95,419.1,159.6,0
41.2,19.9,406.2,40.1,0
56.91,53.08,409.6,198.5,0
42.07,67.3,419.1,211.2,0
95.9,139.78,359.2,603.2,2
62.08,70.66,397.9,227.4,0
37.19,46.73,410.4,182.1,0
59.45,39.25,400.5,151.6,0
65.17,60.02,429.5,153.9,0
108.71,131.88,368.3,477.8,2
32.22,30.76,401.6,90.3,0
71.84,88.42,377.3,259.1,1
83.36,105.56,380.3,305.7,1
87.51,123.6,354.4,371.2,2
44.56,23.43,420.2,77.7,0
51.48,58.24,416.7,212.1,0
84.19,95.37,385.4,371.9,1
89.61,131.79,354.9,483.8,2
79.13,84.25,379.9,323.0,1
106.18,123.44,369.8,456.7,2
61.83,53.96,426.1,209.2,0
100.12,116.72,358.3,399.6,2
49.47,56.15,420.6,197.4,0
30.29,51.08,409.2,109.7,0
32.46,16.2,429.0,48.2,0
74.8,103.39,377.2,279.4,1
53.65,47.23,403.8,154.7,0
35.15,41.74,405.2,117.4,0
82.32,107.04,393.6,475.5,1
26.08,39.42,424.1,152.0,0
61.4,48.33,424.2,175.9,0
25.94,37.51,420.0,110.5,0
41.22,33.76,403.1,103.6,0
68.25,47.06,429.6,145.7,0
49.6,59.11,417.1,190.4,0
27.51,18.62,411.2,47.9,0
68.6,40.19,398.2,152.9,0
103.75,119.93,357.4,560.9,2
75.43,101.23,374.3,404.7,1
25.33,77.96,411.9,289.4,0
56.31,23.99,414.7,57.5,0
48.31,22.9,428.7,77.4,0
98.37,119.15,356.9,497.1,2
31.0,35.89,414.2,73.7,0
54.05,57.41,402.8,165.0,0
75.75,104.61,377.6,350.1,1
42.52,38.61,411.9,84.6,0
77.49,98.65,384.3,320.8,1
28.41,22.03,412.6,62.3,0
112.86,115.79,359.1,407.8,2
43.5,45.29,399.4,146.4,0
31.77,38.67,411.8,118.4,0
26.59,64.1,402.7,252.5,0
47.77,73.61,411.2,248.5,0
26.32,65.91,406.7,223.9,0
65.38,15.3,397.1,41.4,0
45.77,35.08,403.8,88.7,0
77.71,95.32,385.2,314.3,1
85.09,138.36,367.2,555.8,2
75.76,83.52,373.4,331.3,1
43.08,38.1,400.1,106.6,0
38.31,44.12,411.4,113.2,0
29.81,58.82,405.5,143.4,0
96.16,110.09,364.2,481.0,2
56.39,21.7,428.4,85.1,0
103.91,115.52,351.5,412.0,2
47.53,53.14,417.0,146.0,0
61.94,34.36,426.4,123.5,0
91.81,128.13,362.0,420.4,2
73.06,82.03,392.1,358.6,1
50.42,23.86,415.6,72.3,0
58.41,59.36,407.5,158.6,0
48.25,42.81,423.5,97.2,0
53.24,47.26,409.4,162.4,0
68.11,56.47,427.7,152.9,0
40.07,42.65,413.8,102.0,0
61.23,67.98,414.2,216.4,0
63.63,59.65,405.1,227.1,0
70.8,89.41,386.8,357.8,1
54.46,61.73,424.1,161.5,0
30.39,58.63,410.2,168.9,0
75.18,94.55,390.4,400.1,1
45.63,18.03,420.5,67.1,0
78.66,106.92,376.7,344.6,1
77.86,83.82,370.5,236.7,1
67.93,27.47,406.5,94.8,0
27.82,38.85,406.7,118.6,0
30.96,70.06,421.0,238.6,0
46.75,60.13,395.6,218.4,0
26.82,25.01,411.5,62.5,0
62.46,46.72,413.8,137.1,0
79.72,100.41,376.2,436.3,1
40.53,64.95,411.6,195.7,0
65.84,28.63,425.9,92.8,0
26.73,24.3,398.5,64.6,0
33.01,19.37,403.1,56.8,0
92.08,110.73,360.0,473.9,2
33.17,76.41,410.6,264.3,0
69.4,27.26,423.2,83.1,0
32.08,73.34,413.8,209.5,0
37.31,34.85,399.7,110.0,0
55.04,28.61,427.8,105.9,0
67.35,61.63,398.6,205.3,0
77.99,83.54,388.1,264.9,1
78.37,104.5,386.3,305.3,1
58.18,18.76,411.0,64.8,0
50.29,22.13,403.3,46.1,0
106.35,122.23,351.3,505.5,2
61.5,30.7,405.6,111.0,0
28.21,23.23,399.6,83.3,0
32.8,57.57,396.7,134.4,0
88.72,116.28,366.0,363.0,2
62.87,20.41,412.4,54.8,0
45.61,62.84,421.7,237.3,0
105.74,137.95,366.8,587.8,2
53.68,72.55,422.1,212.9,0
43.61,65.6,408.9,189.9,0
40.88,36.62,399.1,115.9,0
78.77,93.18,377.9,264.5,1
60.11,64.47,422.1,184.9,0
74.12,104.71,378.1,429.9,1
77.07,108.08,381.6,293.0,1
98.38,125.37,356.4,533.9,2
40.85,72.64,425.9,282.4,0
58.42,27.04,415.1,87.7,0
28.94,21.5,426.7,45.9,0
30.95,40.87,407.1,121.4,0
32.3,30.9,421.1,113.7,0
73.34,93.31,374.6,335.6,1
33.4,32.24,414.6,91.2,0
27.53,29.64,420.9,98.6,0
93.77,111.83,368.5,553.8,2
97.22,116.97,360.6,571.9,2
25.48,62.4,400.0,158.9,0
107.1,131.25,350.9,563.2,2
108.8,123.33,355.2,501.7,2
35.89,32.31,413.1,78.9,0
47.92,41.25,411.8,111.1,0
92.96,130.87,365.8,452.4,2
94.78,124.2,358.0,563.6,2
108.04,130.39,352.3,451.3,2
96.6,133.25,364.9,479.2,2
81.15,98.74,375.8,352.1,1
29.27,28.57,414.9,70.2,0
104.72,137.83,353.7,422.8,2
40.35,30.19,398.3,69.7,0
44.37,30.3,416.6,104.7,0
28.07,34.25,411.6,116.1,0
50.73,36.27,429.9,136.3,0
61.66,78.79,413.1,279.5,0
36.04,23.38,425.7,57.9,0
34.08,46.68,420.0,130.7,0
44.62,27.69,408.0,101.2,0
65.52,47.82,412.1,140.9,0
36.24,60.08,412.6,188.2,0
29.04,67.5,403.1,140.3,0
100.13,134.48,368.4,444.2,2
58.34,20.57,408.2,46.2,0
106.12,138.54,367.5,480.0,2
53.23,49.1,425.6,99.2,0
86.8,113.76,354.0,532.7,2
75.03,99.77,394.2,371.1,1
61.95,64.08,401.9,233.0,0
55.75,23.26,422.8,64.7,0
48.08,28.4,397.7,78.0,0
68.94,42.62,403.8,98.0,0
36.95,44.31,429.1,175.0,0
37.07,76.66,404.5,161.2,0
32.48,63.15,427.2,217.5,0
99.43,116.86,351.3,504.4,2
81.38,82.31,372.7,319.7,1
32.57,62.24,416.0,203.5,0
69.9,76.69,428.6,251.7,0
27.92,78.7,407.9,235.7,0
66.15,18.71,406.6,71.4,0
58.79,59.59,422.1,220.2,0
55.34,20.94,426.5,60.7,0
66.6,67.09,397.9,199.4,0
63.51,19.95,428.0,70.9,0
76.27,81.85,371.0,331.2,1
80.15,95.32,382.9,301.0,1
111.01,139.38,362.9,523.4,2
30.36,61.06,426.1,159.7,0
66.17,54.37,409.6,184.1,0
48.63,72.08,415.9,145.7,0
38.38,31.78,402.8,110.5,0
61.62,75.62,398.1,172.5,0
87.28,110.36,367.2,503.0,2
45.67,72.88,415.9,236.6,0
73.89,88.96,376.4,398.0,1
47.75,45.18,425.2,153.1,0
44.87,21.54,419.7,56.0,0
105.14,113.58,362.7,550.1,2
35.1,34.84,421.0,134.5,0
38.05,40.84,419.6,100.6,0
91.85,115.63,362.2,351.2,2
32.31,29.63,408.7,87.7,0
45.38,29.01,429.1,115.9,0
74.97,104.67,394.8,468.4,1
55.46,20.09,421.3,40.3,0
46.94,52.67,408.3,204.2,0
107.01,117.68,357.3,480.7,2
94.4,121.31,353.6,430.9,2
27.25,38.74,408.6,130.7,0
114.8,114.85,369.1,482.4,2
63.69,51.0,420.6,193.5,0
103.7,124.33,358.2,378.6,2
38.13,45.78,412.4,166.9,0
102.63,112.56,358.3,482.8,2
49.68,50.93,408.5,157.5,0
34.18,78.81,409.1,278.7,0
59.25,36.64,400.5,130.8,0
68.95,59.19,399.7,189.7,0
30.46,79.53,425.4,268.8,0
82.2,93.27,389.1,252.0,1
72.11,87.81,378.6,362.9,1
76.38,92.75,378.6,274.9,1
45.95,50.42,397.4,175.8,0
75.5,101.84,383.3,407.1,1
25.82,56.16,419.7,206.7,0
47.62,57.79,418.9,230.8,0
64.3,35.62,421.8,78.9,0
29.06,61.22,412.4,198.7,0
37.88,38.18,428.9,137.2,0
92.76,139.55,366.8,438.4,2
26.06,61.7,410.4,135.4,0
43.96,70.35,412.0,180.7,0
65.86,28.0,419.5,77.6,0
49.22,36.27,408.9,118.4,0
68.1,34.88,410.0,125.8,0
56.75,59.01,425.4,162.2,0
80.22,91.22,383.1,247.4,1
64.2,62.35,405.9,230.5,0
32.98,70.97,415.6,188.3,0
45.68,37.11,428.3,88.7,0
48.12,36.51,425.5,113.3,0
71.41,99.4,371.1,418.1,1
43.74,51.57,412.9,188.8,0
63.98,15.02,415.9,32.3,0
73.43,95.26,376.0,407.5,1
45.98,22.08,406.3,61.9,0
84.69,83.0,392.0,229.7,1
94.44,136.86,352.6,535.1,2
58.48,45.28,396.0,140.2,0
36.67,40.66,396.1,109.2,0
57.34,57.9,400.4,169.4,0
38.79,22.66,417.4,71.9,0
69.61,15.62,416.4,62.4,0
79.92,108.48,391.7,312.7,1
37.17,76.02,406.3,222.1,0
75.61,104.56,383.6,267.8,1
30.75,16.5,405.0,55.8,0
28.26,15.91,405.4,49.3,0
51.1,40.59,396.4,135.2,0
38.37,17.13,406.6,61.2,0
80.45,102.53,376.2,439.6,1
95.62,137.45,357.0,502.3,2
69.0,24.05,429.7,66.4,0
54.93,19.11,400.2,71.0,0
26.75,32.19,416.4,126.1,0
82.4,83.04,382.1,358.4,1
54.81,73.2,396.0,156.2,0
54.62,49.13,413.0,119.6,0
26.4,31.52,402.7,92.5,0
33.84,28.69,395.4,96.3,0
63.02,50.84,409.0,131.7,0
76.07,91.65,372.4,410.5,1
63.16,66.46,397.8,242.9,0
51.11,15.03,421.8,50.1,0
52.17,70.65,429.1,214.2,0
37.3,62.67,409.2,244.1,0
47.36,47.37,408.3,159.4,0
39.53,77.18,426.1,187.5,0
66.71,37.83,402.7,150.1,0
41.31,56.27,405.4,172.2,0
47.93,37.04,412.5,84.6,0
44.98,39.71,418.6,134.8,0
78.69,104.3,383.2,408.6,1
43.59,17.51,397.9,55.0,0
57.23,51.21,426.9,198.8,0
84.91,91.51,377.9,382.2,1
31.75,25.69,399.8,100.0,0
28.33,38.34,423.6,113.3,0
76.74,81.52,385.4,303.1,1
61.27,67.2,417.5,260.8,0
73.98,95.29,376.5,419.5,1
79.04,85.02,385.1,279.6,1
57.15,57.99,411.8,120.5,0
25.65,61.84,424.0,137.9,0
54.61,25.1,408.4,92.5,0
53.89,26.23,418.1,89.1,0
52.15,65.36,397.0,187.0,0
74.14,105.08,386.1,451.5,1
42.47,37.44,423.3,137.8,0
79.3,89.92,378.1,391.6,1
31.02,74.36,400.7,197.9,0
93.28,115.21,359.6,433.7,2
31.27,31.07,410.4,85.0,0
99.52,120.23,357.3,451.5,2
46.77,18.95,400.7,50.4,0
102.94,124.88,363.3,582.0,2
113.04,122.29,351.7,609.9,2
43.57,16.61,424.2,34.6,0
32.32,32.06,428.3,99.6,0
104.02,112.48,366.9,384.1,2
63.8,22.67,413.0,88.6,0
41.69,38.1,397.2,93.9,0
64.92,35.14,395.7,103.0,0
45.68,43.99,416.8,169.1,0
89.01,139.02,355.0,606.1,2
60.01,69.3,396.4,203.2,0
47.69,58.25,423.2,178.3,0
58.81,39.54,406.4,136.6,0
44.55,29.47,421.4,103.0,0
47.12,78.77,401.3,218.1,0
50.94,69.09,411.0,200.7,0
47.65,17.74,417.5,45.3,0
27.57,29.0,415.6,113.2,0
38.5,56.0,405.9,209.5,0
98.45,130.97,359.3,443.8,2
32.39,69.99,412.9,271.8,0
36.1,38.67,418.0,142.2,0
106.63,113.12,358.4,404.3,2
108.56,117.64,357.2,418.5,2
99.13,123.98,365.3,396.6,2
54.88,70.43,398.9,180.7,0
81.43,91.92,379.3,384.2,1
38.28,42.25,425.0,103.7,0
48.95,78.93,419.3,174.5,0
35.28,67.2,415.5,189.9,0
48.85,25.45,405.5,84.3,0
68.46,28.87,407.4,68.7,0
96.54,115.86,353.4,528.6,2
56.35,62.11,407.9,221.5,0
59.86,69.69,398.9,214.8,0
65.99,41.97,426.0,158.2,0
57.97,19.74,412.0,45.8,0
37.06,41.84,414.0,104.9,0
100.89,120.1,362.2,541.2,2
39.15,48.25,428.8,182.6,0
56.92,58.44,420.7,124.4,0
54.8,19.17,401.3,53.9,0
66.8,45.89,427.5,142.6,0
37.83,79.71,407.6,171.3,0
76.5,81.35,391.3,305.9,1
25.23,39.91,427.4,93.6,0
48.96,62.05,401.1,178.6,0
82.18,105.07,373.4,389.8,1
46.64,41.61,415.7,119.1,0
114.2,128.52,359.2,391.9,2
46.42,23.27,416.6,47.0,0
54.79,45.21,418.9,155.0,0
113.94,112.92,368.3,479.2,2
102.01,117.8,366.3,536.9,2
52.07,18.5,396.2,73.1,0
41.0,33.96,418.2,111.3,0
60.92,64.32,408.8,238.6,0
49.0,49.91,423.8,194.4,0
68.91,57.48,407.5,157.9,0
70.89,82.01,372.0,254.1,1
34.71,77.19,418.8,255.2,0
54.63,27.14,395.9,101.5,0
45.61,22.64,419.5,49.4,0
110.24,130.8,357.1,392.6,2
43.02,15.23,413.3,60.0,0
62.1,59.16,397.2,227.3,0
82.62,97.34,384.5,362.0,1
32.19,46.31,398.0,130.7,0
93.74,134.69,362.4,574.0,2
43.51,60.68,411.7,130.6,0
61.88,29.4,399.4,67.5,0
43.82,79.71,421.5,291.7,0
41.87,39.93,406.9,152.7,0
43.84,30.02,398.1,102.1,0
71.52,84.68,382.9,303.7,1
35.74,46.27,396.0,165.6,0
49.87,45.62,414.2,109.1,0
54.87,44.54,427.6,115.9,0
109.04,113.09,358.1,397.4,2
61.16,72.79,424.1,257.7,0
28.81,47.91,420.0,126.4,0
61.16,47.25,429.9,158.8,0
41.07,41.44,418.8,107.6,0
76.97,103.63,380.4,296.9,1
89.62,128.78,369.4,491.0,2
67.07,31.8,399.9,114.0,0
90.86,113.39,365.9,382.4,2
49.99,47.51,412.1,182.3,0
88.51,128.2,365.5,591.5,2
43.47,48.65,401.0,131.5,0
35.55,27.55,407.6,61.1,0
106.33,118.97,352.7,473.3,2
64.15,67.92,398.6,205.8,0
83.87,82.66,376.6,249.6,1
84.48,92.01,375.4,390.5,1
32.7,32.7,425.4,124.7,0
63.28,63.2,402.7,221.9,0
64.59,71.53,399.1,188.7,0
75.09,80.61,375.6,314.3,1
82.24,104.75,378.3,280.8,1
60.48,77.0,418.5,164.2,0
33.13,30.12,428.3,102.1,0
90.08,117.45,352.6,457.9,2
62.72,70.81,405.9,240.2,0
66.61,16.74,423.2,57.4,0
91.5,110.17,361.4,339.4,2
42.0,51.0,401.0,181.3,0
63.73,33.08,399.0,118.7,0
47.75,52.92,420.7,136.8,0
26.05,41.18,418.6,143.7,0
39.77,23.36,410.1,60.8,0
108.43,124.27,366.0,580.0,2
34.08,56.65,419.5,147.5,0
75.84,103.96,380.7,373.6,1
70.42,98.5,392.8,283.5,1
36.11,16.96,397.0,54.0,0
103.62,136.06,356.4,672.5,2
41.49,66.52,402.6,162.7,0
46.34,57.53,408.0,121.3,0
81.41,102.83,373.3,431.6,1
66.97,70.4,425.9,148.8,0
58.05,30.95,404.2,82.3,0
56.03,27.31,419.2,61.6,0
99.19,112.45,353.5,454.3,2
39.99,30.15,425.5,90.7,0
50.4,64.21,427.4,196.1,0
65.27,46.45,415.6,136.2,0
45.24,59.74,398.3,222.5,0
47.19,40.17,425.9,121.0,0
32.05,62.71,397.3,130.1,0
47.14,27.63,421.1,75.7,0
60.77,15.61,398.6,44.9,0
52.7,51.27,427.3,203.0,0
54.99,54.85,402.6,121.9,0
41.27,39.41,427.6,157.2,0
76.75,99.19,370.7,345.5,1
29.97,59.16,429.1,159.4,0
38.75,62.6,427.7,176.2,0
62.16,77.58,410.5,216.6,0
55.26,39.88,427.7,140.6,0
99.55,131.65,368.7,604.1,2
89.01,125.46,351.5,585.0,2
35.87,54.66,398.9,154.2,0
39.26,73.76,424.0,226.9,0
67.03,30.27,411.9,101.5,0
97.01,110.38,361.8,476.8,2
99.88,121.42,355.4,589.7,2
90.13,122.73,358.0,425.9,2
71.37,103.22,375.8,411.1,1
101.76,133.63,364.7,500.5,2
54.64,37.16,395.9,105.2,0
54.77,78.51,413.6,243.0,0
30.11,41.62,406.0,153.2,0
80.22,98.94,384.8,281.5,1
58.83,28.46,429.4,78.7,0
44.44,42.14,429.0,137.5,0
42.46,33.06,424.0,108.0,0
38.57,42.43,425.1,100.4,0
36.84,29.81,422.1,90.4,0
63.71,44.65,407.6,137.5,0
86.06,116.95,351.8,487.7,2
114.78,119.19,367.6,472.0,2
61.86,41.32,410.8,104.2,0
25.64,69.91,400.6,268.0,0
37.85,69.63,421.9,182.3,0
56.66,32.45,429.6,66.4,0
25.6,74.07,415.1,246.1,0
29.76,20.58,422.7,50.8,0
55.95,49.41,420.2,156.9,0
53.4,42.52,398.4,140.1,0
28.91,19.69,402.6,42.6,0
66.99,35.97,423.4,106.1,0
60.22,19.72,417.5,76.8,0
77.02,100.62,372.6,416.3,1
25.31,36.09,418.0,87.5,0
39.7,72.76,411.0,158.8,0
42.68,49.04,395.3,159.7,0
104.06,130.71,359.8,625.6,2
50.8,68.63,402.9,238.4,0
39.75,71.81,407.4,228.8,0
68.55,56.24,405.8,207.3,0
54.56,48.47,395.3,105.0,0
50.27,29.78,406.4,63.5,0
53.98,72.1,397.9,165.9,0
56.53,56.61,427.0,177.9,0
61.35,47.32,427.6,134.2,0
29.76,26.51,406.0,55.0,0
64.73,51.2,417.5,115.9,0
42.52,35.58,403.5,115.2,0
66.21,77.1,397.1,243.2,0
26.35,35.67,397.7,133.0,0
30.72,25.45,422.3,92.0,0
49.56,52.14,408.4,196.5,0
52.08,24.02,419.0,70.6,0
104.54,117.76,364.3,412.6,2
33.3,74.91,424.4,278.0,0
70.93,87.68,372.8,229.6,1
73.61,103.92,373.4,457.6,1
35.79,28.72,424.0,108.7,0
45.67,38.08,422.5,93.1,0
33.14,59.85,418.5,195.1,0
58.98,28.93,424.8,95.6,0
27.58,46.56,400.8,102.1,0
107.27,116.81,366.6,555.1,2
30.59,42.68,401.6,123.8,0
52.6,25.9,424.0,84.7,0
66.44,25.8,429.2,77.8,0
63.63,43.27,412.1,124.8,0
48.01,42.96,401.8,141.9,0
57.04,23.76,414.8,72.8,0
92.16,124.82,369.2,436.5,2
39.03,35.99,409.3,124.9,0
106.9,113.88,354.8,563.5,2
37.99,53.89,408.5,194.7,0
41.75,20.92,424.3,62.5,0
78.27,82.86,387.2,301.5,1
47.25,42.03,398.5,135.1,0
35.65,72.33,397.9,173.3,0
109.37,134.95,361.3,606.5,2
77.63,90.17,370.8,356.7,1
38.7,35.51,395.8,88.0,0
105.5,111.29,353.2,354.4,2
107.71,133.13,353.4,450.0,2
45.46,27.94,416.5,85.6,0
78.14,81.32,386.7,290.9,1
68.84,32.67,403.1,80.0,0
45.73,64.69,424.1,221.0,0
82.03,94.0,392.4,397.2,1
38.62,47.46,426.7,111.2,0
75.84,93.12,393.4,338.7,1
32.85,45.94,425.7,158.6,0
84.73,81.29,373.8,245.7,1
78.85,80.58,373.7,221.7,1
45.43,19.88,417.8,51.8,0
73.67,107.19,381.2,341.6,1
96.5,111.24,350.3,364.3,2
26.77,51.87,414.5,126.2,0
53.67,57.83,408.7,130.8,0
77.76,101.89,372.7,325.2,1
34.98,39.1,416.1,155.0,0
40.99,19.88,396.4,40.1,0
32.04,55.6,409.2,191.1,0
65.88,73.13,413.3,169.8,0
109.78,125.97,367.7,535.6,2
33.14,43.41,416.9,166.7,0
43.8,51.75,425.6,167.4,0
33.2,23.19,417.6,74.9,0
46.93,72.94,397.7,250.4,0
59.03,52.89,403.6,150.5,0
25.06,46.25,428.4,156.7,0
63.78,38.26,399.3,112.5,0
90.2,126.43,368.3,612.2,2
74.37,97.13,371.2,314.2,1
107.15,113.46,361.6,474.0,2
57.88,25.47,410.2,64.5,0
53.01,60.94,429.9,220.7,0
42.52,57.77,422.9,125.4,0
52.16,44.1,411.4,136.1,0
68.58,36.39,414.6,134.4,0
67.05,22.08,406.2,48.6,0
51.78,43.51,406.1,104.4,0
107.19,111.26,355.6,339.3,2
38.71,36.41,417.6,100.1,0
82.5,107.13,375.1,383.6,1
27.56,20.92,414.4,54.7,0
51.41,19.76,408.0,65.1,0
55.05,46.06,422.9,151.8,0
25.69,42.09,404.0,147.4,0
33.33,61.82,412.5,218.2,0
32.42,51.76,427.4,163.1,0
78.95,107.28,383.6,269.7,1
28.2,64.11,402.6,239.1,0
55.22,57.5,418.1,138.9,0
61.47,30.55,411.5,69.7,0
53.47,19.48,422.1,52.2,0
96.34,134.37,353.3,460.3,2
56.15,64.18,404.0,211.1,0
30.02,47.98,396.0,179.7,0
33.25,39.36,407.6,124.7,0
73.07,97.31,389.1,390.9,1
73.36,98.09,387.8,326.8,1
88.35,112.36,350.3,353.1,2
62.28,75.67,417.1,297.9,0
56.18,63.02,403.1,201.1,0
49.72,54.09,429.9,109.6,0
55.7,66.71,396.3,238.2,0
62.01,48.16,408.3,147.5,0
64.09,57.3,426.7,156.6,0
32.69,16.68,428.8,39.0,0
32.51,58.21,398.4,179.9,0
63.28,24.44,398.8,96.1,0
62.43,53.77,395.2,198.3,0
74.09,99.45,392.5,284.9,1
49.78,40.46,418.1,158.6,0
44.45,41.29,404.0,131.9,0
55.33,64.59,427.6,170.8,0
55.58,26.73,414.8,71.6,0
45.7,69.23,395.6,191.0,0
42.38,21.57,409.8,47.7,0
54.48,48.73,410.0,148.3,0
69.16,36.04,395.6,106.6,0
78.11,90.27,385.1,348.1,1
70.63,90.5,385.4,295.7,1
46.34,45.62,405.2,181.4,0
114.78,119.04,352.9,391.2,2
51.23,60.41,405.6,181.7,0
29.01,23.9,413.8,59.4,0
28.78,16.5,427.2,43.7,0
87.77,128.97,358.2,621.1,2
45.13,32.74,419.4,128.8,0
65.23,61.78,415.8,205.6,0
63.51,47.73,411.4,101.1,0
94.12,135.47,357.3,422.5,2
40.75,25.91,409.2,62.9,0
28.79,35.22,416.6,108.0,0
45.77,59.83,402.2,212.9,0
107.45,126.31,358.3,409.8,2
77.74,88.74,384.5,300.3,1
67.09,41.87,430.0,88.5,0
50.81,25.11,395.5,68.1,0
54.86,37.55,428.2,78.1,0
61.17,67.28,407.3,191.5,0
36.71,24.09,403.3,73.2,0
61.77,75.94,413.4,259.0,0
33.79,53.23,416.3,172.5,0
52.58,71.96,407.8,261.8,0
40.44,66.44,410.1,135.6,0
48.6,49.31,422.7,153.3,0
61.24,32.87,425.9,96.1,0
55.11,31.15,398.4,118.6,0
69.56,63.76,407.9,130.4,0
55.28,19.91,398.1,46.0,0
41.28,34.87,406.3,118.2,0
46.92,20.65,399.1,49.4,0
110.08,136.98,360.1,642.7,2
59.45,31.39,416.3,70.7,0
108.91,127.74,369.8,477.3,2
46.15,30.78,410.0,80.6,0
55.88,32.61,396.8,115.6,0
71.77,82.82,380.0,319.9,1
85.96,123.66,369.5,551.1,2
26.38,66.03,397.7,248.1,0
48.05,24.14,402.0,68.3,0
45.5,45.75,404.7,102.9,0
42.06,53.27,408.3,183.9,0
76.99,83.75,370.2,298.5,1
33.18,47.78,404.3,114.3,0
72.76,103.02,392.2,360.1,1
91.91,136.67,362.5,637.7,2
33.23,25.86,401.0,82.0,0
26.89,74.16,420.6,156.9,0
58.68,55.14,424.7,178.8,0
106.56,119.98,352.9,582.6,2
51.83,43.0,428.1,108.0,0
53.27,30.21,409.8,61.2,0
30.42,61.16,424.7,183.0,0
73.13,92.76,370.4,338.7,1
28.53,49.23,408.8,184.6,0
32.32,65.52,408.1,229.9,0
61.63,38.14,408.8,98.9,0
105.25,112.36,364.9,486.8,2
73.14,105.5,394.8,266.9,1
61.92,76.14,405.0,279.2,0
46.48,22.39,422.4,73.8,0
29.11,53.81,410.3,145.0,0
42.82,24.15,412.5,73.6,0
28.28,49.71,412.8,190.3,0
49.55,70.22,425.0,181.2,0
52.77,70.79,413.5,279.8,0
78.88,101.56,373.6,422.3,1
57.45,54.73,427.4,182.5,0
83.4,108.79,393.1,293.1,1
52.63,69.16,404.4,191.8,0
59.9,18.6,405.0,61.4,0
69.63,21.48,427.7,73.4,0
37.54,26.48,403.9,98.9,0
89.13,110.93,354.7,414.2,2
47.15,74.58,399.9,234.6,0
43.81,78.18,423.4,165.7,0
49.1,20.76,407.7,47.7,0
85.43,114.67,364.4,363.1,2
106.8,116.59,363.7,536.9,2
63.17,17.75,421.0,62.1,0
110.55,133.12,352.7,603.8,2
107.18,113.18,361.1,416.2,2
79.49,89.71,372.5,400.3,1
29.58,62.8,422.1,230.3,0
102.65,118.6,360.3,470.3,2
37.18,17.08,409.5,57.8,0
55.26,73.86,398.8,216.4,0
38.48,47.81,413.7,117.7,0
104.61,118.29,359.2,411.9,2
33.35,24.92,395.6,58.6,0
94.74,110.82,355.8,336.4,2
94.18,112.66,366.2,430.9,2
113.32,122.41,356.3,488.1,2
30.99,58.63,405.0,162.6,0
80.05,105.42,387.8,428.3,1
58.17,75.49,396.7,280.4,0
70.35,89.7,387.2,346.7,1
35.87,46.69,399.0,147.2,0
75.27,87.34,382.6,386.9,1
60.19,27.98,412.6,100.2,0
43.1,24.64,415.9,78.4,0
68.85,23.46,415.7,79.8,0
68.37,22.41,405.7,50.2,0
40.54,52.09,421.8,129.2,0
71.54,87.72,376.3,255.7,1
55.2,71.71,404.4,178.0,0
31.55,58.01,411.9,160.3,0
78.8,103.0,391.9,319.9,1
63.83,66.84,400.1,163.7,0
79.29,89.35,386.4,345.2,1
80.54,89.28,377.1,319.2,1
32.24,66.65,395.8,137.1,0
70.49,86.23,391.1,329.4,1
56.09,79.46,406.2,166.8,0
72.82,108.72,390.0,374.5,1
90.11,137.39,352.3,545.0,2
76.79,107.64,386.8,462.2,1
58.54,67.8,419.4,165.3,0
48.28,70.22,398.0,218.7,0
82.01,82.28,381.9,237.5,1
57.09,33.6,408.8,131.1,0
105.42,117.86,361.9,507.3,2
38.94,40.21,411.2,116.3,0
50.46,51.0,408.0,181.5,0
38.85,19.27,407.9,75.0,0
56.75,33.21,429.9,77.5,0
53.21,67.24,421.8,166.1,0
53.21,25.46,419.8,98.0,0
53.28,66.59,411.5,162.9,0
78.6,86.73,392.5,252.5,1
64.99,33.85,414.9,124.4,0
63.91,31.86,410.8,114.7,0
97.51,136.08,366.2,677.9,2
81.71,102.61,390.9,268.9,1
47.22,18.09,414.8,52.6,0
94.88,128.25,350.3,490.5,2
110.23,125.48,365.9,478.3,2
43.04,75.07,413.8,231.1,0
27.35,25.67,409.8,74.1,0
100.12,124.59,353.5,619.3,2
54.17,78.33,420.5,292.1,0
78.62,90.67,375.3,249.7,1
42.26,75.52,427.1,202.4,0
42.49,49.71,410.4,181.3,0
65.09,58.32,409.5,193.6,0
72.4,85.87,381.8,234.9,1
57.78,63.54,399.2,154.1,0
68.12,40.17,411.9,90.8,0
67.68,22.88,407.7,88.2,0
64.3,45.58,419.8,107.2,0
66.18,27.51,396.1,70.0,0
47.24,41.6,407.4,164.4,0
60.13,58.17,398.5,221.8,0
65.05,52.07,426.3,132.9,0
110.06,135.85,369.4,535.7,2
32.56,40.2,415.0,159.6,0
110.69,112.65,361.2,392.5,2
42.87,43.7,422.7,162.4,0
36.71,39.83,412.7,140.5,0
28.79,47.49,424.5,169.6,0
70.64,102.24,385.7,367.7,1
42.82,71.83,407.5,283.3,0
57.64,50.65,427.1,193.3,0
28.81,31.02,427.5,99.1,0
68.04,64.63,412.3,130.5,0
71.62,86.5,378.0,357.2,1
61.0,21.8,409.7,50.0,0
25.63,74.03,426.3,273.3,0
34.32,38.75,421.0,107.3,0
48.35,48.54,410.5,152.3,0
35.17,39.71,398.7,153.9,0
74.4,109.44,393.0,489.5,1
80.15,85.53,386.0,237.3,1
82.31,87.82,381.5,242.6,1
62.1,51.82,426.0,147.0,0
79.34,91.07,393.9,314.6,1
35.29,53.41,401.4,198.7,0
69.53,69.57,396.9,237.5,0
48.97,79.78,429.8,168.2,0
112.49,113.89,359.7,550.4,2
41.17,52.41,424.0,196.6,0
26.75,17.78,407.7,64.0,0
93.26,138.55,359.7,635.8,2
43.09,37.54,406.4,146.4,0
42.12,52.09,421.8,112.6,0
77.18,97.3,376.7,425.1,1
51.09,32.08,397.7,104.4,0
46.0,16.67,402.6,47.7,0
53.93,75.89,426.8,180.5,0
49.22,49.44,404.0,109.9,0
37.89,17.42,403.4,42.4,0
40.25,21.4,418.0,54.7,0
58.62,55.17,426.9,193.6,0
72.88,86.73,386.3,295.6,1
28.26,27.08,428.4,92.0,0
85.54,139.41,360.0,608.4,2
74.17,96.71,384.6,379.6,1
108.76,138.25,357.6,455.5,2
73.7,101.9,370.2,450.1,1
68.0,55.88,396.2,113.5,0
47.13,50.94,403.6,131.2,0
28.17,26.98,395.1,88.3,0
35.45,45.12,399.0,116.7,0
80.6,99.33,390.3,266.8,1
63.18,28.78,406.6,89.4,0
29.1,40.37,418.5,119.9,0
69.67,62.34,403.9,242.1,0
80.25,106.24,389.1,304.3,1
107.17,137.26,359.1,449.1,2
92.79,139.46,353.9,506.0,2
40.38,66.74,412.7,165.9,0
33.98,67.89,400.2,237.1,0
41.84,23.72,400.1,80.7,0
57.29,58.6,396.1,232.0,0
89.66,124.14,350.6,603.4,2
61.67,48.06,397.4,158.4,0
73.08,90.06,376.9,289.7,1
106.07,130.22,359.4,420.6,2
108.14,128.35,365.9,521.4,2
102.3,114.13,356.2,454.2,2
40.6,54.58,402.6,150.1,0
27.57,22.02,421.1,77.3,0
52.91,79.89,413.3,190.7,0
36.23,43.34,396.0,131.4,0
77.11,98.26,388.7,383.7,1
77.65,91.66,388.6,356.6,1
40.89,26.35,418.3,66.6,0
73.89,94.47,384.4,264.7,1
26.2,25.77,398.9,94.5,0
34.46,17.99,418.4,56.8,0
55.18,17.27,397.7,35.9,0
55.21,32.74,412.8,100.7,0
59.53,46.56,406.0,114.2,0
36.97,53.26,419.2,172.4,0
78.58,81.79,373.2,318.5,1
54.8,50.89,420.4,195.3,0
53.06,29.95,396.2,103.8,0
68.12,41.73,415.0,125.0,0
43.26,22.29,414.0,67.4,0
28.08,21.55,419.8,54.1,0
53.53,41.54,419.1,93.1,0
31.84,63.26,412.4,243.8,0
61.02,31.24,419.0,124.9,0
35.48,50.73,409.3,146.6,0
70.12,104.88,386.6,304.1,1
70.54,98.55,393.9,249.5,1
58.79,72.06,406.9,165.0,0
35.72,52.17,404.8,109.5,0
53.38,39.27,402.4,128.1,0
63.91,73.85,410.9,191.0,0
42.44,40.06,404.5,130.8,0
48.69,71.35,395.8,245.8,0
69.86,53.75,428.9,141.8,0
68.25,34.34,405.5,97.3,0
52.52,57.4,418.6,210.8,0
64.34,34.26,409.9,100.8,0
77.45,86.22,394.3,337.9,1
68.73,23.21,414.9,47.4,0
70.27,92.43,390.9,243.1,1
58.63,23.99,415.2,91.0,0
81.75,94.48,384.4,421.0,1
25.34,73.65,406.4,218.8,0
64.87,53.36,416.2,210.1,0
70.81,81.81,372.5,327.0,1
106.53,113.2,350.0,520.2,2
66.93,63.62,417.2,212.3,0
56.65,15.31,397.1,43.1,0
64.18,59.1,396.2,227.0,0
34.29,27.21,422.3,81.1,0
28.46,66.63,416.3,258.9,0
55.3,48.76,404.2,115.3,0
41.76,60.09,421.0,232.2,0
61.89,78.96,397.5,262.4,0
95.02,131.8,364.9,605.1,2
67.81,74.45,412.2,201.1,0
66.36,30.52,416.6,121.6,0
112.86,120.63,356.3,411.2,2
92.01,119.67,361.2,401.1,2
44.52,46.81,428.1,148.4,0
30.51,23.62,425.6,56.7,0
35.52,79.98,404.2,305.9,0
40.4,30.41,416.9,71.3,0
27.42,25.7,426.5,80.2,0
33.95,15.35,413.1,60.1,0
51.21,16.88,398.5,38.6,0
61.58,58.48,395.1,187.2,0
79.78,81.82,390.0,274.5,1
75.96,89.91,389.2,376.6,1
33.47,52.02,397.5,203.1,0
84.53,105.51,393.8,461.7,1
64.42,20.96,419.1,61.0,0
46.75,15.37,428.8,44.3,0
25.55,31.34,406.0,116.0,0
102.6,138.37,366.9,590.4,2
60.96,62.49,417.8,240.3,0
78.86,91.84,389.6,300.6,1
26.27,45.41,419.9,105.2,0
91.63,132.5,361.7,615.6,2
31.16,55.62,396.7,214.9,0
50.74,47.18,417.1,120.7,0
92.02,120.99,366.3,556.7,2
47.52,49.5,407.5,110.8,0
53.41,17.91,422.4,40.0,0
96.01,110.71,353.7,479.4,2
98.18,111.05,368.9,450.2,2
90.21,110.06,356.9,401.3,2
42.9,77.7,421.8,227.9,0
39.56,39.52,401.7,145.1,0
34.73,41.23,414.0,159.6,0
39.64,50.45,422.4,111.4,0
41.05,65.6,411.6,181.0,0
112.77,113.96,361.9,563.5,2
75.09,93.13,371.4,292.6,1
65.41,75.01,408.1,267.9,0
55.66,32.38,407.9,72.3,0
25.17,31.01,413.4,102.1,0
40.79,47.11,423.6,127.5,0
106.51,113.16,360.4,360.7,2
29.27,21.52,422.8,81.8,0
77.81,90.93,390.9,273.4,1
54.78,18.78,409.2,39.0,0
55.61,72.49,411.9,151.5,0
55.58,69.31,419.0,266.3,0
48.04,29.26,408.5,102.7,0
101.11,126.76,364.5,571.3,2
61.43,57.57,416.3,204.7,0
25.81,19.18,412.4,60.8,0
89.85,136.4,355.9,565.7,2
100.22,127.08,361.6,614.3,2
64.57,50.34,404.2,111.3,0
56.86,28.54,429.4,66.0,0
69.97,44.57,426.3,103.2,0
111.12,120.34,364.1,369.9,2
50.7,77.3,409.6,303.7,0
77.16,99.28,370.2,432.0,1
72.8,91.95,373.7,384.3,1
46.06,45.89,407.1,117.0,0
113.38,119.25,367.1,419.9,2
60.94,23.91,400.5,73.7,0
46.96,28.34,397.2,92.5,0
64.47,33.93,422.6,107.6,0
45.4,27.88,415.1,89.7,0
49.87,54.62,399.1,190.7,0
34.81,49.76,402.0,178.9,0
32.64,49.06,407.8,165.6,0
38.56,25.66,415.8,66.3,0
66.18,66.54,403.4,226.4,0
41.41,59.91,406.8,168.5,0
35.8,27.31,421.7,66.0,0
96.7,115.17,365.3,541.8,2
79.97,94.79,387.5,348.2,1
55.07,78.57,423.3,268.8,0
79.0,101.56,392.8,450.5,1
31.17,41.12,398.8,145.6,0
50.39,40.12,399.8,112.4,0
56.4,39.12,421.7,151.4,0
34.15,17.82,400.8,64.9,0
67.23,71.63,402.5,161.6,0
43.83,79.02,410.6,186.0,0
69.4,19.88,409.9,42.5,0
64.28,21.22,414.7,62.7,0
92.25,122.72,369.7,449.7,2
93.51,139.41,352.3,452.9,2
45.33,32.84,410.9,94.4,0
88.93,134.87,357.2,448.3,2
25.73,25.54,421.2,58.4,0
28.25,39.93,426.5,110.1,0
59.15,74.89,412.6,255.4,0
31.01,15.74,413.4,34.8,0
53.89,17.27,412.8,35.5,0
105.46,113.54,356.9,414.5,2
55.13,76.77,405.8,189.7,0
25.46,51.08,399.9,148.0,0
75.25,107.32,371.3,407.3,1
48.52,69.31,414.7,247.1,0
89.44,133.25,368.6,614.3,2
37.91,45.2,415.5,134.8,0
48.71,67.55,416.1,229.8,0
103.65,117.49,354.7,408.7,2
26.08,25.43,413.9,53.3,0
42.86,78.01,407.2,173.9,0
46.35,26.28,404.5,104.6,0
46.48,42.93,403.0,120.9,0
90.19,126.34,358.8,575.3,2
30.47,75.65,420.3,279.8,0
50.96,29.3,398.9,84.7,0
46.6,38.73,416.6,140.5,0
34.16,38.75,428.1,121.4,0
68.36,42.75,422.4,144.9,0
40.57,15.6,423.7,58.5,0
104.73,121.88,360.3,601.6,2
28.53,29.78,400.7,62.3,0
81.35,106.24,383.8,352.5,1
75.83,106.87,383.4,463.0,1
75.98,89.93,377.9,318.3,1
46.09,41.31,399.0,135.1,0
44.78,32.07,402.4,113.5,0
42.53,34.26,418.1,114.7,0
56.61,48.93,415.6,137.5,0
74.62,91.67,386.5,312.8,1
61.54,41.04,424.2,93.6,0
69.15,41.96,396.6,148.7,0
32.83,54.28,425.9,149.3,0
67.06,65.26,418.1,162.2,0
49.23,46.51,420.0,145.4,0
63.79,53.06,422.6,201.8,0
64.84,17.47,413.3,59.7,0
81.79,100.23,378.6,399.0,1
63.18,30.57,409.4,121.2,0
82.89,90.25,385.4,399.1,1
79.68,106.9,374.4,467.5,1
108.07,133.72,358.9,447.5,2
101.82,133.4,365.3,441.1,2
25.98,45.54,424.0,155.2,0
62.0,76.42,414.8,188.2,0
38.71,36.16,423.5,107.7,0
49.15,69.78,423.2,192.7,0
64.93,26.21,426.4,66.6,0
82.75,108.58,374.5,387.3,1
65.82,18.81,413.1,43.2,0
29.29,49.88,396.1,166.5,0
51.2,55.37,421.6,191.3,0
59.61,38.55,422.7,104.1,0
66.78,71.03,410.9,263.9,0
74.99,98.96,372.6,386.4,1
98.61,133.05,367.9,633.3,2
77.6,86.41,389.0,369.4,1
77.49,108.89,389.3,408.4,1
48.16,32.71,417.3,90.8,0
61.53,42.55,418.7,103.0,0
29.8,20.11,427.4,70.3,0
63.92,30.71,417.6,65.8,0
56.55,17.08,414.9,67.6,0
99.76,131.15,369.4,558.9,2
80.94,94.25,374.9,243.4,1
61.72,18.43,415.9,52.7,0
42.9,68.75,403.4,162.0,0
75.94,89.22,375.2,226.4,1
78.07,98.14,394.6,310.1,1
32.27,54.22,408.9,133.8,0
49.99,63.38,397.0,231.6,0
77.91,89.61,377.8,284.1,1
68.97,43.39,426.4,153.5,0
85.88,129.51,360.3,412.1,2
94.23,133.47,350.8,648.5,2
74.37,82.39,382.1,284.4,1
62.72,38.06,412.4,120.1,0
25.14,17.48,427.5,66.4,0
72.73,109.0,389.4,397.0,1
50.69,47.53,417.4,117.4,0
45.93,48.34,419.3,174.3,0
61.71,76.01,408.5,266.8,0
25.24,74.32,403.1,246.6,0
56.61,16.41,423.8,39.1,0
28.46,51.19,429.9,127.3,0
53.62,78.31,416.6,210.2,0
52.59,38.96,418.2,101.8,0
56.57,68.46,413.0,150.6,0
39.81,57.19,427.2,178.3,0
62.04,64.55,406.4,174.3,0
52.04,52.02,403.7,109.5,0
39.26,66.08,416.2,194.8,0
36.86,59.08,400.1,192.0,0
39.24,79.07,425.1,222.9,0
86.29,137.27,351.4,543.6,2
68.85,28.84,407.1,68.0,0
104.26,113.45,363.2,497.7,2
107.79,139.91,362.4,604.3,2
25.75,24.73,425.1,51.6,0
53.35,24.25,420.5,90.7,0
111.26,117.82,351.7,432.6,2
29.62,28.09,398.4,59.3,0
30.25,24.62,419.6,53.8,0
31.18,35.78,405.3,110.4,0
85.09,137.83,364.6,664.7,2
40.7,19.7,413.7,70.2,0
67.96,33.78,398.2,108.4,0
29.35,33.42,425.9,113.0,0
25.41,34.68,402.2,94.3,0
96.1,122.74,351.4,501.1,2
62.1,24.94,418.8,69.9,0
103.87,129.97,360.4,565.6,2
41.25,56.7,407.0,138.5,0
66.33,34.11,423.9,125.5,0
35.1,35.34,415.6,86.0,0
31.23,22.82,419.0,51.5,0
61.0,36.13,411.5,101.8,0
84.58,105.54,392.7,461.1,1
55.75,66.07,407.6,231.2,0
76.58,93.29,386.6,352.3,1
42.17,72.8,397.0,216.3,0
57.1,46.76,425.8,172.5,0
80.8,100.76,382.9,428.7,1
96.81,128.07,352.5,459.2,2
74.58,95.59,391.6,402.9,1
103.84,133.45,366.0,431.7,2
47.33,50.33,417.0,158.8,0
37.18,25.68,401.2,74.3,0
61.78,34.49,420.8,92.1,0
53.03,53.76,410.1,170.4,0
70.03,81.77,393.8,224.1,1
69.28,53.31,424.0,162.6,0
108.39,135.76,359.0,582.5,2
55.87,26.86,399.5,58.8,0
71.95,107.09,382.7,357.1,1
64.91,43.54,400.2,123.1,0
83.11,99.71,391.8,386.3,1
80.43,91.95,383.3,352.7,1
64.66,49.24,415.9,142.9,0
99.68,133.48,366.6,569.5,2
51.97,74.24,397.4,227.1,0
91.7,113.2,360.9,530.3,2
63.9,69.84,411.7,210.8,0
35.95,79.74,413.7,282.9,0
41.94,33.54,412.3,80.4,0
35.75,58.84,415.8,183.6,0
90.06,125.33,365.9,467.6,2
75.74,107.12,373.5,407.9,1
76.76,107.81,374.7,483.8,1
65.91,34.31,410.6,124.9,0
99.27,125.69,367.4,457.0,2
95.56,117.7,361.0,413.4,2
46.85,78.31,429.3,221.2,0
68.65,71.47,410.6,278.8,0
53.15,60.07,415.4,153.2,0
28.46,60.31,423.5,169.2,0
46.88,77.36,411.0,231.8,0
28.61,45.99,429.8,131.8,0
59.62,43.07,427.1,143.3,0
100.52,124.81,355.2,421.5,2
27.86,46.47,402.5,178.9,0
29.11,46.99,426.6,184.7,0
30.3,38.36,407.8,134.0,0
39.2,65.87,407.2,217.8,0
33.38,51.06,403.9,165.3,0
60.92,34.59,401.5,107.2,0
32.33,26.51,414.0,103.9,0
74.84,93.89,375.4,405.3,1
102.08,111.09,367.0,351.1,2
55.11,76.79,421.7,208.6,0
97.14,127.4,356.3,630.5,2
48.75,40.89,408.7,126.9,0
35.2,30.87,406.3,107.3,0
108.83,127.39,360.0,427.7,2
66.83,77.02,399.7,185.9,0
53.25,23.33,413.4,81.7,0
42.31,31.6,411.5,112.0,0
44.24,18.45,416.4,58.8,0
80.68,92.39,375.8,249.3,1
79.92,83.51,373.5,226.6,1
72.23,104.48,374.4,308.2,1
41.7,74.31,396.4,166.6,0
62.75,46.55,403.5,121.8,0
103.33,135.73,362.9,425.9,2
68.33,41.15,410.0,108.6,0
55.56,49.72,418.9,169.4,0
88.01,134.46,354.2,567.0,2
44.46,61.02,421.4,226.8,0
47.18,42.94,429.6,156.5,0
29.61,31.48,399.2,110.8,0
75.16,84.55,376.0,219.3,1
73.52,88.04,372.4,289.1,1
60.44,70.12,423.2,183.0,0
63.77,59.58,397.5,181.7,0
58.2,64.67,398.0,177.9,0
100.3,133.37,363.2,520.3,2
48.34,44.42,415.0,146.1,0
30.63,55.48,421.5,187.9,0
92.67,138.07,357.2,627.8,2
106.64,138.96,358.9,688.8,2
82.62,107.62,382.7,316.1,1
40.97,41.06,405.7,119.9,0
50.38,53.42,406.5,195.7,0
41.85,17.52,397.6,62.1,0
94.92,123.78,351.0,444.1,2
56.62,33.21,415.3,79.5,0
82.27,93.17,389.8,254.9,1
114.59,122.52,355.6,564.5,2
66.43,18.39,428.8,72.1,0
43.98,57.15,403.5,177.8,0
69.1,27.84,398.9,66.2,0
41.71,42.6,429.2,115.8,0
44.29,65.12,398.7,229.2,0
56.78,33.17,417.9,87.0,0
68.11,53.85,427.4,196.8,0
84.21,101.09,388.1,277.3,1
27.99,15.35,407.4,36.1,0
36.18,40.45,395.6,123.5,0
66.44,74.36,423.0,276.8,0
95.28,132.83,365.3,423.7,2
43.01,44.29,406.7,102.4,0
33.85,36.57,419.5,144.6,0
40.9,26.08,413.5,94.9,0
67.39,47.66,416.6,110.3,0
31.05,38.09,415.1,103.9,0
50.6,58.69,420.1,119.6,0
106.12,118.93,355.4,490.2,2
49.16,59.44,400.1,201.6,0
50.63,52.88,408.1,107.2,0
56.87,38.71,414.3,131.0,0
41.21,47.03,397.3,111.9,0
29.11,70.56,426.5,226.9,0
37.84,18.64,425.5,67.5,0
91.96,137.92,358.1,628.2,2
72.01,107.53,393.7,320.0,1
33.83,61.11,403.1,169.9,0
49.92,26.13,408.8,103.0,0
36.93,69.97,416.3,153.2,0
34.26,33.53,419.2,80.6,0
52.63,62.6,406.7,244.7,0
61.8,15.2,416.2,51.1,0
52.77,76.17,410.7,273.8,0
62.01,77.29,416.6,289.6,0
63.87,49.29,413.5,164.1,0
59.3,57.26,414.1,163.8,0
69.85,28.96,420.3,62.9,0
58.06,72.42,414.2,252.7,0
68.21,58.93,422.7,188.0,0
28.27,66.63,414.1,176.5,0
67.81,47.64,425.7,110.3,0
62.48,29.04,425.5,90.5,0
56.6,32.34,412.7,89.7,0
59.6,53.56,423.5,175.6,0
70.48,99.8,390.0,344.4,1
83.77,104.25,385.9,452.3,1
30.92,64.63,395.4,189.5,0
30.27,41.19,406.7,156.6,0
28.64,24.34,405.7,66.0,0
49.94,38.73,406.4,86.2,0
64.57,64.12,423.8,230.5,0
32.94,73.85,412.2,235.8,0
34.5,54.95,425.5,133.5,0
61.78,23.47,410.8,62.0,0
108.26,131.41,367.2,514.3,2
63.34,45.13,405.4,162.1,0
88.6,112.71,350.2,417.6,2
25.95,17.55,403.3,41.8,0
56.67,21.05,425.1,59.9,0
107.37,139.73,359.5,606.2,2
65.92,42.71,428.4,98.1,0
65.63,75.32,420.2,225.7,0
50.99,32.03,400.6,118.7,0
39.07,24.85,419.6,55.1,0
58.18,50.47,408.0,110.2,0
40.7,56.89,404.7,130.9,0
28.31,20.83,423.9,62.7,0
55.48,43.56,415.7,104.1,0
61.4,29.72,429.3,61.0,0
31.09,45.98,415.0,102.0,0
71.6,89.24,392.5,293.8,1
57.77,43.51,421.6,112.4,0
95.71,117.42,360.2,576.3,2
53.99,23.59,412.3,68.2,0
75.59,84.35,371.9,292.8,1
106.56,110.69,366.5,501.8,2
46.87,27.61,408.1,108.9,0
80.58,82.96,380.5,267.4,1
48.34,67.44,400.8,187.2,0
70.97,86.69,385.6,292.3,1
68.74,69.16,409.6,195.1,0
50.97,46.18,419.5,153.7,0
60.09,30.34,406.4,81.4,0
65.37,64.8,421.8,227.8,0
56.83,55.47,419.6,144.1,0
29.91,78.04,409.1,159.0,0
79.98,96.21,376.9,415.9,1
52.33,79.09,427.8,222.8,0
42.27,28.73,429.0,112.4,0
37.93,52.7,409.8,150.4,0
55.75,48.47,396.5,178.7,0
62.51,54.4,414.2,177.8,0
28.3,47.21,424.6,98.5,0
68.32,35.27,424.2,99.3,0
51.4,40.56,425.6,100.2,0
78.38,94.64,377.3,264.0,1
37.45,43.41,397.4,117.0,0
38.74,42.91,425.0,137.1,0
98.43,138.91,352.5,558.2,2
38.18,32.04,397.6,111.5,0
98.55,128.54,359.5,554.4,2
29.12,62.52,418.5,237.4,0
66.97,26.72,425.9,66.9,0
68.09,21.14,418.8,60.3,0
62.71,28.34,413.3,91.3,0
96.74,133.69,368.1,616.5,2
65.05,25.86,409.5,78.2,0
64.45,65.5,421.4,175.2,0
100.05,139.05,355.8,469.3,2
41.44,50.6,427.8,145.1,0
25.05,70.33,420.3,154.5,0
66.79,40.65,427.6,84.6,0
32.41,67.19,399.0,245.6,0
41.74,38.41,415.8,93.2,0
61.83,44.51,408.6,139.7,0
49.58,41.93,416.0,96.6,0
76.06,94.25,385.5,252.3,1
37.18,15.16,416.9,51.5,0
111.96,132.77,362.9,646.2,2
31.82,62.42,419.6,151.0,0
65.58,55.24,420.2,148.7,0
47.27,29.25,415.6,60.2,0
80.32,91.29,376.3,373.9,1
25.66,35.35,397.9,113.0,0
84.68,104.56,381.6,293.1,1
27.35,34.86,410.4,85.2,0
68.09,70.15,420.6,153.6,0
37.79,30.72,417.4,74.2,0
31.04,72.5,423.1,179.7,0
28.4,49.24,420.2,166.7,0
105.73,119.23,356.0,460.7,2
68.56,62.94,415.4,142.1,0
27.28,44.77,410.4,134.5,0
47.5,32.94,400.2,105.7,0
26.49,22.41,410.7,52.1,0
31.81,51.62,417.0,140.4,0
33.64,69.89,401.3,174.8,0
80.18,98.58,393.4,308.6,1
96.22,116.31,365.5,361.9,2
27.59,45.5,408.3,105.6,0
79.73,107.14,391.4,424.2,1
69.02,69.06,400.0,170.3,0
68.65,67.38,426.9,188.5,0
36.64,47.83,402.1,101.6,0
44.22,19.56,417.2,59.5,0
50.08,78.41,411.7,304.0,0
54.92,67.92,417.6,198.0,0
65.21,45.63,428.8,112.9,0
48.75,64.37,419.3,132.7,0
107.98,133.54,362.8,425.6,2
77.47,81.22,376.1,266.6,1
67.12,52.64,419.2,128.8,0
42.33,74.43,424.9,149.8,0
31.94,61.49,408.7,203.1,0
35.52,21.43,408.5,71.5,0
27.18,18.11,419.4,61.2,0
100.05,112.3,366.8,452.3,2
111.26,128.76,365.0,575.3,2
39.24,23.01,423.5,46.9,0
34.26,20.45,397.4,47.4,0
49.12,69.14,426.6,156.3,0
44.89,73.17,422.6,151.2,0
84.17,102.94,382.0,406.0,1
75.94,103.91,376.2,315.5,1
44.39,39.44,413.1,151.2,0
34.4,77.78,398.1,228.9,0
43.33,55.8,408.1,132.3,0
46.65,33.02,417.5,122.9,0
55.05,62.74,420.0,226.4,0
45.82,54.24,426.2,111.4,0
51.07,31.51,400.6,112.8,0
47.73,64.05,406.3,251.8,0
72.23,85.85,377.1,304.3,1
56.62,57.03,406.1,162.6,0
33.07,44.27,397.5,106.9,0
49.6,28.34,426.9,110.9,0
45.07,18.8,421.7,48.1,0
71.17,101.59,372.2,315.7,1
28.99,44.22,416.7,133.9,0
48.41,31.07,396.9,100.4,0
69.89,53.39,412.1,211.0,0
52.19,27.5,400.6,97.5,0
62.84,70.37,407.5,280.4,0
59.54,48.76,425.5,147.7,0
51.56,72.24,404.0,229.2,0
64.02,33.12,421.3,106.1,0
69.98,59.16,429.8,131.7,0
76.97,84.76,381.3,358.4,1
31.0,57.46,402.5,168.9,0
102.63,126.38,361.5,631.2,2
100.28,134.69,363.3,471.8,2
112.25,117.67,363.3,504.3,2
49.0,74.68,423.5,205.2,0
36.88,71.4,401.7,173.0,0
26.77,32.88,395.0,118.1,0
67.65,74.57,404.9,240.5,0
37.67,18.61,405.2,38.6,0
59.03,26.12,395.7,61.0,0
89.73,135.68,352.8,498.1,2
61.96,79.66,403.9,240.5,0
45.4,51.97,410.9,189.2,0
56.78,76.11,425.3,237.3,0
64.0,68.8,396.6,270.7,0
111.16,132.32,361.2,483.7,2
51.79,29.76,402.6,95.3,0
100.09,113.8,359.2,483.8,2
35.38,35.43,423.2,78.1,0
86.38,132.58,350.1,545.7,2
109.01,133.57,368.1,522.4,2
45.73,74.13,415.5,203.2,0
53.46,24.23,422.7,85.8,0
42.93,55.88,416.6,133.9,0
58.91,54.5,407.9,208.2,0
63.23,44.28,408.0,143.4,0
93.7,116.39,353.2,482.5,2
57.97,61.65,403.7,210.2,0
90.95,120.77,367.8,515.9,2
99.56,132.32,360.4,640.6,2
97.37,128.14,354.2,528.7,2
33.35,19.21,420.2,74.3,0
54.64,71.17,429.2,144.8,0
91.98,123.19,356.5,396.0,2
82.39,95.83,370.5,396.7,1
104.39,129.28,356.1,519.1,2
77.75,86.37,379.6,341.7,1
40.03,15.92,428.9,38.8,0
41.21,59.71,401.4,143.9,0
66.78,76.61,415.0,291.4,0
54.78,36.06,409.4,112.6,0
55.84,74.1,411.4,277.8,0
41.63,74.04,395.0,258.7,0
43.9,26.33,400.5,92.5,0
50.43,77.21,415.5,183.6,0
43.12,30.45,399.5,106.0,0
34.82,39.03,397.7,144.3,0
35.23,45.46,414.3,170.0,0
30.33,25.57,415.1,74.7,0
38.41,45.57,399.0,122.2,0
49.49,76.53,417.4,160.7,0
28.15,38.96,409.2,154.7,0
72.15,92.07,391.8,267.8,1
77.27,89.71,392.1,354.6,1
89.46,124.73,365.1,556.5,2
27.21,43.08,408.1,113.7,0
26.51,57.86,427.4,184.7,0
54.78,49.59,420.4,133.9,0
99.39,137.99,366.5,669.0,2
43.75,51.29,407.5,108.9,0
64.18,34.17,420.9,91.5,0
84.0,101.02,387.5,369.8,1
28.61,69.82,421.3,265.4,0
110.78,139.34,368.9,584.7,2
31.75,17.29,403.5,67.9,0
78.91,94.78,394.7,241.8,1
57.41,41.91,422.3,149.2,0
58.12,56.43,397.4,195.7,0
42.52,45.45,398.6,148.2,0
47.59,70.61,413.8,146.6,0
46.84,79.34,428.8,220.9,0
93.53,118.62,357.2,531.1,2
46.95,70.79,400.4,201.7,0
113.92,120.33,351.1,588.9,2
51.82,76.57,396.3,277.1,0
39.72,71.51,408.3,270.1,0
72.11,98.04,376.4,264.5,1
30.62,33.2,409.9,95.9,0
69.1,40.63,396.5,132.1,0
57.3,64.57,396.5,186.9,0
105.13,131.76,367.6,402.0,2
81.11,108.57,390.3,415.4,1
45.23,52.36,400.7,105.9,0
103.91,131.53,351.3,498.0,2
43.83,54.64,414.8,119.0,0
43.69,75.16,402.6,212.9,0
64.06,47.35,401.9,121.5,0
52.92,61.28,420.7,161.2,0
64.48,67.38,420.5,187.9,0
76.66,92.88,387.5,385.3,1
74.84,93.88,377.5,254.5,1
32.77,63.53,416.5,220.6,0
65.14,76.58,395.1,170.0,0
48.96,31.47,402.3,73.0,0
37.48,36.9,402.7,127.4,0
100.64,117.8,367.2,490.9,2
32.96,69.82,419.3,186.1,0
42.9,22.73,420.3,58.8,0
109.24,124.44,350.1,552.8,2
51.86,47.55,416.2,151.2,0
34.12,57.63,398.6,119.3,0
48.27,20.98,415.5,59.3,0
26.18,19.34,420.2,54.3,0
94.63,121.96,350.3,445.7,2
89.88,133.01,360.0,550.1,2
75.0,109.75,380.2,347.3,1
92.9,130.57,363.9,408.5,2
49.78,23.74,419.5,52.5,0
94.58,124.79,356.5,615.5,2
61.65,53.27,405.7,175.4,0
98.4,119.01,364.4,421.2,2
61.12,32.23,409.5,70.5,0
39.54,68.1,400.8,221.3,0
31.63,64.68,414.4,217.7,0
110.25,126.46,367.5,431.2,2
26.87,29.82,402.6,98.1,0
32.94,71.98,410.0,287.9,0
61.28,78.13,422.2,158.7,0
61.81,19.58,419.2,52.4,0
54.19,16.84,405.1,42.2,0
49.16,58.12,395.3,209.5,0
52.49,48.28,406.2,179.9,0
47.42,58.42,396.8,205.1,0
64.51,33.35,408.2,104.2,0
79.95,107.17,382.5,479.1,1
25.62,54.82,405.2,170.9,0
99.65,132.2,354.8,522.2,2
28.57,35.67,410.8,88.2,0
75.88,88.68,392.3,377.7,1
87.82,131.02,366.6,408.3,2
37.38,72.29,421.1,147.7,0
86.27,136.68,350.6,675.7,2
26.07,26.15,421.6,55.2,0
91.57,114.29,350.5,357.2,2
71.29,80.66,374.4,323.0,1
59.03,78.91,403.7,160.0,0
30.55,26.07,396.7,53.3,0
42.35,20.05,422.8,71.4,0
38.47,18.52,426.7,61.5,0
59.3,54.07,405.3,187.2,0
55.77,45.89,420.0,173.7,0
82.67,85.58,372.5,349.0,1
75.02,101.78,392.8,307.4,1
58.86,61.42,401.9,189.5,0
64.68,24.99,423.8,94.2,0
26.15,33.24,407.8,82.9,0
76.09,82.45,375.7,325.3,1
84.3,91.58,375.7,331.5,1
33.65,78.56,427.4,200.0,0
59.31,73.22,414.6,153.0,0
56.37,65.45,406.2,257.7,0
36.55,16.46,399.6,35.3,0
41.7,17.07,419.5,54.4,0
72.13,107.88,380.3,381.0,1
59.94,47.87,398.0,138.9,0
108.25,130.97,357.3,552.3,2
39.12,48.86,417.2,163.7,0
108.69,130.17,368.0,608.5,2
59.17,19.62,426.6,40.8,0
55.54,63.91,407.6,173.6,0
37.54,44.94,417.1,132.7,0
54.84,70.96,398.9,205.3,0
29.47,58.9,418.6,157.1,0
62.29,26.09,395.0,96.1,0
70.59,108.29,382.8,436.3,1
51.24,67.2,402.2,194.3,0
51.9,44.33,407.6,97.9,0
50.05,79.09,426.4,297.0,0
95.98,116.34,359.7,517.1,2
87.39,119.42,366.6,406.2,2
51.81,28.91,421.1,96.2,0
38.39,39.28,397.6,135.5,0
71.31,106.45,391.2,357.3,1
51.17,67.39,410.1,158.8,0
102.15,129.58,366.3,528.5,2
87.43,129.82,368.3,609.8,2
84.43,101.37,384.2,357.8,1
41.14,50.94,420.6,165.0,0
32.9,55.68,422.8,180.1,0
42.76,60.41,420.4,232.4,0
53.02,28.58,415.0,72.4,0
36.1,43.04,407.6,106.5,0
75.38,105.68,385.8,428.9,1
82.53,89.49,388.6,352.0,1
37.6,60.69,415.4,238.5,0
25.81,34.08,406.7,84.3,0
57.16,49.59,395.8,130.4,0
97.24,113.66,351.2,358.3,2
110.1,136.97,350.2,672.7,2
58.23,33.33,422.2,117.4,0
46.46,77.03,412.6,248.9,0
49.83,27.25,427.3,65.2,0
63.95,42.8,399.3,131.3,0
28.54,44.39,404.4,164.7,0
31.08,36.86,399.7,104.9,0
28.98,67.91,428.8,137.9,0
81.46,89.6,372.5,375.6,1
112.71,135.12,355.0,406.5,2
63.27,27.71,395.2,76.3,0
47.77,48.58,405.7,104.3,0
55.77,34.36,420.7,90.2,0
54.44,42.66,425.6,97.5,0
65.96,57.68,429.4,192.9,0
93.22,110.38,365.3,425.6,2
49.34,45.91,405.9,129.5,0
68.35,22.55,398.5,81.0,0
35.94,42.08,423.0,103.7,0
79.89,97.71,386.4,399.5,1
35.34,50.6,401.4,152.0,0
61.97,29.16,412.4,92.4,0
53.5,48.61,404.9,97.9,0
61.91,39.39,428.8,111.7,0
51.66,39.93,397.3,100.4,0
52.9,56.81,397.4,155.4,0
82.34,101.91,380.5,386.0,1
45.35,64.45,411.9,202.0,0
35.43,72.48,407.0,219.1,0
26.15,44.94,429.1,127.0,0
72.88,80.59,372.4,297.2,1
53.03,30.17,399.8,115.9,0
31.08,53.32,419.8,205.8,0
27.33,23.39,400.4,70.3,0
58.8,58.81,395.0,124.1,0
77.2,86.43,377.1,313.6,1
58.73,52.52,402.1,170.7,0
57.05,38.91,410.1,143.5,0
71.54,105.7,384.4,446.9,1
59.75,60.76,417.9,203.6,0
82.89,90.02,382.6,396.3,1
101.7,130.77,352.8,423.9,2
94.25,123.32,353.7,477.8,2
77.52,87.88,383.6,308.5,1
61.29,65.37,399.3,174.5,0
31.45,64.0,420.3,192.5,0
39.56,73.5,425.9,286.8,0
26.65,67.09,426.8,134.6,0
33.67,75.06,412.3,160.5,0
75.76,81.58,381.2,220.2,1
70.97,87.26,373.9,254.4,1
35.25,45.23,407.0,131.5,0
34.88,65.25,402.6,230.2,0
40.0,33.73,415.1,115.6,0
95.11,119.32,366.1,472.9,2
40.01,38.43,399.2,96.2,0
62.39,61.14,400.7,233.8,0
27.46,71.2,423.0,170.4,0
78.8,107.58,377.4,309.5,1
101.46,118.53,367.2,396.6,2
67.92,75.68,428.1,153.8,0
44.28,38.45,416.9,122.7,0
59.0,30.91,403.7,94.1,0
55.27,39.29,423.5,132.4,0
73.08,100.34,373.3,293.7,1
31.57,49.58,400.6,152.2,0
62.96,40.53,410.2,100.4,0
47.62,29.24,405.1,103.7,0
37.22,63.11,413.9,238.2,0
72.66,93.76,387.0,250.8,1
26.76,75.01,419.9,207.1,0
70.93,83.88,380.1,292.5,1
27.26,72.33,429.1,227.4,0
46.69,67.13,401.3,194.5,0
44.92,28.87,405.3,94.7,0
26.83,32.06,401.0,119.6,0
49.32,17.31,411.1,57.9,0
43.96,77.77,398.5,267.2,0
65.78,62.12,411.5,159.2,0
65.91,64.07,429.7,176.4,0
51.05,51.77,419.3,133.3,0
26.94,58.59,414.7,126.4,0
49.17,24.58,414.0,82.1,0
88.95,121.84,364.5,446.7,2
28.01,48.95,410.6,176.0,0
62.62,19.32,422.2,62.3,0
40.38,20.9,418.8,58.8,0
53.49,21.22,423.3,59.0,0
26.66,61.8,417.3,208.5,0
31.64,75.5,418.8,183.5,0
61.86,69.51,424.9,236.7,0
52.88,19.41,415.6,46.4,0
42.49,76.32,422.0,219.5,0
54.14,77.13,397.0,207.9,0
40.98,79.71,426.3,262.9,0
71.8,101.01,389.9,446.3,1
50.46,24.31,406.3,68.5,0
64.48,65.13,407.2,168.0,0
58.19,31.79,404.7,114.8,0
69.13,77.14,405.4,280.3,0
40.73,79.48,411.9,299.7,0
29.66,66.82,411.2,176.2,0
65.9,23.97,398.9,58.5,0
57.52,78.47,415.4,262.1,0
46.11,64.73,426.6,235.6,0
26.01,31.94,404.3,82.5,0
37.4,43.2,418.7,127.9,0
84.7,86.55,376.0,311.2,1
86.21,116.55,351.4,467.4,2
46.2,62.7,411.8,234.4,0
62.34,25.65,407.1,69.1,0
46.59,46.24,403.3,132.0,0
59.4,47.38,424.1,186.9,0
28.02,34.71,424.2,72.5,0
26.13,27.11,417.7,98.7,0
38.9,78.26,422.0,235.1,0
46.35,19.82,409.1,74.0,0
25.57,63.5,427.6,159.1,0
40.65,48.01,427.5,157.3,0
50.41,64.04,406.8,212.5,0
50.1,64.62,401.1,173.3,0
100.35,126.71,357.9,558.5,2
37.46,62.6,417.6,197.9,0
65.35,24.17,408.8,76.8,0
45.06,58.18,401.5,163.7,0
50.38,46.36,410.9,157.0,0
37.33,58.35,426.1,193.2,0
42.84,24.63,413.6,81.4,0
53.03,38.67,412.5,110.9,0
44.76,21.57,402.9,62.8,0
44.18,26.31,426.8,77.9,0
32.83,17.63,426.0,46.0,0
27.98,66.91,419.6,238.0,0
99.57,112.73,356.3,505.9,2
84.79,84.41,383.0,277.1,1
27.46,60.31,427.8,131.8,0
53.62,75.63,401.4,240.0,0
43.71,73.83,411.4,171.7,0
43.8,73.18,408.2,176.3,0
69.38,58.47,410.8,222.8,0
60.73,54.09,409.9,146.4,0
84.61,100.37,373.7,278.4,1
74.95,87.98,387.9,230.2,1
109.87,120.34,363.9,364.2,2
34.4,33.68,396.1,127.6,0
65.06,79.46,426.5,165.8,0
39.91,68.32,416.8,200.5,0
64.29,16.07,400.0,59.6,0
112.28,139.4,364.9,573.4,2
45.88,70.03,401.1,276.4,0
62.79,44.28,415.1,140.8,0
39.48,57.55,421.7,223.0,0
39.63,46.95,417.9,111.8,0
113.41,133.57,355.3,498.1,2
113.6,123.05,354.6,371.1,2
34.86,71.92,403.3,235.9,0
52.14,35.47,421.9,101.3,0
35.89,68.48,424.1,210.2,0
66.95,15.4,422.6,31.7,0
51.3,75.1,415.9,218.1,0
38.64,77.18,426.6,162.7,0
28.82,41.23,402.4,157.1,0
76.4,106.32,386.9,280.8,1
90.56,113.18,357.9,420.2,2
68.32,50.05,425.4,188.9,0
78.42,102.53,382.0,290.5,1
47.53,79.09,421.6,296.7,0
97.78,136.76,354.0,504.9,2
87.87,136.9,365.0,572.5,2
43.68,28.75,421.0,65.5,0
28.23,24.51,402.9,83.9,0
45.62,56.43,426.2,214.9,0
74.89,97.66,394.3,340.6,1
67.61,20.04,419.4,52.5,0
51.24,71.63,416.4,249.3,0
34.07,25.84,427.7,84.6,0
56.26,29.85,415.3,82.5,0
41.95,40.07,413.6,140.5,0
40.44,40.3,409.3,95.1,0
43.6,73.22,426.8,281.4,0
47.04,40.74,402.1,125.2,0
62.41,44.27,418.5,131.3,0
47.1,23.16,429.0,50.4,0
35.72,73.56,420.7,158.0,0
41.53,75.27,402.5,287.5,0
98.21,132.78,358.3,627.9,2
57.22,33.67,420.7,75.5,0
41.98,46.46,403.4,119.0,0
113.78,128.04,364.0,450.0,2
40.32,29.94,419.6,79.4,0
42.86,24.71,410.9,71.4,0
25.03,69.48,417.6,206.0,0
34.16,50.97,397.4,146.4,0
105.83,121.76,360.2,573.9,2
98.91,122.37,363.4,418.2,2
28.63,60.27,406.6,216.5,0
54.08,22.91,410.9,57.3,0
72.97,107.88,371.5,424.2,1
29.55,31.56,398.8,101.3,0
81.86,90.67,387.1,329.4,1
49.39,59.67,421.1,120.1,0
40.41,74.45,418.6,253.9,0
60.27,76.32,397.5,249.3,0
27.28,51.21,397.7,164.5,0
62.87,36.56,396.0,111.3,0
45.67,40.53,404.9,132.2,0
50.16,54.87,403.4,147.0,0
30.88,40.08,412.7,139.4,0
79.07,92.77,377.4,236.6,1
52.28,29.49,403.1,68.4,0
49.43,32.65,398.7,76.4,0
33.4,71.61,417.7,173.7,0
40.73,61.77,414.2,216.2,0
31.62,52.75,429.5,155.1,0
35.81,19.15,399.9,39.7,0
44.44,38.17,428.8,85.8,0
56.2,72.78,425.2,282.6,0
110.26,114.8,360.5,493.0,2
45.49,36.73,420.7,129.7,0
59.22,58.77,404.4,137.1,0
37.93,52.09,428.1,121.0,0
52.36,74.54,411.8,176.3,0
59.3,55.53,419.8,145.1,0
45.31,41.62,408.3,89.0,0
34.18,47.1,415.6,122.1,0
74.11,104.13,379.8,467.2,1
52.44,67.39,411.6,248.4,0
41.21,52.95,403.4,196.4,0
41.14,22.19,420.9,49.8,0
58.39,21.51,412.2,81.9,0
81.47,95.7,386.2,294.8,1
56.59,64.3,422.9,155.3,0
43.5,68.1,408.7,150.4,0
85.26,111.53,352.7,547.9,2
39.0,34.56,410.9,125.8,0
29.98,47.75,425.1,129.6,0
25.86,31.93,415.9,118.8,0
44.71,27.12,404.3,91.0,0
35.35,76.95,397.2,278.7,0
35.91,55.52,409.3,128.6,0
49.03,70.53,407.2,257.7,0
52.69,75.15,414.5,262.4,0
59.75,38.73,414.1,87.7,0
36.8,24.99,414.6,94.3,0
52.64,27.31,427.8,95.0,0
69.98,50.87,414.5,179.8,0
45.12,21.06,413.8,51.6,0
26.69,26.88,402.6,57.5,0
26.88,43.42,400.5,160.3,0
49.46,63.21,414.3,182.2,0
49.9,48.88,414.8,175.2,0
27.06,39.56,403.7,97.3,0
73.58,80.78,390.4,301.3,1
32.19,33.88,416.6,104.5,0
107.39,116.33,368.8,537.1,2
67.34,58.77,410.0,221.4,0
45.67,29.07,398.0,108.4,0
61.12,16.71,404.6,63.3,0
49.42,17.0,428.5,65.2,0
28.25,45.07,411.4,172.6,0
26.78,74.1,400.9,204.5,0
105.98,122.47,357.1,610.8,2
30.18,32.75,409.3,100.1,0
32.33,50.39,407.3,122.1,0
53.76,17.75,397.6,39.3,0
56.92,38.1,413.9,129.7,0
28.46,32.55,396.9,112.4,0
68.72,54.71,429.7,122.9,0
44.55,52.79,429.5,192.4,0
28.63,43.14,417.3,134.7,0
74.29,83.29,383.7,323.5,1
50.75,65.23,420.7,168.0,0
27.11,67.9,416.1,265.2,0
109.75,125.55,364.0,590.6,2
47.34,76.27,406.2,161.5,0
34.79,54.94,415.3,120.0,0
86.06,135.35,354.2,490.2,2
46.19,48.83,412.7,190.7,0
62.17,20.92,423.7,51.1,0
50.51,76.42,409.9,251.7,0
66.05,38.35,407.8,127.1,0
48.21,36.38,408.8,75.8,0
73.53,95.9,371.9,317.7,1
48.31,30.13,404.4,63.9,0
45.25,17.8,424.8,49.6,0
68.11,44.9,412.9,173.3,0
63.32,70.65,410.2,219.4,0
73.27,81.51,383.9,329.4,1
105.38,118.85,361.9,593.9,2
26.06,59.04,411.2,157.7,0
38.68,16.98,396.3,59.3,0
38.26,23.39,416.9,77.8,0
25.9,45.42,428.4,120.5,0
95.19,118.48,355.9,534.8,2
26.14,51.42,427.9,115.7,0
65.17,32.12,395.6,115.1,0
67.34,48.08,425.1,109.2,0
62.27,50.37,426.1,162.0,0
54.07,46.0,402.6,181.1,0
70.34,85.56,372.4,292.5,1
32.52,47.44,416.8,109.3,0
50.53,42.02,412.8,158.0,0
74.4,109.78,380.3,318.0,1
60.75,69.13,395.0,274.8,0
93.71,130.28,362.9,397.1,2
41.97,43.36,410.5,147.2,0
31.16,44.6,396.8,155.4,0
62.3,67.4,407.8,265.3,0
28.04,51.58,429.2,153.2,0
54.86,72.02,429.5,149.9,0
39.44,78.12,412.8,249.6,0
67.1,48.09,401.5,142.1,0
84.48,91.64,393.7,239.7,1
46.38,78.66,395.0,232.3,0
97.27,136.47,360.3,428.2,2
63.52,41.14,395.5,153.2,0
66.68,40.59,409.7,158.7,0
38.14,35.13,417.7,99.5,0
77.32,92.98,383.0,324.8,1
83.52,82.69,384.2,306.5,1
85.64,122.48,354.8,386.0,2
61.59,53.02,417.9,168.1,0
90.0,115.56,367.3,399.3,2
48.06,33.8,406.8,126.6,0
33.55,35.15,396.2,73.3,0
54.06,37.29,429.1,133.5,0
74.44,103.61,394.0,412.9,1
45.26,29.38,398.1,70.5,0
25.42,62.12,419.1,200.3,0
36.6,25.97,410.1,66.5,0
29.19,51.39,409.7,134.7,0
107.3,117.35,360.5,524.8,2
54.55,44.7,397.7,129.2,0
37.63,54.86,427.9,185.4,0
86.84,132.62,367.3,401.6,2
91.38,127.43,352.7,431.6,2
96.66,113.08,357.3,378.3,2
97.6,129.91,359.4,521.5,2
81.51,84.64,384.8,320.3,1
63.01,35.31,408.5,73.0,0
77.96,82.22,387.5,358.6,1
62.13,73.08,401.0,262.7,0
29.3,73.49,406.3,151.0,0
52.88,79.63,409.3,297.4,0
48.86,34.62,404.6,134.4,0
60.89,45.89,399.7,148.8,0
96.77,128.28,358.8,502.0,2
71.94,89.4,370.6,346.7,1
91.32,133.26,355.6,576.6,2
66.52,66.54,424.5,220.0,0
83.99,91.8,371.6,380.0,1
41.56,55.87,400.0,212.3,0
33.46,52.61,426.2,136.3,0
83.23,97.26,378.3,382.0,1
26.83,30.21,428.7,100.2,0
39.54,72.61,421.4,264.9,0
29.46,71.15,398.1,189.5,0
66.43,43.86,395.6,104.0,0
62.95,55.54,413.1,162.1,0
28.55,27.7,406.4,100.2,0
52.6,69.4,427.7,147.0,0
48.17,29.74,420.2,74.2,0
47.43,25.29,419.6,89.9,0
44.1,30.43,422.5,93.0,0
77.27,105.09,373.4,344.0,1
61.92,39.9,423.4,110.1,0
71.02,82.15,379.5,212.0,1
35.54,52.74,418.2,206.9,0
93.54,116.97,365.4,572.8,2
87.85,126.89,359.7,470.2,2
69.28,60.57,423.2,213.0,0
61.08,73.38,428.4,236.4,0
79.49,102.81,383.7,366.6,1
104.78,117.84,356.6,437.9,2
96.25,136.89,361.3,472.7,2
34.26,45.3,417.0,148.3,0
37.24,72.7,402.9,251.5,0
56.96,77.51,426.3,233.3,0
32.01,74.77,425.8,170.7,0
30.53,32.83,419.5,72.0,0
93.05,116.75,353.4,355.0,2
51.94,15.28,426.1,57.8,0
31.26,31.66,429.6,84.1,0
33.32,53.34,399.5,130.2,0
49.96,74.49,403.6,180.7,0
44.14,72.27,401.7,251.6,0
80.34,85.12,394.7,323.8,1
31.33,76.31,408.9,171.3,0
33.41,70.73,421.8,232.7,0
49.79,15.02,404.6,32.5,0
40.97,46.54,428.7,160.2,0
52.82,48.37,411.3,158.0,0
62.46,60.02,411.2,189.0,0
44.15,38.73,420.8,84.1,0
68.57,25.89,399.2,100.3,0
29.75,47.79,410.1,132.1,0
112.88,122.6,368.9,586.5,2
62.19,71.66,421.9,263.5,0
72.3,92.03,381.6,354.2,1
61.8,74.61,406.4,214.2,0
48.01,57.06,398.4,226.5,0
40.27,73.73,427.3,185.5,0
32.44,55.46,399.6,178.2,0
55.28,47.05,400.2,134.6,0
71.41,87.38,372.9,335.8,1
29.64,19.26,396.3,59.0,0
31.02,50.75,426.6,176.6,0
50.14,67.36,403.9,136.7,0
61.72,39.26,414.0,108.7,0
41.81,22.03,405.2,69.5,0
80.64,80.31,377.0,218.7,1
53.06,32.23,405.1,66.2,0
78.25,87.76,373.0,243.7,1
56.9,66.05,410.2,151.1,0
41.58,65.69,418.4,183.9,0
79.43,98.28,375.6,414.2,1
104.7,110.96,359.3,485.6,2
38.35,15.79,407.8,42.6,0
36.95,39.1,425.6,89.1,0
56.33,21.43,423.3,73.4,0
25.16,22.98,398.7,59.7,0
43.43,51.39,410.1,157.4,0
27.79,61.66,397.4,242.0,0
79.68,82.54,374.6,299.9,1
54.44,70.82,395.5,231.8,0
91.58,111.28,357.9,537.4,2
61.58,27.06,405.2,78.4,0
49.74,62.88,401.4,196.6,0
53.07,44.13,400.4,95.6,0
65.5,68.83,426.8,200.5,0
99.6,115.33,359.6,412.1,2
69.06,21.68,418.9,55.5,0
44.34,64.17,426.6,136.2,0
44.21,28.55,424.2,96.8,0
25.34,48.81,402.3,121.0,0
36.39,67.85,429.9,172.3,0
35.4,67.54,399.9,179.6,0
27.32,43.8,399.9,172.9,0
43.29,68.55,419.1,155.1,0
53.41,32.72,397.7,76.3,0
31.81,38.42,429.2,151.1,0
53.46,79.36,399.0,242.2,0
113.41,126.56,356.4,441.0,2
68.05,25.75,415.0,95.1,0
57.92,63.54,403.2,182.4,0
69.06,36.76,418.4,140.2,0
57.95,74.97,397.9,269.0,0
63.66,64.03,412.7,222.2,0
59.97,49.87,426.0,187.6,0
58.43,22.75,414.7,71.5,0
54.06,17.92,410.5,55.8,0
47.38,65.35,413.8,149.1,0
30.61,21.72,412.5,57.9,0
34.84,61.7,423.9,192.9,0
114.17,128.76,362.9,454.9,2
65.79,20.45,408.7,52.7,0
54.59,76.49,419.6,199.2,0
47.78,30.42,396.0,121.5,0
38.1,20.5,411.4,45.8,0
110.03,116.11,365.9,539.9,2
31.6,59.38,424.2,174.0,0
114.03,129.67,364.3,392.3,2
45.5,22.11,425.5,73.8,0
82.03,105.81,393.0,285.1,1
47.9,29.01,399.7,68.2,0
38.95,71.01,417.4,178.3,0
85.47,120.68,368.3,490.1,2
31.82,23.57,428.5,57.0,0
43.54,44.04,402.8,99.8,0
78.61,103.89,375.1,375.1,1
38.92,42.87,422.1,144.9,0
83.72,87.21,389.7,288.1,1
41.86,60.93,401.5,224.0,0
100.09,121.62,353.7,369.8,2
82.71,84.6,387.9,229.7,1
69.31,15.83,414.7,35.1,0
65.61,69.31,397.0,140.2,0
96.52,137.93,359.4,671.4,2
39.29,25.77,408.3,95.4,0
78.1,105.27,390.0,277.3,1
47.15,45.18,410.1,109.8,0
90.3,123.83,361.1,421.8,2
54.26,45.06,424.2,175.8,0
30.88,17.9,418.4,47.1,0
102.57,124.33,367.5,382.4,2
66.88,19.0,413.4,43.8,0
83.73,90.66,377.0,246.6,1
34.56,52.67,396.6,169.6,0
42.06,68.29,426.0,181.9,0
66.75,18.08,414.6,62.3,0
31.6,43.88,413.3,87.8,0
58.64,21.7,424.8,49.0,0
38.01,45.58,417.5,149.5,0
79.06,95.65,378.4,271.8,1
60.4,16.45,401.5,48.6,0
37.07,33.03,402.2,128.0,0
36.64,62.54,404.6,202.3,0
103.5,119.76,363.7,378.7,2
55.11,34.2,410.8,90.0,0
26.67,37.98,417.6,80.2,0
50.77,60.15,426.2,148.1,0
37.46,18.36,408.9,73.0,0
52.65,56.08,426.8,141.9,0
30.48,36.05,426.6,125.2,0
41.98,16.55,417.4,41.0,0
33.77,70.51,396.0,152.4,0
54.75,21.7,406.0,56.1,0
35.48,53.45,397.2,168.7,0
52.14,17.96,425.4,43.2,0
112.14,116.65,352.1,388.4,2
41.61,33.17,414.3,123.1,0
75.8,97.54,393.2,297.3,1
49.73,38.9,421.9,138.4,0
91.66,137.54,352.5,618.1,2
60.76,36.76,412.5,122.2,0
28.65,78.11,426.9,221.4,0
54.33,21.3,398.6,48.9,0
57.76,39.44,429.3,98.8,0
40.03,51.43,417.4,153.3,0
32.51,52.03,421.9,166.7,0
47.76,27.96,417.7,66.3,0
60.25,36.11,414.6,80.3,0
28.04,59.69,422.4,218.2,0
79.6,89.2,394.3,239.9,1
43.0,66.01,405.4,171.2,0
79.8,95.03,380.4,284.4,1
74.66,84.74,391.6,380.4,1
28.4,63.63,407.0,206.2,0
82.98,100.23,378.7,343.0,1
79.91,89.25,387.7,347.2,1
82.46,95.12,392.1,326.5,1
45.24,40.42,404.0,125.7,0
31.83,50.77,401.1,167.3,0
41.24,22.59,421.5,55.8,0
113.59,138.67,355.9,602.5,2
82.01,91.68,390.8,292.7,1
50.56,21.3,422.0,79.4,0
67.98,76.25,403.2,181.6,0
41.61,78.44,407.2,285.6,0
71.8,109.22,379.8,457.2,1
36.76,32.6,399.5,117.4,0
35.68,24.49,418.9,76.0,0
35.78,21.76,425.6,83.9,0
44.76,16.85,420.9,36.2,0
89.05,116.8,368.0,456.3,2
29.27,33.12,421.4,71.0,0
45.35,30.24,424.2,65.3,0
74.21,100.42,393.8,339.0,1
103.88,135.87,365.7,545.0,2
65.36,22.64,412.0,75.0,0
103.45,139.33,369.1,505.8,2
61.35,20.54,420.8,50.5,0
63.97,52.34,414.1,205.1,0
60.78,35.37,425.6,126.6,0
58.16,41.36,407.8,96.1,0
103.35,124.78,362.4,608.9,2
69.95,25.33,397.3,63.3,0
33.47,19.7,395.9,44.9,0
40.78,75.22,407.1,269.5,0
111.39,129.16,358.5,621.6,2
62.6,16.56,416.9,66.0,0
88.5,127.9,358.2,454.8,2
30.13,21.98,408.4,78.6,0
34.27,77.98,397.3,175.2,0
68.9,67.53,395.3,156.0,0
28.25,56.94,428.1,137.7,0
49.24,36.41,421.5,114.8,0
61.45,49.27,405.0,195.1,0
68.49,55.71,400.5,217.0,0
110.29,122.22,365.9,576.2,2
60.09,19.53,407.7,63.1,0
112.34,127.66,360.0,604.0,2
71.18,83.67,386.7,282.5,1
66.52,28.44,395.9,79.0,0
49.09,72.59,408.2,166.2,0
31.4,60.03,424.6,184.9,0
52.32,67.7,401.5,236.3,0
68.1,65.89,417.3,235.0,0
29.78,55.66,421.8,113.7,0
32.27,58.02,422.5,140.2,0
72.01,92.35,372.9,339.7,1
30.1,16.36,429.0,39.9,0
53.98,54.26,418.3,139.3,0
42.84,68.22,398.3,267.8,0
58.39,22.96,410.8,70.9,0
58.87,79.85,429.1,213.9,0
52.68,59.18,414.1,189.6,0
29.55,28.67,425.1,78.0,0
54.83,26.33,412.9,86.9,0
59.17,37.14,402.8,81.3,0
67.53,22.51,428.6,53.7,0
75.55,101.62,373.3,268.0,1
72.31,91.96,380.4,412.6,1
96.21,117.34,351.3,557.5,2
78.07,102.56,385.9,357.2,1
79.62,104.8,386.9,434.5,1
112.59,134.92,365.5,491.2,2
93.83,133.09,358.3,569.5,2
63.79,68.7,405.6,208.9,0
37.19,16.33,402.7,42.6,0
27.71,79.48,420.8,217.2,0
73.11,106.66,388.8,359.3,1
67.58,15.55,409.7,36.8,0
26.47,45.64,395.3,113.4,0
40.23,31.06,409.6,98.7,0
112.5,117.54,366.7,573.9,2
85.44,110.04,350.4,374.5,2
29.21,73.12,415.4,173.6,0
91.6,129.59,366.5,469.4,2
112.56,130.92,362.5,456.2,2
27.94,67.74,429.2,256.2,0
44.97,42.05,415.9,146.2,0
36.1,27.1,422.6,73.9,0
112.05,125.56,360.8,555.6,2
113.61,133.81,361.9,405.3,2
104.16,115.36,359.1,544.3,2
49.46,33.91,424.1,84.4,0
71.71,95.94,391.8,325.7,1
78.36,89.26,385.7,347.7,1
94.48,120.22,366.8,553.8,2
55.61,46.61,404.4,108.0,0
45.21,41.45,427.3,110.0,0
38.88,41.94,410.0,105.2,0
49.6,66.33,405.3,161.1,0
87.58,129.24,354.5,409.3,2
43.48,54.84,424.3,137.9,0
60.13,18.54,415.3,46.1,0
55.49,27.53,427.9,77.2,0
28.73,72.13,412.6,155.1,0
111.4,115.17,358.6,377.9,2
31.02,40.9,422.1,110.3,0
43.04,27.33,403.4,80.0,0
78.61,88.88,391.3,324.1,1
27.89,54.89,423.0,121.5,0
41.8,23.78,401.7,61.4,0
51.41,69.45,404.8,168.5,0
49.87,36.78,405.4,135.8,0
83.21,108.17,390.1,350.7,1
102.87,110.13,356.0,535.2,2
77.12,97.94,378.7,406.4,1
74.99,90.32,370.7,382.0,1
64.9,78.84,407.7,162.0,0
63.83,49.36,411.8,120.7,0
65.24,57.6,402.1,185.5,0
84.2,95.8,379.2,356.9,1
63.71,22.02,416.3,68.0,0
94.41,138.51,359.5,451.8,2
27.54,56.63,423.9,118.7,0
59.72,50.86,417.6,153.5,0
28.29,76.01,409.3,265.7,0
61.18,23.31,423.2,79.1,0
54.49,33.41,401.7,118.2,0
32.2,75.08,418.4,212.6,0
36.13,52.75,396.4,195.9,0
91.54,131.77,361.7,536.1,2
31.43,15.54,429.3,52.0,0
88.04,136.58,352.7,644.2,2
32.88,25.07,405.0,60.8,0
60.93,34.37,428.2,74.7,0
105.6,119.36,350.1,533.3,2
35.4,18.51,423.7,56.7,0
36.09,66.49,418.4,190.7,0
63.31,51.32,423.6,124.8,0
28.19,20.19,417.2,62.2,0
38.63,77.8,423.5,243.8,0
104.94,122.19,357.1,454.6,2
38.07,32.52,417.2,74.2,0
56.27,18.26,419.5,50.9,0
41.98,40.12,411.9,108.3,0
97.61,113.46,368.2,451.4,2
54.86,41.43,425.3,142.7,0
59.95,59.03,414.0,150.7,0
51.82,23.85,404.6,82.0,0
56.67,60.2,416.2,138.5,0
73.5,87.84,389.9,284.8,1
57.93,54.73,412.9,114.9,0
50.69,28.54,418.0,85.2,0
42.56,32.58,429.7,130.1,0
82.4,107.41,386.1,459.4,1
35.72,40.62,397.6,138.1,0
63.21,26.37,422.2,99.3,0
61.07,70.55,424.3,239.5,0
65.87,65.05,417.4,221.6,0
79.37,105.98,392.4,420.9,1
39.05,34.13,422.8,104.6,0
54.26,62.03,414.2,154.9,0
68.46,75.31,405.5,162.0,0
49.38,59.02,425.9,177.7,0
27.6,68.05,411.3,140.7,0
29.94,61.69,424.3,179.8,0
33.39,48.22,408.6,178.9,0
90.4,130.62,354.5,642.0,2
53.5,49.75,422.3,112.8,0
73.13,84.53,370.7,364.3,1
102.7,118.2,361.8,504.1,2
27.3,16.08,410.2,55.6,0
63.04,45.35,405.9,114.7,0
62.17,26.53,428.5,65.2,0
75.85,92.7,386.4,359.2,1
46.31,40.76,401.4,133.1,0
58.9,17.2,416.5,34.6,0
71.28,93.33,374.3,257.0,1
44.19,73.91,400.6,248.4,0
30.65,54.42,429.7,171.9,0
55.81,51.19,396.1,187.6,0
37.08,73.74,402.1,222.5,0
28.15,15.16,413.9,54.8,0
32.14,59.61,398.8,186.4,0
50.06,75.39,409.8,177.6,0
80.4,103.68,372.7,325.2,1
49.09,54.63,411.0,193.5,0
27.38,64.33,418.9,196.5,0
99.69,115.25,364.6,495.5,2
83.34,108.35,386.7,349.4,1
113.92,111.97,367.5,385.8,2
29.7,20.53,405.0,59.1,0
73.85,108.55,382.3,366.9,1
83.56,99.67,376.8,288.9,1
68.8,44.44,412.7,97.5,0
110.13,120.07,359.5,518.5,2
38.34,79.48,410.8,267.9,0
104.65,111.32,366.7,421.1,2
69.7,72.85,415.7,190.8,0
84.68,109.14,374.9,423.5,1
40.59,15.06,427.0,45.6,0
41.39,55.61,417.1,201.8,0
44.48,74.18,420.7,166.4,0
86.43,125.96,367.7,399.6,2
27.05,42.36,396.4,137.1,0
42.14,29.88,403.2,61.2,0
79.8,98.22,379.3,308.0,1
33.13,45.76,412.9,164.5,0
76.46,97.18,390.5,400.4,1
112.39,121.88,363.2,414.1,2
110.99,113.21,354.3,412.8,2
34.31,73.48,403.3,261.8,0
42.88,36.09,413.0,104.6,0
43.86,79.96,399.6,267.0,0
29.04,43.19,413.2,140.6,0
99.8,136.4,350.1,612.4,2
110.29,136.35,360.2,610.6,2
66.24,79.3,412.2,299.9,0
58.14,21.95,414.5,48.5,0
58.78,45.94,412.7,123.3,0
38.23,70.45,399.3,238.2,0
62.68,66.9,429.5,219.9,0
104.06,124.0,360.2,556.9,2
86.69,132.46,365.5,474.8,2
47.54,77.32,399.0,181.2,0
33.92,36.43,428.2,133.6,0
98.67,128.18,368.9,468.2,2
56.13,65.17,413.4,131.8,0
83.09,89.3,371.3,324.5,1
107.27,131.14,352.3,444.7,2
56.41,69.05,396.7,266.6,0
82.42,88.19,381.4,243.7,1
44.02,30.09,415.0,71.9,0
45.43,48.05,426.5,158.1,0
58.74,22.19,403.0,54.1,0
51.25,37.23,420.9,118.4,0
41.06,70.19,409.3,147.2,0
36.75,76.12,425.9,221.1,0
40.66,31.75,412.3,94.5,0
60.96,41.95,410.5,143.3,0
73.56,91.36,385.5,263.4,1
97.33,126.2,359.4,489.9,2
59.85,31.67,428.3,99.0,0
81.97,89.1,378.9,242.5,1
105.78,111.92,366.4,336.0,2
110.51,115.52,361.3,393.6,2
50.22,67.64,417.0,166.7,0
31.3,34.96,418.1,132.6,0
38.65,29.3,421.9,90.5,0
92.82,112.84,368.6,513.2,2
51.1,33.23,424.0,131.2,0
26.64,32.75,396.3,85.2,0
46.67,78.6,413.1,164.0,0
37.49,49.98,395.5,172.3,0
98.82,129.86,352.0,427.3,2
46.88,28.42,416.2,84.0,0
47.77,46.29,429.8,180.3,0
49.6,45.71,419.8,118.7,0
51.78,56.21,416.5,132.4,0
62.63,74.95,403.7,214.8,0
71.82,96.37,378.6,296.4,1
58.64,62.84,423.2,175.4,0
103.58,120.94,363.3,438.1,2
84.47,107.4,390.4,359.3,1
51.48,57.74,410.0,158.9,0
102.15,115.9,357.9,446.3,2
74.54,87.78,382.4,256.9,1
31.6,19.24,410.4,56.7,0
75.45,89.71,387.2,346.9,1
25.26,75.59,420.3,156.7,0
51.71,48.45,425.8,179.0,0
90.93,133.43,362.3,431.6,2
25.86,24.72,417.4,93.3,0
50.29,24.44,419.9,74.5,0
45.56,28.61,428.4,57.6,0
56.13,31.15,419.4,110.9,0
62.14,20.55,411.2,45.5,0
114.1,116.32,354.6,476.4,2
32.29,36.35,424.1,91.5,0
71.1,86.36,371.2,290.6,1
53.15,74.94,412.6,233.0,0
37.83,78.55,421.3,192.0,0
43.68,24.65,396.6,68.6,0
25.04,45.41,404.7,162.2,0
82.58,89.74,378.2,347.5,1
34.75,70.97,400.8,181.5,0
42.28,26.13,411.0,67.5,0
85.03,131.7,361.0,651.4,2
48.38,20.28,423.2,47.8,0
99.06,115.43,350.9,547.2,2
62.56,30.02,405.7,77.5,0
34.51,38.35,416.4,100.4,0
97.27,137.17,366.6,473.3,2
102.82,112.53,365.2,490.7,2
62.33,65.81,399.3,260.1,0
50.7,76.49,425.9,221.4,0
34.02,31.37,422.4,112.0,0
47.17,68.54,420.6,142.8,0
35.85,70.77,423.2,234.7,0
44.27,58.46,396.4,226.9,0
81.1,96.12,391.8,369.3,1
51.93,72.87,426.6,151.9,0
41.49,64.77,423.5,213.7,0
53.84,69.6,429.8,147.1,0
68.06,65.86,428.1,231.8,0
28.2,63.09,427.6,232.1,0
78.62,95.13,393.7,247.7,1
33.28,32.3,429.1,128.5,0
53.51,65.21,399.5,193.4,0
89.93,131.87,350.9,446.1,2
59.83,67.37,410.8,198.5,0
71.69,80.7,386.9,311.4,1
46.33,73.83,410.6,246.6,0
30.06,54.36,416.4,209.6,0
101.79,125.76,350.5,488.8,2
49.99,44.45,409.2,122.0,0
42.43,19.63,424.9,72.7,0
30.11,17.82,428.4,41.3,0
84.86,99.85,374.4,385.3,1
28.6,42.28,428.0,167.9,0
109.19,125.18,361.5,478.8,2
40.19,37.01,423.8,80.0,0
42.78,60.37,405.9,215.2,0
55.31,36.53,400.0,136.9,0
56.27,37.26,395.0,144.6,0
80.53,103.18,380.7,284.6,1
51.16,59.82,408.4,226.8,0
84.61,88.28,371.4,276.7,1
86.1,113.51,361.6,475.7,2
32.05,58.44,413.3,204.3,0
53.92,23.48,425.3,82.2,0
40.04,40.35,404.6,128.0,0
44.36,70.89,427.3,148.6,0
34.72,44.45,401.0,171.6,0
53.53,56.48,428.3,201.0,0
47.94,45.58,412.2,144.4,0
48.13,38.87,401.4,91.3,0
40.51,66.29,410.7,154.2,0
44.71,38.32,401.4,143.8,0
78.2,83.22,374.1,363.3,1
60.21,15.99,424.3,52.7,0
51.34,48.13,406.1,103.8,0
100.01,134.1,365.8,544.1,2
57.89,79.06,407.0,240.4,0
64.36,29.46,399.7,102.0,0
25.4,79.28,398.8,210.3,0
81.38,98.97,393.8,384.1,1
74.63,108.85,379.7,324.2,1
111.18,139.69,353.0,426.6,2
65.33,60.28,403.5,133.1,0
41.02,17.49,424.5,40.5,0
27.02,30.92,418.5,104.2,0
40.39,61.45,415.3,226.2,0
25.45,18.64,412.0,49.5,0
41.91,40.91,414.3,126.4,0
65.78,67.73,423.0,242.7,0
62.54,18.55,426.3,38.1,0
62.59,18.38,411.5,48.7,0
51.84,55.87,398.3,176.5,0
83.45,101.0,371.9,252.9,1
49.11,60.46,397.4,137.4,0
46.74,30.0,398.9,119.3,0
45.62,68.24,421.5,238.0,0
66.19,77.38,428.2,235.4,0
42.51,77.31,400.6,307.5,0
62.24,48.31,428.5,182.2,0
48.03,36.16,401.7,125.4,0
113.02,121.48,365.5,375.0,2
114.95,110.17,356.9,378.3,2
40.11,54.94,423.9,122.9,0
111.17,122.68,353.4,504.2,2
82.49,84.36,382.5,343.1,1
89.31,118.65,353.9,491.0,2
80.88,102.59,370.4,343.8,1
26.05,50.69,404.0,108.7,0
27.6,49.15,395.7,122.4,0
71.89,98.95,377.5,312.9,1
53.34,68.25,422.3,268.7,0
38.17,27.29,414.3,75.6,0
64.73,23.95,396.9,55.0,0
36.01,33.12,408.0,103.7,0
65.95,63.2,426.6,135.5,0
61.14,59.2,413.5,195.8,0
75.82,82.45,394.2,215.4,1
106.22,115.49,358.5,484.4,2
28.91,72.36,415.7,187.4,0
37.54,55.16,400.5,140.2,0
109.35,139.7,368.5,519.0,2
26.79,21.07,428.2,71.9,0
28.33,56.43,399.2,186.8,0
66.43,35.24,427.3,126.0,0
52.13,68.49,405.2,260.3,0
60.33,32.11,398.4,89.9,0
91.84,116.8,350.1,465.1,2
75.42,85.36,392.9,247.4,1
72.86,90.41,377.7,340.0,1
51.46,70.34,412.9,236.8,0
40.09,22.9,399.9,62.6,0
72.21,91.28,385.9,324.6,1
34.54,18.68,423.4,67.8,0
38.96,25.71,425.7,67.0,0
47.5,28.44,402.9,69.8,0
112.69,136.0,354.6,654.0,2
65.31,26.76,408.7,70.1,0
36.7,46.62,415.9,167.1,0
43.85,44.62,410.2,176.2,0
37.36,67.33,410.0,226.7,0
32.6,58.42,400.5,228.6,0
27.21,63.52,403.0,192.2,0
40.93,36.27,411.4,106.3,0
38.55,53.55,428.1,178.3,0
66.33,16.31,396.9,32.7,0
66.35,46.32,403.1,125.7,0
111.68,121.28,356.2,371.1,2
66.17,22.78,424.8,46.1,0
74.42,103.3,393.9,357.3,1
73.19,85.75,379.8,345.2,1
31.92,31.35,415.7,120.1,0
97.04,130.6,360.8,544.2,2
31.23,73.59,404.1,236.1,0
47.9,59.47,408.4,219.8,0
70.42,84.69,377.5,301.8,1
70.24,82.65,377.0,260.1,1
42.97,67.02,414.8,234.0,0
58.14,53.25,411.0,196.7,0
53.07,44.13,401.3,159.3,0
26.3,48.01,413.7,126.9,0
31.52,77.55,409.3,261.6,0
56.24,66.31,404.6,184.6,0
79.69,97.69,373.4,298.8,1
51.4,29.14,420.1,97.0,0
108.09,112.92,363.7,365.1,2
53.59,70.09,397.7,217.9,0
97.93,126.71,368.9,624.6,2
42.91,23.99,420.7,63.7,0
35.94,23.8,405.1,50.1,0
54.49,76.18,404.5,183.8,0
47.58,26.77,406.2,86.0,0
68.45,58.14,401.5,221.3,0
60.01,69.54,404.6,232.9,0
80.93,109.15,392.3,355.3,1
65.01,50.24,427.0,113.3,0
78.23,104.94,384.1,439.5,1
61.12,70.19,403.2,216.2,0
102.2,126.47,353.3,628.6,2
38.92,48.3,414.0,186.2,0
97.77,121.0,357.2,481.8,2
80.52,108.3,380.4,433.2,1
74.15,90.62,388.7,338.7,1
57.67,44.11,399.5,121.0,0
39.71,47.66,414.9,152.2,0
69.41,26.89,402.4,86.7,0
69.37,51.23,426.3,195.2,0
39.26,65.37,395.7,148.5,0
48.51,74.63,418.9,195.7,0
52.86,69.05,407.0,185.2,0
27.6,45.79,421.6,109.4,0
52.3,68.37,415.1,223.5,0
98.69,127.6,362.7,393.3,2
66.79,42.75,407.6,107.0,0
57.97,25.51,402.3,100.5,0
71.75,88.29,381.9,288.8,1
43.5,71.4,404.2,251.7,0
46.76,48.39,418.5,183.1,0
86.65,132.96,367.1,487.1,2
39.02,21.03,397.8,45.7,0
50.68,43.7,412.5,161.9,0
55.44,54.61,409.2,176.7,0
26.8,64.08,401.1,188.0,0
52.05,32.29,418.5,128.4,0
69.88,63.04,427.2,210.3,0
28.23,26.74,400.7,80.0,0
54.37,35.61,404.6,75.6,0
80.49,102.38,384.3,269.0,1
71.93,91.32,373.0,308.8,1
32.06,53.04,428.4,115.6,0
50.77,41.26,403.6,123.7,0
43.48,28.79,414.7,113.7,0
64.99,50.59,414.0,201.7,0
39.26,64.54,406.0,141.8,0
36.09,20.85,415.8,71.5,0
44.95,29.12,405.2,100.3,0
90.91,120.93,357.5,398.4,2
35.82,17.73,404.4,42.6,0
90.8,110.81,354.4,397.5,2
71.91,91.47,389.7,255.9,1
71.91,107.43,387.2,298.3,1
74.0,85.41,374.5,381.3,1
40.17,66.23,427.2,198.0,0
52.36,55.05,428.6,126.1,0
28.2,22.86,427.3,71.2,0
80.42,89.07,381.8,347.9,1
46.26,61.9,423.3,243.4,0
72.54,107.97,382.1,439.4,1
78.11,99.39,372.5,322.4,1
50.19,48.85,426.8,110.8,0
32.98,78.43,417.6,157.5,0
25.99,47.77,412.4,102.6,0
76.35,82.24,386.2,297.4,1
53.98,62.44,410.1,242.2,0
64.6,36.77,408.9,87.7,0
46.75,44.26,429.6,175.8,0
109.24,124.45,356.3,580.3,2
64.47,61.87,421.3,239.1,0
49.73,52.27,412.4,200.9,0
49.84,15.15,408.7,51.5,0
94.87,131.83,355.9,629.2,2
39.63,29.95,411.2,74.1,0
44.95,56.16,416.0,132.6,0
82.51,105.44,381.5,452.1,1
53.45,41.71,398.2,89.9,0
39.6,21.9,407.3,43.8,0
70.39,86.73,379.7,231.3,1
112.58,119.84,355.0,584.2,2
32.86,38.54,396.5,79.5,0
106.55,117.35,359.8,535.1,2
74.42,102.17,388.1,320.2,1
88.07,115.05,355.5,367.8,2
36.33,23.62,419.7,51.0,0
77.16,103.19,375.3,376.7,1
39.15,77.34,405.2,219.4,0
89.74,124.71,360.5,524.8,2
69.51,50.26,411.2,191.9,0
25.17,68.81,396.3,212.8,0
32.49,33.68,401.9,106.5,0
35.5,36.42,411.4,143.9,0
78.44,97.75,378.7,417.4,1
83.17,82.65,374.9,277.5,1
44.99,70.77,414.4,220.3,0
50.38,56.71,412.7,185.0,0
69.43,66.15,428.5,148.6,0
53.68,72.7,401.3,261.5,0
38.61,34.27,425.0,132.6,0
49.72,30.99,400.2,70.4,0
72.64,91.59,378.4,334.8,1
43.39,34.24,421.6,124.4,0
34.67,52.59,422.3,123.4,0
30.43,35.81,421.9,75.1,0
37.99,41.94,399.6,127.3,0
61.67,79.84,404.4,308.1,0
114.11,116.91,363.3,574.7,2
114.35,119.6,369.8,437.5,2
54.55,31.77,428.0,77.1,0
35.74,65.81,416.8,157.3,0
37.19,17.03,403.4,62.0,0
44.44,70.49,427.7,263.4,0
46.86,20.46,413.5,68.1,0
81.76,85.09,383.4,298.6,1
68.99,65.29,426.4,134.9,0
68.79,69.92,407.7,213.4,0
93.84,114.24,356.5,521.6,2
56.94,64.73,422.0,245.3,0
68.11,28.95,402.5,97.7,0
74.02,80.51,381.2,290.7,1
36.96,72.01,409.9,204.3,0
33.06,78.83,417.6,238.7,0
72.82,105.3,389.2,459.7,1
49.5,16.19,414.1,58.2,0
106.46,126.21,358.1,392.7,2
57.55,78.65,413.3,232.9,0
38.19,34.81,420.7,71.0,0
33.87,67.74,399.4,196.9,0
50.73,51.19,418.4,107.0,0
68.27,77.91,399.4,259.9,0
54.78,76.55,404.8,296.0,0
94.23,118.52,368.1,476.3,2
85.48,114.99,352.1,536.1,2
79.83,89.31,377.6,250.5,1
40.55,40.92,410.9,84.7,0
62.29,61.05,411.8,178.0,0
42.52,22.43,423.5,81.8,0
26.56,60.21,416.2,169.8,0
49.31,53.2,427.3,110.4,0
37.87,74.81,401.2,256.4,0
107.01,114.37,364.4,376.4,2
46.22,53.89,411.2,144.5,0
38.69,25.95,426.4,81.8,0
76.15,99.15,379.8,343.6,1
56.05,40.87,398.3,115.9,0
43.41,37.71,397.6,92.6,0
25.81,57.5,397.2,139.1,0
60.67,68.5,426.5,261.5,0
83.46,82.16,390.0,225.8,1
64.67,33.92,411.4,77.1,0
87.9,112.92,361.0,393.0,2
89.95,136.57,358.5,474.0,2
37.86,26.51,405.0,73.1,0
60.73,75.1,410.3,260.5,0
37.94,62.39,422.9,226.9,0
61.17,69.97,421.4,252.2,0
72.23,96.36,391.5,295.6,1
79.23,90.43,372.4,391.8,1
50.35,36.03,400.2,85.7,0
27.6,45.53,403.9,125.6,0
63.95,18.47,425.5,39.2,0
69.27,64.66,417.2,172.3,0
50.43,28.93,402.8,115.3,0
73.5,106.52,380.4,266.9,1
57.52,34.59,396.9,88.2,0
86.1,134.37,361.6,616.7,2
57.86,42.53,412.0,168.0,0
42.09,46.99,397.4,168.9,0
33.28,15.89,405.4,56.0,0
42.62,43.85,423.8,125.2,0
39.21,45.93,397.0,134.1,0
85.93,115.52,369.4,476.1,2
76.16,83.73,370.6,327.3,1
59.25,17.62,413.3,65.7,0
102.84,121.41,364.7,483.6,2
32.35,37.72,406.7,124.1,0
27.46,40.45,428.8,91.9,0
62.48,71.27,425.3,204.0,0
26.14,49.81,422.1,146.3,0
67.23,71.14,421.4,221.5,0
73.48,99.26,384.1,353.9,1
33.76,61.54,425.0,173.1,0
36.39,29.76,428.6,102.2,0
28.27,68.14,420.9,239.4,0
111.21,111.24,364.9,353.1,2
79.54,102.98,374.2,425.3,1
52.52,26.98,422.5,96.3,0
49.86,63.03,417.9,168.9,0
82.58,90.85,378.1,248.1,1
76.43,107.11,376.0,438.9,1
92.42,138.64,359.2,582.4,2
29.6,79.68,397.6,307.0,0
80.05,90.3,374.5,375.1,1
48.61,57.97,416.0,159.6,0
39.91,33.16,406.0,92.2,0
74.9,85.25,374.1,368.3,1
43.78,58.32,426.0,118.6,0
43.86,34.77,415.3,95.4,0
68.89,21.53,408.6,79.4,0
65.39,30.41,398.0,73.9,0
34.07,75.69,427.6,258.5,0
104.37,117.74,357.0,467.9,2
29.75,54.21,397.6,125.1,0
66.88,40.07,406.5,116.7,0
26.11,65.64,426.2,237.4,0
36.62,70.42,424.5,277.2,0
33.61,69.13,416.8,247.3,0
78.23,99.93,374.7,315.7,1
89.5,114.8,369.8,360.5,2
60.46,30.32,401.8,77.5,0
49.7,79.92,421.6,242.6,0
44.18,32.64,417.7,76.3,0
47.76,58.65,417.8,196.6,0
69.41,22.27,403.5,71.4,0
83.12,109.6,387.4,311.4,1
29.81,68.18,415.8,254.4,0
78.44,109.14,384.0,338.7,1
38.6,17.9,427.8,56.5,0
41.55,34.65,413.1,116.3,0
104.09,120.52,362.2,553.6,2
38.5,62.89,423.8,135.7,0
112.13,117.04,368.0,442.7,2
28.43,19.13,398.9,50.0,0
88.22,114.05,352.7,384.9,2
30.29,46.16,428.9,158.8,0
59.11,33.63,420.4,89.2,0
77.38,95.22,385.6,359.2,1
30.42,63.54,424.4,178.6,0
78.85,88.8,392.0,255.2,1
44.83,55.77,419.2,214.9,0
65.54,18.33,409.3,46.6,0
63.22,74.3,412.1,278.1,0
89.25,118.44,366.7,553.3,2
54.19,24.74,400.4,64.9,0
26.55,53.46,420.9,169.4,0
60.19,73.15,399.0,163.7,0
54.79,65.45,418.8,198.1,0
32.8,65.04,412.4,192.1,0
25.82,59.72,420.4,219.2,0
69.21,50.21,397.6,133.0,0
68.91,19.23,402.9,60.6,0
104.63,123.94,369.8,397.9,2
27.05,54.79,411.0,215.0,0
25.07,74.03,418.3,278.1,0
27.17,39.47,412.4,156.9,0
107.4,128.96,353.6,422.4,2
47.28,40.66,400.3,128.4,0
107.27,126.95,364.6,537.3,2
29.01,49.85,403.7,171.4,0
51.74,39.01,422.5,80.5,0
71.76,109.29,377.5,363.2,1
74.87,96.64,391.0,334.1,1
40.34,71.98,398.3,252.4,0
82.98,106.17,383.9,333.0,1
29.53,25.99,415.5,88.5,0
81.01,84.28,382.7,239.8,1
87.37,129.99,352.0,451.4,2
37.96,29.75,415.8,84.1,0
61.3,51.95,401.5,169.4,0
46.46,61.82,427.4,153.3,0
33.96,25.39,421.2,101.0,0
30.97,60.06,424.2,221.3,0
49.19,67.78,417.8,160.0,0
38.56,41.17,400.0,118.0,0
31.59,19.3,398.7,60.6,0
63.77,40.95,422.0,146.8,0
75.9,89.01,371.4,323.8,1
56.83,74.01,397.9,189.7,0
44.98,76.34,401.3,160.0,0
25.31,15.54,415.8,37.4,0
30.45,35.19,414.0,108.6,0
81.68,97.46,391.6,389.0,1
34.46,20.78,426.2,59.4,0
35.94,41.01,427.2,96.8,0
81.87,92.99,392.8,369.5,1
105.58,115.6,360.6,519.8,2
82.22,91.49,389.8,285.5,1
71.04,108.7,383.5,316.1,1
58.21,69.02,424.5,152.3,0
79.62,80.56,379.0,335.6,1
33.6,37.49,405.6,113.5,0
105.31,127.17,360.6,596.4,2
103.69,128.72,354.2,552.2,2
65.27,32.59,419.5,106.1,0
55.27,38.25,396.2,81.2,0
28.98,68.62,422.0,268.7,0
87.11,130.32,351.7,538.6,2
79.9,106.76,383.3,422.5,1
27.79,42.65,397.0,88.0,0
39.92,42.49,412.6,137.5,0
54.35,39.77,417.0,143.0,0
32.06,66.8,413.8,145.5,0
43.91,70.28,406.0,263.8,0
58.19,51.45,417.1,180.0,0
91.75,120.23,369.6,373.0,2
83.79,104.83,373.9,316.6,1
36.59,60.22,401.5,168.2,0
82.1,102.48,383.7,278.3,1
88.27,138.08,369.7,420.4,2
50.21,71.65,419.4,161.2,0
54.63,74.87,421.7,239.8,0
113.82,118.47,356.0,461.2,2
55.79,53.37,396.8,145.1,0
54.53,68.11,429.5,159.2,0
57.37,65.48,402.2,258.1,0
98.06,137.86,368.4,633.1,2
76.83,87.93,379.0,372.7,1
91.08,121.95,356.1,578.0,2
84.26,108.5,380.0,369.4,1
44.53,52.5,422.0,194.0,0
101.08,128.05,359.7,435.5,2
70.61,89.2,378.8,256.3,1
62.98,26.52,418.1,80.1,0
69.35,26.42,429.0,68.3,0
39.79,22.81,409.7,71.3,0
76.12,82.31,380.0,329.8,1
52.91,40.82,421.1,145.3,0
34.1,75.28,419.4,177.6,0
52.03,43.19,405.5,171.4,0
92.18,120.43,357.6,560.6,2
33.08,31.71,426.4,90.1,0
72.29,83.23,372.2,233.8,1
31.1,70.97,421.4,160.8,0
53.11,69.51,395.9,259.5,0
47.64,60.04,396.6,177.7,0
42.79,19.28,396.6,66.1,0
70.7,103.39,392.3,380.3,1
66.69,27.29,414.1,82.3,0
33.54,15.36,395.1,33.7,0
99.28,132.6,361.8,471.8,2
47.62,34.58,410.0,107.3,0
50.3,77.4,416.3,206.6,0
74.54,81.47,375.6,307.8,1
57.11,30.3,402.9,91.7,0
58.81,34.24,427.8,92.5,0
100.32,114.57,356.6,427.3,2
66.19,24.16,429.2,49.2,0
44.81,58.14,399.7,144.3,0
91.79,121.34,351.2,398.6,2
28.72,76.95,422.7,215.8,0
67.16,44.18,403.8,95.4,0
58.81,19.72,427.2,68.3,0
44.59,52.5,426.4,167.2,0
89.11,114.8,351.3,389.7,2
55.96,52.51,408.8,163.7,0
56.81,28.35,402.0,97.4,0
64.56,21.86,399.2,58.0,0
42.37,58.41,423.0,121.7,0
41.36,58.49,419.0,136.2,0
54.16,76.07,420.7,197.1,0
68.31,76.48,407.2,272.8,0
44.57,44.46,421.9,123.8,0
68.57,55.89,410.4,200.5,0
30.84,30.18,419.0,70.6,0
25.56,73.46,396.6,179.8,0
33.77,60.11,426.7,198.2,0
63.03,71.83,414.7,148.5,0
81.89,87.86,377.2,243.2,1
67.33,51.03,424.9,201.9,0
105.34,122.57,359.7,440.1,2
32.97,52.71,398.1,182.1,0
89.92,119.06,365.8,467.7,2
27.32,78.18,407.9,161.6,0
27.94,47.38,413.3,135.4,0
83.6,82.97,388.1,213.1,1
72.16,104.75,379.3,342.7,1
69.15,48.63,396.5,139.0,0
37.05,56.86,401.8,127.0,0
69.31,40.19,406.8,124.7,0
65.74,26.42,423.2,102.2,0
27.38,51.74,416.6,150.5,0
27.31,23.55,399.5,74.6,0
66.14,53.04,424.4,115.6,0
50.94,19.16,422.2,67.2,0
49.98,15.63,404.7,55.0,0
69.32,79.97,404.4,198.9,0
86.94,139.52,361.6,569.0,2
25.01,41.68,405.1,94.9,0
70.95,90.07,379.1,377.2,1
49.46,76.95,414.8,215.6,0
44.47,16.85,405.4,46.9,0
48.04,39.59,418.6,89.0,0
55.25,30.07,422.3,86.6,0
41.83,24.89,406.1,76.4,0
64.48,15.47,423.3,36.0,0
29.58,38.24,399.8,81.0,0
91.02,122.62,357.0,557.3,2
43.19,64.58,408.9,182.0,0
97.72,132.71,368.3,586.1,2
49.7,72.59,427.5,211.4,0
101.0,116.33,354.3,506.4,2
57.99,57.65,396.1,183.7,0
41.58,50.62,411.0,165.6,0
54.72,64.55,416.9,213.6,0
27.57,44.39,405.8,140.1,0
38.54,34.14,404.3,81.4,0
63.86,27.11,412.9,73.6,0
34.19,64.08,428.1,144.9,0
35.02,65.38,399.5,180.9,0
56.26,54.41,402.6,171.9,0
101.24,136.47,350.2,473.2,2
38.54,32.21,411.4,101.5,0
37.07,32.06,397.4,113.5,0
31.55,77.33,396.4,293.6,0
29.75,24.2,404.9,66.8,0
37.47,22.03,407.7,80.2,0
102.66,113.87,351.8,531.2,2
59.49,43.76,399.7,119.6,0
37.77,61.56,418.7,183.4,0
96.6,131.59,368.1,623.1,2
71.83,105.48,371.6,309.1,1
73.08,106.1,383.0,266.6,1
50.75,51.11,413.2,114.7,0
60.94,76.96,396.8,239.0,0
37.94,31.42,397.7,87.4,0
109.51,118.09,364.9,467.2,2
42.69,35.8,415.1,141.1,0
71.05,93.68,386.6,348.4,1
59.23,28.94,428.5,78.8,0
71.27,103.2,384.5,353.4,1
58.21,27.6,426.0,84.5,0
71.64,107.12,374.5,430.7,1
42.3,48.92,420.7,103.5,0
97.51,124.98,366.6,403.8,2
33.06,15.5,408.1,41.8,0
88.78,123.38,353.5,518.6,2
87.58,116.44,368.2,474.5,2
64.9,74.73,412.9,173.6,0
73.04,104.77,376.4,328.7,1
29.43,22.99,403.2,82.6,0
50.65,55.61,407.4,220.0,0
49.98,40.54,419.9,128.3,0
89.84,131.54,361.6,647.1,2
73.22,109.06,393.1,329.8,1
42.83,20.95,424.9,81.3,0
50.46,34.36,428.9,90.3,0
29.17,78.19,424.1,252.4,0
105.95,111.37,366.1,483.9,2
69.84,71.71,422.6,256.0,0
53.17,31.69,430.0,96.0,0
109.21,128.95,368.6,628.0,2
34.46,31.02,403.3,114.8,0
70.93,103.74,372.5,349.7,1
83.03,108.67,382.4,339.5,1
47.43,53.47,414.1,184.0,0
70.52,94.0,385.3,288.2,1
69.47,46.71,409.6,180.8,0
36.39,26.78,403.1,90.2,0
57.92,20.25,423.3,48.5,0
53.39,78.11,401.2,311.5,0
27.02,42.35,399.5,104.4,0
56.97,79.75,419.8,250.4,0
38.75,28.23,429.4,74.1,0
106.09,139.74,369.5,432.7,2
46.4,48.29,420.5,182.0,0
57.81,52.79,397.0,170.2,0
54.19,49.06,408.6,164.2,0
75.03,86.83,374.3,325.5,1
78.35,106.15,387.7,295.2,1
59.71,52.31,415.8,130.3,0
79.92,84.75,382.8,285.1,1
36.64,55.83,422.4,214.4,0
59.28,37.65,408.8,144.8,0
73.74,89.01,385.1,334.8,1
54.99,48.75,403.2,101.7,0
80.5,84.48,388.8,359.9,1
30.38,20.91,428.5,69.9,0
48.15,31.39,418.5,88.8,0
78.36,107.1,394.9,348.9,1
68.15,27.23,429.5,71.3,0
81.24,106.91,384.4,420.3,1
102.06,130.63,355.7,441.7,2
34.04,33.01,416.3,108.4,0
60.12,61.42,416.7,154.4,0
28.2,75.85,415.7,283.5,0
25.81,62.26,402.4,237.1,0
30.28,15.69,401.9,50.7,0
75.13,99.52,394.0,313.6,1
41.5,29.71,397.8,64.6,0
75.5,107.37,382.5,345.8,1
38.78,26.45,421.6,77.6,0
77.62,80.46,394.6,257.7,1
88.17,139.77,369.3,627.7,2
30.19,31.44,415.8,123.4,0
56.16,35.95,401.2,105.9,0
32.28,55.64,428.3,127.5,0
68.98,24.22,425.3,69.6,0
48.31,71.9,417.6,198.4,0
56.32,61.55,395.6,141.9,0
28.95,61.03,420.6,185.5,0
109.34,132.01,359.2,482.1,2
30.81,20.05,429.7,43.9,0
40.41,35.72,409.3,84.4,0
43.71,50.5,397.8,147.0,0
56.03,56.78,425.3,144.8,0
60.99,20.17,413.7,43.4,0
43.42,67.25,414.6,151.3,0
70.67,89.34,389.9,235.9,1
103.71,110.36,358.6,411.0,2
62.01,54.4,421.6,136.5,0
37.38,71.93,411.3,243.8,0
47.88,18.01,416.2,37.8,0
66.72,54.28,421.3,121.4,0
26.68,20.07,395.4,52.6,0
36.26,76.68,397.8,206.3,0
28.63,34.23,418.4,130.1,0
68.33,15.44,399.1,59.6,0
44.46,68.84,399.2,236.2,0
101.55,137.4,364.8,413.4,2
70.29,80.5,383.0,261.9,1
62.46,33.18,403.9,121.1,0
49.1,47.16,402.5,188.1,0
91.88,125.36,366.5,563.4,2
50.06,32.85,428.4,108.1,0
40.34,65.61,407.3,156.5,0
53.69,55.21,404.9,206.5,0
50.08,54.48,427.2,184.0,0
65.44,65.06,406.0,214.0,0
91.56,123.4,361.4,413.1,2
81.16,103.31,391.5,446.0,1
81.79,90.71,392.3,331.8,1
59.16,33.81,401.5,70.1,0
96.0,112.02,352.9,452.8,2
64.71,57.82,407.2,176.5,0
107.32,120.22,363.3,398.0,2
57.4,27.09,402.7,108.3,0
29.16,54.01,422.5,144.6,0
84.24,95.22,370.3,300.4,1
57.13,66.42,407.8,177.6,0
64.97,67.0,406.7,181.0,0
69.35,32.57,421.5,79.7,0
92.91,114.12,369.5,535.5,2
29.54,58.82,425.6,179.8,0
36.35,41.19,412.8,95.9,0
77.73,95.31,386.6,382.6,1
63.68,57.42,411.4,192.5,0
44.22,63.87,411.9,248.9,0
53.63,54.6,413.8,116.0,0
75.7,88.4,380.5,306.9,1
54.55,49.12,413.0,113.3,0
71.83,81.18,379.6,351.9,1
70.37,103.26,373.1,364.6,1
43.46,16.39,426.0,55.5,0
53.85,61.59,421.4,136.3,0
87.87,116.08,368.8,375.8,2
72.52,107.87,376.2,344.2,1
46.05,75.08,410.7,229.3,0
51.03,50.28,405.2,104.6,0
60.97,57.56,427.9,191.4,0
50.56,55.15,419.7,158.6,0
72.84,91.05,388.0,246.9,1
60.23,76.47,418.0,206.9,0
25.01,57.49,402.5,131.7,0
102.79,117.96,356.0,425.9,2
75.24,99.95,393.8,280.2,1
32.34,78.45,423.1,240.6,0
29.86,76.32,412.6,191.3,0
112.42,122.16,356.4,570.2,2
60.5,42.33,420.3,117.6,0
104.02,138.89,351.0,595.4,2
65.36,66.26,417.1,235.1,0
68.82,40.4,396.7,101.3,0
61.96,61.74,397.3,184.5,0
86.11,137.51,354.9,475.8,2
40.59,76.37,412.8,232.6,0
48.92,70.55,425.1,180.2,0
34.41,70.96,395.8,273.3,0
49.48,57.48,409.5,118.3,0
40.48,43.19,405.0,130.9,0
30.32,16.45,420.7,50.5,0
67.26,77.42,397.9,227.4,0
26.94,42.17,423.0,148.7,0
35.89,17.32,417.1,43.3,0
66.16,23.33,396.3,84.0,0
88.73,130.03,369.5,618.1,2
112.2,126.44,356.9,481.9,2
31.11,68.55,421.2,200.0,0
31.44,63.87,407.7,163.2,0
52.25,17.63,409.9,48.8,0
25.45,43.1,425.0,90.5,0
102.71,136.22,368.7,661.4,2
68.34,45.63,416.8,127.4,0
69.58,20.39,429.9,59.0,0
35.84,47.45,414.0,165.4,0
26.25,62.66,405.3,189.2,0
41.74,67.67,398.1,247.9,0
47.78,50.18,413.6,175.2,0
46.22,36.43,408.9,107.5,0
79.1,89.36,378.9,231.2,1
107.08,124.18,364.6,604.5,2
35.75,65.97,404.3,198.6,0
111.95,115.7,369.2,453.4,2
41.87,61.41,427.1,198.6,0
67.86,39.77,414.3,157.7,0
57.64,30.14,410.9,101.7,0
114.39,131.7,364.2,531.9,2
67.32,68.26,423.2,250.6,0
56.38,47.36,404.5,165.3,0
99.25,114.57,363.7,409.0,2
67.76,41.48,421.8,87.3,0
65.29,65.96,420.7,225.9,0
65.85,21.95,418.0,79.0,0
106.31,117.41,358.2,463.6,2
29.23,28.44,400.5,82.7,0
63.23,66.29,416.4,204.7,0
43.98,22.99,412.6,86.6,0
108.7,123.51,357.7,589.8,2
36.14,31.21,413.5,102.3,0
65.87,31.25,395.3,77.3,0
46.66,18.04,403.4,53.2,0
28.4,56.46,413.8,205.7,0
90.35,133.95,355.5,408.4,2
43.88,60.66,427.8,239.6,0
99.69,135.66,367.7,637.4,2
47.45,22.17,412.2,76.8,0
68.32,38.57,410.3,124.2,0
32.87,42.72,415.3,108.6,0
39.83,46.27,409.6,179.8,0
53.43,69.61,418.0,270.3,0
52.96,34.02,408.6,126.0,0
25.41,26.93,417.5,58.7,0
98.12,117.99,350.9,387.6,2
54.14,31.29,402.0,75.4,0
50.28,56.05,419.2,146.9,0
51.13,39.9,401.1,110.9,0
34.68,27.77,423.9,106.4,0
73.54,96.65,375.6,300.6,1
62.2,27.28,420.0,81.7,0
34.05,29.69,410.2,117.1,0
50.6,77.2,425.2,300.5,0
36.59,66.35,415.4,253.2,0
62.77,60.48,407.1,123.4,0
36.33,72.15,425.8,288.1,0
69.84,55.76,416.6,158.6,0
76.09,96.89,390.4,355.2,1
43.24,28.98,419.5,74.2,0
59.21,53.43,411.5,171.4,0
74.41,81.99,377.4,331.4,1
66.68,56.36,402.2,155.4,0
100.71,129.6,361.1,621.5,2
57.72,61.51,413.7,150.7,0
108.59,133.94,352.1,582.7,2
52.57,71.97,395.3,207.1,0
77.84,82.88,375.4,335.9,1
95.8,131.3,362.8,482.2,2
68.45,32.25,410.3,79.2,0
57.67,17.64,411.7,38.8,0
74.1,96.84,393.8,323.8,1
29.34,49.59,406.4,108.5,0
51.09,78.05,429.9,288.0,0
52.49,19.36,427.2,39.5,0
53.64,36.95,419.7,120.5,0
79.71,92.12,378.2,408.6,1
66.77,18.06,398.4,70.4,0
40.95,29.75,400.2,116.8,0
56.3,48.4,397.7,165.9,0
36.18,21.12,414.0,82.4,0
64.6,42.18,414.7,126.8,0
65.86,62.5,411.1,200.7,0
61.01,26.19,406.8,77.4,0
57.82,59.12,401.6,166.4,0
104.81,130.84,353.6,619.8,2
77.99,101.75,381.3,369.6,1
73.27,108.24,391.6,398.5,1
108.09,129.12,367.0,522.5,2
75.98,96.92,392.6,255.4,1
65.79,34.67,398.7,76.5,0
36.81,71.75,416.3,278.8,0
83.73,81.78,393.2,257.4,1
61.81,22.15,429.3,65.8,0
69.14,55.54,417.7,142.1,0
40.79,58.14,414.1,181.2,0
92.05,113.31,355.1,406.4,2
78.21,86.97,371.6,270.2,1
55.47,31.81,408.8,102.6,0
32.04,43.78,425.7,154.1,0
54.05,67.72,406.0,270.6,0
49.67,64.83,399.8,207.7,0
68.31,59.8,420.8,135.4,0
52.35,34.85,403.0,112.9,0
63.78,64.19,402.1,152.3,0
60.99,76.51,421.3,256.7,0
31.43,65.34,408.4,260.9,0
43.55,27.17,405.2,59.5,0
60.88,26.04,403.2,59.3,0
43.25,28.75,424.5,67.3,0
79.05,103.06,377.6,383.8,1
27.27,49.6,406.0,157.0,0
58.69,26.11,418.9,66.6,0
85.08,120.75,350.0,446.0,2
25.29,28.16,416.3,63.5,0
88.2,113.0,358.7,373.0,2
42.69,45.15,398.8,128.6,0
55.62,35.37,398.4,123.1,0
46.69,15.89,397.0,45.3,0
59.05,72.63,404.4,243.1,0
68.4,58.81,425.2,234.5,0
69.5,48.1,418.1,114.5,0
51.19,22.37,429.9,63.1,0
62.89,42.63,410.0,132.3,0
100.91,136.48,362.1,487.1,2
64.02,55.51,399.9,182.4,0
54.64,28.91,429.0,60.4,0
32.03,45.5,422.0,173.8,0
44.31,41.53,416.3,164.9,0
61.79,67.7,396.9,182.4,0
106.09,112.2,369.7,438.0,2
89.04,121.52,369.2,604.0,2
31.22,21.51,417.8,58.9,0
51.71,52.25,400.2,190.4,0
28.72,65.94,395.5,176.6,0
42.65,19.1,425.4,67.5,0
105.29,132.31,351.2,563.3,2
58.46,46.26,412.3,140.8,0
57.36,32.87,410.1,95.6,0
47.03,72.86,400.9,245.0,0
68.45,66.45,412.4,145.0,0
112.44,111.04,357.0,446.9,2
43.07,33.31,400.2,90.1,0
96.48,126.67,356.3,613.4,2
63.57,24.41,411.5,89.2,0
41.8,69.58,422.5,210.9,0
107.65,138.66,357.1,504.1,2
74.15,104.65,376.9,341.2,1
43.39,72.98,420.8,160.2,0
60.56,46.88,406.6,161.6,0
27.46,21.48,400.1,71.3,0
45.68,42.39,420.4,115.9,0
64.98,68.86,415.9,165.4,0
99.3,137.08,363.4,611.4,2
26.22,36.97,414.5,119.5,0
34.81,33.73,410.1,131.3,0
35.19,63.73,423.6,149.2,0
41.86,75.94,413.9,161.8,0
82.49,89.7,379.3,238.3,1
68.05,31.91,398.0,124.1,0
26.16,28.96,422.4,89.8,0
65.74,52.64,421.9,186.7,0
30.13,42.65,402.7,163.0,0
55.74,54.27,413.3,117.0,0
30.93,78.2,424.7,299.7,0
73.3,88.64,392.4,318.3,1
64.47,20.31,416.2,69.6,0
63.21,31.73,414.8,121.0,0
85.21,134.49,363.2,600.9,2
47.39,18.78,398.2,50.4,0
27.81,30.53,402.3,80.0,0
33.96,15.4,410.1,61.0,0
95.54,122.56,362.2,515.8,2
37.88,21.13,418.6,47.5,0
66.29,66.49,406.0,254.6,0
39.03,62.42,397.7,173.1,0
68.91,77.26,426.8,307.0,0
84.72,80.25,387.3,249.4,1
60.13,22.11,413.7,79.8,0
97.0,121.03,354.5,391.6,2
61.09,17.36,417.8,45.5,0
50.35,25.35,414.1,51.8,0
59.14,27.84,405.4,79.2,0
54.35,59.2,398.3,189.3,0
47.02,73.62,397.0,272.4,0
71.76,99.18,394.2,312.5,1
55.97,78.29,427.1,234.8,0
68.09,25.49,418.9,74.4,0
31.14,20.08,429.8,69.5,0
57.55,23.09,416.5,86.9,0
45.05,64.12,410.6,183.3,0
65.38,66.76,416.3,261.2,0
68.88,20.63,427.6,56.1,0
55.83,62.29,424.1,189.2,0
34.41,60.33,399.0,200.4,0
69.68,62.45,409.1,232.6,0
61.52,68.96,406.9,271.9,0
99.35,117.52,362.0,501.8,2
28.68,48.59,421.8,187.5,0
41.01,17.01,422.2,66.9,0
61.33,73.99,418.2,208.8,0
53.99,30.4,399.1,117.9,0
90.85,137.92,366.9,492.9,2
78.16,90.46,374.7,387.0,1
32.87,54.86,405.2,206.2,0
57.07,71.54,400.7,146.1,0
82.37,101.41,387.0,339.3,1
29.74,27.59,413.4,71.0,0
93.81,125.08,366.6,572.8,2
61.22,76.23,398.6,191.8,0
77.98,86.37,373.4,285.3,1
35.62,54.39,400.2,109.4,0
81.66,93.08,380.3,297.6,1
57.23,23.9,407.8,69.4,0
93.79,126.18,351.8,445.1,2
45.98,76.43,398.7,243.8,0
75.03,105.81,394.4,298.3,1
57.51,45.77,429.2,110.1,0
36.29,47.73,421.2,185.5,0
30.34,61.55,403.5,168.3,0
107.67,112.08,350.9,352.8,2
84.87,102.03,390.6,288.1,1
68.09,58.08,406.1,224.0,0
69.58,18.57,396.3,48.6,0
58.05,18.93,427.8,62.8,0
57.92,54.79,400.2,124.0,0
78.29,90.26,384.3,344.3,1
49.84,58.03,421.6,182.1,0
66.03,40.21,407.2,141.8,0
49.33,20.18,419.3,63.8,0
58.76,30.02,404.5,110.3,0
28.09,35.45,425.0,140.1,0
56.8,77.19,419.0,250.8,0
62.01,15.77,397.6,58.3,0
50.27,64.24,425.5,250.5,0
65.57,41.28,415.4,132.4,0
68.47,61.3,420.3,138.3,0
68.19,41.7,403.4,108.3,0
109.75,135.53,361.2,569.3,2
83.35,100.25,387.3,268.8,1
43.5,66.59,403.5,234.2,0
36.34,30.82,412.3,113.5,0
66.44,43.05,403.4,88.8,0
62.42,65.15,405.7,242.3,0
35.88,54.33,417.0,210.1,0
64.25,15.05,424.3,46.3,0
54.21,17.34,396.3,47.8,0
69.21,22.45,401.0,48.5,0
52.88,54.99,403.3,117.5,0
40.02,33.96,411.7,87.9,0
39.35,49.77,425.6,191.2,0
33.9,34.32,406.1,74.2,0
80.18,82.81,393.5,267.1,1
35.54,58.77,415.1,146.9,0
41.79,73.69,398.5,206.9,0
67.65,73.7,422.2,235.8,0
61.37,15.96,415.3,31.9,0
111.22,136.22,362.3,513.6,2
31.7,79.12,403.6,169.9,0
76.17,104.62,385.1,274.8,1
68.64,70.32,414.8,153.5,0
44.52,40.33,409.8,110.1,0
96.79,122.44,368.3,474.2,2
32.81,49.69,427.0,166.4,0
61.22,56.83,396.1,213.8,0
27.88,51.55,410.5,106.0,0
98.67,111.22,355.5,366.5,2
114.58,129.97,363.7,516.5,2
56.89,28.89,400.0,82.9,0
86.49,113.99,362.5,552.1,2
56.6,38.91,403.5,88.7,0
46.05,46.92,412.4,147.7,0
57.49,54.14,396.9,122.0,0
36.69,34.4,405.7,72.5,0
62.91,77.66,420.1,246.2,0
90.63,130.69,363.4,562.6,2
59.86,19.7,415.1,68.9,0
84.48,86.41,393.6,229.7,1
67.83,79.08,397.4,255.3,0
38.68,58.95,404.8,138.9,0
59.88,49.27,408.5,120.0,0
65.65,66.78,426.5,137.6,0
49.34,54.14,419.3,139.4,0
26.94,71.6,398.0,236.1,0
69.53,38.03,398.8,109.6,0
60.68,71.69,429.3,147.9,0
66.76,74.81,427.9,249.0,0
77.98,107.35,386.1,446.9,1
26.77,35.36,408.7,120.2,0
113.26,134.83,354.3,434.6,2
94.3,122.68,367.4,536.0,2
58.19,15.97,419.2,40.7,0
41.85,24.1,421.5,73.8,0
40.97,15.65,410.9,38.2,0
34.26,44.15,421.2,158.2,0
27.79,51.8,426.3,187.0,0
83.86,108.62,375.9,351.0,1
51.03,58.37,421.4,201.6,0
25.73,26.66,413.3,55.6,0
87.24,117.36,364.0,477.6,2
30.42,37.82,414.6,116.5,0
74.3,103.66,377.0,414.8,1
62.9,31.5,416.1,87.0,0
45.52,54.25,415.5,200.3,0
58.24,21.66,397.9,52.5,0
45.45,16.27,398.7,56.6,0
42.97,43.85,403.5,120.2,0
44.09,22.49,397.5,52.2,0
81.2,95.79,374.6,314.0,1
76.79,106.82,389.6,411.3,1
103.92,110.75,365.8,359.9,2
77.6,86.52,375.6,276.6,1
47.89,71.1,407.5,276.7,0
26.37,39.85,401.7,124.6,0
35.64,33.1,396.5,69.3,0
73.31,88.9,387.2,320.5,1
38.02,60.22,425.9,193.3,0
110.96,132.11,350.1,477.1,2
61.58,37.08,407.2,111.0,0
35.98,78.18,413.9,305.5,0
68.98,54.55,411.3,132.5,0
56.48,79.89,428.0,203.9,0
66.25,35.21,421.2,112.5,0
69.94,70.99,399.4,277.4,0
55.56,68.41,415.7,181.1,0
71.94,95.78,377.9,286.6,1
77.55,93.3,386.4,237.9,1
33.02,51.4,402.3,175.7,0
52.46,37.13,428.8,74.5,0
100.19,134.53,354.3,431.3,2
74.23,93.66,379.9,277.1,1
40.97,25.05,423.0,89.2,0
94.41,137.8,358.9,669.8,2
111.33,131.91,363.7,449.4,2
85.73,113.12,363.6,502.9,2
44.62,71.53,427.4,222.1,0
33.25,71.27,402.3,185.3,0
108.5,120.56,357.6,587.6,2
35.38,49.6,415.7,184.7,0
48.0,65.31,414.3,195.3,0
41.62,48.24,397.8,163.8,0
59.65,25.3,423.5,67.3,0
31.41,40.88,407.5,137.4,0
64.22,74.03,406.3,170.4,0
94.13,135.88,350.6,574.4,2
28.66,23.28,406.9,55.4,0
48.64,56.52,400.5,135.3,0
28.47,35.37,425.7,99.6,0
102.8,130.63,350.3,442.1,2
25.0,24.67,410.7,55.2,0
55.43,62.84,410.7,214.3,0
55.24,44.72,402.0,140.2,0
30.27,59.59,416.2,142.2,0
35.56,30.57,421.2,74.4,0
39.4,38.63,413.5,99.8,0
108.1,116.73,352.3,463.6,2
61.97,41.72,398.6,131.4,0
106.18,125.32,351.4,553.4,2
37.79,74.94,428.4,190.1,0
68.92,28.98,396.9,75.4,0
27.57,73.15,413.4,159.1,0
45.82,51.04,408.8,142.4,0
89.48,117.13,369.1,456.4,2
32.54,41.83,401.5,162.9,0
71.68,83.7,370.5,243.4,1
58.86,70.2,395.6,269.0,0
54.6,67.23,405.3,179.8,0
69.68,51.09,401.8,118.5,0
71.35,84.18,376.3,282.8,1
49.07,22.2,418.7,52.4,0
39.17,46.58,402.1,182.3,0
84.98,99.98,377.8,378.1,1
54.67,51.82,417.6,134.2,0
63.35,44.52,404.8,122.0,0
59.5,42.73,429.4,137.2,0
109.76,119.4,355.7,446.7,2
75.57,101.56,386.0,381.1,1
48.61,19.44,405.1,62.0,0
54.67,75.07,420.8,254.2,0
47.53,46.56,402.4,136.4,0
51.44,47.31,426.7,132.0,0
55.25,48.69,425.8,152.2,0
62.64,76.77,424.4,306.2,0
56.81,47.74,400.1,118.7,0
76.34,99.73,380.0,353.4,1
57.09,40.98,422.0,90.3,0
51.82,19.94,413.7,48.1,0
69.65,56.21,422.6,150.5,0
27.86,46.8,408.7,110.3,0
35.51,41.97,402.9,156.1,0
43.98,49.51,427.4,112.0,0
47.0,18.33,404.5,72.6,0
70.64,83.45,394.7,226.3,1
74.08,99.26,373.6,348.2,1
43.16,51.28,420.2,157.1,0
36.19,31.16,406.6,90.0,0
47.95,59.38,409.0,178.1,0
85.17,131.02,351.2,469.5,2
59.63,75.88,405.6,190.5,0
28.46,42.03,398.9,129.1,0
68.5,37.27,419.1,113.4,0
88.47,138.93,357.7,670.7,2
64.8,20.35,412.3,68.3,0
112.26,121.33,355.1,457.8,2
114.94,112.98,363.5,530.5,2
107.53,132.37,365.3,533.2,2
63.09,59.84,426.6,192.5,0
42.63,64.49,420.2,194.6,0
43.87,78.52,401.5,245.9,0
72.15,104.06,388.8,276.5,1
73.76,102.47,391.0,447.2,1
28.84,77.26,411.4,222.4,0
46.79,74.26,419.8,175.3,0
55.93,60.86,398.4,227.8,0
81.0,102.62,394.2,281.1,1
97.91,122.17,351.0,372.2,2
53.38,19.98,411.2,42.3,0
35.42,71.87,426.0,214.3,0
90.6,115.34,361.1,511.0,2
44.69,29.99,417.5,86.8,0
73.41,90.22,393.8,296.6,1
95.25,127.05,368.4,594.9,2
82.56,91.79,375.1,339.1,1
42.9,43.15,428.1,137.3,0
65.5,62.38,410.4,193.4,0
27.57,39.95,422.5,130.9,0
107.75,116.34,362.5,391.2,2
66.69,41.23,406.3,137.5,0
34.34,51.24,402.7,106.5,0
60.72,31.55,419.5,91.6,0
35.91,53.54,418.0,147.7,0
34.19,59.3,421.6,185.4,0
30.71,56.24,426.3,146.3,0
67.13,18.28,405.4,49.7,0
27.18,26.04,411.4,94.2,0
53.98,76.11,408.5,223.5,0
59.72,60.29,395.4,234.7,0
79.96,104.65,390.9,326.8,1
110.37,119.63,356.5,571.4,2
53.92,56.92,421.6,138.3,0
33.36,57.27,429.0,180.1,0
65.14,51.16,402.9,196.2,0
54.84,76.0,412.1,178.9,0
65.41,64.72,424.1,169.2,0
81.3,80.95,388.4,283.3,1
41.14,58.66,414.1,128.2,0
65.77,17.09,410.3,55.1,0
67.19,51.97,418.3,124.9,0
76.92,90.33,373.5,330.0,1
63.4,24.44,406.3,66.7,0
52.82,25.84,409.6,98.7,0
59.52,36.86,399.9,94.7,0
51.19,66.58,417.5,234.7,0
76.25,95.82,384.6,334.8,1
75.06,97.91,391.4,326.8,1
53.41,16.29,428.8,55.9,0
35.76,20.66,399.8,50.0,0
100.57,117.94,366.5,571.9,2
102.59,112.25,365.1,513.2,2
71.86,80.61,381.5,284.4,1
56.92,34.73,400.8,72.2,0
109.13,137.86,362.1,625.5,2
62.69,18.36,402.5,37.7,0
87.01,119.34,362.2,514.7,2
63.9,21.73,429.6,75.0,0
31.34,59.46,426.8,145.5,0
61.77,53.52,411.1,161.4,0
35.17,38.2,401.5,114.8,0
61.23,20.51,422.3,64.0,0
31.49,52.16,414.9,122.6,0
58.78,33.61,407.8,102.2,0
48.34,21.48,415.6,84.1,0
68.0,15.8,428.0,58.3,0
44.24,76.79,410.4,290.9,0
76.28,102.6,387.1,415.7,1
35.3,33.66,409.2,98.8,0
54.24,58.6,408.1,139.5,0
80.18,94.57,375.7,307.8,1
84.89,82.36,387.6,291.9,1
92.33,122.07,367.6,466.2,2
113.29,138.96,350.2,660.2,2
87.07,125.97,369.0,610.5,2
65.23,77.55,405.3,193.2,0
85.07,129.12,350.0,468.3,2
83.61,90.44,385.3,272.6,1
76.35,103.41,391.5,463.8,1
56.01,23.67,423.3,75.6,0
54.18,24.63,423.4,53.6,0
69.37,61.55,397.5,132.2,0
98.57,129.49,365.5,478.3,2
48.2,53.2,429.3,161.3,0
69.45,44.13,401.0,150.5,0
38.04,72.0,408.4,206.5,0
78.82,89.79,384.8,367.4,1
82.55,88.18,394.8,385.7,1
48.96,37.01,414.4,138.9,0
40.31,72.34,415.9,287.9,0
48.44,32.9,426.4,79.7,0
40.96,73.23,421.8,153.7,0
26.82,55.83,410.9,151.6,0
81.27,104.67,372.0,319.5,1
25.91,62.07,424.8,137.9,0
26.24,22.18,422.3,84.8,0
50.96,54.79,422.7,198.3,0
45.72,63.02,419.9,170.5,0
59.57,76.66,398.2,187.6,0
70.03,93.47,388.2,257.0,1
63.83,32.46,401.9,107.9,0
40.34,33.08,412.6,121.3,0
45.08,29.28,417.6,64.6,0
61.93,28.11,424.7,83.0,0
43.4,17.55,399.4,43.3,0
69.6,18.38,415.8,54.8,0
39.12,55.95,427.5,119.3,0
108.7,126.09,355.2,476.4,2
86.26,111.2,359.9,502.5,2
56.26,37.72,411.5,113.3,0
44.36,71.85,413.3,255.6,0
98.4,114.63,360.7,452.6,2
50.62,56.88,416.1,197.3,0
114.88,133.95,364.7,631.3,2
83.0,81.94,371.4,230.5,1
110.69,133.19,365.6,575.5,2
25.89,50.73,415.3,195.0,0
105.81,118.63,364.2,492.2,2
31.46,44.77,397.1,162.7,0
103.04,117.55,350.3,511.1,2
42.35,50.37,413.9,197.1,0
54.78,33.24,398.2,88.5,0
70.98,105.01,382.0,271.6,1
70.66,100.39,382.3,255.6,1
79.78,99.27,382.3,435.5,1
61.16,36.15,424.3,100.4,0
82.71,98.19,377.0,440.6,1
58.96,51.74,410.1,140.8,0
110.19,116.15,368.4,472.8,2
40.7,22.52,400.6,83.2,0
39.68,50.57,414.4,171.0,0
41.77,71.38,425.0,214.2,0
45.68,19.87,398.1,73.8,0
53.87,71.87,402.3,151.5,0
54.71,46.35,417.0,126.0,0
70.53,96.69,377.9,254.0,1
43.98,63.28,398.8,177.0,0
91.93,127.73,368.1,584.5,2
33.96,74.62,416.8,266.2,0
47.15,63.33,412.1,236.7,0
94.5,126.51,366.6,422.9,2
34.87,77.78,395.1,183.5,0
31.05,72.93,400.3,233.5,0
80.4,97.4,379.3,266.1,1
77.42,85.13,384.2,316.1,1
61.75,59.27,408.0,211.2,0
32.02,37.79,422.7,90.1,0
40.9,46.25,414.9,140.4,0
35.2,70.98,415.8,181.4,0
63.28,35.86,427.8,127.3,0
72.42,104.32,385.9,267.2,1
46.34,40.46,399.5,161.6,0
27.68,21.55,401.5,44.6,0
29.18,53.63,425.8,153.9,0
99.93,132.4,352.5,399.3,2
38.38,69.72,424.1,197.9,0
38.35,64.64,408.1,213.7,0
59.73,27.97,426.6,78.6,0
41.18,46.52,426.4,183.5,0
26.49,19.84,420.1,73.6,0
42.09,50.33,409.0,183.4,0
39.71,56.74,418.1,166.7,0
106.84,136.71,352.6,587.6,2
57.63,60.83,416.1,146.3,0
29.43,60.77,415.0,231.2,0
28.32,58.38,427.0,153.9,0
47.25,63.61,404.1,199.5,0
84.03,96.4,387.3,281.6,1
67.62,63.73,421.0,213.6,0
40.21,54.28,407.1,188.9,0
55.3,41.91,395.8,157.4,0
28.9,64.84,402.8,250.7,0
26.98,41.45,420.6,153.6,0
114.92,138.94,358.4,561.9,2
52.27,53.95,415.3,116.7,0
69.16,16.39,415.9,52.2,0
105.72,127.5,354.1,521.8,2
28.12,16.98,396.6,45.7,0
56.75,45.04,407.1,134.0,0
79.48,83.29,377.9,241.8,1
74.03,91.95,371.2,248.6,1
28.55,47.25,410.8,135.5,0
63.94,70.75,406.1,270.7,0
25.54,36.0,399.1,135.9,0
25.9,44.25,413.6,174.4,0
53.45,58.7,406.4,230.4,0
87.96,137.97,356.7,552.6,2
39.2,52.25,426.6,187.4,0
72.26,86.99,387.0,243.8,1
31.72,18.4,425.7,55.3,0
41.89,42.26,413.2,133.5,0
44.76,54.58,407.3,184.8,0
38.78,60.2,400.4,130.1,0
74.74,83.28,387.4,266.6,1
37.36,23.73,406.0,75.8,0
81.17,83.96,392.2,242.2,1
49.21,48.14,421.8,184.5,0
60.33,54.3,427.1,195.3,0
64.77,40.28,401.5,90.9,0
76.96,88.66,381.0,265.5,1
52.71,21.55,415.4,49.3,0
54.69,62.24,414.2,212.4,0
103.31,137.62,355.8,669.3,2
67.91,53.59,428.4,164.5,0
108.19,124.28,362.6,387.7,2
73.95,94.87,373.4,337.7,1
97.6,137.88,350.1,472.0,2
105.07,117.65,350.1,378.2,2
87.87,133.86,363.3,617.7,2
64.64,40.02,416.0,125.9,0
33.56,79.56,409.8,269.9,0
34.58,58.15,397.2,136.7,0
35.85,26.28,408.4,94.5,0
27.71,26.7,424.5,103.6,0
95.91,120.55,361.2,380.4,2
27.12,35.12,428.8,86.4,0
48.32,15.03,424.0,56.4,0
74.37,101.31,381.2,435.9,1
93.1,115.08,368.7,487.3,2
81.53,103.77,392.9,352.7,1
33.95,28.28,428.8,86.5,0
49.6,15.72,403.7,38.1,0
102.56,115.33,367.7,358.6,2
52.93,67.86,402.9,162.9,0
95.96,113.88,369.2,410.5,2
32.79,60.1,400.0,186.6,0
54.96,24.33,424.6,95.3,0
37.33,38.63,412.0,85.6,0
65.07,59.79,406.7,237.3,0
65.88,79.03,396.4,264.7,0
97.71,128.35,364.1,506.6,2
55.29,21.08,423.6,71.9,0
108.66,123.26,352.4,583.0,2
61.99,29.68,417.6,108.9,0
48.37,48.32,415.4,115.9,0
79.06,83.73,370.1,255.6,1
34.23,47.22,411.4,164.6,0
56.12,18.49,407.0,64.8,0
64.99,37.42,409.9,143.5,0
60.26,19.42,405.1,67.0,0
53.14,74.19,404.6,215.9,0
67.98,68.74,406.8,227.8,0
56.37,77.42,423.8,258.7,0
62.19,60.94,395.6,146.2,0
66.51,32.13,420.6,90.9,0
48.97,36.23,404.6,73.1,0
76.24,100.72,393.7,285.9,1
30.6,45.22,411.4,154.3,0
60.74,25.24,395.5,66.6,0
55.11,60.69,426.7,173.0,0
64.58,39.05,425.7,117.1,0
71.1,83.7,377.3,289.5,1
109.43,134.65,363.0,567.7,2
27.34,57.56,419.4,161.9,0
29.56,42.72,424.7,119.8,0
65.8,42.34,416.9,99.0,0
57.92,35.99,417.4,132.5,0
56.27,34.09,400.2,76.9,0
45.98,32.36,422.5,114.4,0
58.26,55.72,420.8,192.8,0
89.46,128.02,362.7,572.8,2
41.89,38.62,405.6,126.8,0
66.86,43.57,407.1,100.8,0
99.33,126.53,359.1,517.1,2
90.39,123.8,352.9,382.5,2
34.91,31.81,424.0,97.3,0
65.79,54.26,429.0,198.8,0
87.68,112.04,356.1,400.1,2
76.09,98.36,381.3,319.3,1
62.44,32.92,418.4,92.6,0
56.14,51.31,408.0,162.0,0
71.49,107.06,394.6,336.1,1
51.79,27.98,414.3,68.0,0
44.52,37.98,421.9,128.1,0
45.48,42.56,409.8,134.8,0
25.7,33.49,421.6,100.4,0
72.88,82.17,377.5,276.7,1
104.96,129.21,361.3,412.5,2
97.24,117.17,358.2,519.8,2
102.82,121.46,360.0,401.1,2
29.36,58.79,408.1,124.1,0
101.33,128.15,367.5,400.1,2
66.17,47.1,404.5,101.9,0
76.18,100.3,390.5,313.9,1
29.93,71.61,406.9,260.7,0
34.31,49.99,423.5,157.1,0
33.94,43.11,401.3,108.0,0
38.33,19.58,400.9,61.9,0
48.36,41.52,402.4,164.1,0
40.8,38.94,417.4,85.1,0
111.17,120.01,358.5,550.7,2
64.69,61.14,426.8,199.1,0
81.41,109.91,390.6,329.9,1
52.76,68.04,400.9,177.9,0
32.04,67.29,427.6,205.1,0
29.78,66.53,418.8,151.9,0
78.67,96.29,391.3,412.7,1
32.48,74.47,419.3,296.6,0
61.3,43.93,400.8,110.1,0
27.96,27.78,424.5,61.8,0
50.44,61.16,402.4,155.6,0
27.81,72.89,400.9,236.9,0
54.64,47.26,404.5,183.1,0
65.81,63.87,429.0,133.8,0
59.15,56.91,425.0,199.7,0
105.64,114.34,356.6,536.3,2
64.76,49.6,410.4,135.8,0
62.73,59.32,423.3,236.0,0
35.24,40.4,410.7,113.1,0
74.19,87.01,385.3,296.8,1
26.87,19.72,395.3,59.7,0
69.05,61.67,420.6,154.6,0
25.99,55.05,417.2,217.8,0
71.52,95.94,380.7,334.0,1
54.05,65.16,404.7,251.4,0
91.07,116.45,366.8,550.2,2
79.41,106.85,380.5,473.1,1
100.44,124.98,362.1,376.2,2
111.67,136.05,353.4,418.7,2
80.04,108.54,387.6,458.9,1
47.06,17.11,400.0,48.5,0
55.56,79.53,405.9,182.2,0
71.12,102.67,377.0,402.2,1
30.49,52.09,409.0,171.3,0
51.55,73.12,400.2,236.5,0
30.78,41.19,419.8,122.7,0
41.97,15.82,421.7,46.0,0
51.59,30.71,407.3,97.4,0
59.04,20.05,401.9,42.5,0
26.32,51.82,429.5,185.8,0
95.3,137.9,366.7,582.9,2
60.0,29.15,426.0,67.6,0
88.76,114.38,352.8,405.9,2
31.07,28.12,403.7,108.8,0
35.66,62.56,399.2,157.6,0
34.96,49.08,417.9,148.0,0
41.9,24.13,419.1,77.5,0
27.85,18.2,427.0,64.6,0
69.61,59.61,412.5,232.9,0
36.85,57.48,411.4,121.5,0
49.37,71.13,411.0,270.7,0
73.26,109.02,388.9,412.4,1
58.32,60.63,422.3,238.2,0
64.51,23.84,419.0,84.9,0
33.09,55.19,395.1,208.0,0
43.09,30.24,418.5,116.2,0
36.06,72.28,429.5,152.9,0
76.86,102.06,377.4,373.4,1
65.05,39.57,409.5,141.2,0
75.07,104.38,390.4,449.8,1
39.08,59.21,429.1,194.4,0
66.88,26.54,396.1,99.8,0
79.12,80.61,377.4,352.3,1
46.89,54.65,405.3,176.4,0
40.09,71.81,417.0,255.4,0
35.3,72.3,423.6,168.0,0
74.71,82.71,383.5,326.0,1
79.8,83.2,383.7,341.1,1
31.7,67.28,410.1,259.5,0
74.9,108.21,373.4,314.2,1
59.48,32.69,405.2,97.8,0
37.57,30.07,415.1,101.1,0
56.07,28.73,419.8,80.3,0
64.21,29.11,399.8,95.2,0
69.91,67.09,411.5,212.8,0
83.14,105.23,382.0,392.3,1
43.34,28.96,426.0,85.5,0
27.69,32.33,409.8,96.9,0
32.04,60.81,404.0,175.2,0
57.4,73.32,411.8,173.4,0
91.19,111.82,350.5,445.8,2
100.73,134.57,358.5,480.4,2
28.07,54.37,413.2,206.1,0
78.64,102.76,385.4,281.8,1
88.91,126.36,356.7,565.5,2
79.09,94.78,379.2,257.7,1
25.26,16.94,400.7,35.1,0
60.35,70.46,397.1,183.7,0
79.57,83.8,383.4,287.5,1
35.35,44.37,416.7,120.8,0
46.12,38.61,421.3,118.8,0
25.54,44.93,397.2,116.8,0
36.94,76.01,420.5,273.3,0
109.86,138.64,365.8,538.4,2
40.26,67.83,398.5,245.4,0
80.75,108.24,376.3,478.8,1
46.81,50.56,413.4,125.5,0
67.15,28.68,397.7,81.0,0
71.32,100.94,382.8,326.5,1
25.33,73.58,404.9,188.4,0
43.67,54.8,397.8,138.4,0
90.6,125.06,368.3,494.0,2
54.68,56.2,417.3,172.4,0
43.85,44.96,408.4,135.9,0
35.19,22.67,397.3,62.2,0
34.8,43.95,415.8,111.1,0
40.56,73.16,414.4,227.4,0
62.17,46.49,428.5,134.2,0
103.04,116.42,363.0,375.8,2
87.28,115.3,365.4,462.6,2
60.12,61.08,405.1,235.4,0
34.93,47.2,421.5,136.4,0
102.62,128.58,362.9,443.4,2
77.76,91.47,388.6,257.2,1
67.57,40.94,429.8,115.4,0
68.33,40.87,421.1,149.1,0
76.22,84.89,383.9,295.1,1
39.21,48.16,420.1,144.6,0
34.22,35.23,418.9,80.9,0
63.9,60.68,408.2,229.4,0
79.92,100.62,386.6,369.8,1
53.6,23.46,401.5,54.1,0
90.47,132.51,357.3,533.5,2
53.52,59.13,412.7,197.2,0
52.16,27.08,408.7,77.1,0
49.78,25.12,422.9,88.4,0
37.24,57.34,395.6,127.9,0
51.32,37.07,398.1,77.5,0
67.13,31.84,411.8,114.2,0
51.91,46.88,402.8,147.7,0
44.0,56.34,408.5,173.3,0
61.17,43.3,409.4,87.6,0
55.41,63.98,405.4,253.8,0
27.94,37.52,425.4,103.9,0
71.36,100.61,391.6,315.2,1
41.12,42.38,415.6,143.7,0
40.65,60.73,429.4,157.7,0
43.87,58.49,421.3,167.3,0
29.69,52.71,412.9,115.5,0
27.33,36.11,405.4,91.3,0
53.75,15.82,416.2,60.5,0
25.55,68.16,426.1,139.7,0
45.63,54.45,407.7,121.0,0
27.78,39.21,400.8,132.0,0
79.1,86.47,387.8,219.4,1
37.37,72.32,402.5,247.7,0
60.95,60.06,426.2,230.1,0
63.85,35.55,425.0,94.2,0
43.72,70.17,419.8,251.7,0
46.25,20.58,413.9,68.6,0
66.51,45.19,421.8,130.3,0
82.7,96.52,376.5,307.0,1
37.06,63.94,397.2,219.3,0
84.36,89.64,388.5,336.1,1
83.58,103.65,383.2,369.8,1
47.26,56.93,396.8,200.0,0
32.17,45.13,421.6,151.9,0
102.72,117.6,366.1,541.3,2
30.81,40.59,406.4,147.5,0
28.09,30.32,422.9,92.9,0
37.86,71.63,411.6,217.1,0
38.33,15.73,418.1,39.6,0
70.15,101.77,381.3,347.8,1
52.68,33.47,402.6,76.1,0
42.93,48.32,429.5,125.9,0
62.91,77.4,427.0,182.1,0
35.87,53.58,410.5,211.5,0
66.24,18.61,406.1,45.8,0
82.68,85.87,389.4,272.1,1
89.71,127.91,354.8,589.8,2
31.28,68.09,404.7,233.3,0
91.5,135.65,355.3,433.4,2
33.58,42.37,425.2,160.7,0
91.57,138.22,357.9,516.1,2
37.6,35.26,421.6,138.4,0
44.74,70.41,417.5,266.9,0
34.79,24.73,403.5,80.4,0
50.99,52.53,399.3,194.8,0
58.21,17.51,408.6,69.5,0
90.0,139.8,363.8,629.7,2
65.32,22.96,408.0,56.7,0
63.32,72.0,397.3,204.1,0
59.12,27.43,417.3,58.4,0
87.13,129.72,366.3,506.0,2
101.55,132.32,365.4,526.1,2
51.78,74.91,414.1,179.8,0
98.82,137.99,367.6,427.7,2
35.83,66.08,422.2,211.3,0
43.42,18.2,416.2,38.4,0
95.21,125.05,360.7,524.1,2
96.65,125.39,357.0,615.9,2
36.14,69.14,429.3,215.7,0
29.08,50.68,413.6,104.1,0
26.75,36.28,429.2,129.7,0
65.92,39.28,410.0,119.9,0
108.77,139.04,362.9,502.1,2
27.8,52.41,412.7,111.1,0
57.53,74.34,404.9,294.3,0
81.82,94.75,382.0,291.8,1
37.62,15.89,408.2,52.2,0
69.31,54.91,422.4,138.9,0
68.68,24.15,413.3,65.5,0
78.82,84.88,387.1,213.7,1
65.76,46.86,403.2,158.9,0
58.32,56.23,417.2,138.9,0
111.26,124.57,361.9,512.3,2
50.01,73.03,428.2,147.4,0
31.17,21.57,396.3,57.3,0
45.61,64.24,400.7,204.5,0
28.76,77.73,427.3,202.4,0
39.19,23.21,417.7,88.3,0
107.07,117.91,365.1,570.9,2
44.42,63.91,411.7,224.8,0
39.64,33.06,418.2,114.6,0
110.47,138.52,368.5,677.4,2
68.43,74.95,426.3,223.8,0
33.88,46.88,428.8,166.3,0
50.53,67.28,396.7,195.9,0
63.6,54.69,417.9,126.2,0
39.75,34.98,404.1,118.9,0
57.8,71.06,417.0,164.0,0
47.98,50.02,427.2,142.2,0
99.99,110.84,364.4,344.8,2
31.88,33.03,413.8,121.6,0
75.52,94.81,385.5,282.1,1
71.67,85.43,375.9,334.0,1
51.35,65.48,415.0,193.2,0
48.13,45.8,408.8,182.8,0
90.67,113.56,363.0,543.2,2
49.56,77.91,417.3,286.0,0
59.06,71.96,424.7,236.4,0
27.49,52.77,399.1,125.4,0
67.9,15.37,422.2,46.0,0
73.06,98.98,375.6,252.0,1
107.24,120.67,356.3,447.1,2
34.42,44.76,410.1,92.5,0
96.33,135.82,350.2,470.8,2
62.38,50.43,400.4,134.8,0
33.43,46.28,428.1,129.1,0
51.83,56.74,428.2,180.6,0
81.98,84.64,389.5,344.0,1
36.49,47.92,400.3,167.0,0
114.2,114.76,357.2,379.8,2
27.71,44.4,395.2,129.3,0
62.75,18.67,412.0,45.8,0
112.99,110.51,352.2,534.5,2
30.46,35.1,395.1,132.7,0
59.03,26.86,396.7,85.0,0
61.14,60.96,399.6,171.7,0
57.64,18.87,420.4,53.4,0
63.02,41.76,428.4,142.8,0
27.03,54.62,408.8,174.8,0
32.23,60.03,414.4,201.3,0
48.83,56.21,413.5,209.0,0
50.26,23.26,428.9,68.4,0
30.89,73.82,408.6,274.6,0
68.07,31.75,413.8,87.5,0
58.28,67.08,413.7,224.9,0
82.29,93.37,376.2,250.7,1
32.54,55.15,426.5,193.1,0
48.37,25.4,406.1,77.3,0
34.92,20.4,405.6,64.9,0
37.5,57.85,411.9,121.5,0
57.22,56.98,418.4,169.4,0
101.51,112.63,357.6,500.1,2
85.08,139.23,367.1,654.5,2
104.27,124.14,365.4,549.7,2
76.55,92.39,394.6,361.4,1
42.6,66.97,422.0,186.4,0
31.97,18.69,420.9,65.4,0
40.36,66.65,415.1,251.9,0
30.1,29.62,402.5,118.4,0
45.44,42.68,398.4,120.4,0
44.66,48.41,406.8,115.5,0
63.64,15.51,425.2,54.0,0
49.74,51.47,396.3,126.0,0
105.28,124.51,365.7,550.8,2
43.85,70.66,423.9,190.8,0
40.53,72.38,397.2,243.8,0
114.98,117.27,356.5,450.4,2
27.8,74.96,407.7,227.6,0
77.24,93.88,378.3,367.1,1
27.3,66.88,417.3,189.2,0
36.21,47.67,400.6,109.3,0
111.5,114.04,358.3,477.9,2
44.51,74.23,410.2,292.9,0
59.31,28.51,422.9,77.4,0
59.49,26.39,414.6,98.8,0
28.05,40.82,427.3,120.7,0
88.83,132.84,367.1,650.9,2
68.52,51.29,395.3,139.1,0
40.64,39.21,419.7,98.7,0
62.79,65.18,427.2,187.3,0
55.8,76.12,425.7,202.3,0
37.03,57.5,414.7,198.6,0
63.08,37.84,424.2,145.4,0
72.5,84.42,383.2,214.0,1
29.48,32.82,408.2,119.2,0
53.77,57.99,399.7,177.1,0
46.63,53.73,407.5,145.6,0
60.55,55.03,416.1,171.9,0
111.56,135.76,364.9,467.0,2
25.91,73.42,405.1,150.9,0
76.47,107.26,385.8,270.0,1
95.2,126.06,367.4,598.5,2
30.4,75.38,427.0,180.0,0
36.69,79.11,428.5,256.8,0
32.34,29.46,410.0,69.6,0
70.93,90.79,388.3,342.6,1
109.05,110.42,367.8,370.9,2
64.18,40.23,418.0,146.1,0
72.18,100.04,379.6,408.7,1
68.61,79.24,397.0,286.9,0
113.12,115.17,366.3,517.6,2
67.59,48.59,426.5,180.0,0
28.03,37.03,411.3,90.0,0
40.16,68.65,414.4,214.9,0
32.57,44.23,403.3,175.3,0
77.21,89.89,394.8,392.3,1
29.02,53.7,412.2,182.9,0
38.85,50.46,422.3,142.4,0
62.76,15.22,412.7,45.7,0
49.7,69.26,423.4,194.1,0
55.22,31.42,416.0,114.2,0
51.86,79.52,407.2,258.4,0
25.38,18.48,412.7,47.7,0
82.91,102.99,375.7,379.7,1
53.45,71.49,406.9,212.8,0
67.04,60.15,413.7,133.1,0
81.18,89.44,379.1,382.7,1
60.54,73.7,400.9,221.4,0
35.22,32.8,429.9,120.1,0
37.29,32.87,427.7,69.7,0
30.93,23.1,408.2,53.3,0
110.36,126.18,367.6,420.2,2
30.93,62.27,408.4,204.5,0
99.81,120.13,369.9,507.1,2
33.07,74.93,412.8,213.8,0
59.78,27.4,409.1,91.0,0
69.55,27.38,424.0,75.2,0
84.32,83.51,375.5,346.4,1
27.47,28.06,402.9,104.4,0
63.84,36.81,401.6,140.9,0
77.62,101.46,379.0,420.3,1
99.67,124.95,359.9,393.0,2
29.74,47.57,405.1,138.2,0
77.48,81.6,371.3,227.5,1
62.72,79.4,407.9,168.3,0
44.88,31.23,413.8,106.5,0
57.55,65.59,404.3,241.4,0
62.05,57.55,423.8,169.4,0
28.2,50.2,420.6,158.0,0
32.41,72.86,422.5,274.6,0
89.82,126.28,364.9,604.5,2
38.0,57.69,404.7,172.4,0
47.81,72.93,429.0,195.8,0
67.79,61.17,421.1,223.7,0
40.42,64.25,410.8,227.0,0
81.04,94.85,371.3,346.1,1
33.97,21.13,417.8,54.8,0
25.51,72.94,413.9,202.5,0
72.35,94.86,383.3,344.6,1
33.29,41.67,429.9,108.0,0
56.97,49.52,412.3,135.9,0
54.5,40.25,419.5,139.8,0
74.07,82.49,374.9,218.4,1
96.29,116.64,365.6,357.8,2
60.79,42.6,413.2,162.7,0
49.22,40.84,417.3,100.1,0
98.71,131.36,369.8,489.6,2
59.96,42.87,420.4,87.0,0
40.62,51.69,427.1,140.0,0
100.85,137.52,358.1,567.9,2
93.52,110.85,363.5,415.3,2
36.54,79.8,403.9,160.6,0
114.04,127.63,361.3,629.1,2
37.33,26.22,403.7,69.3,0
93.41,127.17,357.1,416.8,2
40.9,20.09,408.7,68.0,0
41.03,42.89,415.1,108.0,0
52.61,41.09,418.5,159.9,0
60.82,23.74,428.3,63.5,0
107.91,128.87,368.9,525.6,2
37.16,44.16,424.6,93.3,0
56.32,79.31,420.2,278.3,0
26.14,34.71,417.9,138.1,0
66.18,66.76,401.5,148.0,0
64.87,44.31,420.1,153.1,0
43.77,73.79,418.0,254.6,0
74.29,83.19,392.8,252.3,1
56.11,37.08,419.7,90.5,0
112.7,129.35,367.6,560.5,2
84.37,81.79,389.0,325.0,1
32.83,75.66,411.4,274.1,0
77.91,88.81,394.0,346.7,1
76.29,103.55,388.3,438.0,1
55.49,30.01,418.9,106.7,0
52.75,39.49,417.5,122.0,0
42.3,43.81,400.8,111.7,0
27.36,29.62,427.9,94.1,0
107.02,126.81,365.5,439.4,2
73.62,80.73,379.5,207.5,1
87.39,124.81,354.3,536.3,2
90.6,112.71,357.6,400.4,2
63.97,32.82,403.3,70.8,0
37.71,59.19,407.7,196.1,0
105.4,118.01,352.7,393.4,2
71.84,87.97,394.0,393.8,1
103.64,133.66,367.2,432.3,2
34.69,53.93,416.7,175.5,0
25.53,48.81,407.6,168.6,0
67.48,56.39,429.5,177.4,0
47.53,56.58,411.0,225.4,0
69.62,27.13,410.9,94.6,0
31.42,62.25,401.0,228.8,0
55.26,73.95,420.0,245.2,0
26.01,30.43,400.7,109.9,0
45.96,39.79,405.6,91.2,0
62.19,64.18,421.3,163.0,0
98.7,128.68,362.6,625.5,2
74.95,84.03,393.5,337.4,1
82.51,88.53,390.8,326.3,1
67.43,33.81,425.8,69.2,0
69.39,55.4,422.6,148.6,0
45.09,71.96,413.5,228.1,0
26.79,68.34,429.9,250.0,0
27.63,36.34,400.6,123.7,0
28.47,59.72,407.4,169.5,0
45.18,50.32,417.0,137.0,0
43.47,75.96,403.8,257.3,0
26.02,70.55,407.0,254.2,0
64.94,64.28,410.0,238.0,0
111.26,129.04,360.6,573.7,2
53.53,16.54,401.2,52.7,0
69.62,29.01,424.5,88.5,0
35.66,21.51,415.9,44.7,0
113.91,116.81,369.6,578.5,2
99.59,120.09,361.9,528.9,2
77.36,82.29,384.1,290.3,1
114.5,119.05,359.3,583.7,2
82.72,95.62,375.5,302.1,1
65.3,42.72,420.8,135.6,0
40.19,25.54,411.4,84.2,0
31.39,75.62,405.6,228.0,0
60.91,75.88,411.5,220.7,0
61.76,54.32,420.7,151.6,0
34.92,54.01,417.9,144.4,0
53.05,62.22,412.7,172.5,0
113.32,132.72,358.2,654.0,2
47.84,31.68,423.3,81.4,0
47.18,39.9,414.1,84.4,0
41.32,18.59,403.2,41.0,0
25.49,74.6,410.0,248.6,0
60.67,28.54,417.2,110.6,0
94.67,114.01,350.8,452.0,2
67.34,68.71,429.5,259.5,0
51.53,35.78,420.6,71.7,0
59.27,45.02,416.2,153.1,0
61.9,31.17,406.4,69.0,0
104.52,111.76,355.7,529.7,2
39.26,65.56,416.4,176.9,0
58.54,61.27,406.5,241.7,0
57.41,52.75,423.3,150.2,0
30.95,24.12,412.5,84.2,0
27.93,53.08,426.1,129.2,0
69.15,32.33,403.0,76.5,0
25.45,67.66,402.8,254.8,0
26.41,15.6,419.5,52.6,0
30.92,21.5,412.6,82.9,0
27.95,26.21,415.8,104.3,0
103.17,136.38,361.9,557.1,2
51.92,15.35,406.7,50.6,0
62.89,36.63,400.6,129.2,0
26.16,21.14,395.9,57.0,0
33.42,51.51,401.7,129.2,0
83.21,93.96,386.7,409.6,1
38.4,75.45,396.5,202.5,0
30.16,31.69,425.2,116.8,0
87.69,111.99,354.4,465.5,2
53.84,76.28,422.1,270.7,0
57.34,35.95,412.6,80.6,0
103.93,124.33,356.0,373.9,2
93.58,126.77,364.9,612.7,2
92.27,113.23,362.1,407.8,2
60.61,47.71,406.3,168.2,0
29.03,77.02,425.5,164.6,0
33.15,39.15,413.1,137.5,0
54.31,73.58,399.4,260.7,0
34.93,47.93,413.9,186.3,0
107.65,117.35,368.3,517.4,2
30.16,65.61,424.2,232.8,0
43.22,24.12,408.8,63.6,0
80.71,82.19,394.6,252.5,1
59.77,31.08,419.7,114.9,0
75.23,101.86,388.9,365.9,1
84.4,81.99,376.4,333.5,1
71.01,86.61,376.0,309.2,1
67.85,61.06,425.4,208.4,0
113.18,120.85,363.0,554.8,2
98.03,116.85,352.1,408.1,2
98.96,135.57,365.2,579.5,2
59.64,76.54,398.4,163.3,0
77.26,89.13,380.1,304.7,1
98.98,125.83,358.3,443.2,2
50.1,46.29,421.7,131.6,0
62.19,41.72,429.9,155.8,0
89.07,132.19,359.8,545.4,2
58.34,21.78,396.7,48.4,0
28.92,31.41,405.3,124.9,0
37.39,31.03,402.1,95.6,0
40.86,44.58,403.5,168.4,0
34.66,66.13,426.4,165.5,0
84.54,87.43,384.5,275.2,1
30.54,49.54,417.9,122.5,0
33.18,44.18,399.7,88.4,0
73.19,88.9,394.6,375.5,1
54.93,59.73,403.0,162.6,0
37.23,60.26,412.0,240.4,0
62.76,21.97,408.1,86.3,0
66.77,44.64,410.4,93.5,0
29.99,76.51,408.4,199.2,0
80.52,82.53,386.0,342.9,1
31.27,18.82,420.4,62.3,0
32.38,18.63,411.4,50.1,0
105.69,121.01,369.2,417.8,2
84.96,100.33,379.8,302.3,1
47.97,60.38,412.2,146.3,0
25.41,48.27,426.9,149.9,0
58.28,40.74,426.8,107.7,0
44.46,21.35,429.7,45.0,0
73.92,80.8,370.3,320.8,1
56.23,52.08,397.8,130.1,0
55.2,54.6,404.4,190.0,0
28.7,57.55,408.0,168.6,0
105.6,137.48,364.2,416.5,2
34.8,17.59,428.2,64.0,0
45.22,23.71,423.6,68.2,0
38.29,37.12,426.8,123.8,0
76.02,80.23,384.3,256.3,1
56.94,47.61,413.6,146.0,0
57.11,49.93,415.3,144.1,0
92.1,130.44,358.3,403.5,2
61.07,27.23,416.9,96.6,0
63.02,57.1,417.4,164.4,0
76.65,103.15,374.9,303.5,1
61.8,56.42,396.2,147.6,0
32.76,16.12,401.5,33.1,0
92.99,124.6,358.5,469.0,2
112.29,127.02,350.7,446.7,2
40.28,42.2,424.8,166.7,0
67.63,61.02,409.0,158.7,0
30.77,20.89,397.3,70.0,0
52.91,67.69,396.5,187.0,0
50.91,62.31,410.5,234.1,0
56.71,16.44,396.2,65.6,0
37.09,71.78,409.3,260.1,0
62.97,63.43,398.3,148.2,0
106.96,119.08,355.8,582.8,2
55.01,41.01,398.6,133.5,0
110.3,137.56,367.7,433.6,2
27.61,49.68,408.6,193.5,0
95.65,134.64,352.0,471.3,2
43.89,37.74,395.2,102.0,0
37.1,55.62,424.7,129.2,0
47.51,28.62,398.0,84.4,0
82.25,83.96,383.7,230.1,1
28.11,17.73,401.2,51.7,0
60.06,70.45,406.4,264.3,0
28.29,43.36,414.9,149.3,0
90.83,139.97,361.9,548.2,2
41.15,20.69,414.0,64.0,0
47.64,26.19,420.3,60.2,0
46.72,50.63,409.4,107.1,0
37.31,50.1,408.5,133.9,0
69.13,37.39,404.7,86.9,0
48.47,74.47,410.4,283.7,0
28.45,22.78,412.1,47.1,0
75.98,98.2,379.6,415.4,1
49.44,38.41,403.3,96.2,0
33.81,79.79,423.6,183.4,0
112.48,139.81,352.3,480.0,2
52.44,29.71,412.9,86.6,0
84.24,87.83,387.1,322.1,1
42.09,54.92,398.0,185.3,0
44.35,70.1,420.2,154.3,0
28.67,53.62,405.3,160.9,0
66.12,34.58,420.1,118.1,0
58.18,66.48,417.1,133.9,0
57.83,57.51,421.2,229.4,0
78.46,90.75,381.7,394.3,1
87.36,116.55,364.7,378.2,2
28.97,19.15,407.0,54.8,0
44.24,17.84,429.1,37.7,0
79.33,93.95,378.6,405.9,1
48.31,20.18,412.9,64.4,0
113.22,113.38,359.4,381.9,2
30.1,46.39,412.5,153.3,0
38.11,62.33,421.0,242.8,0
81.47,96.28,371.4,251.6,1
73.25,93.39,393.7,404.9,1
28.59,54.52,396.8,174.4,0
41.73,67.72,424.9,192.4,0
57.67,37.77,407.0,85.2,0
33.11,15.01,406.6,32.1,0
34.7,27.12,412.8,73.0,0
53.82,52.89,418.2,206.9,0
36.3,57.66,395.7,130.0,0
27.99,31.46,395.1,90.0,0
92.64,114.9,362.5,507.2,2
54.51,55.85,412.4,172.3,0
28.11,67.59,397.1,257.0,0
84.35,96.88,373.5,396.5,1
27.45,40.18,396.6,96.7,0
46.42,73.18,416.1,246.4,0
56.32,42.73,429.7,115.2,0
95.63,138.92,368.7,556.5,2
60.08,43.65,418.4,150.1,0
73.46,86.98,389.4,240.8,1
97.5,135.32,365.6,527.1,2
42.24,70.85,408.4,227.7,0
61.46,52.08,406.0,193.7,0
54.03,26.94,426.1,55.1,0
106.14,133.16,351.1,408.8,2
58.67,43.47,412.2,128.4,0
32.51,48.29,425.7,184.9,0
88.87,117.54,354.7,425.0,2
109.06,139.45,352.5,540.5,2
25.96,24.01,412.3,51.7,0
32.35,24.71,396.8,74.1,0
82.59,100.19,377.0,288.9,1
60.84,34.54,406.2,122.9,0
26.91,63.7,413.0,162.5,0
27.34,15.6,414.6,55.2,0
75.41,87.97,389.4,310.2,1
87.73,127.0,365.7,577.5,2
72.98,100.62,386.9,391.6,1
43.61,36.47,395.8,136.6,0
77.41,93.22,380.1,297.1,1
54.78,45.8,422.2,103.3,0
53.84,63.36,409.7,197.3,0
55.99,44.34,409.8,105.5,0
31.42,52.77,424.4,202.1,0
32.53,44.85,413.5,92.3,0
30.82,17.53,399.6,43.7,0
39.97,54.1,414.6,211.3,0
46.47,53.29,399.9,151.0,0
40.61,40.78,421.0,108.1,0
61.53,76.33,423.1,166.9,0
104.29,118.54,362.9,481.5,2
55.71,43.5,410.1,123.5,0
31.9,50.68,410.9,169.2,0
35.96,29.77,397.9,62.9,0
44.94,56.2,420.1,217.8,0
79.03,90.04,370.2,308.4,1
36.57,71.61,407.4,156.9,0
111.29,129.4,362.7,569.7,2
29.4,49.69,411.0,152.3,0
68.58,62.1,425.0,217.4,0
50.19,26.35,409.7,79.7,0
32.25,23.37,429.7,46.8,0
103.36,131.51,360.9,431.8,2
35.35,30.97,396.4,104.1,0
34.18,70.07,399.9,264.0,0
30.12,25.71,407.9,75.9,0
87.06,133.01,367.8,470.9,2
65.93,56.18,409.4,123.3,0
36.75,30.75,416.3,62.1,0
101.74,125.64,369.7,565.7,2
81.34,98.95,378.6,274.2,1
66.95,75.9,405.1,156.6,0
26.81,44.57,430.0,112.3,0
45.8,70.84,407.4,270.0,0
51.66,60.15,424.6,133.7,0
42.95,62.67,424.6,203.1,0
26.87,43.09,416.5,142.0,0
34.48,23.62,396.7,84.1,0
63.58,50.87,416.3,186.5,0
58.59,61.46,400.5,243.9,0
110.94,114.38,357.3,457.7,2
74.54,90.64,370.6,228.8,1
28.5,70.27,410.6,270.5,0
94.09,122.65,366.6,591.4,2
31.95,19.82,424.9,73.1,0
32.36,16.03,425.0,36.5,0
59.42,27.22,426.6,80.2,0
41.93,50.17,407.9,190.9,0
102.73,123.33,361.0,578.4,2
45.62,79.83,423.9,161.6,0
75.22,103.72,383.1,353.1,1
58.38,40.65,405.4,135.9,0
64.06,58.12,399.4,165.4,0
30.78,37.42,401.8,88.3,0
42.11,24.97,418.2,68.0,0
108.1,128.64,355.9,485.0,2
40.71,50.21,397.4,119.5,0
96.44,112.26,353.2,553.8,2
83.49,102.64,385.1,317.2,1
49.83,69.56,422.5,199.9,0
60.33,76.72,407.0,247.4,0
88.51,115.05,353.4,491.4,2
90.86,127.97,363.2,576.6,2
73.58,99.51,387.1,287.5,1
73.52,87.38,394.9,340.8,1
114.84,121.67,353.6,580.8,2
35.96,16.84,428.7,48.2,0
110.87,128.99,357.4,485.5,2
30.67,18.19,402.1,50.5,0
59.63,34.91,428.4,115.3,0
64.35,45.01,401.8,131.8,0
51.25,38.94,396.4,122.7,0
95.71,133.31,364.0,648.8,2
45.94,29.31,423.3,90.3,0
35.09,44.35,396.4,111.4,0
61.11,61.52,421.0,177.7,0
93.73,124.89,351.3,374.8,2
35.52,56.62,418.8,179.9,0
48.83,43.31,396.9,162.0,0
44.58,55.05,427.4,126.8,0
28.75,49.78,411.2,164.8,0
71.65,80.41,375.8,251.3,1
110.98,129.19,368.3,391.0,2
60.5,43.74,415.3,159.6,0
45.2,44.66,402.7,102.8,0
28.67,68.71,428.3,261.6,0
45.95,21.73,412.5,77.6,0
56.16,70.08,418.0,209.8,0
33.37,64.07,418.0,221.6,0
56.28,59.95,421.5,150.5,0
30.85,19.28,414.0,49.8,0
59.05,46.86,409.5,121.0,0
59.41,32.81,416.8,101.5,0
69.43,61.67,427.4,155.4,0
77.97,90.47,385.1,392.5,1
54.25,21.15,412.1,67.5,0
88.26,125.98,355.0,460.5,2
36.36,63.79,399.2,244.0,0
28.13,70.6,417.9,179.6,0
56.79,68.85,408.7,254.3,0
71.06,98.87,394.1,351.3,1
32.6,77.76,416.7,262.4,0
65.16,67.05,428.3,228.8,0
43.13,61.15,415.5,156.5,0
36.24,77.55,411.9,179.0,0
83.89,89.99,376.1,229.0,1
56.92,60.17,412.6,151.4,0
45.71,69.14,413.0,263.8,0
49.26,56.29,413.0,198.2,0
96.87,129.12,365.7,583.1,2
108.85,119.82,353.3,535.3,2
51.46,38.6,412.7,97.2,0
80.76,99.4,390.8,383.3,1
47.6,22.7,415.8,48.1,0
29.43,41.84,414.3,137.8,0
72.61,93.88,387.0,239.0,1
99.8,116.88,360.1,575.1,2
99.9,124.67,365.2,504.1,2
41.55,62.44,398.8,133.0,0
46.03,57.95,398.5,188.2,0
103.72,128.8,367.9,524.7,2
74.61,86.02,390.0,333.2,1
99.32,139.18,367.6,555.8,2
37.06,34.44,421.7,107.7,0
101.1,112.33,355.4,347.6,2
79.36,90.4,384.5,329.6,1
34.37,79.91,410.3,296.9,0
65.95,75.27,417.0,266.6,0
63.16,78.83,422.1,276.2,0
38.96,39.42,407.5,144.8,0
33.03,56.27,399.6,175.6,0
84.46,106.89,371.8,394.4,1
73.36,85.48,386.1,350.8,1
37.71,43.06,411.7,100.9,0
76.38,95.01,386.2,356.2,1
33.64,22.8,422.4,65.7,0
28.12,73.56,422.3,190.4,0
67.05,42.59,429.6,94.3,0
49.5,75.31,416.5,270.4,0
102.04,110.09,360.8,402.0,2
62.89,52.33,395.8,119.9,0
63.05,63.59,429.8,170.3,0
64.54,16.44,430.0,44.4,0
37.34,49.43,399.5,188.3,0
36.67,36.37,411.3,131.4,0
28.83,55.32,420.9,164.2,0
55.37,43.84,406.5,145.0,0
45.74,55.93,409.1,203.1,0
41.91,70.11,397.2,200.6,0
64.97,64.18,402.8,225.4,0
30.07,23.29,423.2,76.8,0
51.68,41.54,402.6,160.1,0
53.54,70.51,411.7,228.9,0
55.51,56.92,419.9,131.9,0
61.4,35.89,412.3,79.5,0
40.56,47.19,423.3,177.4,0
39.61,67.27,401.3,206.8,0
51.36,76.35,408.1,247.1,0
30.71,71.21,407.0,257.9,0
32.28,64.16,410.4,145.2,0
75.97,104.65,375.1,385.9,1
40.45,59.12,426.5,173.8,0
70.84,98.65,372.6,426.1,1
100.72,136.08,369.8,665.5,2
61.23,36.44,395.2,104.3,0
72.44,84.54,391.2,343.7,1
55.05,38.43,395.7,83.2,0
63.39,67.81,429.8,157.8,0
38.38,40.86,406.5,153.5,0
28.91,23.25,417.4,57.3,0
39.44,41.18,420.0,156.0,0
67.7,27.47,425.9,67.0,0
53.49,26.47,423.5,82.7,0
47.57,71.88,402.1,147.5,0
40.18,79.38,421.3,203.3,0
61.94,34.56,424.2,119.7,0
64.68,42.78,405.9,158.9,0
67.3,58.66,396.6,205.7,0
60.01,67.85,419.7,189.0,0
74.94,104.34,390.5,369.4,1
103.21,137.8,354.6,665.9,2
34.49,46.42,410.5,168.5,0
82.04,101.08,386.2,316.8,1
25.5,18.51,418.3,59.6,0
29.8,70.09,405.0,158.9,0
47.89,54.87,405.6,173.8,0
53.47,25.29,400.1,77.8,0
59.94,49.88,417.1,183.4,0
81.02,82.23,392.6,233.8,1
33.81,35.76,411.3,105.8,0
71.66,89.01,394.2,358.6,1
31.72,28.3,425.9,61.8,0
68.86,61.6,427.5,197.3,0
35.29,42.78,401.4,108.8,0
51.13,52.42,408.8,172.6,0
64.08,70.82,421.4,195.6,0
71.55,107.34,370.2,378.8,1
40.33,59.65,415.4,173.3,0
100.19,120.78,353.5,512.1,2
59.91,38.15,421.1,135.9,0
97.24,127.2,354.9,601.7,2
62.54,43.66,418.2,108.1,0
50.69,78.66,415.9,235.7,0
108.83,131.17,355.2,501.4,2
75.34,109.99,390.2,299.3,1
110.05,125.49,369.3,556.6,2
81.57,97.46,383.7,425.9,1
34.21,39.2,410.1,135.3,0
91.67,125.76,365.0,584.2,2
36.62,43.28,401.0,138.2,0
46.44,18.34,421.1,53.3,0
70.65,87.87,372.3,283.4,1
84.77,104.52,390.1,287.9,1
39.68,79.45,417.5,210.3,0
114.9,111.93,356.5,465.3,2
91.91,133.69,360.9,645.6,2
53.55,59.1,402.1,222.7,0
51.86,19.52,428.4,54.5,0
40.67,17.45,409.4,65.0,0
59.91,43.12,418.9,149.7,0
68.98,66.33,428.9,228.9,0
32.89,54.2,422.4,174.5,0
82.62,85.96,382.2,240.4,1
39.03,63.33,411.9,220.1,0
92.06,134.59,361.7,653.6,2
112.63,121.47,357.1,533.5,2
80.43,84.37,389.7,270.5,1
49.36,28.97,408.4,100.3,0
29.82,58.38,416.1,148.4,0
29.02,51.2,398.8,189.7,0
45.88,39.38,399.0,81.5,0
41.1,18.31,396.7,60.2,0
69.72,59.44,396.5,214.5,0
75.82,108.74,383.6,380.7,1
51.96,52.91,426.3,174.7,0
40.43,30.85,407.3,80.0,0
99.38,130.34,356.8,551.0,2
64.32,43.87,403.3,106.7,0
27.59,36.01,426.7,130.9,0
36.4,39.97,412.2,137.2,0
45.33,39.49,405.7,142.4,0
37.66,33.54,400.9,124.8,0
45.17,19.93,416.9,59.8,0
63.4,71.35,406.2,247.2,0
62.54,23.91,399.8,72.9,0
64.77,22.22,420.1,74.0,0
88.37,114.89,370.0,497.1,2
28.82,56.55,406.3,166.9,0
91.47,124.95,356.3,441.8,2
36.11,73.58,410.9,203.5,0
99.97,124.72,362.2,428.0,2
34.48,61.33,419.7,170.4,0
56.12,56.57,421.6,185.9,0
37.43,47.08,430.0,153.0,0
60.23,48.59,424.5,107.7,0
30.91,29.05,423.3,92.0,0
45.63,41.26,407.7,84.8,0
27.19,35.14,401.5,98.6,0
25.44,59.3,406.2,207.5,0
32.41,16.98,398.3,63.9,0
97.65,124.55,362.1,489.6,2
64.87,58.58,413.4,221.1,0
102.92,116.68,351.4,549.5,2
45.43,30.28,413.7,120.8,0
84.21,105.46,376.2,423.9,1
57.66,75.48,417.1,206.1,0
48.77,42.88,402.0,150.3,0
44.25,29.3,402.3,75.5,0
102.63,117.42,359.0,383.5,2
66.93,74.73,396.4,193.8,0
43.88,28.64,424.9,82.6,0
52.35,36.49,416.4,102.2,0
74.28,86.44,374.3,336.4,1
40.94,66.38,422.9,223.6,0
40.36,78.19,427.9,294.4,0
104.51,137.49,353.6,473.4,2
55.47,64.6,424.6,205.2,0
107.6,120.25,369.2,520.3,2
69.9,31.17,399.2,88.7,0
51.95,27.96,419.2,106.7,0
59.36,22.39,420.8,78.4,0
75.68,101.42,377.0,290.4,1
67.47,74.12,410.8,196.6,0
41.96,20.12,407.5,44.5,0
32.46,79.69,426.8,214.7,0
52.14,64.59,404.7,212.6,0
108.28,121.45,359.4,500.2,2
50.1,15.97,430.0,53.2,0
67.78,31.52,416.4,109.2,0
62.45,18.4,396.7,45.2,0
79.43,100.29,394.7,366.4,1
56.16,79.75,406.5,312.9,0
59.03,58.82,410.0,218.5,0
56.91,17.62,417.9,48.7,0
98.58,118.47,359.1,497.2,2
30.96,36.9,421.7,105.3,0
33.82,31.05,423.8,96.4,0
84.58,83.01,377.6,214.7,1
60.24,22.3,417.8,68.6,0
48.31,70.88,406.5,282.6,0
72.14,107.64,394.6,387.1,1
47.73,45.41,418.8,123.5,0
95.08,138.78,365.8,647.0,2
69.66,54.42,424.2,143.0,0
41.51,64.33,407.4,129.4,0
28.71,51.58,425.1,109.2,0
37.39,31.03,397.3,114.0,0
78.84,105.0,383.1,452.8,1
47.35,29.4,414.3,104.5,0
52.09,47.95,422.5,106.6,0
27.19,68.14,395.5,202.2,0
63.57,27.31,398.4,86.6,0
63.11,49.6,426.5,150.4,0
64.26,76.6,407.1,292.8,0
81.7,107.94,371.7,405.7,1
36.93,73.18,413.3,183.0,0
98.02,124.67,366.9,408.4,2
67.26,15.14,422.8,49.7,0
56.37,29.74,418.8,90.3,0
76.99,97.89,391.6,323.7,1
62.57,33.51,421.9,87.4,0
42.13,76.57,416.6,301.7,0
101.77,126.22,360.7,537.8,2
76.9,106.55,377.4,443.3,1
82.09,85.67,379.0,243.1,1
55.43,32.61,410.4,76.2,0
52.03,50.35,406.7,109.8,0
36.11,73.72,403.1,240.6,0
98.96,111.23,361.0,439.1,2
65.38,32.12,425.8,96.5,0
26.35,31.04,397.1,118.0,0
52.02,76.76,415.0,239.7,0
102.59,114.86,356.4,403.0,2
56.68,34.53,414.8,119.5,0
33.18,55.44,428.5,202.5,0
45.69,42.73,424.9,163.5,0
80.58,105.4,391.2,349.6,1
51.27,59.01,404.1,166.4,0
79.07,104.21,373.5,346.2,1
76.57,97.35,382.3,311.9,1
79.1,87.14,371.7,335.2,1
64.31,76.13,425.9,247.1,0
77.42,100.34,390.9,421.6,1
52.96,47.71,405.2,179.5,0
35.58,46.29,416.8,131.7,0
54.66,54.79,404.3,130.1,0
33.03,68.47,426.1,196.7,0
28.89,30.25,421.0,116.7,0
40.3,33.53,407.0,92.7,0
25.95,41.09,412.5,159.7,0
53.2,26.59,408.6,82.0,0
66.42,71.12,409.4,230.0,0
33.62,18.62,419.5,54.7,0
28.54,48.18,429.9,133.7,0
32.45,77.39,421.4,218.0,0
74.9,88.25,390.1,376.9,1
61.98,29.79,410.5,107.5,0
58.67,78.24,422.1,282.2,0
75.06,102.15,378.5,288.3,1
61.58,20.5,413.3,57.2,0
56.85,27.83,413.2,72.9,0
34.56,27.45,422.0,58.8,0
104.59,136.38,367.8,655.6,2
35.83,62.61,415.6,157.7,0
70.01,96.67,371.5,402.6,1
72.72,98.86,383.0,362.7,1
104.58,123.01,350.9,472.3,2
57.16,43.44,403.0,140.0,0
58.01,42.22,419.9,92.8,0
46.25,51.42,421.4,144.2,0
27.35,47.17,401.3,130.0,0
51.68,70.17,405.6,272.1,0
67.36,61.42,422.2,156.3,0
34.42,51.78,407.1,123.7,0
42.89,64.21,413.4,184.8,0
60.33,47.07,407.2,171.2,0
61.64,55.73,421.7,207.6,0
47.58,16.16,410.3,33.5,0
49.36,29.84,420.3,79.7,0
92.79,132.26,368.8,653.8,2
67.42,71.07,402.9,201.4,0
45.47,77.34,407.0,298.0,0
100.06,121.73,358.9,453.5,2
49.93,54.22,414.7,125.4,0
69.45,45.13,398.9,141.1,0
27.38,49.59,429.6,145.1,0
26.53,73.12,419.1,186.0,0
39.75,57.04,410.7,222.5,0
57.14,40.16,417.5,118.5,0
63.61,32.5,405.2,129.9,0
78.61,94.48,380.2,244.7,1
27.21,26.03,408.1,90.6,0
107.58,127.04,364.6,383.1,2
54.13,53.64,422.1,212.5,0
35.14,17.14,426.7,43.8,0
87.4,123.97,360.5,449.9,2
44.5,66.88,413.8,186.6,0
79.46,80.48,378.0,298.8,1
70.1,92.63,387.2,374.3,1
56.27,24.35,406.2,86.6,0
97.91,135.14,369.3,526.2,2
64.32,28.11,428.6,72.3,0
53.01,32.25,402.6,73.8,0
38.5,51.72,397.5,165.9,0
68.63,19.78,409.2,70.2,0
57.42,15.74,420.6,56.6,0
29.98,43.79,422.0,129.4,0
57.91,65.36,410.0,259.9,0
25.86,45.51,411.8,144.4,0
38.67,63.34,423.9,188.9,0
43.64,53.4,410.0,199.6,0
55.61,54.8,422.3,121.7,0
58.59,59.71,405.9,135.2,0
64.13,49.36,421.6,139.3,0
83.57,86.33,391.7,258.4,1
50.46,39.31,409.6,143.9,0
32.51,36.85,413.4,147.3,0
67.22,48.17,401.7,177.1,0
49.42,33.43,425.1,93.3,0
69.28,31.71,400.3,87.4,0
56.58,66.74,401.7,239.7,0
77.52,93.31,374.4,397.2,1
74.25,97.17,379.1,425.5,1
35.95,23.48,416.8,77.1,0
69.96,26.96,424.5,98.6,0
76.39,87.97,393.0,286.0,1
76.15,106.86,394.2,311.6,1
84.79,92.43,394.3,375.4,1
110.27,118.14,364.2,480.6,2
35.32,37.17,404.3,147.5,0
49.33,32.86,397.9,119.5,0
67.18,24.7,418.6,67.7,0
61.49,79.88,412.6,197.7,0
42.27,15.76,404.3,56.3,0
37.75,46.28,416.6,146.9,0
28.03,26.17,419.6,94.5,0
57.29,38.29,415.8,86.8,0
66.28,75.33,409.8,151.3,0
69.03,50.75,418.2,122.8,0
58.57,74.4,403.5,262.8,0
65.91,52.03,404.2,177.9,0
60.84,44.51,426.2,131.0,0
98.18,127.33,364.5,558.2,2
63.78,57.5,428.5,209.7,0
56.83,78.82,425.2,236.4,0
46.09,54.82,407.2,118.4,0
53.72,53.44,404.9,137.4,0
54.32,29.25,426.5,72.1,0
82.77,103.0,387.5,409.5,1
80.93,92.16,370.5,356.6,1
32.69,42.25,395.8,108.5,0
51.66,33.71,423.7,129.4,0
57.09,40.22,430.0,136.3,0
36.95,76.82,403.8,239.0,0
71.17,103.74,373.8,423.2,1
76.08,105.82,382.8,290.8,1
79.18,107.28,394.4,337.4,1
42.2,79.15,395.8,194.9,0
54.39,60.64,399.9,130.7,0
51.63,38.25,406.6,86.8,0
80.33,94.61,382.7,364.9,1
41.14,47.75,408.2,127.0,0
81.94,84.15,392.9,243.1,1
65.09,73.21,408.4,167.3,0
99.03,136.99,359.6,629.3,2
59.48,64.62,400.4,138.7,0
72.99,93.45,386.4,274.3,1
60.83,72.21,414.8,266.4,0
43.35,17.4,402.6,62.3,0
67.38,67.94,406.1,211.3,0
46.78,23.17,413.7,65.2,0
33.06,28.9,416.0,85.2,0
54.37,28.65,410.3,94.8,0
80.18,108.99,380.5,302.4,1
84.33,109.03,379.4,460.8,1
45.12,72.23,408.2,210.5,0
40.32,43.09,397.1,171.5,0
74.27,97.82,373.4,275.9,1
77.73,103.49,394.6,371.5,1
72.49,98.46,391.1,326.6,1
39.77,35.91,404.3,122.5,0
46.71,15.53,398.1,32.3,0
79.15,93.71,371.3,246.4,1
42.78,19.99,402.4,59.7,0
68.45,43.97,415.1,111.6,0
59.31,33.37,411.1,133.3,0
82.11,104.0,371.0,295.3,1
54.7,74.94,410.2,174.0,0
66.32,52.31,428.4,209.1,0
57.21,44.08,425.2,141.5,0
51.71,21.06,427.6,84.2,0
54.76,41.97,399.9,126.2,0
64.5,68.52,399.4,191.9,0
65.53,33.33,415.9,95.9,0
61.5,17.34,422.8,67.0,0
64.82,53.3,429.0,151.6,0
89.06,112.83,359.0,502.0,2
66.25,52.57,413.4,202.1,0
55.23,79.3,405.0,177.7,0
67.96,20.85,409.5,60.1,0
57.58,20.09,413.0,44.0,0
27.97,40.2,400.7,139.6,0
52.71,32.41,396.6,106.3,0
28.1,78.55,420.1,292.9,0
55.37,76.91,400.5,209.9,0
52.53,62.98,408.0,239.7,0
65.31,20.46,421.3,45.3,0
78.56,87.14,381.4,317.6,1
92.77,117.9,352.8,586.5,2
76.15,98.23,373.6,364.9,1
38.69,30.69,428.0,99.8,0
32.53,22.06,410.9,57.7,0
41.35,70.87,428.0,262.1,0
39.86,23.57,397.2,53.8,0
110.72,133.53,367.4,465.0,2
62.59,33.33,429.5,108.4,0
44.12,44.86,402.3,92.3,0
71.84,102.62,375.6,330.7,1
66.31,19.95,397.6,69.0,0
28.66,42.02,419.5,137.0,0
51.57,21.17,400.9,46.3,0
43.25,69.34,419.0,142.2,0
50.6,42.04,426.6,136.3,0
42.14,47.88,428.0,189.3,0
46.38,26.93,398.7,97.5,0
114.82,136.18,368.3,536.8,2
110.69,118.92,361.9,361.7,2
78.2,104.52,392.8,459.1,1
39.68,76.95,411.4,225.5,0
49.18,44.36,408.8,115.0,0
79.92,101.48,375.9,255.8,1
42.98,77.34,397.7,252.1,0
64.31,30.94,413.8,111.0,0
41.68,56.91,424.1,172.8,0
52.75,66.86,404.5,137.5,0
41.66,49.58,410.2,134.1,0
67.56,79.1,424.8,171.6,0
43.38,72.0,427.6,179.2,0
66.03,26.24,409.4,72.8,0
63.64,51.3,400.3,108.6,0
44.66,68.17,421.0,191.0,0
42.69,22.15,395.3,50.1,0
75.39,108.01,387.2,330.4,1
36.05,42.86,397.2,129.3,0
81.73,86.61,380.2,266.0,1
45.94,35.44,413.7,85.6,0
57.61,37.73,424.9,139.9,0
27.68,65.0,395.4,190.6,0
95.0,118.33,352.2,486.9,2
34.11,55.74,399.6,201.7,0
58.28,77.07,422.1,247.8,0
62.47,16.62,418.2,46.7,0
65.17,79.49,423.3,262.8,0
27.23,34.24,403.8,111.9,0
69.13,31.73,428.9,69.5,0
77.65,104.81,373.1,291.7,1
59.69,28.72,407.0,81.6,0
96.92,127.51,359.7,557.3,2
45.46,62.38,429.4,224.3,0
32.22,78.44,421.3,243.6,0
40.55,25.66,397.7,86.4,0
73.49,95.72,388.5,373.8,1
80.66,108.96,370.7,276.7,1
29.12,32.76,417.8,95.5,0
57.05,24.58,408.6,79.2,0
55.9,61.57,427.5,186.0,0
44.35,71.79,409.7,245.6,0
28.57,57.96,410.1,137.1,0
73.32,109.53,391.5,375.2,1
52.0,54.75,403.2,157.0,0
112.43,118.05,364.5,463.3,2
33.8,74.77,417.5,243.3,0
56.18,17.63,428.2,60.4,0
67.29,59.73,401.9,186.3,0
107.31,125.04,368.5,427.4,2
104.74,119.43,353.7,589.8,2
31.06,76.23,405.8,246.5,0
61.34,75.45,419.9,209.9,0
112.3,136.39,366.0,588.1,2
76.59,100.02,374.2,394.4,1
44.48,45.22,408.5,111.9,0
96.32,116.16,364.6,454.9,2
67.75,44.03,423.0,116.7,0
64.49,51.47,400.2,161.1,0
66.33,79.54,419.5,303.3,0
84.61,100.03,379.8,342.3,1
111.34,138.36,365.9,661.0,2
28.68,40.82,419.4,152.0,0
48.12,72.49,408.0,206.0,0
67.84,68.5,411.0,194.5,0
49.01,53.75,408.3,191.6,0
90.24,122.7,350.6,462.3,2
36.45,69.08,406.2,212.6,0
49.86,72.18,425.0,145.2,0
77.66,109.75,391.5,477.2,1
48.23,76.56,400.6,231.7,0
106.62,115.81,351.7,476.5,2
107.05,133.49,364.5,452.9,2
89.18,137.28,353.4,636.9,2
70.45,103.48,384.7,330.5,1
78.98,105.06,394.1,344.0,1
69.99,22.75,429.4,52.8,0
67.83,50.7,413.1,201.4,0
54.91,54.97,407.7,199.9,0
68.64,17.49,429.8,37.3,0
25.18,19.32,428.7,51.5,0
51.18,34.5,418.5,135.5,0
111.63,139.67,363.1,547.0,2
75.59,92.57,392.9,333.1,1
48.74,18.93,418.7,43.0,0
43.03,32.85,405.7,105.0,0
69.23,66.51,406.8,201.3,0
50.48,30.52,420.7,63.4,0
27.73,64.75,403.8,227.0,0
42.09,26.06,397.0,101.8,0
65.69,40.72,402.3,152.4,0
71.87,93.84,375.4,266.6,1
54.17,44.65,425.4,107.7,0
58.66,48.25,399.5,160.0,0
68.97,53.29,421.1,161.6,0
77.01,102.7,388.4,392.1,1
41.2,58.7,429.2,196.1,0
68.36,64.1,423.7,156.3,0
35.81,19.01,429.4,65.7,0
68.19,17.89,413.4,59.1,0
104.58,111.02,352.3,412.2,2
50.77,78.31,422.1,242.4,0
70.9,93.28,372.3,407.4,1
75.53,89.8,376.8,348.0,1
74.74,92.35,390.6,375.5,1
40.18,51.01,404.4,124.8,0
56.73,32.52,424.1,97.6,0
89.48,110.21,359.9,370.0,2
29.35,20.59,405.2,42.2,0
35.69,74.08,395.7,152.5,0
57.74,51.22,427.4,136.2,0
30.17,35.0,396.6,92.6,0
31.81,70.0,423.3,220.4,0
30.79,78.72,420.1,292.4,0
70.32,100.43,392.6,271.7,1
81.07,92.26,375.3,390.0,1
84.9,105.61,374.3,308.9,1
95.28,122.65,366.0,580.1,2
67.28,27.85,401.6,81.4,0
89.78,112.63,361.5,533.2,2
28.76,57.93,405.4,178.1,0
32.23,30.94,413.5,105.0,0
83.97,94.59,377.2,292.8,1
26.62,47.76,419.1,182.7,0
42.12,19.33,405.3,76.9,0
67.02,57.31,422.6,180.2,0
73.22,109.08,385.6,487.7,1
76.65,82.37,379.2,218.6,1
77.56,97.2,391.8,352.6,1
49.74,32.27,416.5,123.1,0
113.06,139.47,360.8,682.7,2
87.95,118.17,363.1,569.6,2
72.38,81.43,393.4,206.0,1
31.43,15.76,422.4,51.6,0
42.75,26.06,403.8,74.8,0
27.02,57.03,398.9,175.4,0
35.83,53.56,396.2,168.8,0
27.36,39.5,427.7,94.2,0
53.76,53.09,406.8,179.1,0
29.99,69.42,429.8,194.2,0
102.24,129.78,356.9,471.2,2
79.5,90.67,373.8,234.4,1
64.49,26.16,408.9,64.0,0
41.58,66.26,420.2,163.1,0
37.94,41.64,396.1,88.1,0
86.53,117.85,366.4,409.2,2
105.81,121.74,367.9,441.2,2
95.85,130.26,364.6,573.5,2
71.3,80.29,392.5,323.7,1
109.28,119.17,352.9,520.2,2
106.58,139.28,357.0,625.7,2
28.24,35.13,404.7,81.9,0
57.77,52.76,395.5,109.1,0
69.77,67.08,425.3,145.2,0
48.99,66.48,396.6,166.8,0
66.61,65.71,425.6,139.8,0
49.52,43.37,419.6,144.8,0
66.97,16.47,398.6,38.6,0
77.48,83.08,372.8,250.8,1
64.15,71.56,407.4,270.6,0
44.81,54.18,427.8,166.5,0
62.21,62.15,404.9,158.1,0
33.59,54.1,417.8,110.8,0
99.69,116.96,350.3,446.1,2
55.71,19.64,420.6,45.0,0
65.43,28.16,421.0,86.6,0
102.37,116.26,354.5,407.0,2
82.64,97.53,390.4,283.3,1
62.82,67.69,399.6,136.2,0
27.86,69.04,412.8,139.4,0
68.48,27.09,416.9,92.7,0
64.97,57.02,425.8,189.7,0
31.66,37.35,423.1,99.3,0
48.04,26.97,419.7,55.6,0
38.01,78.85,421.7,260.8,0
42.87,24.03,415.7,68.5,0
55.12,58.31,407.8,186.9,0
71.49,100.42,390.0,384.9,1
26.55,56.99,416.9,226.4,0
51.97,35.04,418.8,115.7,0
41.0,68.82,409.8,179.2,0
26.29,46.55,410.2,135.4,0
53.16,76.14,407.7,237.2,0
62.61,34.24,403.1,94.2,0
104.4,125.77,365.2,410.1,2
97.15,110.21,369.1,465.9,2
35.07,78.29,426.6,225.9,0
45.27,69.09,404.1,182.1,0
76.04,103.01,377.4,395.7,1
112.12,119.16,350.1,521.1,2
56.28,71.78,402.3,190.6,0
81.41,94.13,383.7,238.9,1
93.9,114.17,353.3,449.4,2
91.97,112.88,354.5,426.4,2
48.07,39.14,425.9,100.1,0
60.8,41.6,418.7,161.1,0
41.55,76.62,416.6,197.2,0
75.24,99.87,383.6,323.0,1
71.89,109.33,375.5,292.2,1
114.58,117.61,367.3,519.1,2
113.32,129.94,357.3,479.1,2
27.07,37.9,405.7,113.8,0
79.81,91.8,393.9,273.2,1
40.66,79.92,422.2,246.4,0
54.17,71.82,425.6,222.8,0
29.19,61.27,427.1,174.2,0
101.9,115.22,358.6,467.1,2
57.99,24.1,408.9,59.8,0
30.71,68.09,396.5,171.2,0
68.55,61.11,418.8,202.1,0
81.66,85.23,379.7,333.6,1
49.5,15.2,396.4,54.2,0
50.9,68.88,415.2,138.0,0
30.49,65.96,395.9,225.2,0
50.98,69.74,419.0,230.9,0
80.01,90.23,384.0,314.1,1
105.65,126.3,361.1,476.9,2
79.65,82.24,389.5,245.0,1
84.96,98.39,394.9,279.6,1
33.94,40.03,406.7,90.1,0
43.5,53.59,426.4,174.7,0
66.09,69.49,401.7,263.1,0
96.65,113.03,369.8,458.4,2
30.27,58.28,398.1,164.4,0
82.95,85.51,393.8,297.6,1
45.79,16.59,398.1,56.6,0
59.64,37.26,409.5,108.3,0
53.32,37.29,397.8,108.1,0
49.61,50.1,429.0,196.5,0
71.11,104.49,385.7,301.8,1
75.74,86.43,372.5,295.9,1
68.35,36.72,402.5,104.8,0
67.47,26.29,411.0,81.7,0
61.38,69.35,421.9,165.2,0
48.55,78.44,396.2,267.4,0
25.35,24.55,427.3,62.1,0
84.78,107.02,386.5,415.7,1
73.21,106.21,385.4,453.7,1
60.3,40.53,404.4,136.1,0
34.03,52.71,420.8,166.1,0
69.1,63.75,419.8,252.9,0
30.06,59.39,419.3,221.9,0
59.3,21.07,396.2,64.9,0
58.93,74.08,428.9,169.8,0
65.81,36.34,414.4,121.3,0
67.37,36.79,409.4,133.2,0
27.3,67.63,427.8,191.8,0
30.39,25.71,422.5,62.7,0
83.8,88.01,387.5,332.8,1
32.2,67.68,421.3,270.3,0
25.51,54.5,401.8,123.6,0
51.79,57.68,400.6,160.7,0
112.67,112.56,353.6,393.9,2
57.34,50.22,416.5,186.6,0
64.08,57.11,420.9,131.5,0
54.65,36.45,414.2,143.6,0
32.03,49.14,403.0,160.1,0
64.06,76.48,398.7,292.5,0
31.95,22.32,414.1,71.6,0
52.45,50.56,426.1,154.6,0
63.43,76.16,428.6,286.5,0
40.17,75.79,414.8,276.0,0
46.94,21.98,413.1,63.0,0
48.67,78.65,407.0,258.4,0
44.78,74.28,397.6,181.2,0
72.12,85.62,372.3,268.9,1
63.76,72.5,420.0,206.5,0
83.62,101.32,376.8,267.5,1
41.57,29.02,398.7,81.8,0
34.34,32.26,423.8,120.8,0
28.76,22.56,428.5,62.1,0
65.92,76.75,398.6,246.7,0
67.85,72.67,427.1,196.3,0
28.43,64.79,425.0,155.1,0
110.91,129.27,350.6,638.2,2
101.84,111.84,352.5,555.4,2
40.96,44.19,399.9,169.8,0
38.49,47.43,427.4,186.7,0
57.18,21.5,402.4,74.9,0
58.98,49.36,418.1,182.8,0
69.81,60.2,395.6,170.5,0
56.89,76.97,422.2,221.2,0
59.82,44.49,410.4,176.0,0
55.48,41.12,428.1,104.6,0
76.2,88.25,386.3,328.5,1
33.85,34.37,411.8,112.5,0
81.65,94.18,390.4,295.4,1
68.38,36.47,415.1,122.5,0
39.95,61.61,416.4,223.7,0
107.57,128.93,354.5,435.7,2
45.99,76.95,423.2,239.4,0
78.81,87.73,394.6,245.4,1
31.84,67.39,397.7,164.7,0
93.26,133.68,365.1,627.8,2
27.72,47.17,415.5,113.7,0
39.37,28.06,405.8,68.9,0
43.66,54.95,422.5,203.8,0
66.28,28.62,401.2,96.5,0
110.82,125.44,363.3,528.8,2
50.93,79.11,427.9,231.9,0
74.71,92.54,383.7,293.2,1
61.96,46.22,409.3,161.7,0
64.02,29.98,408.0,92.5,0
47.57,54.68,411.8,123.1,0
43.14,17.53,409.2,49.7,0
69.93,37.05,400.3,95.9,0
41.73,75.3,409.2,212.6,0
43.16,44.22,409.2,113.3,0
36.81,48.52,425.1,111.9,0
42.12,54.79,428.1,165.8,0
92.56,126.81,365.2,520.4,2
97.52,116.73,350.0,549.6,2
73.18,85.84,370.7,272.2,1
53.82,36.92,429.4,141.4,0
66.82,68.61,405.5,177.8,0
34.92,33.9,416.3,123.0,0
47.03,34.85,426.8,84.3,0
79.17,92.03,383.3,254.2,1
102.96,135.14,357.8,438.3,2
54.05,58.02,412.8,151.5,0
92.93,120.15,352.8,499.4,2
77.61,86.82,376.4,310.8,1
86.17,115.76,363.3,493.4,2
58.95,31.24,396.8,107.7,0
114.25,110.51,366.9,444.9,2
73.87,84.26,386.5,315.0,1
114.3,123.8,368.6,523.5,2
60.38,45.18,419.1,103.5,0
67.77,53.95,402.3,187.8,0
74.0,107.3,374.2,407.1,1
78.48,102.12,371.0,358.9,1
67.22,61.86,418.9,200.2,0
76.39,92.18,393.8,283.7,1
100.74,127.69,350.9,396.0,2
93.82,120.46,360.9,473.6,2
74.9,95.31,391.5,366.9,1
26.58,55.65,412.3,154.3,0
70.12,80.87,381.2,293.9,1
62.26,36.59,426.5,101.9,0
30.11,65.67,413.4,224.4,0
68.4,19.62,415.8,40.0,0
39.7,27.72,421.7,100.8,0
43.5,33.37,398.2,77.9,0
47.52,31.37,428.1,102.1,0
52.28,18.98,415.9,56.5,0
34.02,39.57,403.4,84.5,0
32.67,33.48,423.5,123.5,0
28.84,56.56,419.7,159.7,0
76.44,100.19,385.0,351.5,1
64.31,44.23,419.5,153.5,0
39.94,43.85,425.8,92.2,0
65.91,54.4,405.3,141.9,0
83.46,82.47,381.0,370.3,1
30.02,26.8,399.0,86.1,0
30.65,35.05,404.3,136.4,0
37.69,21.16,423.5,78.1,0
37.54,74.23,412.7,278.9,0
58.08,50.49,413.1,108.5,0
79.2,88.48,379.9,312.8,1
67.78,43.46,407.2,108.0,0
47.67,67.81,395.1,219.6,0
58.76,51.08,421.1,144.3,0
39.12,51.25,415.1,141.6,0
58.18,17.28,427.7,58.5,0
50.52,29.31,396.9,91.6,0
109.81,115.2,357.8,356.5,2
43.16,66.78,410.3,195.4,0
68.02,75.39,410.0,267.8,0
25.37,30.68,406.7,77.5,0
68.44,66.31,398.9,143.1,0
29.98,43.47,406.5,165.0,0
44.98,50.98,414.2,203.7,0
36.27,26.45,426.1,55.8,0
71.15,84.39,370.7,256.5,1
52.82,43.98,416.0,124.8,0
41.55,20.84,406.9,41.7,0
65.34,46.88,400.6,97.6,0
106.38,127.03,367.3,381.7,2
48.18,56.6,402.8,156.0,0
57.31,68.79,429.9,230.0,0
38.64,39.64,397.7,122.4,0
98.21,138.45,350.1,449.4,2
58.39,79.85,415.2,242.2,0
85.2,120.54,350.5,594.4,2
58.12,72.46,397.5,276.2,0
28.33,59.1,401.5,216.4,0
93.67,118.49,363.0,366.1,2
48.4,16.32,401.7,57.2,0
27.81,32.78,424.8,103.8,0
68.19,36.62,409.1,96.7,0
32.07,15.66,411.9,47.2,0
66.98,76.9,417.1,224.6,0
105.27,126.97,357.5,605.1,2
61.86,57.13,398.6,199.2,0
75.13,101.01,384.8,304.3,1
77.87,99.87,374.7,250.9,1
70.31,100.49,382.4,322.6,1
87.49,123.37,350.4,464.7,2
43.2,30.61,398.3,108.5,0
86.81,113.95,354.9,557.4,2
84.39,109.57,373.2,320.8,1
48.91,32.77,424.9,107.0,0
50.82,54.33,428.7,151.7,0
34.45,25.76,413.8,62.5,0
49.27,52.17,396.1,169.6,0
61.72,45.57,418.2,93.9,0
41.19,54.35,409.2,152.8,0
50.42,26.3,396.6,65.2,0
59.06,62.17,416.2,140.6,0
48.17,59.13,396.1,209.9,0
80.2,100.2,389.2,396.2,1
43.67,53.05,409.0,170.0,0
53.52,39.26,407.8,91.7,0
74.25,101.4,383.2,322.9,1
44.7,67.7,418.6,145.0,0
80.0,95.58,376.3,390.6,1
29.11,37.18,423.0,141.5,0
26.22,39.89,424.4,117.3,0
42.41,36.9,405.5,74.8,0
95.63,112.2,359.5,341.5,2
50.63,15.97,428.9,45.0,0
55.0,31.37,426.7,94.5,0
61.75,28.56,426.1,94.7,0
46.3,20.2,402.2,48.6,0
57.78,55.43,412.3,180.6,0
77.12,86.66,387.5,336.9,1
44.88,78.79,406.2,204.1,0
54.01,60.51,419.8,209.8,0
49.36,21.16,397.8,49.5,0
104.02,114.29,367.0,535.1,2
38.68,20.74,425.3,71.9,0
58.75,60.37,420.5,124.3,0
92.37,122.23,359.2,547.0,2
35.79,23.2,410.4,85.9,0
62.32,49.9,399.6,163.7,0
36.15,36.19,426.7,105.1,0
47.83,31.49,419.0,122.1,0
38.76,17.0,406.5,58.6,0
77.43,96.31,381.9,365.1,1
68.53,18.42,428.8,54.5,0
108.36,134.37,350.4,448.4,2
109.04,123.28,351.0,597.3,2
26.35,67.62,416.0,154.6,0
81.19,104.19,379.5,263.0,1
97.65,119.31,351.9,428.0,2
52.99,63.51,424.8,133.8,0
67.77,49.53,406.9,156.6,0
38.83,65.79,419.8,225.8,0
72.43,88.55,388.6,296.5,1
47.41,42.91,397.6,150.7,0
51.04,57.58,408.3,190.8,0
41.02,28.99,399.8,81.4,0
95.28,134.23,367.4,446.3,2
35.11,18.2,426.2,40.0,0
59.89,77.08,426.7,197.8,0
80.47,104.49,373.1,441.9,1
26.89,57.27,405.4,185.7,0
72.95,107.72,382.0,408.1,1
40.63,27.28,422.5,107.9,0
30.07,73.86,424.8,219.7,0
29.74,52.33,416.4,122.8,0
57.16,75.96,407.5,152.4,0
59.6,69.63,422.1,154.7,0
100.82,129.8,368.2,456.4,2
49.01,27.14,424.8,66.5,0
67.75,46.59,408.8,124.7,0
49.3,33.73,420.0,110.7,0
55.06,77.51,413.5,209.3,0
93.95,112.16,355.0,461.2,2
102.8,132.62,367.7,643.0,2
86.06,129.88,356.2,621.5,2
68.29,35.4,406.8,91.5,0
52.8,22.48,403.3,63.8,0
60.57,72.22,406.5,155.9,0
78.09,108.88,390.1,333.6,1
78.54,91.0,370.9,265.6,1
43.29,45.8,399.4,117.4,0
39.89,43.13,429.0,112.6,0
39.57,19.7,424.0,76.0,0
69.76,35.73,429.4,86.3,0
65.35,51.49,425.6,165.2,0
38.16,69.2,405.3,185.0,0
41.26,45.7,398.7,127.3,0
105.8,120.45,363.7,546.4,2
59.07,29.88,418.4,67.4,0
35.26,41.37,407.2,150.1,0
46.29,66.53,415.2,254.4,0
82.51,88.48,391.0,311.2,1
25.52,68.1,417.3,231.6,0
84.62,83.04,377.5,270.2,1
91.45,123.66,362.8,476.2,2
74.76,89.83,394.8,355.7,1
60.93,42.75,403.4,104.0,0
38.57,22.33,398.7,78.4,0
83.69,104.4,392.6,340.9,1
63.42,50.25,412.3,124.0,0
75.97,100.3,388.7,264.8,1
58.92,29.61,406.7,116.8,0
70.87,109.58,392.4,478.9,1
32.83,43.69,408.4,147.6,0
45.72,19.19,411.0,47.4,0
41.49,58.23,410.4,155.1,0
45.53,56.12,407.1,158.5,0
45.27,57.87,403.8,155.1,0
58.99,44.19,427.9,90.2,0
71.74,103.03,386.3,309.6,1
77.21,101.08,389.8,446.2,1
58.87,26.78,418.8,74.6,0
33.82,29.4,395.6,83.4,0
35.2,24.09,404.1,79.1,0
75.48,87.85,392.6,373.7,1
68.65,51.42,425.7,123.3,0
39.08,56.31,416.5,166.4,0
43.23,45.47,429.8,107.0,0
61.3,24.95,418.5,97.1,0
55.01,71.06,420.4,182.3,0
31.15,18.09,417.0,54.9,0
54.29,29.31,410.2,71.3,0
53.11,52.51,397.3,158.3,0
45.82,73.45,408.4,189.0,0
34.84,38.73,402.1,142.5,0
41.72,73.56,422.6,279.5,0
73.17,87.39,386.5,304.8,1
64.5,48.61,425.6,171.6,0
72.71,88.62,373.9,286.6,1
40.82,25.19,407.7,64.1,0
67.32,32.19,417.5,104.5,0
69.9,16.62,400.1,55.6,0
78.19,85.99,376.6,219.4,1
58.5,33.52,411.1,85.3,0
66.81,37.39,427.7,104.8,0
36.61,49.44,395.8,179.9,0
47.98,42.19,420.4,143.8,0
62.38,29.51,427.6,75.9,0
54.29,74.22,420.7,254.0,0
49.11,71.05,425.7,188.6,0
39.94,45.59,414.1,132.8,0
107.11,121.53,366.9,532.6,2
78.45,99.47,370.3,367.9,1
65.59,20.97,427.4,56.5,0
65.19,25.42,399.1,69.5,0
60.97,26.62,424.4,102.0,0
105.66,113.64,363.6,500.3,2
46.24,32.85,403.0,77.9,0
30.84,42.81,426.3,107.0,0
69.77,69.94,425.9,151.1,0
101.89,116.12,350.6,565.7,2
81.79,85.29,389.0,268.4,1
47.61,52.62,426.4,173.5,0
48.06,70.42,399.5,218.0,0
73.09,94.26,385.1,258.1,1
83.24,80.26,372.9,261.3,1
100.48,138.9,369.1,680.9,2
47.35,37.3,416.9,81.7,0
67.79,71.63,425.3,179.5,0
105.71,115.36,354.4,449.6,2
91.78,129.05,350.8,575.8,2
47.88,36.65,395.3,124.3,0
62.24,78.05,425.0,216.6,0
38.3,53.1,420.0,156.2,0
111.57,110.18,368.1,429.5,2
103.41,114.76,356.9,506.1,2
76.41,85.03,393.8,333.1,1
58.68,25.87,411.4,80.7,0
113.82,124.59,364.9,495.4,2
69.15,67.17,398.8,200.1,0
65.1,42.16,417.2,119.9,0
53.56,20.61,408.7,70.2,0
43.57,52.11,422.3,179.6,0
37.39,47.83,400.1,163.8,0
59.25,62.43,396.3,227.5,0
28.73,35.1,414.7,106.6,0
63.56,15.47,416.8,43.4,0
44.41,48.43,397.0,174.2,0
92.72,136.76,369.5,589.4,2
49.61,55.78,421.3,114.4,0
45.62,29.29,411.2,81.1,0
46.44,20.78,416.7,65.2,0
79.69,106.49,372.8,301.6,1
48.21,41.79,398.8,126.6,0
50.05,64.93,400.9,174.3,0
47.11,79.45,406.1,245.7,0
49.31,17.94,397.0,38.4,0
59.04,48.33,406.7,132.7,0
39.31,49.71,417.6,150.6,0
31.62,19.36,417.6,53.7,0
39.23,52.17,406.3,106.8,0
50.23,26.14,426.1,98.1,0
82.1,82.1,388.6,206.9,1
113.33,128.89,356.6,499.1,2
52.51,68.99,428.5,255.2,0
39.28,59.14,407.6,226.1,0
70.34,92.93,372.2,248.3,1
70.97,85.35,388.3,238.0,1
65.44,61.75,397.2,171.3,0
47.3,65.83,410.8,252.9,0
58.8,46.62,410.8,141.8,0
40.63,33.23,410.5,123.9,0
67.7,38.47,407.6,100.2,0
50.75,68.32,426.9,140.8,0
29.71,51.42,413.9,197.2,0
65.61,60.39,424.0,121.6,0
85.87,129.47,350.3,409.2,2
64.07,39.7,405.9,121.2,0
38.21,47.84,406.9,188.4,0
52.69,47.91,426.3,156.9,0
43.49,32.26,397.4,79.7,0
51.84,37.45,419.1,83.1,0
81.03,104.44,371.8,295.2,1
68.5,71.08,421.4,167.9,0
78.12,107.58,391.2,380.4,1
61.33,28.78,412.6,77.9,0
52.37,43.79,399.5,116.3,0
30.17,75.84,401.7,181.9,0
79.01,88.08,388.6,334.4,1
51.86,61.1,420.9,138.7,0
89.48,125.89,363.2,506.5,2
36.3,38.5,399.9,105.5,0
30.42,66.5,422.1,220.3,0
55.45,60.69,423.4,190.8,0
32.11,36.08,414.0,126.4,0
25.09,35.48,425.2,82.9,0
35.32,49.72,414.6,179.6,0
73.36,87.44,393.9,371.1,1
44.19,71.87,415.3,273.2,0
44.83,31.97,411.3,81.6,0
50.16,23.32,397.2,87.4,0
32.27,48.7,421.8,181.5,0
108.9,117.31,364.1,391.8,2
61.12,57.17,425.5,208.1,0
85.51,117.76,357.0,452.0,2
36.46,49.93,404.4,146.3,0
32.85,16.6,421.9,37.7,0
67.64,37.52,413.0,124.7,0
74.12,83.95,391.3,368.6,1
27.17,22.97,396.3,54.5,0
51.22,54.01,404.7,214.9,0
112.55,127.15,351.8,609.2,2
64.95,35.13,396.4,85.1,0
68.87,24.78,425.7,62.0,0
103.74,118.12,361.7,412.9,2
63.59,31.7,416.9,69.1,0
41.02,20.28,403.2,47.9,0
60.83,66.15,417.6,189.0,0
71.48,91.54,374.3,239.0,1
55.18,75.7,427.6,192.5,0
61.98,22.13,424.6,78.3,0
50.99,33.78,412.3,96.8,0
61.22,71.8,397.2,246.9,0
31.57,75.09,413.1,280.9,0
66.72,42.2,418.4,159.9,0
47.42,45.15,398.1,120.8,0
32.52,62.43,399.7,238.5,0
56.67,76.79,398.5,246.5,0
91.71,135.03,350.2,539.6,2
80.56,84.88,390.8,309.4,1
58.86,70.61,407.4,242.9,0
53.49,61.65,425.8,164.2,0
27.82,46.14,407.6,162.8,0
34.26,46.06,422.3,163.8,0
68.95,19.44,410.0,63.5,0
65.74,52.63,427.7,146.5,0
46.93,61.28,426.8,221.4,0
71.63,84.17,375.3,231.2,1
30.86,71.0,408.2,170.6,0
104.02,136.45,369.1,447.4,2
32.73,41.52,396.0,109.5,0
72.75,98.93,372.7,308.0,1
31.36,27.59,406.5,86.6,0
30.31,70.19,402.8,274.7,0
62.92,61.95,396.7,181.0,0
51.9,32.63,420.7,69.1,0
49.77,63.1,423.8,151.6,0
103.58,133.5,358.8,418.2,2
34.31,58.55,427.3,125.2,0
77.7,102.83,391.1,370.8,1
39.04,74.2,405.6,224.1,0
50.9,54.09,429.0,154.5,0
85.2,121.47,351.6,458.9,2
30.1,20.26,416.0,63.6,0
79.25,82.46,392.8,327.3,1
38.97,36.15,406.0,99.4,0
31.1,77.07,419.8,223.7,0
99.87,132.38,363.3,621.5,2
103.37,127.33,357.4,536.0,2
71.69,101.13,371.1,329.0,1
85.56,122.99,366.7,399.2,2
81.61,90.48,392.8,242.4,1
42.05,63.21,409.2,230.0,0
74.66,97.89,372.9,296.1,1
49.39,48.7,421.6,100.4,0
44.76,58.24,425.4,143.3,0
58.23,67.37,401.2,218.1,0
62.94,75.61,395.5,210.8,0
75.62,100.57,370.2,435.3,1
64.64,78.66,396.6,172.7,0
30.37,71.79,403.0,280.3,0
38.5,68.66,426.1,237.4,0
56.24,51.6,414.7,179.5,0
28.83,36.11,420.6,121.3,0
62.11,22.82,419.9,68.9,0
79.0,99.25,383.6,423.7,1
101.69,132.2,365.5,620.9,2
67.99,41.74,426.4,113.5,0
60.43,25.78,422.9,86.6,0
74.26,92.83,382.1,320.7,1
57.72,75.31,426.9,285.2,0
47.61,39.34,405.2,134.8,0
38.55,45.83,415.6,163.1,0
49.36,15.06,418.9,32.1,0
75.81,90.67,381.9,250.7,1
100.15,110.79,363.1,397.5,2
52.86,23.33,415.1,78.3,0
87.79,111.41,365.9,480.4,2
46.95,58.14,427.5,181.8,0
66.0,70.88,413.4,172.7,0
28.18,25.95,398.3,65.2,0
52.47,55.91,424.1,172.7,0
36.35,23.08,405.2,81.9,0
71.89,97.68,380.5,398.1,1
37.85,70.39,422.4,256.6,0
29.94,28.64,399.1,57.7,0
52.31,15.59,395.3,31.4,0
98.91,131.5,355.3,514.8,2
93.9,117.41,352.4,366.2,2
62.9,48.03,398.7,108.5,0
31.83,54.9,415.0,214.7,0
50.69,56.75,429.4,198.8,0
34.35,52.51,399.8,162.5,0
32.36,50.26,427.6,105.1,0
39.08,60.36,413.6,182.0,0
34.67,73.88,400.7,293.7,0
82.61,81.07,390.0,233.8,1
45.35,21.18,423.1,52.8,0
63.64,66.26,413.0,146.7,0
54.03,66.8,427.4,193.7,0
43.23,73.32,416.7,223.6,0
57.8,63.22,400.7,203.6,0
57.29,52.73,404.1,188.2,0
68.27,77.72,427.7,287.6,0
58.37,23.28,397.4,50.9,0
54.71,28.2,399.0,81.7,0
102.44,131.84,355.0,585.1,2
51.58,68.51,416.8,148.9,0
53.26,73.62,418.7,160.2,0
45.72,33.97,420.0,87.0,0
69.8,46.76,401.1,95.2,0
69.05,63.06,399.8,187.5,0
55.61,76.3,402.4,177.8,0
33.34,15.71,400.8,37.6,0
106.27,120.69,363.0,425.3,2
48.47,51.39,425.9,137.0,0
77.7,105.58,375.4,278.2,1
79.73,85.01,377.4,368.9,1
30.55,59.28,427.3,219.1,0
27.31,64.24,402.2,160.1,0
103.7,129.51,361.4,608.8,2
40.99,20.87,424.8,68.1,0
77.49,83.36,375.8,320.5,1
76.29,85.62,381.9,377.1,1
30.21,62.99,414.7,181.0,0
107.88,121.62,365.6,411.5,2
109.32,115.27,368.4,426.1,2
33.84,24.07,417.5,88.3,0
52.43,64.0,418.1,178.4,0
37.67,74.2,420.1,220.7,0
44.37,73.07,417.8,266.8,0
27.26,59.9,421.1,166.3,0
112.96,114.35,364.5,515.5,2
84.17,94.84,385.8,413.1,1
48.95,41.55,410.7,157.0,0
69.03,72.86,427.2,156.2,0
61.78,65.52,395.8,162.6,0
26.81,52.5,409.0,132.2,0
47.16,71.58,420.5,150.1,0
91.51,110.92,360.3,475.5,2
50.1,24.51,395.8,49.2,0
78.7,88.26,372.2,237.2,1
100.18,126.57,351.8,525.0,2
75.91,88.67,373.4,337.5,1
50.62,46.66,419.4,112.4,0
49.93,68.78,424.0,141.1,0
62.33,72.87,404.5,233.2,0
48.0,28.37,425.9,72.6,0
32.97,49.47,428.7,188.2,0
59.89,72.25,399.9,222.8,0
95.24,129.14,352.7,388.3,2
44.47,53.34,399.9,157.1,0
29.02,24.22,411.4,78.3,0
27.26,34.01,403.3,107.4,0
74.37,92.35,380.3,287.9,1
32.73,69.13,422.3,226.1,0
47.02,17.58,402.1,63.3,0
69.22,20.84,421.0,73.2,0
106.64,112.94,360.1,442.3,2
82.03,91.47,372.1,247.0,1
52.53,50.79,423.7,136.2,0
32.54,75.84,424.0,265.9,0
96.21,124.16,358.9,547.6,2
40.37,35.15,413.8,81.2,0
32.97,59.79,406.9,147.7,0
96.56,138.12,369.0,430.0,2
48.11,75.3,396.5,241.3,0
29.89,78.28,419.0,203.3,0
68.9,77.88,411.9,160.6,0
75.88,95.66,387.1,369.8,1
56.16,18.25,409.5,43.2,0
111.37,127.74,352.1,615.6,2
31.3,70.01,401.3,266.3,0
110.71,134.23,365.1,430.6,2
66.82,21.09,422.6,49.8,0
79.15,87.19,376.3,353.7,1
35.56,67.58,395.9,189.1,0
56.35,26.36,415.5,92.3,0
26.95,40.23,395.8,133.3,0
56.0,53.03,396.2,179.6,0
64.8,75.23,411.3,245.9,0
109.07,134.33,365.6,578.0,2
43.78,70.51,429.7,173.5,0
97.34,134.29,364.7,492.3,2
66.46,30.91,400.2,84.2,0
43.96,74.11,421.1,159.9,0
51.2,40.67,397.6,96.4,0
45.9,45.78,404.9,113.2,0
110.79,110.52,354.3,416.9,2
93.74,117.67,359.0,514.7,2
38.82,43.15,424.4,109.4,0
72.28,105.7,388.1,450.8,1
73.7,83.75,393.6,268.8,1
59.1,66.28,414.5,160.6,0
34.99,27.9,399.2,98.6,0
53.91,64.43,410.0,148.1,0
60.51,35.77,423.8,139.4,0
89.09,126.54,350.5,508.2,2
49.5,57.97,396.9,145.2,0
60.12,53.94,413.2,186.1,0
56.88,49.72,419.7,162.1,0
88.45,133.35,367.7,430.4,2
33.82,78.02,417.8,273.8,0
63.65,59.32,419.3,206.4,0
57.89,51.68,419.6,177.1,0
30.46,63.99,397.5,202.0,0
81.16,95.69,371.3,270.7,1
25.28,24.76,411.9,91.9,0
59.14,42.11,404.2,121.7,0
37.71,74.2,402.5,161.9,0
102.43,116.63,367.2,364.3,2
96.77,131.91,363.0,494.9,2
59.2,28.11,423.3,61.5,0
39.4,77.6,402.8,253.7,0
80.11,101.23,383.7,389.3,1
26.39,49.3,420.5,146.9,0
75.24,108.83,390.5,447.8,1
100.18,128.16,350.7,534.3,2
38.62,47.66,427.6,153.7,0
60.16,21.26,428.9,75.4,0
35.77,53.39,420.2,113.0,0
29.22,38.66,410.9,100.7,0
30.0,71.64,408.0,241.0,0
53.05,62.82,400.9,130.9,0
51.17,76.05,429.0,213.8,0
27.03,55.07,415.2,163.1,0
34.41,55.0,406.0,171.4,0
78.61,80.81,379.6,327.4,1
74.61,92.17,378.8,329.7,1
64.13,37.87,409.8,89.4,0
77.65,106.14,392.7,363.0,1
59.75,33.3,422.1,87.6,0
99.22,117.65,354.4,506.5,2
40.53,22.87,427.4,48.0,0
74.9,87.89,388.4,226.2,1
66.7,77.9,398.6,290.5,0
27.61,19.47,407.0,57.5,0
39.19,52.95,402.3,157.0,0
68.24,34.15,407.6,117.7,0
66.75,79.32,404.4,252.8,0
47.51,25.4,395.3,77.6,0
72.68,99.74,370.9,411.8,1
99.59,118.45,366.4,513.6,2
33.3,53.47,414.1,194.1,0
72.07,108.1,386.4,293.7,1
79.61,88.84,378.5,366.6,1
28.39,21.56,401.8,63.3,0
80.74,109.51,373.5,354.7,1
32.82,47.31,414.5,137.2,0
34.84,48.09,421.1,139.2,0
26.13,37.32,401.5,113.2,0
104.74,120.6,369.8,423.9,2
57.03,31.44,415.4,73.2,0
42.1,64.52,422.4,143.8,0
49.52,60.17,401.7,134.7,0
58.45,26.67,411.1,82.3,0
66.17,40.83,416.6,104.5,0
99.49,136.18,352.7,556.2,2
62.87,38.96,408.6,133.6,0
102.78,113.56,353.9,460.7,2
63.11,68.36,427.0,200.0,0
46.73,50.97,417.5,112.0,0
55.34,21.92,416.4,51.9,0
51.71,57.33,414.7,150.9,0
53.62,64.94,416.6,186.3,0
64.71,49.61,402.5,148.5,0
47.16,25.88,419.2,73.8,0
53.26,19.7,413.0,70.7,0
52.84,66.68,412.6,266.4,0
26.55,79.22,411.0,268.3,0
38.21,38.07,405.7,117.1,0
78.7,103.21,372.5,300.4,1
91.66,119.62,362.4,471.1,2
46.5,17.04,411.6,41.6,0
72.97,104.21,374.3,378.5,1
68.02,37.8,406.7,91.3,0
61.66,24.17,399.4,96.2,0
58.07,41.51,423.5,111.6,0
45.36,41.88,413.2,109.6,0
113.42,117.91,353.3,549.6,2
45.5,35.69,399.7,139.7,0
82.5,87.85,387.4,361.0,1
74.74,94.01,383.1,345.0,1
81.7,101.62,384.2,272.5,1
29.55,40.25,397.5,107.8,0
54.55,56.99,426.4,181.5,0
30.43,66.23,429.4,250.6,0
76.28,91.93,391.4,308.8,1
41.1,41.47,419.4,116.4,0
49.26,72.74,418.7,205.0,0
37.65,72.91,416.3,202.7,0
47.16,50.35,426.3,181.2,0
61.13,43.3,395.8,124.8,0
52.94,28.47,403.5,72.0,0
52.3,35.49,399.9,133.9,0
109.33,118.04,361.3,538.5,2
41.66,67.37,417.5,169.8,0
75.18,81.51,389.3,362.2,1
59.25,67.19,409.3,230.6,0
44.33,15.62,423.9,48.9,0
41.85,76.69,403.8,271.4,0
49.69,44.66,396.8,125.8,0
87.91,127.99,362.6,449.4,2
29.97,36.67,416.6,136.0,0
43.01,28.75,410.4,66.7,0
57.82,32.05,419.1,102.6,0
80.66,83.01,383.8,323.6,1
69.3,53.79,414.6,107.6,0
51.68,42.52,402.0,161.5,0
70.22,96.2,384.2,377.2,1
84.79,104.91,379.3,307.6,1
33.15,23.86,405.0,63.6,0
62.06,38.62,395.3,144.5,0
43.16,22.17,422.5,84.1,0
51.87,37.78,402.0,123.4,0
27.17,31.42,417.3,64.2,0
46.18,76.37,407.1,277.8,0
31.68,15.75,419.8,34.4,0
31.47,18.8,402.3,62.3,0
64.42,71.56,400.0,167.3,0
80.85,94.22,388.7,409.5,1
48.85,31.72,419.2,103.9,0
30.6,33.56,405.4,70.5,0
60.08,79.23,399.6,309.5,0
27.56,49.39,405.5,161.5,0
61.31,26.42,417.7,85.0,0
83.02,108.52,377.9,334.1,1
54.87,21.76,416.8,84.9,0
76.83,95.38,373.3,362.7,1
36.18,16.63,422.1,43.1,0
58.83,46.31,424.0,95.4,0
65.69,68.34,422.0,201.5,0
80.13,88.62,374.9,313.6,1
41.16,72.83,411.5,232.9,0
74.37,99.84,381.6,325.1,1
71.22,103.16,370.2,390.2,1
43.93,18.44,395.6,59.4,0
54.58,68.12,395.9,208.2,0
78.59,108.43,372.0,359.6,1
89.15,132.07,359.1,526.1,2
81.21,88.59,380.9,361.9,1
42.7,66.34,426.5,134.3,0
105.2,130.55,359.9,458.7,2
38.2,51.07,411.8,124.5,0
45.27,59.64,398.8,126.6,0
102.83,126.38,368.1,459.6,2
47.74,52.21,397.2,114.3,0
110.54,134.66,352.0,633.3,2
57.24,43.25,418.1,125.9,0
67.73,25.96,406.7,83.6,0
67.13,29.89,424.1,94.4,0
43.61,34.37,415.2,101.4,0
90.93,137.19,358.1,417.1,2
36.38,60.87,416.2,229.4,0
29.92,45.14,407.9,108.8,0
70.41,94.71,378.9,362.7,1
110.87,116.99,366.5,514.3,2
54.3,74.08,414.0,287.3,0
41.47,45.71,428.7,113.1,0
71.14,95.53,382.9,337.1,1
107.94,111.14,362.8,409.3,2
73.66,97.22,387.6,435.3,1
77.65,99.11,372.8,336.0,1
67.49,29.96,398.5,77.7,0
28.38,29.28,408.1,93.9,0
67.77,75.66,404.4,248.8,0
34.22,42.49,428.8,118.9,0
75.33,97.09,389.4,379.1,1
68.62,58.09,395.5,136.5,0
33.19,37.48,409.5,83.6,0
70.43,94.2,386.3,238.9,1
54.57,66.62,407.4,223.4,0
55.29,44.92,419.2,116.0,0
28.81,22.87,409.9,46.3,0
27.05,20.73,411.2,51.4,0
68.0,61.32,426.3,243.2,0
72.86,104.31,391.3,268.5,1
55.95,57.57,414.9,181.7,0
28.5,62.19,429.5,248.1,0
104.05,139.7,363.2,441.2,2
77.02,93.63,392.1,296.6,1
31.99,27.59,418.7,83.3,0
80.79,107.32,394.4,414.8,1
77.75,98.7,377.2,338.3,1
39.53,34.34,401.5,77.3,0
44.43,39.05,406.6,113.1,0
92.99,139.18,367.9,668.6,2
33.65,78.6,398.4,256.2,0
75.48,103.8,391.1,343.8,1
45.21,71.31,419.1,185.1,0
37.93,20.12,426.3,44.4,0
80.76,84.95,383.1,243.2,1
38.37,75.79,402.8,290.3,0
59.05,56.72,416.0,131.4,0
33.4,19.17,426.9,62.5,0
103.28,134.4,355.4,408.1,2
60.01,47.08,423.5,161.7,0
39.43,15.09,408.1,43.5,0
48.25,51.73,424.6,190.8,0
44.89,38.36,416.8,101.9,0
38.63,43.21,423.8,147.9,0
53.42,44.47,397.9,156.1,0
97.63,113.13,357.7,512.4,2
84.01,96.47,390.1,271.7,1
58.4,52.7,416.4,126.0,0
83.49,87.55,384.9,363.7,1
44.56,19.33,406.4,55.6,0
66.84,41.52,401.5,136.4,0
59.95,52.58,397.1,202.6,0
59.69,16.59,411.6,63.8,0
28.0,20.71,407.0,69.8,0
39.43,38.28,417.0,112.6,0
25.31,44.35,407.4,150.0,0
56.1,57.34,409.5,134.8,0
66.15,78.79,417.1,164.9,0
33.89,57.72,422.1,137.9,0
54.89,64.57,409.9,206.1,0
59.9,43.14,404.8,149.4,0
33.36,72.71,424.4,204.3,0
28.03,75.79,398.5,207.2,0
47.34,62.56,419.3,244.3,0
74.11,104.6,370.5,348.3,1
61.78,54.33,395.4,164.5,0
50.04,54.63,415.7,137.8,0
74.94,103.46,375.9,346.5,1
32.75,15.77,429.6,62.5,0
58.08,59.68,424.0,185.2,0
27.37,30.89,423.0,110.0,0
83.75,105.57,375.1,397.2,1
114.89,133.35,366.2,512.1,2
34.57,41.51,426.8,117.6,0
27.96,68.37,396.1,191.1,0
74.28,86.29,385.0,268.3,1
83.92,86.09,375.5,329.3,1
104.42,127.56,351.4,450.3,2
42.33,23.74,395.4,68.0,0
63.45,30.75,397.3,91.7,0
88.28,138.46,356.2,436.0,2
48.79,78.91,409.3,244.5,0
64.56,27.62,422.0,98.3,0
86.67,129.8,354.3,624.8,2
64.81,16.0,407.9,62.8,0
99.7,110.89,350.5,338.6,2
33.23,28.5,408.7,82.9,0
37.09,70.47,427.8,147.8,0
98.34,112.37,364.5,470.8,2
111.22,131.53,356.9,401.4,2
100.15,125.72,368.6,587.8,2
68.89,36.25,397.6,94.7,0
54.87,78.87,430.0,196.0,0
87.18,136.64,353.3,547.9,2
35.76,47.22,420.8,131.1,0
53.68,64.7,404.1,145.8,0
40.39,60.09,413.7,151.2,0
68.87,66.08,413.4,261.7,0
57.5,24.78,419.0,96.7,0
35.33,73.91,419.3,279.2,0
26.4,21.68,412.2,78.7,0
29.58,71.1,419.7,164.8,0
67.85,71.84,425.6,184.2,0
41.75,52.28,415.2,206.2,0
96.19,131.45,361.7,567.2,2
107.12,135.08,350.1,480.1,2
31.43,49.61,422.0,154.2,0
28.49,24.47,429.7,77.0,0
64.71,71.04,403.2,233.6,0
55.23,65.99,421.2,144.0,0
64.05,72.14,426.3,156.2,0
39.44,70.88,405.9,206.6,0
43.81,52.84,406.5,150.1,0
101.15,113.88,360.5,474.5,2
27.37,77.46,416.3,306.3,0
29.65,37.67,416.4,149.4,0
68.27,27.23,429.5,55.2,0
71.85,102.27,377.5,299.3,1
33.18,78.86,395.0,170.9,0
64.27,56.85,401.2,194.4,0
25.86,30.81,422.1,114.1,0
47.35,48.32,423.2,166.4,0
114.38,117.21,361.2,399.2,2
111.42,119.01,360.2,583.2,2
61.32,26.22,397.7,103.0,0
89.87,121.83,351.0,397.2,2
51.09,42.58,400.3,103.6,0
66.92,52.92,416.4,156.4,0
81.95,85.2,376.9,343.5,1
52.23,23.67,417.0,50.6,0
50.13,43.41,400.9,150.1,0
55.75,59.29,422.0,160.1,0
79.29,86.78,388.4,263.1,1
77.02,106.74,391.9,319.7,1
45.45,40.44,400.2,89.5,0
39.49,69.39,403.1,265.3,0
56.54,73.29,407.4,185.8,0
66.44,44.15,426.0,116.2,0
75.39,102.94,380.1,302.9,1
61.03,65.14,406.4,145.3,0
32.47,54.07,408.3,142.9,0
37.68,20.8,396.2,80.0,0
57.99,28.15,401.5,64.8,0
39.16,72.38,415.2,181.7,0
29.61,33.77,395.4,126.8,0
43.85,48.65,423.3,134.3,0
52.68,23.27,422.7,74.2,0
26.46,19.05,401.7,68.5,0
70.76,109.93,390.2,477.8,1
28.17,69.82,426.2,231.9,0
44.63,63.72,411.9,160.1,0
41.53,40.32,420.0,132.2,0
111.86,132.39,366.7,519.5,2
62.24,34.89,421.1,72.2,0
91.6,116.98,365.2,566.4,2
28.92,48.23,407.9,152.9,0
80.93,104.52,383.8,416.9,1
46.53,74.51,406.2,150.7,0
31.77,18.66,410.2,69.5,0
55.74,53.52,403.8,194.8,0
107.08,137.95,351.4,643.4,2
60.49,27.77,395.9,75.8,0
43.36,28.84,411.5,88.1,0
28.61,72.38,398.8,241.6,0
62.76,45.35,415.6,169.5,0
114.5,117.0,352.2,390.1,2
56.82,19.7,421.7,73.0,0
47.28,77.65,404.6,182.1,0
40.04,16.15,401.7,32.5,0
80.49,81.44,376.0,293.6,1
109.08,133.36,351.0,430.7,2
68.56,70.4,416.0,146.9,0
45.65,61.7,423.0,197.1,0
66.96,52.37,396.9,173.6,0
79.81,99.28,389.7,286.5,1
61.32,30.21,426.9,88.0,0
45.93,79.74,410.0,216.3,0
70.42,103.06,388.5,461.7,1
53.17,60.83,417.5,173.9,0
47.71,45.75,420.4,179.1,0
70.15,90.55,388.8,264.0,1
91.3,137.38,351.0,514.8,2
65.43,22.32,423.4,70.7,0
45.67,45.86,421.5,157.8,0
40.23,49.31,404.8,160.1,0
50.57,36.83,423.5,79.3,0
70.84,97.18,390.9,273.6,1
80.65,109.75,372.3,463.4,1
60.24,45.99,426.2,120.5,0
53.16,43.23,397.5,129.9,0
83.74,95.07,381.7,317.2,1
68.23,45.35,401.7,114.2,0
61.96,31.97,395.7,97.9,0
80.23,90.8,382.7,270.7,1
37.89,76.65,422.2,167.9,0
41.25,27.72,418.5,59.1,0
65.23,28.19,401.5,79.9,0
29.4,44.16,409.3,106.3,0
26.81,75.91,409.9,199.1,0
45.93,15.27,420.9,41.9,0
102.69,137.36,365.5,542.3,2
81.39,99.99,376.7,378.9,1
38.69,31.18,405.2,113.1,0
62.07,26.85,426.7,60.7,0
37.43,37.41,424.1,123.8,0
108.67,131.8,357.4,594.6,2
32.6,67.96,419.2,201.4,0
59.59,23.54,397.0,63.6,0
68.38,19.61,409.1,66.8,0
72.72,98.58,370.2,255.5,1
105.11,112.46,361.4,473.2,2
51.82,53.19,395.7,125.8,0
50.97,22.5,417.2,59.5,0
25.99,43.77,415.9,91.7,0
66.4,51.11,412.1,174.3,0
55.09,79.9,413.3,185.4,0
39.64,74.2,429.5,195.9,0
71.51,80.12,372.9,237.8,1
78.33,80.85,372.4,347.3,1
84.82,80.54,391.4,330.8,1
93.66,137.39,355.9,646.0,2
42.29,53.88,428.8,199.8,0
106.94,133.74,369.2,609.9,2
97.52,137.67,357.2,626.6,2
63.68,21.85,423.5,82.4,0
53.58,44.57,400.3,163.1,0
36.65,75.62,401.6,282.8,0
38.45,25.88,398.0,97.3,0
48.32,31.95,407.3,98.5,0
68.47,75.86,423.9,300.4,0
38.34,37.83,429.0,114.1,0
40.57,67.73,408.8,154.6,0
68.66,56.23,418.0,207.4,0
66.97,55.56,416.6,121.8,0
74.65,102.86,381.4,370.0,1
53.02,43.06,418.9,96.9,0
110.53,127.41,351.8,626.5,2
46.85,64.01,419.8,244.4,0
61.04,26.03,417.0,86.5,0
56.37,58.73,397.9,210.0,0
38.47,51.32,428.1,182.8,0
93.88,132.51,363.1,596.7,2
68.58,46.01,398.0,179.2,0
48.46,65.75,424.8,244.4,0
29.74,37.4,429.0,133.9,0
73.49,107.73,385.5,472.1,1
55.5,37.91,403.6,147.1,0
53.83,68.84,419.0,208.7,0
87.77,113.57,369.4,425.3,2
45.6,15.27,413.4,37.9,0
52.27,51.4,403.4,152.8,0
53.88,73.03,423.1,162.6,0
31.32,58.61,417.8,157.3,0
103.93,122.55,367.5,512.8,2
65.3,29.09,396.0,114.8,0
36.64,60.7,397.7,166.8,0
37.09,72.79,395.8,221.8,0
36.65,54.84,398.1,166.8,0
31.43,32.09,417.8,96.6,0
47.84,59.56,401.9,167.9,0
52.9,32.03,413.1,117.8,0
62.84,37.03,429.9,126.5,0
75.3,106.08,394.6,358.2,1
53.33,16.25,409.1,50.1,0
80.65,92.88,388.4,350.2,1
97.99,136.9,363.4,635.7,2
62.8,34.29,415.3,95.9,0
77.4,86.79,385.1,330.5,1
96.92,133.33,351.4,584.2,2
52.77,62.57,400.2,144.3,0
58.1,51.71,406.2,139.4,0
97.94,110.46,361.6,465.7,2
77.79,81.44,385.5,314.4,1
47.98,76.43,404.8,265.7,0
59.69,38.19,419.3,146.0,0
61.52,57.76,429.3,191.5,0
84.68,103.57,392.1,441.6,1
34.04,75.2,423.5,181.8,0
59.3,55.37,417.4,200.6,0
114.24,116.3,362.3,382.5,2
83.68,86.56,371.6,363.3,1
42.75,49.81,407.3,163.2,0
40.19,71.55,419.8,264.4,0
42.2,47.89,407.1,136.6,0
46.66,47.81,422.3,135.7,0
42.82,39.58,424.8,115.6,0
61.25,53.49,400.2,137.7,0
47.97,27.65,405.0,68.0,0
78.66,80.21,388.1,222.9,1
46.64,25.67,425.2,76.8,0
67.05,61.76,405.2,123.9,0
73.18,105.89,370.3,337.0,1
41.57,79.48,427.5,294.3,0
26.78,53.28,421.3,206.0,0
30.89,36.66,403.8,91.1,0
30.42,71.74,424.9,177.9,0
27.74,34.0,399.8,93.1,0
25.75,59.21,405.7,231.9,0
48.41,68.93,414.8,212.8,0
69.16,33.72,429.1,84.2,0
74.11,98.12,375.5,253.3,1
113.89,136.61,359.0,492.4,2
26.0,75.9,410.2,170.9,0
27.41,38.35,406.8,111.5,0
58.37,32.71,420.1,124.5,0
46.35,25.67,397.3,97.1,0
43.38,75.68,411.4,297.0,0
35.01,32.01,398.2,65.8,0
87.03,127.38,358.3,421.2,2
31.84,73.24,416.8,177.0,0
93.85,130.3,369.2,438.8,2
71.55,93.2,385.7,258.9,1
43.42,49.13,426.2,109.8,0
61.23,79.58,422.0,214.8,0
42.39,26.65,406.1,76.3,0
40.86,28.31,426.7,60.0,0
29.57,31.43,411.0,106.8,0
28.84,69.09,407.8,196.3,0
37.41,22.3,408.0,46.0,0
88.34,131.42,364.7,396.7,2
26.37,76.42,401.8,270.8,0
28.85,48.83,421.1,168.6,0
85.37,139.84,358.5,436.6,2
107.39,111.84,366.0,468.5,2
51.14,24.93,427.3,80.5,0
103.65,114.51,358.8,464.4,2
80.81,97.31,391.6,291.1,1
73.88,89.58,382.1,263.1,1
27.09,24.89,398.5,84.1,0
51.6,61.84,403.0,208.2,0
71.42,108.74,395.0,434.5,1
50.3,47.67,423.2,118.3,0
27.33,64.37,420.0,138.7,0
36.68,71.04,412.5,217.5,0
113.84,138.59,368.8,560.2,2
39.8,54.89,417.0,199.0,0
33.14,73.24,406.5,266.3,0
60.9,37.64,407.9,122.5,0
36.35,61.91,416.7,151.8,0
65.03,73.89,411.1,239.2,0
45.48,16.43,411.3,33.4,0
79.77,92.14,380.4,242.1,1
68.5,17.83,400.1,58.2,0
114.11,114.47,358.2,361.0,2
97.99,117.08,351.2,466.9,2
90.91,110.14,367.2,519.0,2
57.82,21.3,428.0,47.6,0
109.01,123.87,368.4,454.5,2
112.67,111.3,362.6,531.2,2
40.17,69.62,418.5,154.7,0
72.22,109.2,386.3,381.9,1
82.41,103.1,372.2,372.1,1
39.35,20.12,423.9,65.9,0
67.15,18.12,421.4,41.6,0
61.19,40.97,397.2,127.4,0
56.2,39.33,396.6,151.2,0
67.02,24.74,407.4,75.0,0
54.15,29.37,412.7,89.2,0
32.64,20.79,400.9,73.8,0
36.68,32.2,419.7,110.7,0
77.49,81.79,375.7,299.4,1
47.18,66.69,401.0,228.6,0
54.84,21.93,406.5,79.1,0
84.96,101.91,387.3,392.9,1
60.21,75.48,416.2,189.6,0
84.21,108.45,381.4,345.6,1
39.02,72.3,421.3,273.7,0
75.31,103.87,393.8,360.1,1
90.12,126.1,358.5,399.6,2
110.45,128.39,351.6,507.3,2
40.02,79.49,403.5,268.0,0
67.68,36.03,417.6,139.2,0
66.98,43.61,407.2,166.4,0
105.06,110.46,351.9,416.0,2
98.23,137.86,361.2,585.0,2
37.21,47.35,401.3,95.3,0
102.49,113.81,361.9,439.5,2
49.66,46.97,395.6,153.5,0
112.46,110.18,355.8,333.0,2
112.13,122.78,360.8,510.2,2
37.25,32.81,403.3,92.8,0
73.16,84.24,374.5,266.6,1
41.64,31.2,408.8,91.0,0
73.1,91.35,380.3,331.0,1
34.99,44.96,409.5,91.1,0
42.23,39.5,403.0,98.8,0
114.79,127.53,365.3,404.7,2
110.45,137.12,358.6,439.1,2
46.34,41.4,425.8,90.8,0
51.38,48.65,395.5,185.8,0
63.26,36.01,425.4,122.4,0
93.75,126.05,367.1,469.3,2
70.66,102.84,373.9,266.0,1
40.74,59.63,410.2,228.4,0
59.24,65.73,404.3,253.2,0
57.83,53.2,413.6,193.6,0
28.49,41.78,405.9,105.6,0
26.77,29.38,411.4,61.0,0
62.29,59.01,413.0,150.9,0
35.98,63.34,420.3,186.6,0
94.0,125.26,367.6,498.1,2
64.13,51.23,407.7,175.7,0
72.25,83.89,390.5,329.1,1
110.11,113.96,358.0,398.4,2
62.57,65.15,413.6,253.9,0
72.5,91.23,381.8,339.2,1
34.06,31.47,397.6,97.3,0
87.05,116.43,366.9,473.2,2
62.27,29.15,401.8,80.9,0
31.44,37.36,406.9,82.2,0
43.84,73.1,415.7,231.3,0
63.48,51.77,423.4,174.3,0
35.87,64.55,422.1,129.6,0
96.06,112.73,350.5,363.6,2
28.84,25.48,429.9,86.9,0
36.12,23.51,422.4,69.1,0
38.64,41.83,403.3,123.2,0
68.89,78.29,425.3,181.2,0
105.62,129.32,368.1,591.3,2
26.97,47.84,408.7,149.9,0
60.78,76.91,423.3,192.6,0
30.46,41.77,403.0,110.7,0
114.5,122.74,366.3,421.0,2
45.19,20.45,424.3,68.9,0
35.81,58.88,407.4,119.8,0
36.62,60.62,422.9,182.7,0
110.44,128.02,363.0,621.6,2
102.52,125.19,354.7,433.1,2
63.5,18.24,415.2,61.5,0
65.58,70.76,418.9,156.0,0
31.29,21.25,415.3,69.9,0
29.23,55.47,418.4,204.8,0
26.62,36.58,423.9,86.3,0
68.52,57.73,403.3,136.2,0
85.86,125.43,356.8,545.2,2
40.3,65.29,397.8,178.7,0
96.01,136.63,362.6,676.7,2
35.23,36.93,424.8,111.0,0
45.88,36.5,403.5,142.3,0
66.55,20.93,412.5,83.5,0
43.08,37.21,418.6,131.8,0
107.89,119.3,351.7,448.6,2
80.41,107.66,392.5,454.3,1
31.43,33.6,429.9,129.1,0
52.77,30.49,419.7,72.8,0
42.83,27.91,397.4,59.3,0
69.8,78.24,400.1,178.2,0
46.93,54.7,403.0,180.7,0
47.0,58.1,403.6,144.7,0
60.91,44.23,429.3,164.0,0
95.04,120.92,365.3,538.9,2
95.26,110.39,359.7,546.8,2
44.02,16.92,428.5,41.5,0
49.76,39.29,403.5,113.7,0
56.14,56.88,425.8,120.1,0
55.46,22.94,409.1,55.7,0
53.3,79.16,405.4,171.6,0
66.43,16.32,427.5,38.0,0
61.71,47.48,421.8,130.2,0
51.35,67.73,396.6,239.8,0
92.98,137.35,351.1,519.0,2
111.64,131.64,355.4,437.4,2
84.43,102.67,384.8,452.8,1
52.72,35.94,418.8,121.0,0
51.79,37.46,419.6,114.8,0
26.22,57.07,419.0,224.0,0
57.89,71.02,410.7,283.1,0
109.26,125.36,366.2,623.0,2
65.99,22.91,411.7,52.5,0
59.24,59.8,409.7,143.5,0
43.23,41.14,406.4,104.2,0
51.04,18.03,420.8,38.3,0
69.87,68.34,414.2,222.7,0
76.42,100.46,388.4,308.5,1
78.17,81.18,394.7,230.1,1
52.08,41.7,405.5,116.5,0
77.45,101.79,383.4,431.5,1
33.91,37.63,411.1,92.1,0
68.53,72.05,395.8,153.6,0
49.38,21.79,403.9,79.6,0
104.67,117.0,359.2,437.2,2
29.81,74.46,409.6,256.6,0
36.69,30.18,407.0,84.4,0
62.36,45.97,408.1,158.7,0
32.89,16.33,411.2,34.9,0
79.71,102.41,384.7,383.6,1
30.68,77.46,420.1,191.9,0
51.59,61.29,422.5,160.1,0
26.19,79.02,429.4,274.5,0
90.34,116.77,364.4,578.0,2
42.94,32.15,413.6,114.9,0
84.44,108.38,372.7,324.1,1
102.39,114.83,353.1,399.3,2
84.84,80.69,374.2,332.0,1
99.61,134.56,353.9,634.3,2
54.22,76.43,410.3,293.4,0
66.57,34.89,418.3,137.5,0
62.75,57.2,401.0,171.7,0
36.38,55.8,408.8,130.3,0
100.08,123.26,351.9,478.7,2
45.01,46.92,425.5,127.4,0
109.44,117.13,369.4,531.3,2
52.26,41.47,426.4,102.1,0
48.72,62.72,399.6,210.9,0
38.93,23.13,396.7,84.5,0
26.63,27.8,395.9,58.9,0
108.63,118.99,363.0,472.4,2
49.3,68.77,411.1,200.1,0
98.52,119.47,363.9,536.7,2
63.99,79.09,425.5,198.2,0
26.73,36.69,427.0,78.9,0
79.25,95.64,370.8,362.5,1
38.79,24.72,424.5,60.7,0
27.87,25.51,406.4,82.1,0
39.86,56.7,410.2,136.8,0
30.41,15.17,427.2,34.8,0
55.4,58.69,408.1,206.6,0
113.28,130.36,356.0,594.9,2
83.43,89.16,379.0,389.5,1
49.23,43.06,425.9,157.3,0
40.78,47.52,410.8,108.2,0
44.44,73.09,398.7,157.5,0
110.3,135.42,366.3,546.0,2
36.46,35.72,407.8,129.6,0
53.66,16.47,428.3,38.4,0
71.78,105.17,386.8,316.3,1
65.09,50.46,399.8,117.5,0
43.3,36.72,404.6,88.9,0
57.53,16.95,417.4,44.9,0
72.17,102.46,385.3,403.9,1
88.46,110.01,351.6,523.4,2
31.19,47.59,404.0,124.4,0
55.97,25.23,406.3,57.9,0
37.63,48.01,395.3,122.9,0
65.41,34.22,401.9,89.2,0
55.06,46.89,397.6,155.7,0
73.32,94.29,378.7,304.8,1
40.1,46.48,420.9,133.3,0
82.26,85.15,370.3,379.7,1
25.27,19.23,407.5,50.9,0
70.44,108.14,374.3,351.2,1
35.89,48.13,409.2,124.9,0
81.76,87.48,388.4,309.9,1
44.18,52.01,423.0,155.1,0
102.25,117.45,360.2,481.1,2
58.33,41.98,410.6,166.0,0
61.44,76.44,404.0,239.3,0
80.77,98.7,377.5,439.6,1
70.15,99.3,385.9,445.6,1
45.16,50.52,412.3,166.7,0
52.76,15.94,428.3,40.6,0
56.48,23.59,408.6,55.5,0
28.75,62.27,413.9,211.7,0
44.02,41.05,429.8,82.1,0
109.85,117.0,368.5,574.1,2
37.24,65.42,412.3,193.5,0
68.25,45.2,415.3,117.1,0
104.03,127.5,361.0,457.8,2
89.68,115.95,365.5,550.7,2
53.76,35.06,425.3,105.2,0
48.48,49.99,411.9,123.5,0
38.5,19.89,402.2,70.5,0
39.56,38.17,396.6,93.4,0
74.7,90.88,376.7,249.7,1
27.62,72.79,395.0,153.6,0
40.08,51.84,413.3,201.6,0
31.36,73.96,410.3,186.7,0
52.19,79.91,428.0,176.4,0
71.3,83.04,387.4,229.8,1
66.92,15.38,420.1,52.2,0
63.36,57.05,418.4,169.8,0
43.31,48.81,417.0,191.9,0
62.16,57.17,397.6,166.4,0
48.55,16.2,408.8,61.9,0
40.21,70.12,408.7,243.1,0
112.03,122.56,364.1,374.4,2
65.41,50.21,425.3,171.3,0
51.45,58.0,407.7,128.4,0
46.53,17.6,399.5,47.7,0
27.46,73.89,395.6,295.3,0
45.1,64.18,401.3,192.4,0
57.79,49.46,419.0,99.2,0
55.86,48.78,395.4,144.3,0
45.01,59.14,412.3,214.7,0
70.22,81.08,390.1,257.2,1
46.97,73.41,397.2,270.4,0
47.17,79.93,408.0,165.0,0
60.84,74.89,396.2,290.5,0
69.77,16.3,428.4,50.0,0
36.61,28.09,428.9,75.3,0
67.37,46.21,397.6,134.5,0
64.34,37.74,427.0,129.6,0
84.03,80.97,374.2,211.4,1
49.18,26.22,410.3,94.8,0
37.25,22.92,428.0,55.5,0
72.39,100.08,388.5,440.9,1
84.34,107.55,381.4,395.8,1
44.09,32.41,411.6,71.6,0
50.57,30.91,429.5,108.2,0
97.38,115.82,354.4,455.7,2
50.96,17.99,402.2,62.6,0
54.23,43.82,417.4,156.8,0
53.64,16.84,416.9,40.5,0
50.3,72.79,407.4,149.6,0
42.66,74.45,397.2,198.2,0
37.54,42.28,395.2,134.3,0
52.17,43.68,421.1,152.0,0
75.36,89.33,371.4,245.8,1
39.7,64.66,413.6,253.5,0
68.43,63.89,428.5,171.2,0
47.64,38.08,400.9,138.0,0
105.39,110.18,366.9,481.0,2
102.46,134.22,361.6,668.6,2
99.7,127.55,355.5,513.5,2
33.99,17.6,418.0,49.2,0
56.85,52.14,400.3,157.7,0
74.78,87.73,375.7,380.2,1
56.37,16.38,428.8,48.9,0
28.0,78.59,416.3,271.5,0
35.18,68.25,418.7,223.5,0
43.82,16.32,425.8,35.0,0
34.28,47.59,428.9,103.2,0
83.1,108.16,390.5,408.5,1
42.99,52.53,400.2,149.8,0
31.86,23.0,423.3,65.8,0
45.61,25.16,421.9,76.1,0
33.98,76.16,396.2,289.3,0
33.31,26.87,420.4,64.5,0
65.33,56.78,405.5,119.5,0
103.67,135.66,358.7,467.7,2
75.66,81.93,372.3,277.3,1
79.03,89.8,392.8,382.8,1
74.47,87.23,385.3,260.8,1
59.08,63.02,410.4,199.1,0
55.27,57.51,413.0,140.6,0
56.17,51.73,411.4,121.6,0
41.29,71.15,395.6,175.5,0
45.16,24.8,417.6,53.5,0
33.18,62.12,423.7,199.9,0
52.04,67.2,398.7,237.8,0
48.6,15.6,399.3,47.3,0
63.91,77.39,397.0,267.6,0
101.99,119.58,366.9,491.1,2
56.64,55.71,397.1,180.0,0
54.21,38.87,422.1,129.0,0
50.49,42.32,409.4,162.3,0
78.73,88.59,393.9,286.7,1
44.3,73.18,396.1,148.5,0
48.54,67.66,418.7,266.5,0
30.69,61.98,406.8,146.7,0
68.7,41.68,422.1,150.3,0
68.27,20.04,412.5,45.4,0
96.98,133.49,352.1,442.6,2
64.07,26.69,404.5,77.9,0
85.82,126.37,356.3,543.9,2
106.92,111.3,353.8,375.1,2
64.27,70.03,429.3,140.7,0
27.23,28.98,419.9,83.4,0
102.7,116.38,358.7,355.8,2
87.61,111.32,369.8,388.8,2
27.75,35.83,403.8,97.1,0
36.97,16.65,418.1,66.4,0
27.04,73.47,409.2,271.3,0
59.37,64.3,407.6,178.1,0
29.72,63.24,412.0,198.8,0
26.69,17.7,425.2,70.4,0
35.65,50.61,398.8,104.3,0
39.71,50.99,402.2,182.3,0
72.02,92.54,374.2,374.2,1
54.19,53.94,411.1,144.1,0
79.93,98.69,370.2,302.7,1
40.27,73.31,418.5,194.1,0
46.19,28.65,410.1,63.8,0
50.54,19.61,419.4,58.8,0
100.02,135.39,355.6,542.8,2
36.7,46.97,401.8,178.6,0
44.37,44.21,412.5,111.2,0
46.9,27.83,408.3,96.8,0
53.26,39.13,407.4,124.2,0
71.62,104.87,392.4,372.1,1
45.88,38.65,425.3,88.6,0
57.47,22.01,427.0,57.1,0
25.45,40.57,422.4,125.3,0
34.92,22.19,400.1,48.8,0
68.62,70.39,402.4,172.8,0
90.0,131.15,352.9,455.6,2
84.24,97.42,374.6,360.2,1
71.25,106.72,373.6,442.1,1
30.99,40.91,399.1,104.4,0
25.79,37.91,416.2,82.3,0
26.5,63.96,410.0,132.5,0
31.97,41.3,416.4,114.1,0
109.8,125.17,358.8,520.5,2
79.36,88.28,385.9,299.4,1
63.81,15.54,407.0,61.5,0
51.36,47.92,426.6,168.7,0
58.85,41.57,423.4,96.6,0
56.18,27.61,429.9,58.1,0
42.26,59.38,421.3,213.8,0
82.86,84.89,378.2,335.4,1
57.32,57.36,422.2,156.6,0
81.84,105.14,393.8,346.6,1
56.3,49.26,426.1,180.2,0
105.72,136.54,367.8,469.7,2
46.8,59.89,426.1,188.2,0
66.06,67.83,426.0,215.1,0
65.77,21.66,401.4,68.2,0
49.3,72.04,414.3,173.5,0
75.93,91.18,385.1,343.3,1
65.3,19.66,404.5,74.2,0
107.49,119.56,359.8,474.2,2
62.02,21.9,402.6,58.2,0
34.53,30.82,422.0,116.4,0
33.89,33.05,400.2,67.7,0
51.01,27.69,405.6,91.6,0
25.79,41.77,409.2,113.5,0
66.43,45.5,428.5,174.0,0
63.55,17.42,416.3,56.1,0
36.15,52.28,400.3,199.2,0
44.92,65.63,420.4,239.3,0
26.19,68.34,401.0,202.6,0
53.24,50.87,410.3,161.5,0
53.95,44.5,422.7,118.5,0
42.6,26.09,406.3,75.2,0
99.73,125.9,351.6,467.5,2
34.44,74.63,411.1,159.0,0
83.78,94.01,375.8,333.6,1
67.51,22.64,410.3,89.5,0
65.28,45.66,410.3,115.2,0
69.1,37.3,420.6,132.9,0
36.61,29.83,414.7,77.9,0
90.25,117.99,364.9,509.1,2
39.74,32.08,416.6,96.0,0
113.61,131.45,366.1,498.9,2
50.94,45.9,421.6,169.6,0
31.1,20.26,407.9,52.8,0
30.23,33.55,404.4,70.6,0
30.72,56.67,421.3,137.5,0
45.35,40.72,401.0,161.7,0
73.51,95.21,382.4,320.8,1
100.56,121.86,351.4,491.7,2
58.7,41.12,401.9,96.8,0
41.5,77.59,406.7,158.9,0
82.68,105.1,389.1,434.9,1
31.5,70.86,426.7,220.8,0
65.7,25.75,409.4,66.3,0
48.31,77.39,427.7,246.5,0
27.88,30.07,416.5,66.0,0
61.41,54.81,422.3,199.2,0
34.86,43.68,426.2,143.0,0
50.83,35.48,403.6,77.2,0
91.37,132.35,364.7,590.0,2
96.46,139.12,368.8,601.7,2
50.74,49.65,417.6,108.5,0
35.75,26.04,407.6,76.8,0
36.94,78.41,413.3,206.7,0
31.14,22.37,411.4,63.7,0
39.43,38.83,418.8,139.9,0
79.07,92.42,371.8,249.5,1
102.09,135.67,355.4,629.0,2
77.27,86.55,391.2,281.3,1
33.58,57.02,406.6,194.8,0
69.26,76.25,402.9,303.8,0
30.89,31.53,419.1,109.1,0
104.69,134.8,350.6,595.9,2
36.74,47.55,426.6,146.5,0
60.68,66.39,407.6,235.1,0
42.14,25.7,408.6,76.4,0
35.48,60.99,400.0,141.8,0
110.83,126.4,362.2,457.8,2
83.14,102.72,376.4,314.3,1
47.03,70.88,422.4,169.2,0
65.91,66.34,410.8,145.2,0
94.58,116.34,358.4,411.1,2
40.78,16.17,426.2,55.7,0
28.87,16.61,414.3,55.6,0
29.41,74.06,419.0,271.5,0
80.42,108.5,385.3,310.8,1
26.31,57.98,414.2,229.5,0
63.09,61.07,425.4,242.5,0
98.95,113.32,352.1,395.4,2
30.33,32.2,414.4,85.1,0
62.75,69.15,429.9,204.1,0
55.0,44.46,412.9,149.6,0
25.82,76.25,408.5,245.6,0
66.18,52.47,417.6,175.2,0
33.4,19.28,397.2,69.5,0
40.15,56.91,413.9,217.6,0
67.77,35.39,405.7,120.7,0
35.29,63.83,413.5,223.0,0
37.14,52.82,414.8,204.1,0
112.2,130.78,363.8,480.2,2
80.73,106.0,378.4,335.6,1
87.25,132.35,363.9,649.4,2
61.08,36.95,427.6,76.5,0
96.66,121.84,360.3,552.7,2
48.37,63.86,415.0,177.7,0
70.44,102.01,376.1,259.0,1
38.41,73.22,415.2,273.7,0
65.98,52.9,406.8,177.6,0
93.19,120.88,356.5,456.4,2
104.45,137.22,352.1,626.9,2
33.45,48.35,411.8,118.9,0
80.33,96.76,375.6,415.1,1
42.59,45.46,395.9,121.7,0
68.94,29.5,427.7,114.3,0
48.92,60.83,407.2,155.8,0
51.69,38.87,414.4,102.6,0
40.76,53.01,395.9,139.2,0
73.33,84.33,379.4,328.5,1
79.03,97.37,377.3,302.6,1
106.87,111.16,351.3,424.7,2
52.44,23.06,412.4,70.6,0
48.54,44.04,402.4,112.1,0
90.07,129.76,368.2,583.1,2
55.47,25.86,425.8,78.5,0
55.04,74.74,413.0,155.2,0
56.57,36.47,406.9,138.5,0
46.8,71.25,412.3,237.3,0
58.51,63.35,407.2,144.9,0
62.91,52.78,397.3,144.0,0
43.14,67.91,409.2,202.0,0
113.59,117.9,362.3,585.8,2
112.13,127.38,355.4,557.6,2
77.31,107.73,391.6,273.4,1
61.54,24.8,423.5,58.3,0
65.23,44.97,429.9,167.0,0
58.7,70.01,426.6,176.6,0
67.5,74.29,424.9,290.3,0
112.58,136.67,354.2,576.8,2
26.37,61.95,421.9,242.5,0
59.3,24.8,420.0,77.8,0
81.61,83.2,383.5,212.7,1
105.21,114.1,368.6,563.0,2
98.13,121.45,366.9,374.6,2
50.9,71.9,424.5,269.6,0
105.01,123.63,352.6,478.2,2
88.43,138.12,361.4,425.3,2
55.42,17.26,415.6,37.1,0
64.38,76.85,402.5,295.1,0
29.59,70.92,406.8,271.7,0
62.36,67.11,398.3,266.2,0
65.01,23.23,420.6,83.2,0
29.97,15.76,426.2,55.5,0
35.45,23.5,395.4,86.4,0
63.28,41.41,396.1,110.7,0
43.5,62.15,415.8,160.7,0
59.9,76.59,399.0,203.4,0
60.88,34.74,419.9,89.7,0
82.96,103.71,383.1,426.7,1
75.4,85.32,381.0,214.7,1
37.34,41.72,428.3,105.6,0
67.16,56.41,412.3,181.4,0
49.49,44.92,403.5,155.6,0
73.65,109.41,371.6,402.4,1
26.12,60.8,413.0,166.3,0
85.29,110.95,357.1,373.0,2
50.65,61.82,400.3,186.8,0
51.1,15.33,417.2,39.8,0
87.17,131.27,367.9,460.5,2
62.08,53.74,399.1,212.6,0
41.05,25.68,427.8,78.5,0
35.26,41.65,418.6,152.7,0
62.57,65.0,412.6,245.2,0
35.46,53.8,427.6,110.2,0
60.55,18.9,426.9,53.1,0
31.61,34.94,398.9,132.0,0
52.97,63.78,410.0,141.6,0
55.33,51.57,428.2,120.8,0
63.32,36.16,425.3,80.9,0
74.27,103.31,385.6,421.4,1
38.32,62.72,408.3,204.9,0
92.76,137.2,363.8,627.8,2
48.89,77.87,420.1,213.7,0
51.94,64.84,412.0,139.2,0
62.63,17.38,415.1,55.2,0
73.27,89.82,372.6,232.3,1
59.25,16.2,397.7,50.0,0
74.3,101.18,384.5,429.6,1
49.28,54.87,424.1,201.2,0
56.85,75.4,400.0,246.9,0
25.76,48.25,411.4,124.3,0
69.57,57.24,395.3,199.6,0
33.27,54.07,413.9,174.8,0
37.81,28.16,418.4,93.6,0
35.34,31.57,424.1,91.9,0
50.18,71.78,427.2,271.1,0
74.82,84.79,378.2,370.2,1
27.55,38.2,401.3,79.7,0
40.56,15.53,411.9,39.6,0
67.6,28.17,400.0,66.2,0
92.61,124.37,355.9,621.1,2
39.19,69.04,402.7,267.0,0
25.86,52.19,422.3,143.1,0
45.73,50.38,419.2,168.3,0
76.84,90.31,382.6,270.2,1
61.65,16.8,418.8,47.8,0
34.82,54.96,428.2,147.7,0
49.1,32.81,414.3,67.9,0
78.14,94.27,390.7,357.9,1
88.92,130.7,360.6,612.9,2
71.7,85.59,391.3,329.3,1
59.55,79.11,395.3,311.9,0
96.33,132.39,364.5,505.0,2
45.13,17.85,401.5,38.1,0
48.14,78.98,395.5,250.9,0
83.86,109.45,377.9,348.1,1
67.21,47.12,427.9,114.6,0
79.25,92.61,390.5,381.6,1
32.03,50.33,416.2,108.9,0
56.72,35.28,428.4,122.6,0
26.37,26.8,419.9,85.7,0
97.76,137.0,363.8,637.7,2
59.7,67.77,395.3,226.2,0
28.97,75.32,410.6,268.4,0
58.28,28.28,406.8,67.6,0
87.22,118.24,360.8,383.0,2
42.86,25.12,403.6,56.1,0
78.69,89.27,394.9,227.3,1
40.86,65.0,416.3,234.1,0
47.64,65.86,418.1,146.0,0
67.33,42.29,426.4,158.2,0
32.18,70.21,428.3,238.3,0
30.32,43.01,427.7,100.6,0
73.72,89.78,377.4,403.8,1
97.2,136.66,361.9,671.9,2
25.58,35.31,395.1,131.5,0
56.52,42.69,397.2,147.3,0
27.26,15.12,403.2,34.3,0
40.42,64.87,429.8,217.9,0
64.3,43.79,412.6,147.7,0
72.25,104.46,381.9,470.0,1
44.79,17.0,412.8,66.8,0
29.48,34.31,396.0,87.9,0
35.72,25.64,404.1,74.1,0
65.92,24.79,397.6,99.2,0
40.85,28.97,420.3,60.4,0
69.25,44.82,395.3,123.6,0
87.77,130.15,362.8,449.0,2
64.72,68.88,422.8,146.3,0
40.92,71.86,429.7,243.8,0
40.05,75.24,421.6,259.9,0
42.39,76.96,407.7,218.6,0
64.28,24.97,418.5,98.7,0
95.87,128.33,361.3,466.8,2
54.61,76.91,398.5,296.6,0
44.69,18.59,426.1,45.1,0
66.18,66.34,426.6,143.5,0
97.48,115.16,366.0,560.2,2
31.34,28.4,423.4,77.4,0
63.45,36.62,402.2,112.6,0
29.31,19.54,415.1,51.7,0
64.55,65.1,396.8,139.8,0
34.06,77.05,397.4,164.2,0
42.4,30.72,419.9,109.9,0
33.76,20.2,421.3,47.2,0
62.67,68.55,424.8,235.3,0
51.24,18.21,425.4,67.7,0
79.11,105.03,373.8,392.8,1
38.12,60.24,397.8,135.5,0
101.21,121.53,356.2,504.6,2
56.61,78.44,424.7,222.1,0
59.86,40.44,416.3,85.6,0
105.33,115.84,362.8,407.0,2
107.11,112.2,355.4,547.7,2
83.49,104.69,380.1,444.3,1
49.91,51.25,425.9,112.0,0
107.78,132.06,360.2,399.4,2
82.61,91.62,380.9,396.7,1
46.76,16.56,398.5,56.1,0
26.7,55.21,414.2,126.5,0
39.25,33.93,406.5,112.4,0
46.56,35.11,419.1,77.9,0
52.38,44.53,421.3,95.8,0
42.69,73.07,422.8,265.6,0
64.02,56.7,401.0,185.3,0
30.76,48.92,415.7,155.0,0
41.69,49.57,409.9,150.7,0
54.87,57.83,428.9,191.0,0
97.15,131.99,363.6,448.1,2
37.04,48.04,427.6,190.0,0
67.64,55.06,395.7,143.6,0
100.78,132.1,360.9,620.7,2
26.16,69.29,421.9,141.9,0
29.29,17.46,410.9,60.3,0
57.65,17.18,411.5,44.1,0
57.61,28.3,419.9,85.5,0
66.1,21.88,414.0,76.3,0
30.74,31.18,411.5,106.5,0
38.94,42.92,413.3,169.4,0
59.42,33.72,401.5,88.0,0
65.61,26.59,402.3,91.1,0
72.62,107.55,390.4,469.5,1
37.25,41.71,401.3,128.0,0
68.5,33.95,409.7,127.5,0
41.98,53.26,396.4,187.3,0
39.22,58.85,405.7,233.9,0
69.74,79.02,429.8,213.2,0
42.04,58.9,404.9,155.8,0
42.23,69.41,409.6,191.2,0
28.17,38.64,424.1,115.7,0
68.38,59.84,414.9,196.2,0
75.35,91.23,388.0,395.2,1
40.05,52.14,408.3,124.2,0
60.73,63.81,413.7,181.8,0
79.31,105.8,393.2,376.0,1
112.93,138.14,367.3,574.5,2
40.55,43.62,424.0,111.7,0
74.43,97.48,389.7,320.1,1
71.46,90.28,373.1,337.7,1
60.26,76.37,421.7,219.7,0
96.48,130.43,354.5,547.1,2
59.59,58.69,427.9,137.0,0
70.35,82.09,372.6,324.2,1
56.84,48.56,415.6,162.1,0
35.11,28.03,410.8,74.1,0
34.63,67.65,412.4,223.9,0
26.4,53.38,411.2,202.2,0
58.94,69.29,397.2,152.4,0
46.63,50.03,404.4,164.2,0
36.8,59.85,414.2,182.8,0
29.8,59.74,429.7,189.9,0
57.13,45.63,410.3,91.8,0
39.79,26.82,416.7,107.1,0
72.3,86.8,394.8,338.2,1
47.0,19.16,415.8,39.1,0
70.17,95.84,388.2,336.2,1
40.99,43.15,410.2,113.8,0
38.86,44.26,422.9,152.7,0
82.61,109.73,394.1,461.9,1
109.18,116.41,351.5,540.0,2
51.45,61.92,401.7,205.5,0
108.44,137.37,361.0,612.4,2
92.79,112.09,369.3,433.6,2
99.97,117.72,369.3,380.5,2
31.28,77.5,410.6,163.2,0
106.63,130.2,369.2,440.3,2
59.62,30.63,412.2,113.4,0
44.59,31.43,403.8,82.4,0
66.67,60.61,395.5,198.9,0
101.04,139.5,368.9,671.0,2
27.11,69.05,424.3,232.2,0
27.77,28.29,413.0,66.2,0
49.49,36.37,411.4,76.5,0
49.33,53.3,407.6,143.0,0
72.37,101.1,388.5,298.7,1
114.69,125.67,369.6,544.5,2
59.62,38.22,427.7,87.4,0
58.53,48.47,397.1,111.5,0
25.24,29.53,416.3,65.9,0
32.26,62.13,413.8,241.2,0
36.27,31.36,418.2,72.1,0
71.7,106.97,394.3,463.8,1
107.73,120.93,350.7,366.9,2
37.12,56.36,428.2,127.9,0
78.0,108.4,381.3,344.2,1
97.78,111.02,355.5,535.9,2
34.88,52.01,395.4,163.4,0
74.16,89.08,391.6,246.6,1
34.16,24.34,414.1,69.0,0
52.02,20.45,414.8,74.9,0
54.76,73.38,399.9,276.8,0
32.76,64.64,406.1,215.9,0
60.24,45.05,408.1,106.4,0
59.97,75.35,422.4,298.9,0
51.88,33.13,405.5,110.3,0
38.15,23.9,416.0,69.0,0
55.5,17.55,417.5,69.2,0
38.09,17.56,396.1,44.7,0
62.03,30.1,402.8,118.3,0
88.73,135.91,369.2,677.4,2
62.51,39.69,419.2,146.5,0
75.54,105.67,390.5,284.2,1
72.95,104.29,377.8,308.6,1
32.08,22.75,418.4,66.3,0
30.87,63.96,408.4,165.1,0
43.47,16.83,414.7,56.0,0
68.46,70.84,398.7,239.9,0
46.22,30.41,414.3,112.3,0
34.61,19.82,404.9,51.4,0
25.25,76.67,404.1,294.5,0
94.15,120.7,363.2,590.1,2
26.75,28.01,404.1,109.4,0
26.14,30.38,419.1,89.8,0
30.8,23.23,413.5,52.3,0
56.42,50.29,421.2,132.0,0
25.29,37.16,409.2,94.7,0
48.74,35.49,396.4,100.7,0
32.15,28.24,408.8,94.4,0
114.61,123.2,360.8,457.7,2
49.59,52.38,419.0,107.4,0
86.96,119.46,354.6,476.8,2
67.62,21.26,409.6,70.7,0
37.49,47.51,407.6,97.2,0
82.81,88.14,381.7,322.0,1
42.43,43.49,427.9,137.4,0
26.52,73.07,407.3,256.3,0
25.2,21.87,412.1,63.9,0
35.78,59.85,420.7,214.6,0
109.52,114.73,351.4,358.3,2
42.96,39.18,428.7,99.1,0
108.54,120.07,361.6,511.5,2
32.18,48.35,395.1,134.1,0
25.59,31.75,395.3,70.0,0
41.22,16.01,419.9,41.0,0
64.88,59.14,412.2,223.9,0
49.64,16.9,400.7,37.9,0
94.3,122.07,369.7,522.8,2
48.07,15.38,400.5,45.0,0
32.56,27.73,421.4,92.2,0
67.44,31.48,425.9,80.2,0
28.88,46.44,408.5,165.4,0
36.04,70.93,420.5,165.6,0
85.0,118.15,368.9,533.8,2
30.57,26.51,412.9,95.7,0
54.06,46.74,396.6,139.4,0
64.66,29.3,400.5,99.6,0
30.71,50.46,395.3,191.2,0
102.14,126.17,366.0,529.4,2
45.42,20.86,426.4,42.2,0
33.33,64.91,423.7,167.6,0
55.53,43.8,398.9,175.1,0
40.96,61.07,414.3,221.7,0
52.45,67.48,414.4,147.0,0
43.54,66.18,422.3,233.2,0
39.43,40.62,412.0,97.1,0
48.55,60.64,408.8,230.6,0
65.61,59.89,410.0,207.3,0
30.88,78.63,397.9,206.0,0
64.88,48.39,401.6,171.4,0
68.98,46.27,402.1,102.7,0
64.05,25.25,430.0,64.8,0
48.03,74.64,402.2,157.6,0
51.13,54.19,403.3,115.9,0
26.46,26.27,426.8,89.8,0
72.03,108.52,393.2,299.1,1
27.46,51.78,428.6,149.8,0
88.2,139.87,361.9,572.3,2
110.96,111.15,356.4,448.4,2
59.12,47.16,409.7,143.6,0
28.85,72.52,409.8,157.7,0
71.95,109.56,391.8,471.2,1
105.53,128.55,358.2,440.6,2
44.03,20.5,404.7,79.8,0
33.77,65.76,424.3,235.9,0
46.36,28.6,403.8,71.2,0
100.78,121.95,358.3,399.0,2
60.78,66.3,402.2,258.3,0
64.4,17.44,427.0,39.3,0
25.58,35.14,410.1,135.6,0
28.95,43.68,419.4,159.4,0
43.03,35.56,420.6,108.2,0
69.84,43.07,419.5,152.5,0
90.04,126.0,357.5,620.5,2
70.59,97.08,388.1,436.7,1
28.82,64.2,428.0,151.8,0
72.88,108.3,374.3,334.7,1
88.97,122.66,356.9,426.1,2
48.07,78.45,409.0,199.1,0
56.33,66.1,404.8,227.0,0
111.12,117.66,368.7,535.8,2
109.69,128.49,369.3,602.7,2
44.63,30.91,399.1,89.0,0
64.61,31.58,400.1,65.0,0
76.67,97.38,371.1,319.4,1
73.58,98.87,387.2,354.0,1
32.39,29.63,419.2,102.7,0
56.14,26.1,428.6,82.6,0
67.22,69.42,428.0,268.6,0
96.63,123.87,351.7,397.3,2
91.18,137.16,351.9,654.2,2
55.02,74.52,423.8,269.8,0
65.55,59.11,409.2,229.0,0
68.71,25.16,401.5,52.3,0
40.99,60.21,429.9,179.6,0
96.69,137.58,368.4,599.6,2
60.41,76.6,429.3,284.4,0
99.73,137.12,362.7,608.4,2
42.51,58.52,396.4,217.4,0
82.63,109.76,380.0,462.5,1
28.65,70.04,406.4,142.7,0
101.74,139.43,366.0,649.8,2
47.42,50.67,399.1,103.2,0
72.93,94.94,375.2,408.3,1
57.72,45.4,395.1,150.4,0
84.97,101.4,394.7,423.4,1
67.33,69.62,409.6,186.1,0
40.61,36.84,419.2,122.4,0
69.16,22.44,421.1,74.6,0
52.37,15.91,415.0,40.6,0
77.9,103.26,392.6,445.6,1
29.69,35.13,408.4,106.2,0
52.01,26.39,399.9,65.7,0
78.18,103.58,380.8,455.8,1
50.66,57.69,421.7,217.0,0
83.54,96.89,370.5,281.7,1
28.39,44.94,409.8,169.3,0
35.18,15.02,397.2,45.6,0
71.46,82.27,384.6,331.8,1
79.45,85.2,374.3,373.8,1
44.12,59.8,420.2,127.5,0
33.96,35.12,398.7,108.8,0
63.07,37.62,421.5,102.5,0
30.55,24.57,422.9,74.4,0
48.33,58.43,428.6,225.2,0
67.43,46.62,419.7,158.7,0
36.11,49.15,395.0,116.4,0
46.7,26.41,427.4,95.2,0
65.51,56.22,416.3,210.7,0
63.97,48.01,402.6,101.8,0
66.52,35.52,427.6,103.3,0
65.15,16.23,398.8,47.3,0
78.03,104.54,372.8,338.2,1
72.79,89.38,382.1,331.0,1
47.18,53.14,428.8,113.0,0
29.77,43.74,408.1,110.1,0
33.63,42.19,406.9,133.3,0
32.49,64.62,413.8,135.0,0
36.67,78.09,423.9,237.1,0
67.53,71.72,409.8,151.9,0
31.61,62.97,414.7,138.3,0
39.39,15.09,426.9,52.0,0
68.03,17.17,427.6,61.1,0
34.92,66.11,425.5,246.3,0
42.72,56.28,412.8,202.3,0
42.71,57.53,408.5,122.0,0
27.99,25.57,415.4,51.2,0
69.44,45.41,403.0,116.4,0
102.56,111.11,358.8,459.4,2
50.84,70.27,418.2,190.6,0
107.06,113.88,358.2,444.1,2
41.3,74.48,412.2,172.2,0
57.37,78.33,427.7,170.8,0
83.32,86.28,379.3,233.1,1
59.46,61.48,424.0,205.3,0
73.39,97.64,394.3,326.1,1
44.92,40.91,416.5,116.4,0
69.68,47.32,413.3,142.6,0
49.6,66.6,414.2,222.8,0
58.69,53.98,398.6,205.7,0
103.24,131.67,366.6,472.9,2
81.27,85.27,375.5,291.3,1
34.47,21.8,413.2,59.5,0
55.61,61.58,423.4,163.2,0
78.12,103.1,394.8,397.4,1
50.97,33.52,395.6,121.2,0
75.27,96.21,391.1,344.5,1
66.82,53.27,404.5,184.5,0
73.63,82.25,377.9,313.4,1
55.59,58.94,415.2,157.7,0
86.4,119.38,355.9,459.4,2
31.47,67.02,395.3,238.9,0
46.69,41.27,396.3,160.8,0
61.2,40.63,399.9,117.0,0
46.46,47.83,406.0,122.0,0
35.57,54.22,407.4,146.2,0
29.88,39.83,412.3,115.9,0
36.57,26.6,395.9,103.1,0
101.72,127.05,360.2,467.7,2
75.6,81.18,370.8,336.2,1
55.72,45.42,412.5,149.6,0
110.61,128.07,355.5,537.2,2
95.46,111.84,367.7,507.4,2
49.28,78.68,413.7,271.5,0
62.88,24.08,424.8,72.5,0
57.42,34.42,428.6,80.3,0
45.04,26.1,424.5,55.4,0
62.93,24.55,412.4,62.9,0
26.77,15.37,400.9,49.9,0
73.9,90.26,384.9,273.0,1
76.18,83.7,375.0,330.7,1
29.21,44.58,422.1,171.2,0
30.68,70.6,400.8,232.2,0
25.76,50.28,414.3,157.2,0
26.84,33.27,429.7,117.9,0
100.97,110.35,367.5,408.3,2
46.21,77.4,409.7,277.2,0
28.46,19.7,408.8,78.0,0
87.19,136.39,364.1,561.7,2
60.18,35.91,424.6,73.4,0
59.67,31.58,409.0,67.2,0
77.79,87.82,385.7,336.6,1
36.55,59.82,428.9,138.8,0
44.17,44.52,408.2,108.7,0
25.38,29.07,414.7,59.3,0
39.64,51.77,397.8,174.2,0
39.96,66.82,407.0,181.0,0
65.77,65.33,405.1,246.6,0
31.12,74.47,403.7,293.7,0
30.56,44.09,417.5,133.8,0
39.69,53.21,413.8,194.0,0
72.2,88.19,379.8,321.0,1
64.45,55.99,404.0,161.3,0
56.15,71.27,427.3,243.2,0
82.11,99.73,387.7,298.4,1
91.33,124.55,359.6,616.7,2
56.34,35.68,402.9,88.0,0
75.29,108.15,389.5,274.2,1
53.7,32.09,421.1,112.2,0
54.56,78.69,425.5,222.2,0
29.14,17.45,418.6,61.1,0
71.09,104.39,382.0,467.4,1
38.0,79.71,424.3,166.8,0
59.44,76.18,413.9,288.8,0
84.62,89.88,380.3,291.1,1
49.01,72.31,416.3,257.4,0
56.54,30.17,429.5,108.3,0
55.46,72.62,406.5,184.2,0
76.6,88.34,370.9,371.9,1
71.21,94.88,375.1,383.9,1
53.09,49.94,420.9,181.6,0
106.33,117.81,355.9,544.8,2
76.38,104.9,382.2,295.8,1
63.0,29.8,417.9,91.1,0
62.66,36.33,415.2,96.7,0
64.58,70.74,403.5,252.7,0
72.38,99.92,375.0,370.4,1
40.91,22.29,404.9,48.9,0
107.09,126.72,359.8,398.6,2
98.2,135.95,358.3,615.6,2
62.07,22.93,413.1,61.9,0
40.82,27.06,421.6,80.2,0
27.22,24.28,413.7,67.8,0
57.28,20.89,429.8,46.4,0
103.13,118.08,355.7,391.3,2
56.73,38.98,416.3,132.6,0
33.3,70.97,426.1,155.5,0
25.32,66.16,417.0,159.9,0
62.79,70.06,405.5,203.4,0
57.56,27.85,422.4,106.9,0
35.6,31.83,411.8,82.0,0
53.59,33.5,413.4,67.6,0
43.88,27.29,405.4,82.5,0
40.97,78.02,397.2,201.8,0
87.22,132.54,368.9,630.6,2
29.75,40.94,415.0,111.3,0
88.54,114.24,359.1,352.4,2
53.88,21.42,429.4,59.4,0
78.44,81.99,389.1,300.5,1
30.26,25.29,403.5,53.0,0
98.87,113.16,355.3,476.5,2
28.08,78.55,424.7,171.3,0
64.33,73.68,429.6,282.0,0
31.59,15.78,397.9,59.3,0
28.08,50.97,420.2,164.7,0
45.88,71.16,420.2,234.0,0
89.34,118.66,367.5,428.2,2
58.94,79.45,424.8,171.6,0
44.01,53.95,402.9,208.8,0
43.7,77.29,404.1,162.1,0
62.29,66.68,413.5,173.0,0
89.25,134.73,365.7,561.0,2
69.28,40.54,412.7,82.1,0
85.81,117.15,352.1,405.4,2
38.27,46.74,419.0,117.1,0
105.23,120.25,364.9,429.5,2
46.32,63.97,429.6,194.8,0
105.22,133.68,354.8,657.1,2
56.32,17.85,428.2,45.5,0
81.35,81.39,374.4,231.4,1
31.48,63.75,427.2,190.5,0
54.44,36.18,423.9,141.2,0
54.97,45.17,403.3,154.9,0
68.56,46.46,414.6,121.3,0
27.22,59.19,409.7,209.5,0
40.04,28.02,404.1,66.8,0
30.86,60.39,404.4,218.8,0
54.81,39.9,406.8,140.4,0
51.72,67.91,409.3,142.8,0
38.47,76.04,424.3,293.1,0
61.36,45.43,424.6,149.5,0
66.7,61.44,413.3,175.7,0
37.13,38.81,429.8,133.0,0
54.07,42.77,408.3,154.4,0
34.54,59.17,423.2,206.5,0
73.51,99.8,378.8,257.5,1
110.12,111.41,364.8,374.4,2
51.69,45.94,406.2,101.1,0
72.51,99.07,383.8,357.3,1
50.46,37.07,429.4,91.9,0
74.19,83.17,385.7,322.3,1
72.85,91.67,387.9,274.0,1
103.44,139.58,365.7,487.1,2
32.46,17.65,416.9,56.0,0
50.96,57.63,400.6,116.4,0
38.72,22.75,421.9,82.4,0
46.84,49.87,417.9,194.9,0
73.03,104.66,383.4,429.4,1
62.17,47.24,405.4,135.0,0
25.39,55.59,424.5,182.8,0
54.02,44.6,415.6,133.2,0
61.14,45.06,407.8,165.5,0
60.81,54.39,414.9,131.4,0
43.77,49.68,400.3,155.1,0
51.25,36.81,412.6,139.5,0
45.5,63.63,408.2,215.2,0
33.74,22.36,427.2,72.8,0
33.07,25.51,411.3,70.8,0
75.74,108.18,371.9,272.1,1
48.98,79.56,404.5,282.3,0
107.49,127.32,362.0,590.0,2
79.31,106.04,382.1,326.8,1
51.4,22.54,425.5,55.0,0
95.7,113.02,352.0,400.1,2
63.82,68.03,428.8,178.1,0
57.56,31.98,420.4,115.6,0
74.31,101.17,382.9,254.6,1
74.99,80.34,385.4,248.8,1
39.49,36.62,421.9,117.0,0
72.78,105.5,374.5,406.2,1
28.12,44.35,404.3,140.3,0
34.61,23.71,396.2,76.3,0
92.23,132.42,353.3,533.1,2
49.11,79.92,415.0,223.3,0
27.81,50.39,425.8,105.3,0
92.81,130.56,360.3,509.3,2
46.0,36.2,415.8,83.8,0
76.86,90.66,374.6,319.5,1
110.71,112.11,359.5,466.7,2
85.67,119.37,361.2,377.0,2
58.2,42.19,409.3,93.6,0
34.54,56.71,402.5,203.3,0
45.07,21.79,403.8,59.9,0
38.11,63.6,400.2,247.2,0
31.97,41.62,420.0,149.4,0
53.12,54.47,410.7,209.0,0
64.03,31.4,399.0,91.4,0
53.95,75.2,419.5,228.4,0
33.55,75.47,426.6,245.3,0
84.14,89.86,381.4,235.8,1
83.34,99.82,370.9,414.2,1
78.02,86.13,390.1,313.9,1
42.63,71.77,423.3,279.9,0
65.28,54.21,422.3,187.7,0
102.23,138.94,365.7,502.4,2
50.43,25.69,401.5,99.0,0
44.28,21.22,406.5,70.9,0
88.2,121.06,358.6,512.4,2
32.87,17.07,424.8,59.4,0
34.09,49.31,403.0,120.0,0
41.05,42.02,400.8,163.8,0
64.57,24.39,429.7,50.3,0
76.97,83.66,387.2,250.1,1
35.48,27.14,417.1,76.6,0
88.8,114.49,357.2,424.6,2
68.46,40.81,412.9,151.3,0
28.99,32.85,428.2,91.1,0
73.21,82.25,380.2,218.8,1
67.13,55.34,429.1,160.4,0
69.56,24.92,408.3,91.1,0
32.51,79.91,405.8,202.1,0
53.01,56.95,400.9,164.5,0
46.98,46.67,419.2,140.5,0
79.09,86.52,380.0,247.6,1
77.21,101.96,392.8,410.1,1
35.09,48.09,425.6,174.1,0
38.73,71.05,400.4,205.1,0
58.97,61.94,420.1,145.0,0
51.49,21.48,429.5,74.6,0
112.88,111.02,356.3,515.3,2
52.82,27.57,395.7,81.8,0
31.14,45.57,405.1,152.1,0
31.3,58.55,411.6,226.2,0
70.29,89.47,381.9,347.4,1
48.63,40.17,419.0,103.0,0
89.73,113.46,350.9,490.5,2
43.73,48.58,411.5,143.1,0
38.42,65.0,427.4,191.2,0
43.37,61.55,422.8,135.6,0
46.33,79.36,424.2,300.9,0
45.31,64.61,397.7,205.8,0
81.45,94.87,382.4,335.6,1
29.95,72.17,407.5,259.4,0
31.95,15.6,411.1,43.7,0
38.25,70.47,398.4,252.1,0
52.05,30.68,412.5,64.0,0
42.29,54.62,396.5,154.5,0
32.24,69.58,405.1,232.5,0
79.8,88.76,381.7,367.8,1
101.71,139.67,360.0,515.9,2
67.88,16.21,407.3,46.3,0
111.84,130.66,351.7,499.1,2
28.03,71.77,429.3,179.1,0
77.59,90.38,374.8,262.3,1
76.82,83.13,376.6,369.5,1
58.37,42.94,413.0,128.8,0
74.11,83.88,394.5,372.1,1
28.35,25.06,423.0,66.0,0
41.93,57.3,414.0,214.3,0
62.99,54.57,411.6,206.6,0
53.56,77.01,423.5,233.3,0
59.35,74.65,404.5,285.0,0
55.04,60.82,397.9,159.6,0
59.21,23.03,398.3,64.4,0
88.37,139.98,366.0,541.5,2
77.81,96.84,385.0,266.3,1
59.38,72.76,412.5,267.4,0
96.33,139.09,355.6,564.2,2
27.24,19.06,395.7,65.1,0
36.69,75.07,425.7,238.2,0
75.94,85.93,382.1,228.2,1
95.42,126.98,357.9,403.1,2
84.24,107.22,379.8,273.9,1
65.06,40.88,416.5,123.5,0
109.62,114.77,368.0,364.7,2
44.93,15.73,403.5,48.5,0
30.74,63.97,424.3,139.1,0
38.26,38.6,406.1,95.1,0
69.65,51.02,419.3,188.8,0
45.19,26.78,419.0,102.0,0
78.7,109.35,377.1,347.4,1
35.41,75.59,409.7,152.1,0
30.36,50.7,421.3,113.6,0
45.6,28.04,406.4,72.1,0
36.2,30.39,420.3,76.6,0
63.62,55.13,398.9,209.4,0
40.01,41.77,405.8,113.1,0
69.97,79.71,424.0,313.1,0
39.63,33.57,417.7,109.2,0
78.8,90.54,388.6,395.5,1
68.86,29.52,397.4,70.9,0
37.98,33.89,404.1,72.1,0
38.19,60.89,413.8,130.6,0
78.42,96.55,394.2,272.4,1
110.38,121.56,363.6,583.0,2
101.68,117.43,358.5,557.1,2
61.7,19.84,427.6,42.6,0
45.68,31.56,408.0,91.6,0
50.72,63.57,407.1,156.9,0
41.33,36.89,407.2,113.3,0
111.81,125.94,353.2,479.2,2
39.47,19.0,426.4,75.2,0
32.23,39.46,405.5,94.9,0
65.06,50.89,411.7,157.7,0
67.51,78.6,427.1,183.0,0
54.18,17.46,413.4,64.0,0
71.56,88.33,371.7,302.6,1
45.86,51.12,395.9,202.0,0
52.35,53.08,411.0,151.3,0
75.44,104.88,371.9,307.8,1
81.18,101.58,370.3,375.3,1
101.95,122.02,351.1,397.3,2
50.73,45.98,426.3,182.1,0
73.17,97.26,394.2,319.0,1
63.63,25.56,427.4,83.4,0
35.89,64.95,415.6,256.5,0
33.99,22.14,405.3,52.6,0
102.4,119.51,360.8,381.2,2
35.27,28.29,396.7,60.8,0
51.24,41.88,401.0,133.5,0
63.61,19.6,399.2,45.4,0
55.49,46.4,422.1,180.4,0
56.23,44.61,426.4,120.9,0
80.81,93.64,373.9,236.3,1
94.87,120.86,358.2,363.9,2
43.85,22.58,407.7,74.3,0
26.8,67.12,420.2,233.1,0
52.68,44.0,397.8,96.5,0
111.83,110.95,362.8,543.0,2
30.8,62.49,401.3,206.0,0
43.79,28.9,408.4,88.3,0
79.91,80.65,390.3,264.8,1
86.82,120.68,354.4,384.4,2
47.34,58.88,402.7,126.1,0
54.45,20.35,408.9,63.6,0
112.82,119.9,362.3,519.6,2
33.65,79.83,408.9,315.5,0
39.03,20.7,425.9,57.6,0
69.12,33.95,399.9,71.8,0
65.31,75.53,426.1,230.9,0
65.49,67.84,422.7,194.5,0
25.65,51.35,417.0,130.1,0
110.61,117.44,366.5,478.1,2
49.6,19.0,421.3,57.7,0
93.9,137.5,360.1,449.1,2
72.32,109.93,374.6,320.1,1
64.75,34.67,405.6,89.7,0
90.3,134.8,366.8,525.1,2
41.7,17.13,414.7,49.3,0
81.76,85.47,382.3,272.9,1
104.18,112.83,365.1,448.5,2
48.03,25.51,397.5,64.9,0
75.45,91.6,385.6,264.1,1
54.65,40.16,427.6,143.8,0
57.19,51.25,419.3,139.4,0
75.78,95.66,381.7,313.3,1
65.48,53.96,410.2,214.1,0
44.15,63.94,424.2,130.8,0
42.74,52.65,409.9,113.1,0
29.51,18.77,397.5,68.7,0
33.16,75.5,398.3,201.1,0
34.48,72.9,410.4,231.6,0
62.97,30.89,426.0,105.1,0
55.58,53.04,407.0,153.4,0
59.75,45.2,424.5,138.1,0
64.0,70.19,410.6,142.7,0
47.1,65.76,401.5,187.5,0
52.81,59.3,416.3,176.5,0
89.26,119.43,350.8,482.5,2
93.23,129.78,354.8,397.2,2
49.69,71.51,412.5,255.6,0
56.68,62.81,420.3,219.6,0
47.75,45.41,414.7,143.1,0
51.63,34.27,428.5,85.0,0
91.1,111.06,369.8,484.2,2
43.61,50.19,404.2,161.7,0
32.81,71.88,418.9,213.4,0
111.62,131.78,366.0,410.3,2
65.23,72.97,420.3,155.2,0
108.03,119.03,362.4,365.6,2
34.01,17.56,429.6,39.1,0
25.06,27.53,412.7,66.0,0
92.03,116.97,362.3,403.9,2
32.67,69.66,405.8,254.3,0
73.22,103.24,383.4,433.3,1
52.87,61.31,397.1,124.8,0
28.99,73.76,404.5,158.6,0
66.72,63.64,409.8,193.4,0
52.94,56.47,416.1,148.6,0
67.77,61.77,422.6,139.9,0
59.19,30.9,412.3,123.5,0
78.91,86.81,394.0,334.2,1
60.9,57.49,428.4,192.9,0
39.23,78.87,415.0,230.7,0
79.82,80.04,385.0,262.0,1
81.35,109.44,390.3,457.0,1
74.39,84.9,392.6,239.3,1
25.76,67.0,415.2,171.7,0
68.96,76.47,422.2,250.5,0
54.26,17.27,414.7,66.1,0
37.59,55.75,427.2,160.7,0
28.57,37.61,424.5,136.8,0
53.09,58.05,429.7,146.4,0
79.63,109.87,370.1,456.8,1
66.85,51.39,422.1,122.0,0
52.53,37.07,400.8,112.7,0
56.55,22.24,406.6,82.2,0
112.01,113.3,362.3,507.0,2
106.48,132.46,352.0,551.5,2
45.45,43.57,395.5,94.7,0
28.67,57.84,403.5,196.5,0
68.36,25.59,409.9,60.7,0
37.68,42.78,421.0,151.8,0
60.69,75.96,412.4,261.6,0
60.53,59.85,413.8,143.8,0
46.18,33.45,414.2,122.1,0
82.46,100.02,394.1,305.0,1
88.19,126.53,362.2,499.1,2
45.62,50.14,418.1,134.8,0
76.92,84.0,374.5,264.4,1
76.41,103.73,390.6,430.1,1
39.1,27.38,428.3,99.2,0
98.81,128.72,365.7,533.3,2
53.18,58.51,401.6,127.0,0
35.73,38.51,427.2,100.4,0
58.25,23.5,420.3,69.1,0
90.28,123.06,365.0,511.3,2
58.91,56.52,426.5,156.4,0
86.39,115.22,368.6,501.1,2
60.19,61.71,401.8,205.4,0
109.14,111.77,352.8,400.3,2
88.06,110.1,351.8,446.2,2
84.3,97.07,374.0,391.8,1
69.26,61.63,400.5,167.5,0
43.24,38.15,419.3,84.2,0
69.64,61.65,410.5,136.7,0
25.95,63.6,404.4,193.3,0
59.66,37.5,420.9,144.5,0
29.68,72.71,411.3,236.6,0
51.01,55.17,425.5,164.0,0
50.0,61.47,398.5,125.6,0
65.93,66.49,420.2,165.7,0
47.01,40.22,402.7,139.0,0
32.14,61.28,403.7,211.2,0
42.19,37.25,401.7,142.0,0
57.1,75.01,408.7,179.2,0
69.85,29.6,397.1,69.6,0
42.72,77.54,400.9,245.1,0
75.01,109.04,379.5,290.3,1
104.43,132.82,361.6,529.4,2
30.24,39.37,429.7,149.7,0
52.07,20.92,405.7,59.9,0
26.09,22.57,425.9,69.5,0
37.7,75.58,426.7,187.8,0
67.05,26.25,428.0,63.0,0
54.31,73.6,423.6,268.1,0
43.07,69.07,412.5,155.3,0
78.38,106.72,390.5,450.3,1
76.26,83.02,381.3,222.4,1
113.63,114.85,351.6,412.5,2
49.51,22.46,423.6,63.7,0
55.92,71.69,420.7,281.8,0
80.04,80.43,372.2,204.5,1
76.45,95.55,378.5,354.8,1
83.9,92.92,370.5,351.2,1
65.5,65.52,418.9,248.0,0
62.97,42.39,424.5,162.8,0
92.22,119.93,352.8,487.0,2
26.6,34.99,418.2,75.5,0
48.5,78.59,421.5,200.5,0
33.29,50.1,406.8,186.9,0
37.02,76.81,419.5,302.9,0
68.23,20.8,407.7,69.3,0
112.31,139.4,369.0,489.0,2
57.31,48.89,422.1,176.3,0
95.05,132.7,367.4,595.5,2
106.3,121.5,359.8,520.4,2
88.15,128.0,355.6,409.6,2
112.58,128.6,365.8,419.8,2
105.47,120.66,365.8,569.3,2
37.92,31.49,417.5,67.7,0
38.44,42.92,419.5,147.4,0
114.06,122.36,354.1,393.6,2
75.8,83.53,391.4,269.9,1
62.14,47.85,408.3,108.8,0
36.29,45.83,398.4,126.2,0
51.83,31.39,410.9,117.8,0
42.28,74.83,412.2,195.3,0
37.24,55.95,429.1,194.2,0
84.65,93.72,384.8,283.7,1
62.21,65.15,403.1,231.6,0
38.88,42.5,417.6,133.4,0
82.5,86.92,381.5,386.2,1
75.39,90.06,394.0,231.5,1
28.93,62.49,404.6,235.1,0
39.96,15.53,395.8,50.3,0
54.54,70.6,403.8,191.0,0
52.26,65.56,406.6,152.2,0
48.66,36.92,406.8,124.6,0
42.64,58.92,429.7,178.6,0
37.27,66.18,398.3,213.2,0
60.62,42.98,402.8,117.5,0
34.71,32.07,425.4,112.4,0
89.37,112.05,369.6,377.1,2
29.54,43.1,424.3,165.7,0
66.48,22.78,424.7,70.7,0
92.04,118.94,352.3,553.3,2
47.31,54.56,429.5,118.6,0
49.92,49.92,408.8,120.7,0
40.76,78.13,419.8,266.5,0
34.38,60.96,414.0,213.8,0
29.8,32.57,407.9,118.1,0
71.41,104.82,375.8,282.3,1
89.24,139.21,356.9,465.5,2
69.43,28.75,404.8,73.3,0
72.07,99.21,384.0,263.9,1
71.58,88.62,383.6,336.7,1
100.51,130.06,355.3,500.0,2
101.36,118.13,355.6,479.7,2
46.74,44.91,398.2,117.8,0
74.99,102.34,380.2,319.4,1
42.37,39.26,411.2,105.0,0
83.99,103.23,371.1,286.9,1
61.42,35.85,412.5,107.4,0
67.65,55.1,396.2,197.0,0
59.47,15.0,426.8,30.6,0
71.32,102.05,372.5,283.3,1
92.59,113.24,355.8,461.8,2
76.72,106.62,371.2,414.8,1
42.9,27.65,400.2,72.1,0
46.83,68.96,421.1,160.5,0
103.24,137.05,351.5,612.1,2
47.33,23.83,411.6,57.9,0
43.01,53.67,427.9,156.3,0
26.89,62.63,416.5,150.1,0
48.29,30.74,420.8,77.0,0
67.42,63.51,425.1,223.4,0
27.53,35.88,401.0,107.4,0
25.45,21.09,411.9,68.6,0
79.25,88.34,379.1,329.6,1
27.83,37.79,417.2,119.4,0
54.35,65.75,415.6,134.4,0
34.93,68.57,399.1,210.6,0
52.68,31.66,410.1,71.2,0
108.16,121.62,351.4,557.9,2
42.69,38.73,408.8,88.1,0
56.2,33.42,400.7,90.7,0
41.9,17.96,416.1,59.9,0
32.32,76.51,411.4,193.2,0
96.66,119.6,354.1,514.9,2
31.75,16.67,420.8,50.7,0
58.72,74.4,424.8,259.2,0
84.39,97.53,375.5,428.1,1
48.06,55.52,410.9,183.5,0
73.43,107.35,392.7,386.2,1
102.03,139.51,356.5,629.6,2
55.98,65.96,422.8,252.6,0
56.32,63.25,415.4,209.1,0
68.65,22.22,412.5,81.2,0
67.28,75.44,418.5,235.1,0
85.49,117.5,360.7,502.9,2
41.34,58.51,419.0,118.2,0
61.56,78.5,408.2,283.9,0
28.99,18.19,398.0,39.9,0
108.66,110.98,365.8,444.0,2
55.17,19.73,428.2,71.7,0
96.56,117.08,356.6,405.5,2
69.32,29.5,403.9,59.7,0
47.75,75.4,409.2,216.0,0
60.12,57.65,422.9,217.4,0
66.08,36.29,424.0,84.8,0
37.56,73.64,401.5,275.8,0
68.77,42.67,397.5,147.6,0
64.32,56.07,395.6,163.7,0
104.72,120.28,355.3,524.5,2
26.57,43.89,429.7,171.1,0
71.1,80.67,375.4,321.4,1
96.69,127.04,361.9,532.3,2
53.64,28.09,420.7,59.5,0
59.51,65.34,396.5,213.6,0
40.54,37.84,409.5,124.6,0
77.51,90.03,394.1,260.7,1
58.14,28.91,412.8,115.6,0
27.92,31.73,429.4,87.8,0
44.65,60.04,408.3,215.1,0
43.44,44.75,404.5,143.9,0
59.49,71.95,400.8,233.7,0
28.79,23.81,426.1,75.9,0
66.99,62.28,417.5,225.5,0
37.64,23.52,421.4,75.2,0
38.39,26.89,428.9,89.4,0
35.06,35.68,412.7,90.5,0
44.24,76.98,419.8,236.5,0
114.52,117.75,360.5,489.7,2
53.72,71.05,406.5,145.8,0
37.92,48.36,425.8,118.4,0
99.69,120.47,356.4,423.4,2
38.25,59.24,422.3,205.1,0
33.07,22.71,416.8,78.4,0
101.49,118.82,368.5,449.7,2
43.85,27.52,419.7,100.4,0
68.26,55.1,428.1,115.5,0
82.28,101.85,381.7,447.7,1
45.21,21.45,414.9,80.0,0
72.38,89.65,393.6,370.8,1
109.19,110.98,354.7,427.0,2
60.09,70.53,418.1,146.3,0
29.22,17.75,406.9,69.9,0
28.88,59.11,422.2,154.2,0
39.36,49.09,412.1,176.4,0
77.01,82.72,376.3,293.8,1
51.07,57.61,426.2,159.2,0
108.15,132.05,353.7,521.8,2
53.43,46.62,421.2,114.2,0
76.79,87.82,376.7,268.8,1
42.45,42.81,416.8,114.2,0
68.6,36.7,396.8,115.8,0
79.98,98.62,375.2,348.0,1
104.43,115.49,368.4,426.0,2
100.27,128.48,367.7,479.2,2
55.44,39.83,395.8,154.4,0
72.22,87.91,386.6,337.9,1
91.3,138.69,364.1,555.5,2
61.0,78.73,424.9,260.4,0
41.31,59.97,421.6,168.7,0
74.39,88.28,377.2,343.3,1
54.26,68.62,400.1,206.3,0
36.17,49.69,403.4,155.6,0
102.33,114.7,350.5,556.1,2
59.71,15.6,405.0,41.0,0
95.03,120.38,354.5,393.5,2
105.33,133.17,362.6,531.6,2
52.32,36.39,418.9,125.1,0
33.16,45.6,413.7,174.8,0
44.51,25.93,396.3,64.3,0
61.84,19.34,404.3,70.9,0
61.23,50.7,415.3,106.9,0
85.32,130.61,350.8,616.1,2
61.14,41.91,414.2,142.7,0
58.3,75.64,429.8,261.1,0
89.96,110.46,357.0,409.5,2
53.73,50.84,396.7,179.8,0
83.23,95.24,391.2,383.4,1
62.85,65.99,425.1,146.4,0
79.25,99.0,393.9,303.3,1
31.95,37.36,402.1,100.6,0
64.53,43.83,416.5,163.6,0
48.41,40.8,410.3,86.9,0
69.27,72.42,407.7,158.6,0
63.11,33.73,402.5,105.3,0
83.73,85.27,372.5,324.7,1
56.65,69.34,411.7,262.2,0
64.43,64.57,413.7,197.8,0
39.22,33.27,421.4,127.7,0
94.3,137.41,358.0,612.8,2
45.24,34.58,411.5,89.7,0
28.28,77.77,399.1,272.2,0
82.25,107.04,391.1,366.4,1
55.81,51.27,420.1,178.0,0
35.49,26.62,414.1,57.3,0
28.46,65.39,427.7,139.1,0
72.74,101.19,391.0,447.5,1
75.04,106.89,380.6,390.4,1
90.86,127.67,362.7,468.5,2
67.62,16.8,401.8,52.6,0
27.48,32.13,420.7,83.3,0
45.81,72.83,406.6,266.4,0
79.53,95.51,387.8,261.4,1
36.3,38.9,418.2,140.9,0
60.16,59.72,413.4,141.5,0
26.8,57.03,416.8,201.3,0
73.29,94.97,370.4,298.8,1
63.9,21.79,397.2,73.9,0
76.35,95.23,372.1,376.1,1
79.53,80.36,394.5,269.0,1
82.23,96.81,386.7,335.8,1
64.61,16.28,424.3,40.7,0
85.64,132.39,364.6,652.6,2
39.01,74.12,398.1,174.7,0
44.3,28.91,413.7,84.9,0
49.31,76.3,420.0,263.3,0
36.19,44.24,423.1,89.3,0
35.82,78.24,395.6,178.2,0
52.08,50.44,419.2,180.3,0
54.15,72.69,399.5,190.8,0
69.46,27.92,412.4,73.7,0
69.55,78.21,405.1,216.6,0
40.95,31.83,411.3,71.7,0
40.63,21.75,429.6,77.6,0
65.04,64.66,423.8,178.2,0
52.32,37.39,422.8,110.2,0
39.63,16.19,410.9,34.7,0
43.53,44.07,405.8,92.3,0
82.58,102.79,392.4,459.7,1
55.1,50.63,424.9,178.2,0
62.67,65.76,408.0,211.2,0
68.66,27.16,429.0,96.7,0
38.02,76.69,413.2,276.8,0
74.86,87.56,378.4,333.4,1
64.45,39.57,429.4,140.5,0
41.5,73.32,423.6,166.9,0
105.62,135.21,364.7,623.0,2
32.01,32.54,412.4,91.9,0
37.34,23.18,407.2,63.3,0
39.48,47.11,412.9,97.4,0
43.14,20.19,421.9,64.3,0
41.75,21.44,422.4,54.3,0
54.93,15.05,400.6,44.3,0
26.09,71.47,404.5,144.5,0
67.58,64.53,425.9,200.9,0
70.68,105.32,375.5,327.5,1
70.3,84.54,372.7,258.0,1
57.7,16.52,406.4,49.6,0
68.64,20.76,411.1,73.9,0
36.65,63.69,402.2,160.4,0
54.28,60.09,425.7,167.7,0
50.96,37.25,429.1,131.9,0
65.26,51.24,399.2,132.7,0
27.85,33.63,405.1,110.7,0
41.74,79.86,423.5,245.7,0
38.33,43.31,427.7,113.0,0
69.83,63.46,429.4,127.6,0
79.13,87.3,381.0,315.6,1
81.98,98.46,387.2,350.3,1
26.42,66.24,429.6,169.7,0
71.3,103.21,390.1,356.3,1
75.19,98.35,391.0,308.9,1
105.82,115.84,354.2,396.3,2
73.85,92.25,393.7,388.3,1
87.21,136.12,356.1,511.5,2
53.16,39.8,426.7,135.5,0
42.4,65.08,415.5,221.8,0
35.09,72.12,420.3,239.8,0
70.75,98.44,387.0,422.8,1
77.29,95.11,381.8,243.4,1
34.84,41.24,395.7,156.3,0
107.31,132.28,359.4,444.0,2
99.99,129.75,355.0,587.2,2
63.47,75.16,408.7,241.6,0
42.78,79.57,429.0,278.0,0
53.34,46.29,416.3,98.1,0
65.08,29.06,411.1,70.1,0
30.45,33.14,405.4,89.7,0
40.08,50.33,429.2,179.3,0
75.28,85.99,375.0,363.1,1
59.21,17.17,409.3,61.1,0
32.02,39.49,427.1,122.5,0
44.94,46.72,418.5,168.8,0
73.52,83.67,379.2,264.3,1
77.67,105.98,379.6,352.0,1
49.62,49.66,414.0,138.7,0
79.92,106.96,372.3,410.3,1
42.83,17.75,424.2,42.8,0
55.95,30.66,409.8,86.3,0
57.97,15.45,406.2,36.6,0
43.78,33.37,396.0,130.0,0
50.34,27.09,413.7,90.7,0
61.2,19.86,414.4,43.5,0
81.5,90.87,374.2,351.7,1
58.98,50.65,401.0,192.4,0
67.76,74.05,418.9,263.4,0
66.37,17.31,412.1,60.3,0
31.54,29.81,418.2,101.0,0
35.47,67.91,395.9,218.8,0
69.48,75.68,409.2,175.6,0
71.92,97.5,380.0,286.3,1
71.29,85.37,372.5,378.9,1
44.7,66.16,409.2,136.0,0
76.39,88.71,393.6,324.5,1
36.39,72.77,399.4,205.8,0
80.06,107.49,374.4,364.6,1
77.74,105.74,378.6,344.3,1
41.67,77.96,412.4,239.0,0
49.36,26.04,428.5,69.2,0
63.53,76.96,406.4,199.1,0
64.07,26.68,411.0,101.6,0
38.71,32.22,405.1,97.2,0
91.25,127.78,360.0,451.4,2
83.38,109.96,392.4,387.7,1
74.25,84.93,393.6,269.0,1
70.8,87.89,370.7,308.1,1
53.08,48.14,403.8,100.3,0
28.18,16.53,406.4,37.0,0
63.3,32.24,411.8,72.7,0
73.2,95.21,393.8,411.9,1
82.39,87.02,371.5,315.7,1
97.53,130.47,353.6,546.3,2
109.44,118.16,355.2,486.9,2
111.22,115.79,358.3,429.1,2
94.5,132.48,362.3,527.1,2
112.79,115.11,356.7,447.8,2
45.66,47.93,410.0,163.1,0
76.89,83.72,386.2,367.4,1
59.1,71.01,399.6,174.7,0
32.59,25.29,406.5,81.7,0
51.8,38.84,396.8,108.2,0
65.07,25.82,402.0,83.2,0
53.06,23.41,401.1,61.9,0
72.51,85.86,389.5,242.8,1
52.69,16.25,400.1,48.9,0
53.14,39.81,418.9,135.9,0
51.0,65.4,418.2,240.4,0
46.99,58.16,412.1,192.9,0
37.46,29.47,396.6,101.5,0
60.52,23.86,401.9,78.7,0
45.78,31.33,429.0,82.0,0
60.25,69.37,414.1,223.2,0
91.15,131.98,366.0,489.0,2
62.9,62.36,402.3,138.5,0
85.9,130.26,352.7,594.1,2
44.14,69.01,427.7,217.8,0
59.49,77.12,416.5,177.7,0
38.79,23.2,406.6,51.1,0
88.51,116.43,350.9,377.5,2
78.47,99.3,389.6,422.4,1
76.61,83.2,393.0,308.4,1
36.53,15.26,421.2,39.1,0
27.8,62.09,396.8,226.8,0
48.77,31.59,404.9,77.7,0
89.04,112.51,366.9,492.6,2
67.81,35.59,397.7,75.6,0
80.25,96.19,386.2,382.7,1
80.87,103.54,380.3,303.0,1
35.69,22.35,409.1,69.0,0
26.64,23.68,417.1,82.8,0
35.68,54.76,399.2,121.7,0
101.49,134.39,366.0,523.9,2
67.82,65.49,404.5,184.6,0
38.82,76.79,423.0,187.5,0
62.15,30.45,419.4,82.3,0
47.7,36.85,407.8,127.0,0
38.29,63.4,400.5,235.4,0
31.69,68.35,422.9,242.6,0
27.04,45.6,409.8,182.2,0
54.68,42.32,396.7,127.3,0
62.24,53.96,409.1,180.4,0
60.26,50.25,427.9,102.4,0
37.14,37.77,425.9,142.7,0
63.65,35.9,408.4,124.7,0
26.75,71.44,422.3,283.2,0
50.62,64.76,409.7,235.2,0
37.51,26.48,410.3,73.5,0
68.46,65.7,423.7,239.6,0
44.69,38.0,422.7,81.5,0
41.12,18.03,407.4,66.6,0
43.5,38.94,424.6,83.5,0
78.83,103.56,378.8,382.4,1
61.35,16.69,409.0,60.9,0
28.98,67.17,412.2,263.3,0
60.88,36.72,424.3,74.3,0
53.29,30.15,413.5,118.9,0
83.48,98.88,390.4,443.7,1
79.33,80.23,374.2,344.6,1
85.6,132.03,350.9,416.4,2
74.23,94.44,378.8,352.8,1
110.91,122.63,367.3,554.8,2
80.76,105.5,380.7,337.5,1
67.56,35.48,421.5,119.8,0
60.7,23.8,422.2,66.4,0
101.66,125.02,356.7,465.1,2
92.5,128.81,361.9,597.2,2
81.38,99.95,394.7,419.9,1
72.9,100.8,372.2,385.7,1
33.6,15.62,425.1,59.9,0
57.13,60.79,409.9,178.1,0
45.1,78.1,422.8,237.0,0
100.17,136.56,366.0,474.4,2
25.47,53.32,420.2,198.3,0
80.13,93.78,393.9,291.9,1
84.88,100.23,385.1,450.4,1
54.09,28.98,404.2,103.4,0
38.8,75.31,416.3,153.2,0
43.8,47.56,421.1,182.1,0
53.05,64.73,423.0,231.9,0
63.76,16.88,400.5,43.6,0
50.88,45.73,400.5,174.8,0
35.87,60.94,414.9,203.4,0
35.44,32.55,428.0,103.6,0
53.93,66.87,410.8,174.4,0
46.77,78.37,412.2,210.9,0
53.08,63.32,422.5,146.4,0
52.04,32.39,413.9,91.5,0
56.38,69.44,396.8,180.4,0
37.97,58.96,420.7,231.3,0
78.39,100.13,384.2,281.3,1
25.55,56.85,408.3,164.9,0
88.8,117.6,368.3,559.3,2
67.23,51.01,416.5,157.6,0
43.19,26.12,397.4,83.7,0
50.06,50.9,427.1,111.2,0
28.41,42.13,429.4,137.4,0
111.91,110.05,356.5,435.6,2
36.89,79.04,399.8,200.9,0
34.52,70.44,426.4,158.6,0
29.86,72.83,426.3,238.6,0
76.39,107.77,371.3,423.8,1
94.94,139.31,362.7,424.0,2
62.35,19.9,410.2,72.7,0
51.66,25.3,406.2,67.5,0
42.67,30.22,422.7,118.0,0
44.9,45.68,396.2,139.9,0
51.13,77.49,427.6,167.2,0
96.53,111.08,367.5,537.7,2
75.47,98.73,393.8,349.6,1
64.06,23.47,405.0,61.3,0
48.79,16.05,420.8,36.0,0
25.75,72.64,396.1,228.8,0
51.04,18.2,412.1,69.8,0
70.75,83.31,378.5,350.8,1
83.15,106.72,372.4,285.5,1
90.96,138.86,356.7,674.4,2
26.89,45.96,429.1,118.5,0
46.38,21.17,412.6,60.1,0
67.46,73.36,428.6,239.3,0
32.87,42.82,401.2,151.0,0
48.73,32.46,397.0,77.4,0
42.71,41.92,420.2,93.4,0
66.4,35.45,422.4,140.1,0
104.11,133.98,362.5,613.9,2
54.65,38.64,402.7,113.9,0
37.65,65.17,414.9,186.1,0
29.38,63.01,407.4,224.1,0
43.35,33.95,406.9,110.4,0
39.55,61.42,428.8,245.3,0
80.03,100.06,394.4,320.0,1
78.53,93.97,395.0,269.0,1
31.76,73.23,423.0,261.3,0
110.92,110.46,368.6,411.9,2
42.02,68.11,403.7,255.3,0
100.38,136.59,353.0,535.9,2
27.34,75.91,413.4,283.0,0
51.12,70.86,397.6,245.0,0
43.96,17.87,420.0,60.6,0
39.35,45.59,401.5,166.5,0
64.1,60.16,429.6,166.6,0
60.73,63.64,422.0,129.4,0
35.21,16.37,412.3,46.6,0
58.83,30.75,423.1,116.2,0
43.13,39.65,426.6,106.5,0
47.56,18.12,410.7,71.7,0
95.14,117.6,364.1,463.6,2
53.04,36.72,397.0,127.4,0
108.37,115.06,369.0,398.6,2
32.64,35.98,423.9,140.4,0
32.48,72.0,406.5,210.7,0
37.63,50.67,401.9,127.3,0
65.93,66.56,415.2,212.9,0
49.53,31.05,410.7,105.5,0
67.24,61.09,412.6,129.1,0
79.67,102.28,382.5,286.7,1
59.43,71.4,405.6,266.6,0
67.13,48.69,426.9,185.5,0
36.24,79.29,410.6,167.7,0
64.15,67.99,401.3,253.9,0
47.7,52.32,395.4,183.8,0
45.63,41.11,420.0,147.2,0
25.64,25.13,402.0,60.1,0
42.66,70.83,426.7,269.2,0
50.85,73.7,427.0,206.4,0
67.48,54.92,396.4,175.1,0
83.27,99.48,391.2,326.7,1
58.48,61.37,409.2,166.3,0
29.16,44.62,400.0,165.2,0
55.09,46.36,398.9,93.9,0
57.94,69.03,417.8,247.0,0
63.02,49.28,424.5,119.4,0
28.05,75.85,412.9,217.4,0
78.52,89.69,375.6,272.1,1
51.56,35.46,409.0,95.6,0
29.41,49.01,414.3,184.6,0
106.2,136.23,359.4,487.4,2
57.69,35.21,412.9,121.6,0
56.94,22.88,402.3,75.5,0
26.51,33.63,396.6,134.0,0
33.47,49.96,412.8,166.3,0
62.28,16.5,409.7,57.5,0
42.24,49.44,420.0,115.8,0
52.73,34.0,416.2,82.3,0
112.41,123.37,353.7,407.7,2
93.49,133.97,367.3,422.8,2
62.32,34.77,403.3,100.5,0
50.16,52.87,422.6,142.3,0
31.34,17.23,428.7,56.4,0
38.85,42.13,411.8,85.2,0
31.49,48.88,398.4,162.1,0
28.67,70.75,421.5,233.8,0
39.37,42.57,414.4,161.8,0
70.05,107.9,387.5,351.1,1
35.16,25.01,403.2,76.2,0
45.29,31.7,418.5,72.8,0
113.2,127.09,350.3,557.4,2
41.05,76.39,409.5,244.3,0
61.37,27.43,414.0,58.9,0
33.79,37.01,427.5,127.7,0
45.38,58.02,411.3,176.1,0
25.59,51.94,402.8,147.2,0
51.77,68.26,408.7,236.4,0
114.86,125.16,351.5,466.1,2
61.31,42.55,405.6,103.6,0
100.84,129.79,358.7,395.2,2
47.72,33.78,417.2,74.8,0
30.04,78.74,414.5,170.3,0
37.3,50.6,407.6,187.3,0
76.23,85.25,389.5,240.0,1
89.69,118.84,365.5,505.4,2
27.44,65.21,420.3,168.7,0
58.46,33.87,402.4,80.5,0
39.59,32.4,424.1,80.2,0
37.2,34.74,406.3,73.8,0
54.92,17.26,429.2,68.5,0
105.22,134.32,362.3,671.2,2
85.55,134.14,352.1,563.1,2
70.9,83.69,389.3,323.4,1
55.42,73.11,424.8,219.8,0
101.03,127.9,360.0,541.9,2
86.12,115.07,367.3,411.8,2
44.47,58.18,400.2,155.2,0
67.93,73.86,426.1,205.4,0
56.37,16.32,397.3,32.9,0
28.94,39.15,420.5,135.6,0
57.16,43.55,423.5,120.0,0
77.16,98.51,386.7,421.1,1
53.96,34.41,424.3,85.0,0
63.64,24.08,402.7,83.4,0
105.14,122.47,360.4,528.6,2
44.07,50.23,403.2,176.3,0
39.29,17.85,428.7,66.7,0
82.6,102.61,380.5,309.5,1
51.27,16.86,396.0,47.6,0
53.42,72.61,402.6,253.7,0
43.11,48.09,408.7,101.8,0
51.03,66.35,428.1,188.7,0
53.02,55.09,425.0,147.0,0
62.06,60.52,417.0,154.1,0
26.77,79.25,423.1,266.5,0
26.25,79.31,395.6,294.3,0
25.73,37.51,418.4,81.5,0
92.99,121.8,361.1,376.7,2
66.01,43.1,406.5,123.5,0
89.5,130.85,364.7,549.5,2
48.9,23.68,419.2,92.4,0
67.56,50.78,395.1,149.5,0
36.93,77.32,397.7,294.5,0
41.73,29.72,427.1,92.1,0
27.11,28.71,418.3,80.1,0
78.93,86.45,392.5,312.5,1
86.63,134.25,351.0,654.1,2
92.72,119.55,362.3,423.6,2
83.35,90.45,382.3,246.1,1
52.16,69.24,400.8,181.3,0
40.4,51.76,427.3,142.4,0
28.27,22.87,403.2,89.6,0
28.29,75.17,400.0,199.4,0
49.59,71.58,405.3,171.0,0
38.23,64.07,397.9,137.2,0
49.19,25.95,398.2,69.9,0
31.81,60.72,405.0,235.1,0
97.8,128.63,357.2,396.1,2
47.94,26.15,419.3,81.9,0
35.61,58.81,423.4,175.1,0
57.32,49.68,397.5,121.4,0
71.44,107.42,379.5,359.2,1
30.65,77.03,422.1,308.0,0
61.17,51.76,409.5,122.6,0
79.81,94.43,389.1,368.1,1
87.35,126.31,368.4,598.7,2
54.62,48.14,429.8,117.4,0
75.3,96.63,371.9,277.8,1
74.32,102.61,385.7,385.5,1
35.49,70.22,409.0,161.4,0
103.8,117.56,359.3,515.6,2
40.75,47.23,407.9,115.0,0
29.41,79.34,420.8,269.3,0
105.48,123.32,369.8,386.6,2
47.22,53.51,420.2,108.1,0
41.1,62.2,404.2,231.3,0
51.09,34.13,419.4,114.7,0
45.06,50.82,408.9,153.6,0
40.05,67.55,409.3,168.7,0
80.02,87.34,390.4,381.3,1
82.78,98.68,379.0,405.1,1
64.47,56.2,395.6,164.1,0
81.05,106.29,373.8,274.8,1
74.29,96.5,380.7,265.4,1
50.66,52.49,421.2,177.7,0
57.49,46.39,409.3,148.7,0
35.06,54.92,415.5,189.9,0
67.14,55.58,416.8,133.3,0
69.45,69.16,427.6,258.8,0
56.8,75.86,407.4,298.5,0
27.55,62.85,422.6,176.7,0
86.87,116.84,364.7,453.3,2
82.57,109.41,386.9,436.3,1
44.79,72.63,407.7,177.6,0
78.89,95.05,372.4,304.8,1
84.83,94.79,382.0,347.9,1
67.74,54.43,427.6,181.4,0
111.94,112.24,356.8,343.1,2
51.38,29.26,407.7,65.6,0
110.68,138.99,354.7,546.5,2
26.65,42.84,401.6,153.7,0
103.55,124.25,361.6,542.6,2
57.8,45.92,415.6,163.0,0
62.67,27.99,404.9,73.5,0
80.3,84.48,379.8,280.4,1
103.18,115.27,368.0,532.9,2
52.34,58.34,409.7,152.7,0
106.88,115.28,368.8,357.3,2
91.61,113.16,351.8,490.5,2
53.51,55.9,419.9,194.9,0
96.72,135.83,351.7,584.7,2
43.5,19.83,414.1,49.6,0
41.07,52.1,419.7,156.1,0
53.7,69.38,419.1,148.8,0
36.71,73.76,414.6,256.3,0
79.0,91.98,379.9,322.1,1
32.97,43.21,401.1,120.9,0
48.33,78.74,428.6,299.5,0
36.78,74.38,395.2,226.6,0
104.57,113.34,355.4,537.3,2
79.2,96.02,377.2,378.6,1
79.74,86.6,394.9,384.2,1
59.78,67.59,397.8,162.8,0
85.92,115.99,352.6,571.6,2
58.4,23.26,402.7,52.3,0
61.66,76.72,428.0,169.3,0
43.49,42.03,425.3,134.8,0
86.08,136.75,361.7,538.9,2
68.45,26.03,412.8,97.7,0
34.59,66.8,427.1,158.1,0
110.23,117.16,363.9,570.3,2
76.15,105.23,377.9,333.7,1
40.36,49.67,396.8,188.3,0
93.23,125.46,366.8,380.1,2
111.18,114.27,352.5,413.5,2
75.52,108.72,379.5,445.7,1
80.95,105.27,386.9,374.1,1
61.24,23.96,409.1,50.8,0
84.08,95.36,391.5,409.8,1
39.72,71.76,412.8,260.6,0
111.37,132.46,363.4,409.7,2
47.45,53.74,406.6,144.3,0
86.79,121.35,352.2,486.5,2
80.53,100.54,388.8,279.1,1
60.74,21.89,414.0,78.1,0
56.14,53.21,395.8,176.1,0
37.93,75.95,429.8,210.3,0
35.51,59.07,423.8,162.1,0
33.39,44.79,425.5,108.9,0
55.98,50.69,395.6,125.5,0
71.48,91.09,372.5,278.7,1
40.56,15.85,415.3,61.7,0
88.16,121.22,361.0,477.4,2
47.65,36.87,413.0,96.8,0
91.51,110.91,351.0,356.2,2
94.01,132.48,358.9,398.5,2
37.6,47.57,427.8,116.2,0
45.87,62.37,424.2,128.8,0
52.03,36.85,401.0,79.1,0
64.02,68.95,395.4,152.6,0
66.01,55.8,406.2,159.1,0
44.82,45.93,398.3,170.4,0
47.76,42.88,417.0,108.5,0
37.46,63.39,408.3,132.7,0
40.42,64.86,407.0,145.3,0
52.58,55.68,416.5,169.1,0
55.74,21.67,426.9,74.3,0
99.81,122.44,359.0,554.9,2
75.59,89.98,390.1,341.5,1
36.07,56.78,400.1,220.6,0
67.21,38.19,429.2,106.5,0
61.49,26.96,403.9,86.3,0
59.29,37.39,429.9,76.5,0
49.98,39.7,428.9,80.3,0
61.45,74.49,424.8,269.6,0
42.3,18.26,396.4,39.4,0
52.31,34.77,421.2,101.7,0
49.42,54.06,425.8,170.9,0
39.86,17.62,424.7,37.2,0
30.67,67.17,407.7,209.1,0
74.8,102.1,382.4,444.7,1
55.39,26.69,411.9,78.7,0
33.32,46.66,395.7,95.5,0
63.03,61.92,412.5,180.3,0
32.73,77.85,416.2,237.9,0
47.45,16.72,428.7,47.1,0
54.65,36.51,406.6,135.8,0
30.15,40.12,417.6,158.0,0
25.62,60.51,396.2,181.3,0
30.7,61.32,416.9,202.0,0
89.31,121.71,353.5,581.4,2
35.27,21.6,416.9,64.8,0
63.29,19.67,425.4,39.6,0
59.79,27.22,420.9,78.6,0
76.67,80.36,392.4,301.9,1
57.96,20.93,407.4,80.8,0
58.14,49.99,401.9,123.5,0
51.26,19.72,421.8,49.8,0
67.7,53.14,403.6,107.9,0
66.8,36.6,407.3,88.4,0
31.4,35.36,409.1,112.3,0
58.9,31.64,412.4,69.0,0
31.27,18.4,429.6,65.9,0
82.13,107.45,374.5,342.4,1
83.34,105.36,371.2,299.4,1
34.49,60.89,411.7,236.4,0
51.47,53.58,400.4,125.3,0
65.2,55.67,404.1,139.3,0
28.0,51.29,423.7,116.4,0
43.31,49.44,406.2,122.7,0
48.67,75.57,413.8,286.9,0
35.81,38.15,406.3,79.7,0
41.76,74.02,400.9,162.0,0
47.63,41.89,416.2,96.1,0
72.12,80.06,370.0,343.1,1
97.93,117.17,360.8,519.4,2
37.71,48.9,405.9,168.7,0
92.26,118.12,352.9,416.5,2
47.12,76.36,406.4,181.9,0
68.6,33.82,427.0,93.8,0
32.64,77.35,405.2,230.2,0
37.8,36.26,421.5,97.7,0
43.8,26.03,403.4,87.8,0
51.74,38.94,425.4,152.2,0
106.99,121.98,358.5,588.0,2
36.13,22.35,418.9,62.2,0
64.79,41.86,397.2,125.7,0
67.0,21.71,395.1,48.5,0
53.57,40.68,429.2,147.1,0
43.34,17.17,396.9,67.6,0
79.63,82.23,374.8,352.8,1
59.81,78.41,403.1,260.4,0
40.56,36.78,404.9,90.5,0
33.81,27.29,428.7,91.4,0
39.77,27.4,399.8,58.3,0
51.69,68.9,415.2,267.0,0
90.91,125.03,367.8,504.2,2
40.77,62.07,397.1,150.8,0
101.54,139.0,356.3,628.9,2
32.6,26.77,411.4,79.8,0
34.65,64.03,404.6,206.0,0
53.28,35.16,406.2,81.6,0
34.29,39.79,399.8,134.5,0
68.65,32.55,425.2,104.4,0
72.96,98.03,388.3,419.2,1
39.31,37.68,400.3,124.2,0
55.02,43.21,426.5,171.1,0
89.66,133.33,358.6,558.5,2
48.96,60.44,401.3,190.7,0
32.88,26.23,398.8,74.9,0
42.92,62.29,404.8,132.5,0
60.39,35.4,418.4,134.0,0
46.78,41.77,427.6,147.8,0
54.23,42.7,415.0,148.0,0
52.47,58.06,410.6,123.1,0
34.2,75.75,419.8,178.2,0
47.42,45.2,412.1,171.8,0
27.52,51.51,411.0,148.6,0
74.34,102.9,395.0,364.6,1
39.34,17.66,400.6,60.6,0
58.44,45.94,400.3,146.0,0
38.61,74.66,408.2,218.5,0
40.29,32.64,408.4,99.3,0
49.77,60.07,425.5,179.8,0
37.82,43.87,422.9,145.6,0
68.11,36.9,402.1,145.2,0
99.64,117.4,369.2,527.3,2
65.69,44.13,402.0,99.3,0
33.78,78.47,396.0,208.8,0
44.7,28.87,417.7,101.7,0
67.72,28.8,408.0,101.5,0
43.44,46.47,420.1,183.3,0
110.64,122.15,365.6,594.7,2
33.34,21.53,427.6,74.1,0
63.45,40.8,418.8,121.5,0
47.77,30.91,404.9,75.6,0
67.98,48.46,399.7,163.9,0
51.79,73.79,406.4,203.7,0
94.83,124.9,367.8,485.5,2
30.67,33.89,413.7,113.7,0
55.44,53.75,428.5,126.1,0
54.78,21.35,419.6,49.2,0
97.28,119.58,363.4,387.3,2
52.47,16.17,418.0,51.3,0
55.4,62.89,405.3,243.5,0
87.94,139.32,358.3,499.2,2
82.09,94.29,389.7,392.2,1
26.85,79.39,408.5,216.3,0
72.25,83.11,381.5,355.4,1
73.44,109.78,392.9,444.0,1
43.33,40.72,410.9,144.5,0
77.39,94.13,387.2,351.4,1
72.73,94.9,375.2,299.4,1
93.48,120.85,369.3,555.9,2
53.25,51.63,408.5,143.9,0
52.82,36.81,427.8,114.8,0
30.41,31.12,402.4,86.8,0
63.25,29.76,426.2,89.0,0
35.69,67.67,412.5,226.7,0
60.74,45.92,407.3,126.3,0
26.77,70.44,428.6,242.5,0
50.55,41.59,403.0,158.1,0
31.93,65.08,400.1,152.5,0
110.58,125.93,368.2,424.2,2
50.95,46.97,429.3,178.6,0
65.25,26.6,427.2,77.7,0
55.67,69.65,397.0,259.8,0
50.03,67.15,419.8,171.6,0
69.21,52.56,396.3,198.8,0
63.36,18.54,415.9,48.6,0
57.05,63.46,395.7,226.2,0
31.35,67.91,417.1,139.0,0
27.5,49.23,424.6,173.0,0
50.07,21.52,412.2,67.2,0
34.1,75.64,417.7,239.0,0
37.22,25.01,399.1,86.2,0
76.37,104.82,390.9,400.5,1
33.34,57.98,399.3,176.0,0
34.53,28.68,427.3,95.2,0
106.97,126.63,366.0,460.8,2
45.74,58.57,424.9,215.2,0
65.1,48.33,425.2,189.9,0
31.31,46.94,422.5,156.8,0
92.78,116.06,359.0,425.8,2
49.96,40.91,416.6,135.3,0
63.43,20.75,415.7,81.9,0
37.53,63.65,417.5,186.1,0
68.35,32.72,412.1,113.4,0
44.35,37.04,399.2,79.8,0
42.65,74.79,429.5,240.5,0
50.23,40.87,414.3,130.2,0
58.64,43.63,404.7,163.0,0
66.29,29.41,418.9,62.8,0
65.93,66.94,415.2,150.2,0
74.11,83.03,384.0,325.8,1
47.37,58.78,414.8,151.0,0
39.42,71.68,415.3,193.2,0
42.47,60.79,428.3,189.4,0
38.15,77.37,407.3,235.9,0
80.43,85.81,388.1,309.5,1
111.66,129.32,355.6,409.9,2
33.57,65.95,416.8,214.3,0
90.4,123.82,362.6,503.6,2
82.81,101.33,379.6,389.7,1
61.76,43.76,414.1,108.4,0
67.65,56.44,428.7,131.5,0
79.22,93.35,374.5,270.0,1
28.7,35.13,419.2,128.9,0
77.43,93.06,384.2,349.5,1
73.71,87.2,387.7,233.7,1
48.8,26.42,422.2,65.2,0
78.26,109.48,373.8,309.5,1
71.99,81.98,370.5,367.2,1
61.37,62.67,400.4,171.9,0
79.6,98.47,391.0,419.7,1
53.89,38.99,411.4,79.7,0
60.66,23.4,399.6,56.9,0
47.64,36.41,399.5,86.9,0
40.83,78.95,406.1,203.9,0
63.45,72.15,418.9,236.1,0
84.15,94.12,384.8,257.5,1
42.82,17.09,423.4,62.8,0
50.44,72.16,426.6,171.2,0
46.47,21.17,417.5,45.7,0
84.07,87.01,392.9,311.8,1
51.23,64.22,413.5,168.5,0
49.54,27.47,422.7,57.3,0
57.95,37.11,407.6,126.0,0
44.53,36.95,407.3,118.8,0
36.46,65.24,396.2,229.8,0
113.61,138.4,364.2,459.9,2
78.08,82.88,374.8,246.3,1
55.2,59.73,429.1,175.2,0
93.36,123.5,358.9,600.1,2
74.5,102.84,375.3,356.4,1
56.89,24.4,427.8,93.5,0
67.51,21.86,429.0,79.4,0
67.82,54.05,409.4,166.4,0
69.66,72.85,410.8,189.9,0
28.37,52.76,412.7,145.9,0
90.85,124.78,358.6,420.5,2
104.74,135.67,356.7,507.8,2
41.3,62.86,412.1,204.1,0
80.46,92.98,380.6,365.7,1
71.54,105.23,391.2,326.2,1
38.65,31.3,419.5,114.0,0
70.46,102.48,390.9,456.5,1
43.19,69.31,412.2,238.2,0
109.46,128.31,368.6,587.7,2
51.84,27.9,406.0,56.9,0
41.8,69.55,401.8,222.2,0
75.12,87.58,387.8,324.3,1
99.16,111.31,358.4,418.6,2
35.52,17.86,415.1,58.3,0
56.79,15.67,419.5,43.5,0
62.64,52.8,397.9,158.5,0
112.38,126.68,366.8,492.3,2
39.08,52.79,407.9,173.3,0
43.73,60.43,423.4,123.5,0
86.56,119.26,367.2,413.3,2
47.85,59.21,408.6,157.5,0
32.21,27.88,411.3,104.3,0
71.01,82.53,377.1,289.4,1
36.35,25.28,407.5,80.7,0
71.56,106.51,371.3,418.9,1
29.82,26.26,396.8,70.8,0
30.91,31.36,427.3,96.5,0
29.39,68.86,396.9,235.6,0
52.16,58.39,395.9,226.5,0
29.38,18.39,406.8,70.3,0
42.49,30.05,407.0,108.0,0
85.6,135.02,353.3,540.4,2
32.48,24.77,416.3,84.2,0
65.93,72.46,405.0,272.1,0
39.92,64.44,398.9,230.9,0
73.13,104.56,389.9,280.8,1
25.68,59.28,414.1,134.8,0
45.25,19.18,418.7,74.1,0
44.6,77.15,401.4,183.2,0
78.22,91.31,377.1,351.7,1
77.25,80.99,383.1,207.5,1
89.41,134.74,352.0,631.8,2
83.48,97.26,385.5,285.1,1
43.3,49.37,427.0,129.1,0
58.42,77.92,420.2,196.5,0
31.9,35.38,421.4,117.2,0
60.57,30.41,413.0,113.4,0
110.82,112.3,366.7,477.4,2
47.78,51.43,401.8,143.4,0
27.62,69.36,415.8,183.3,0
91.34,117.51,366.2,435.0,2
89.5,128.81,355.9,622.1,2
64.01,78.38,424.3,234.6,0
66.64,65.2,424.7,204.1,0
25.54,45.98,399.3,118.2,0
114.68,112.66,366.2,447.4,2
80.48,87.65,382.5,276.7,1
80.46,106.41,370.6,407.1,1
41.35,54.91,415.1,136.4,0
88.93,129.8,369.2,571.4,2
45.02,25.57,419.8,82.2,0
37.86,69.38,405.9,141.3,0
67.78,47.06,399.3,141.2,0
67.1,16.14,422.7,36.9,0
59.24,26.6,407.6,84.0,0
39.61,61.84,420.3,206.3,0
89.36,116.36,365.0,516.5,2
48.35,71.35,406.0,281.4,0
72.98,86.42,392.2,347.8,1
34.17,46.71,419.2,136.8,0
84.43,87.08,392.8,310.5,1
29.76,43.52,417.8,90.8,0
47.14,57.57,408.5,173.0,0
64.89,29.29,412.7,106.3,0
35.59,62.37,424.6,136.7,0
25.49,78.09,416.4,270.7,0
53.04,34.82,422.5,129.1,0
43.73,53.78,412.2,174.3,0
113.13,121.89,365.5,380.6,2
52.69,79.09,406.9,260.8,0
97.51,127.8,358.2,481.2,2
42.23,63.38,424.1,228.2,0
26.65,52.92,424.6,162.8,0
81.79,103.82,381.2,327.3,1
39.4,20.45,395.3,53.1,0
62.72,61.4,407.0,233.9,0
109.05,130.98,350.2,552.0,2
48.23,69.14,400.1,154.9,0
93.84,124.02,357.8,449.0,2
68.69,76.41,427.7,240.9,0
27.34,61.06,403.0,181.8,0
37.69,64.4,424.5,165.8,0
64.64,30.31,427.3,62.7,0
36.54,36.49,399.8,104.8,0
88.6,127.27,357.2,539.3,2
32.55,21.75,412.6,78.2,0
111.31,138.65,360.4,490.0,2
47.62,43.76,419.7,95.8,0
72.84,96.34,371.6,345.9,1
37.1,20.56,418.4,76.1,0
40.89,76.85,424.9,198.2,0
53.63,17.22,406.0,52.2,0
80.82,81.91,371.2,275.1,1
60.18,33.51,420.3,79.6,0
25.8,59.58,396.0,119.6,0
48.07,70.02,408.5,185.0,0
99.57,133.07,367.6,485.8,2
45.66,58.67,411.9,226.5,0
67.63,52.79,427.4,149.8,0
27.76,33.82,428.0,104.8,0
39.45,79.86,398.1,159.9,0
62.24,69.89,414.9,164.0,0
54.8,55.54,411.8,211.4,0
26.4,48.56,396.5,159.5,0
34.53,55.58,405.1,136.7,0
94.99,120.77,356.9,478.8,2
62.57,54.85,427.6,184.1,0
36.6,68.4,419.7,188.4,0
90.13,134.8,367.2,552.1,2
46.24,30.04,418.9,103.6,0
37.21,48.81,428.8,143.6,0
80.03,99.26,393.0,287.5,1
30.29,65.96,408.4,207.6,0
46.09,30.03,399.3,88.4,0
71.83,86.81,373.0,279.0,1
67.38,18.79,407.1,67.1,0
74.8,106.44,378.8,464.0,1
56.55,51.75,419.0,154.0,0
69.4,42.46,417.8,169.6,0
29.81,62.48,405.1,130.9,0
61.04,61.96,403.3,157.2,0
44.24,61.35,418.6,141.8,0
75.34,103.49,382.2,344.9,1
65.88,46.8,422.1,145.8,0
34.8,61.1,412.8,169.0,0
38.12,63.8,412.1,234.3,0
31.84,19.82,398.1,46.9,0
84.7,99.08,380.7,283.1,1
70.19,81.24,387.1,322.2,1
61.48,57.88,424.6,163.1,0
41.02,38.4,398.9,81.9,0
34.42,37.44,422.9,107.6,0
31.25,27.48,420.7,88.1,0
74.01,102.82,378.3,272.3,1
55.32,48.1,417.7,178.5,0
91.13,127.29,360.5,467.1,2
60.09,76.57,414.8,166.4,0
58.16,33.65,425.7,103.8,0
44.81,65.8,403.3,215.0,0
49.59,32.51,427.5,80.4,0
76.85,92.57,374.9,347.5,1
33.43,30.7,404.1,85.7,0
60.43,70.77,408.0,159.8,0
67.05,16.5,400.2,50.7,0
28.61,18.32,417.9,42.5,0
34.18,46.89,395.2,150.9,0
52.16,63.28,424.8,177.4,0
42.68,66.92,425.8,177.6,0
93.29,110.03,362.6,521.0,2
50.72,63.82,400.5,169.5,0
53.36,72.77,412.7,230.7,0
55.18,27.13,404.8,61.4,0
50.47,59.76,413.7,151.1,0
69.48,76.44,428.3,238.0,0
99.97,132.86,363.5,497.3,2
57.86,55.41,403.4,132.2,0
46.38,78.05,416.4,219.0,0
31.27,68.42,399.4,234.9,0
60.67,66.02,413.9,172.7,0
55.48,69.24,427.9,158.5,0
90.23,125.05,361.9,619.2,2
97.04,118.01,366.4,418.7,2
71.7,108.93,379.1,475.3,1
67.72,41.24,409.7,148.8,0
66.85,33.99,401.2,72.0,0
59.44,70.98,425.4,247.3,0
105.45,115.76,354.9,513.8,2
74.8,109.71,392.6,389.4,1
36.91,47.71,395.2,99.7,0
70.48,104.06,381.5,360.8,1
89.38,131.89,358.3,629.7,2
58.24,60.91,420.1,123.6,0
59.96,43.63,428.3,120.9,0
65.82,16.02,396.6,37.1,0
51.61,31.48,410.6,69.1,0
89.93,119.41,354.3,500.6,2
34.52,43.49,421.5,107.6,0
46.7,75.11,401.2,158.1,0
72.66,97.27,372.4,304.6,1
30.99,23.67,414.9,51.8,0
76.49,109.53,376.5,465.5,1
41.06,59.1,410.0,158.8,0
45.05,40.94,409.6,119.2,0
26.43,55.8,424.8,140.4,0
58.33,20.15,402.3,68.5,0
44.91,66.71,422.5,235.0,0
55.56,28.01,416.5,57.5,0
37.31,72.21,396.9,148.3,0
87.23,131.08,356.7,406.4,2
38.38,39.96,397.9,91.0,0
51.59,69.76,403.6,175.4,0
55.72,41.43,404.5,160.0,0
40.45,58.57,429.4,189.6,0
48.05,76.38,427.4,299.0,0
44.89,21.6,427.1,73.9,0
101.65,119.75,350.8,444.0,2
66.87,28.9,411.8,105.6,0
71.05,109.06,381.8,314.2,1
62.19,41.29,422.6,126.2,0
29.47,35.58,428.1,132.6,0
39.89,68.14,421.4,139.4,0
29.58,46.8,408.9,121.9,0
33.7,18.29,405.0,47.2,0
80.93,81.4,376.8,300.9,1
27.55,21.57,406.1,44.3,0
80.11,84.36,375.7,278.2,1
81.24,82.85,375.8,261.1,1
36.14,32.47,420.0,93.2,0
74.14,100.37,370.5,341.6,1
37.92,27.66,422.5,85.0,0
68.63,72.09,417.9,221.7,0
37.42,32.8,408.3,89.8,0
70.07,96.34,373.4,302.2,1
62.11,73.59,419.4,284.8,0
103.64,138.59,360.0,450.5,2
79.67,87.56,382.9,226.5,1
41.59,25.52,395.7,60.3,0
87.34,121.15,351.0,420.7,2
62.24,48.58,405.6,173.3,0
60.49,34.72,404.1,95.0,0
64.14,54.24,426.4,172.1,0
76.41,89.01,374.8,222.7,1
36.18,30.61,411.0,76.1,0
72.54,92.21,380.2,349.4,1
62.23,33.26,404.8,86.5,0
56.45,65.5,403.5,222.0,0
32.25,74.69,416.1,151.7,0
32.57,70.66,421.5,243.7,0
55.9,39.17,417.3,85.6,0
68.51,44.34,412.8,104.4,0
113.73,123.79,354.6,394.7,2
46.14,39.2,429.6,90.9,0
99.33,129.77,363.5,547.3,2
30.04,63.71,401.5,137.8,0
25.41,38.69,413.3,130.4,0
95.8,118.86,361.7,492.0,2
54.23,61.55,398.8,222.0,0
79.6,96.62,380.9,381.3,1
51.75,72.53,402.2,158.2,0
28.76,75.95,405.4,259.9,0
63.13,61.35,401.0,229.0,0
101.81,121.75,353.2,512.5,2
74.18,104.68,392.1,309.7,1
79.54,91.62,384.4,298.2,1
68.64,53.68,411.3,208.1,0
36.45,42.17,405.2,105.4,0
82.53,84.12,376.2,315.9,1
70.81,88.88,381.1,257.4,1
39.19,78.25,409.5,248.1,0
28.04,28.57,425.2,93.2,0
70.21,88.76,386.2,267.9,1
65.16,59.68,427.3,174.5,0
53.85,48.68,425.1,99.5,0
43.49,41.04,408.6,117.7,0
80.84,94.12,370.1,283.9,1
74.2,87.71,385.6,274.2,1
27.27,65.47,405.0,177.4,0
28.9,54.36,396.9,129.6,0
32.57,54.56,416.8,204.6,0
71.07,98.31,380.4,253.6,1
25.88,16.19,429.2,36.7,0
73.59,86.77,374.7,249.7,1
55.24,28.39,407.5,104.0,0
49.96,24.42,422.3,59.2,0
36.59,56.79,426.0,208.0,0
103.49,116.57,357.9,356.8,2
68.76,41.28,410.0,163.3,0
31.72,17.81,401.0,39.2,0
60.85,36.64,418.7,107.5,0
72.65,94.02,394.3,268.6,1
27.4,79.6,409.8,206.6,0
61.08,19.32,406.3,53.2,0
90.53,114.15,351.3,569.0,2
75.68,102.48,376.0,433.6,1
35.39,74.92,422.5,165.8,0
111.35,114.24,360.7,414.3,2
60.13,45.73,403.7,143.9,0
63.59,34.54,416.0,106.9,0
41.48,27.28,409.1,94.4,0
58.21,30.01,397.4,114.6,0
69.8,51.04,427.0,192.2,0
42.78,75.18,411.9,259.5,0
85.04,118.04,365.8,444.6,2
40.21,18.48,417.3,63.3,0
114.83,137.74,358.1,682.7,2
76.8,108.63,391.8,414.4,1
73.02,108.95,370.7,440.3,1
83.82,82.48,392.3,321.8,1
38.42,32.63,398.2,84.0,0
99.48,119.03,355.0,413.2,2
48.99,15.71,406.1,38.6,0
54.45,34.18,403.4,118.0,0
63.62,23.89,409.0,95.5,0
59.89,39.41,396.8,126.2,0
112.14,139.54,359.5,673.8,2
41.54,48.73,405.0,170.3,0
89.12,114.96,361.4,410.2,2
71.75,94.02,378.4,299.9,1
73.05,86.77,387.4,380.7,1
34.45,66.37,421.2,214.1,0
38.85,55.98,401.6,175.7,0
99.28,122.55,353.5,542.7,2
48.47,51.87,423.1,184.1,0
32.69,54.97,420.1,182.6,0
57.8,35.15,425.6,102.9,0
48.83,47.63,405.4,123.9,0
61.1,47.34,406.4,128.0,0
46.11,29.08,409.3,100.4,0
78.06,99.86,383.2,249.7,1
105.12,115.49,367.8,356.8,2
76.14,97.19,387.5,272.4,1
56.37,27.45,428.2,59.7,0
67.51,59.4,403.6,147.8,0
57.99,48.61,424.5,162.8,0
70.09,109.56,377.8,366.0,1
107.73,134.31,354.4,500.8,2
66.1,37.6,421.4,117.4,0
27.34,47.78,396.9,102.1,0
64.06,36.05,406.4,92.2,0
59.18,37.29,402.3,132.4,0
49.06,28.21,430.0,67.1,0
38.65,77.82,403.2,177.3,0
70.05,89.61,383.3,372.8,1
46.36,36.54,397.3,142.6,0
88.56,127.82,363.3,637.9,2
64.15,29.94,415.7,96.3,0
47.42,40.3,403.8,90.2,0
80.49,85.75,378.7,258.2,1
48.36,42.59,428.6,121.1,0
67.31,27.81,425.7,59.1,0
47.64,24.39,418.3,85.5,0
66.61,44.5,396.1,120.9,0
35.69,55.59,398.2,203.1,0
58.69,27.75,401.7,74.7,0
26.77,65.4,400.3,260.8,0
110.99,137.72,362.3,598.2,2
90.06,128.81,350.5,489.1,2
50.46,58.69,422.3,195.7,0
85.46,135.66,356.8,524.2,2
30.65,61.52,400.2,238.8,0
75.37,99.62,391.7,360.3,1
59.25,35.78,401.3,133.7,0
95.11,111.36,356.6,392.1,2
26.19,29.37,400.6,71.4,0
84.08,82.4,375.5,253.7,1
73.58,103.28,372.2,345.6,1
45.27,41.3,425.4,121.0,0
28.5,49.96,428.0,169.6,0
62.3,60.77,410.0,171.6,0
32.73,32.06,397.5,113.3,0
109.1,131.77,364.5,398.8,2
69.86,47.11,429.6,157.1,0
52.11,21.21,399.8,69.3,0
61.11,22.43,421.5,53.0,0
29.84,31.27,395.6,65.1,0
46.97,18.47,429.6,60.8,0
36.55,57.85,421.0,214.3,0
96.46,125.15,350.5,516.3,2
79.66,107.07,386.3,438.6,1
27.7,40.48,410.8,142.2,0
67.16,46.52,398.9,118.8,0
56.09,39.07,408.7,109.0,0
25.25,55.51,407.2,115.7,0
71.33,101.64,390.5,412.8,1
75.3,83.73,375.7,271.8,1
31.84,45.92,425.9,98.8,0
83.58,81.72,378.3,319.9,1
79.38,82.77,391.0,247.6,1
77.19,87.9,385.2,223.5,1
42.76,39.04,420.5,129.3,0
27.31,70.6,401.7,244.1,0
39.13,43.11,410.5,95.5,0
103.9,112.37,369.9,430.2,2
29.46,32.71,396.3,116.2,0
85.48,132.0,368.6,510.2,2
66.89,24.2,411.7,76.9,0
26.75,51.44,396.2,202.9,0
60.5,41.61,411.9,147.0,0
51.2,71.98,402.2,155.2,0
77.63,92.73,385.0,336.4,1
80.95,82.94,384.9,368.6,1
47.4,23.99,424.3,52.1,0
48.55,39.17,398.7,141.2,0
66.38,15.97,399.6,50.7,0
103.46,133.2,358.2,564.8,2
60.62,27.76,428.3,99.4,0
54.22,42.11,406.7,112.2,0
48.59,44.87,403.8,91.9,0
38.94,76.54,418.1,210.9,0
78.47,84.39,391.5,302.2,1
50.37,21.91,409.3,76.7,0
70.88,86.25,373.7,279.7,1
28.53,75.68,395.5,185.1,0
37.13,17.36,409.9,45.7,0
64.36,17.6,400.2,63.8,0
56.59,45.06,400.2,102.1,0
34.91,39.28,396.0,108.1,0
52.47,75.0,415.9,161.1,0
73.66,101.21,370.6,335.6,1
112.19,133.49,366.8,443.5,2
63.54,46.97,424.0,176.2,0
51.88,35.6,423.1,125.1,0
66.05,55.25,410.4,155.2,0
41.96,37.6,416.6,112.9,0
50.1,33.0,414.6,74.9,0
79.59,106.71,386.7,390.3,1
79.5,90.07,379.1,370.3,1
27.53,53.67,403.6,167.2,0
44.25,31.25,413.3,82.9,0
75.0,88.5,388.4,282.8,1
