transformer_id,transformer_code,substation_code,substation_name,feeder_code,feeder_name,rated_kva,age_years,is_metered,current_load_pct,current_oil_temp_c,current_health_score,current_failure_risk,current_status,longitude,latitude,num_consumers,manufacturer,cooling_type,installation_date,is_flood_prone,is_high_lightning,address_text,district,operational_status
65310890-c3a8-463a-b365-b4626c24c45b,100770,SS_161,Dibrugarh Substation 161,FD_UNKNOWN,Unknown Feeder,100.0,25,False,63.9744501159724,33.8270343576713,76,0.2394,healthy,95.0457564,27.386318,127,ABB,ONAN,2001-02-17,False,True,"Ward No. 13, Substation 161, Dibrugarh",Dibrugarh,IN_SERVICE
653bed5a-be82-4fd8-8e51-d761a27097e0,100460,SS_123,Hojai Substation 123,FD_UNKNOWN,Unknown Feeder,100.0,21,True,65.3754779871293,33.6925897661415,77,0.2298,healthy,93.4301196,25.8319306,143,BHEL,ONAN,2005-03-15,False,False,"Ward No. 2, Substation 123, Hojai",Hojai,IN_SERVICE
657fd7a2-c26e-4032-b690-fdcd232805f6,100484,SS_124,Nagaon Substation 124,FD_UNKNOWN,Unknown Feeder,100.0,14,False,67.8371497402633,33.0033505547017,76,0.2386,healthy,92.689441,26.344804,58,ABB,ONAF,2012-06-14,False,False,"Ward No. 12, Substation 124, Nagaon",Nagaon,IN_SERVICE
6717cc67-9c4f-484a-a40a-01199171ba1e,100528,SS_133,Cachar Substation 133,FD_UNKNOWN,Unknown Feeder,200.0,10,False,63.6805574832958,33.4263833203203,76,0.234,healthy,92.5950633,24.5662035,129,ABB,ONAN,2016-08-09,False,True,"Ward No. 6, Substation 133, Cachar",Cachar,IN_SERVICE
6a01b0b6-64b0-46b3-ad99-917314515fdf,100032,SS_101,Kamrup Metro Substation 101,FD_UNKNOWN,Unknown Feeder,25.0,9,False,63.8139820200158,33.6947513324829,71,0.2863,healthy,91.7257577,26.1713767,25,Siemens,ONAN,2017-02-24,False,True,"Ward No. 14, Substation 101, Kamrup Metro",Kamrup Metro,IN_SERVICE
6a410413-b904-4c69-a5fe-fafeb9825f87,378,SS_133,Cachar Substation 133,FD_UNKNOWN,Unknown Feeder,63.0,9,True,66.9062153852966,32.4105195910662,71,0.2897,healthy,92.6652852,24.9159429,130,BHEL,ONAN,2017-02-19,True,False,"Ward No. 12, Substation 133, Unknown",Unknown,IN_SERVICE
6aaaefdd-adbb-4f8f-83b5-b75b1458716b,100825,SS_162,Tinsukia Substation 162,FD_UNKNOWN,Unknown Feeder,63.0,14,True,66.5028726681638,33.578491864805,73,0.2663,healthy,95.0527014,27.4861949,70,Crompton,ONAF,2012-07-05,False,False,"Ward No. 4, Substation 162, Tinsukia",Tinsukia,IN_SERVICE
6aacc9f8-c10d-400f-98d4-08b5de72f858,100576,SS_134,Cachar Substation 134,FD_UNKNOWN,Unknown Feeder,200.0,11,False,69.0115431727344,33.8340646848711,74,0.2593,healthy,92.7926716,24.7919417,96,ABB,ONAN,2015-07-14,False,False,"Ward No. 11, Substation 134, Cachar",Cachar,IN_SERVICE
5e1c5065-1a00-49bc-b6d0-d662a836e7d1,100162,SS_103,Kamrup Metro Substation 103,FD_UNKNOWN,Unknown Feeder,25.0,10,True,69.4367345026804,33.0038672201161,66,0.3322,healthy,91.777406,26.1732343,77,BHEL,ONAF,2016-09-01,True,False,"Ward No. 14, Substation 103, Kamrup Metro",Kamrup Metro,IN_SERVICE
5f64782a-205f-449d-8a17-6aaaf34a2771,100703,SS_151,Jorhat Substation 151,FD_UNKNOWN,Unknown Feeder,63.0,26,False,64.0972754435878,32.8148667485205,74,0.2502,healthy,94.0503797,26.5296204,87,ABB,ONAN,2000-07-18,False,False,"Ward No. 9, Substation 151, Jorhat",Jorhat,IN_SERVICE
5f6ec021-10dc-42d6-bb9a-298b35ab7db0,101300,SS_243,Barpeta Substation 243,FD_UNKNOWN,Unknown Feeder,315.0,7,False,66.3654922178161,33.2659617702853,74,0.256,healthy,91.1744098,26.6362219,91,Crompton,ONAN,2019-11-07,False,False,"Ward No. 10, Substation 243, Barpeta",Barpeta,IN_SERVICE
602fd79a-5f3c-4155-8243-9d91a165187f,100974,SS_182,Sonitpur Substation 182,FD_UNKNOWN,Unknown Feeder,200.0,10,False,65.8588390196716,33.4642285231797,74,0.2527,healthy,92.4999379,26.7061475,31,BHEL,ONAN,2016-02-20,False,False,"Ward No. 8, Substation 182, Sonitpur",Sonitpur,IN_SERVICE
65d02da5-a48f-4c7a-b231-19552579a30b,100252,SS_104,Kamrup Metro Substation 104,FD_UNKNOWN,Unknown Feeder,250.0,12,False,66.8575683924364,32.6361689619149,73,0.2628,healthy,91.694464,26.1509561,53,Siemens,ONAN,2014-04-15,False,False,"Ward No. 7, Substation 104, Kamrup Metro",Kamrup Metro,IN_SERVICE
6634e866-1202-4f2f-8fce-90e5623a7e13,615,SS_133,Cachar Substation 133,FD_UNKNOWN,Unknown Feeder,25.0,16,False,122.600680873411,90.3582378822509,23,0.7637,warning,92.577825,24.9051417,99,Crompton,ONAF,2010-10-27,False,False,"Ward No. 12, Substation 133, Unknown",Unknown,IN_SERVICE
66794c01-ac67-44df-b178-f0b4f038ab2e,347,SS_133,Cachar Substation 133,FD_UNKNOWN,Unknown Feeder,25.0,10,True,63.9822116579432,33.1810080641415,68,0.3153,healthy,92.6890964,24.8802459,33,BHEL,ONAF,2016-04-27,False,False,"Ward No. 2, Substation 133, Unknown",Unknown,IN_SERVICE
66f48d07-ad23-4198-9499-e681336ec0dc,100180,SS_103,Kamrup Metro Substation 103,FD_UNKNOWN,Unknown Feeder,250.0,13,False,68.1347999300163,33.0855074404804,72,0.2719,healthy,91.7618154,26.1713757,54,BHEL,ONAN,2013-03-02,False,False,"Ward No. 6, Substation 103, Kamrup Metro",Kamrup Metro,IN_SERVICE
67894037-0716-44eb-86a8-0e8166a643e1,101012,SS_191,Goalpara Substation 191,FD_UNKNOWN,Unknown Feeder,100.0,12,False,65.5252436396548,32.9296788382035,75,0.2489,healthy,90.764245,26.374117,88,ABB,ONAN,2014-03-22,True,False,"Ward No. 14, Substation 191, Goalpara",Goalpara,IN_SERVICE
67e913b0-7968-436f-b863-b5cf9d70e9a2,101158,SS_203,Golaghat Substation 203,FD_UNKNOWN,Unknown Feeder,500.0,17,False,65.728661585227,33.488190445471,69,0.3001,healthy,93.5755911,26.6410913,116,BHEL,ONAF,2009-09-14,False,False,"Ward No. 7, Substation 203, Golaghat",Golaghat,IN_SERVICE
6835f929-40fd-420d-b55e-d91f5e7548ba,646,SS_133,Cachar Substation 133,FD_UNKNOWN,Unknown Feeder,100.0,12,True,67.7025963836475,33.2161433004594,74,0.2542,healthy,92.5033848,24.88314,65,Siemens,ONAF,2014-06-11,False,False,"Ward No. 5, Substation 133, Unknown",Unknown,IN_SERVICE
2204d317-2172-4177-916b-2192b01922f4,2092,SS_133,Cachar Substation 133,FD_UNKNOWN,Unknown Feeder,16.0,21,False,118.11145859682,91.4441709965225,22,0.7734,warning,92.4854721,24.9554018,75,BHEL,ONAF,2005-11-21,False,False,"Ward No. 13, Substation 133, Unknown",Unknown,IN_SERVICE
221d0426-3d35-45bd-81a9-d91b60e922f1,100992,SS_183,Biswanath Substation 183,FD_UNKNOWN,Unknown Feeder,200.0,21,True,121.706215139182,91.9145816339932,26,0.7312,warning,92.991403,26.734572,24,Siemens,ONAF,2005-03-18,False,False,"Ward No. 6, Substation 183, Biswanath",Biswanath,IN_SERVICE
2658a74e-1b63-41e4-a37b-7ff48618d519,100909,SS_172,Dhemaji Substation 172,FD_UNKNOWN,Unknown Feeder,250.0,8,False,66.9377147845045,33.4017007997779,73,0.2689,healthy,94.9235326,27.4896615,119,ABB,ONAF,2018-10-11,False,False,"Ward No. 11, Substation 172, Dhemaji",Dhemaji,IN_SERVICE
522740ab-62bd-47ea-b942-1ef7fd73d67c,100222,SS_104,Kamrup Metro Substation 104,FD_UNKNOWN,Unknown Feeder,63.0,10,False,66.9983187486241,32.9426383442917,70,0.2944,healthy,91.7618154,26.1713757,127,Crompton,ONAF,2016-01-08,False,False,"Ward No. 12, Substation 104, Kamrup Metro",Kamrup Metro,IN_SERVICE
53e98354-be99-47a2-a256-33d97e2de6bb,619,SS_133,Cachar Substation 133,FD_UNKNOWN,Unknown Feeder,16.0,14,True,66.6832649866738,33.670710999702,68,0.3181,healthy,92.5776933,24.90034,84,Siemens,ONAN,2012-10-18,True,False,"Ward No. 4, Substation 133, Unknown",Unknown,IN_SERVICE
53fb1aa8-a364-4e14-aaa6-90d60857bbe2,100082,SS_102,Kamrup Metro Substation 102,FD_UNKNOWN,Unknown Feeder,200.0,18,True,69.4820945040568,33.4193499903124,71,0.2895,healthy,91.6817067,26.1581231,36,Voltamp,ONAN,2008-01-12,False,False,"Ward No. 2, Substation 102, Kamrup Metro",Kamrup Metro,IN_SERVICE
575ef2e3-1167-4c12-a0a6-66e6757c7afb,101200,SS_212,Morigaon Substation 212,FD_UNKNOWN,Unknown Feeder,25.0,9,True,123.010010103412,93.4190873342198,22,0.7769,warning,92.3746357,26.2164285,113,ABB,ONAN,2017-05-20,False,False,"Ward No. 8, Substation 212, Morigaon",Morigaon,IN_SERVICE
582efbf2-2647-47b1-8214-42452c9002fa,2218,SS_133,Cachar Substation 133,FD_UNKNOWN,Unknown Feeder,25.0,6,True,69.5725746804286,34.5294909320968,67,0.3214,healthy,92.7104117,24.909175,101,Voltamp,ONAN,2020-02-25,False,False,"Ward No. 2, Substation 133, Unknown",Unknown,IN_SERVICE
5a41df91-22dd-444d-be13-ee3f3fa4df92,100527,SS_133,Cachar Substation 133,FD_UNKNOWN,Unknown Feeder,200.0,12,True,65.3840667867218,33.6611586828393,73,0.2678,healthy,92.481215,24.8542028,69,ABB,ONAN,2014-09-17,False,False,"Ward No. 2, Substation 133, Cachar",Cachar,IN_SERVICE
5f82cd12-1f6c-4045-ab33-3faf79bfd3bf,100405,SS_121,Nagaon Substation 121,FD_UNKNOWN,Unknown Feeder,315.0,11,True,64.8700467470259,33.9723027014438,75,0.2469,healthy,92.7965838,26.6277119,50,Voltamp,ONAN,2015-06-12,False,False,"Ward No. 5, Substation 121, Nagaon",Nagaon,IN_SERVICE
69a56637-c8b1-40a8-b75c-b955542e7a9b,101152,SS_202,Golaghat Substation 202,FD_UNKNOWN,Unknown Feeder,315.0,21,False,69.4292785675778,34.2327658679734,74,0.2546,healthy,94.1409029,26.7274553,118,Siemens,ONAN,2005-09-23,False,False,"Ward No. 7, Substation 202, Golaghat",Golaghat,IN_SERVICE
6c69f9a2-42d9-45dc-a1f5-f5940c920e5d,100807,SS_162,Tinsukia Substation 162,FD_UNKNOWN,Unknown Feeder,100.0,21,True,67.3702620856077,33.7110445125486,73,0.2648,healthy,95.4363629,27.4872203,145,Voltamp,ONAN,2005-01-21,False,False,"Ward No. 9, Substation 162, Tinsukia",Tinsukia,IN_SERVICE
6cfa11ac-c673-4467-a2e3-a56e8bb63486,101257,SS_241,Nalbari Substation 241,FD_UNKNOWN,Unknown Feeder,200.0,35,True,62.780733166352,33.4763437156759,74,0.2566,healthy,91.4430654,26.4385256,74,Crompton,ONAN,1991-08-13,False,False,"Ward No. 12, Substation 241, Nalbari",Nalbari,IN_SERVICE
6d5bde17-27cd-4171-a9b1-051d11feeca3,100554,SS_134,Cachar Substation 134,FD_UNKNOWN,Unknown Feeder,63.0,10,True,67.8709088358879,33.2889880335093,72,0.2719,healthy,92.432166,24.822849,127,Voltamp,ONAN,2016-09-07,False,False,"Ward No. 13, Substation 134, Cachar",Cachar,IN_SERVICE
6daf5f6a-91d9-4a98-99b1-3580881d1789,100214,SS_103,Kamrup Metro Substation 103,FD_UNKNOWN,Unknown Feeder,200.0,18,False,120.331582161839,94.0991190169511,26,0.738,warning,91.7470568,26.1653519,26,ABB,ONAN,2008-05-03,False,False,"Ward No. 13, Substation 103, Kamrup Metro",Kamrup Metro,IN_SERVICE
8af8feb0-4188-4675-9fdd-c596043e83a1,100354,SS_111,Kamrup Substation 111,FD_UNKNOWN,Unknown Feeder,200.0,18,True,65.2955525398313,34.2375625138309,75,0.244,healthy,91.4430654,26.4385256,27,Voltamp,ONAF,2008-08-19,False,True,"Ward No. 11, Substation 111, Kamrup",Kamrup,IN_SERVICE
8b332f7a-6147-462d-9a66-04afccd0766f,101209,SS_212,Morigaon Substation 212,FD_UNKNOWN,Unknown Feeder,500.0,11,False,69.9121038845755,33.7687014498979,67,0.3279,healthy,92.1944842,26.1191121,54,Voltamp,ONAN,2015-07-10,False,False,"Ward No. 12, Substation 212, Morigaon",Morigaon,IN_SERVICE
8bbe1721-62fb-46e4-8ace-02f147ce0e6e,44,SS_133,Cachar Substation 133,FD_UNKNOWN,Unknown Feeder,63.0,23,False,67.4781584938896,34.1311390831071,71,0.2813,healthy,92.4990678,24.9536851,148,BHEL,ONAN,2003-05-07,False,False,"Ward No. 14, Substation 133, Unknown",Unknown,IN_SERVICE
8c95cca2-5690-4a97-ab61-ccdd9877b221,100360,SS_112,Kamrup Substation 112,FD_UNKNOWN,Unknown Feeder,200.0,33,True,65.4083877190251,33.4070593053948,75,0.2434,healthy,91.0542472,25.9629778,146,Siemens,ONAN,1993-10-20,False,True,"Ward No. 12, Substation 112, Kamrup",Kamrup,IN_SERVICE
8da69ad1-3750-46b4-8de1-bedacaa66a42,100123,SS_102,Kamrup Metro Substation 102,FD_UNKNOWN,Unknown Feeder,200.0,9,False,67.0874492572497,33.7994508300022,75,0.2486,healthy,91.7470568,26.1653519,98,Siemens,ONAN,2017-03-06,False,False,"Ward No. 8, Substation 102, Kamrup Metro",Kamrup Metro,IN_SERVICE
8e3e09e6-23a0-4099-b8e0-258d03b22d8e,100997,SS_183,Biswanath Substation 183,FD_UNKNOWN,Unknown Feeder,315.0,17,False,66.2270097806713,34.3677571535459,73,0.2641,healthy,93.2594534,26.578865,99,Crompton,ONAN,2009-06-18,True,False,"Ward No. 1, Substation 183, Biswanath",Biswanath,IN_SERVICE
8e4bcf9f-c0e7-4bca-90e0-3a5c89b58b67,100078,SS_101,Kamrup Metro Substation 101,FD_UNKNOWN,Unknown Feeder,250.0,32,False,69.6751672145349,33.9078948882462,72,0.271,healthy,91.763125,26.1702036,38,Siemens,ONAN,1994-04-18,False,False,"Ward No. 2, Substation 101, Kamrup Metro",Kamrup Metro,IN_SERVICE
8eae43e3-5524-4ec8-b336-e72f9f3e099b,100093,SS_102,Kamrup Metro Substation 102,FD_UNKNOWN,Unknown Feeder,500.0,19,True,64.4918153033978,34.3694975607313,74,0.2526,healthy,91.7990456,26.1127337,96,ABB,ONAN,2007-01-04,True,False,"Ward No. 4, Substation 102, Kamrup Metro",Kamrup Metro,IN_SERVICE
9035f7b0-b7a9-4fe5-a3df-9bfcdb055bab,100795,SS_162,Tinsukia Substation 162,FD_UNKNOWN,Unknown Feeder,100.0,7,False,67.0689341042959,33.0867303511612,75,0.2413,healthy,95.3587625,27.4991191,91,ABB,ONAF,2019-10-02,False,False,"Ward No. 5, Substation 162, Tinsukia",Tinsukia,IN_SERVICE
90bc0397-63c7-4780-ac0a-6de4e3a13752,100571,SS_134,Cachar Substation 134,FD_UNKNOWN,Unknown Feeder,500.0,12,False,64.5546723782828,33.6323861987342,70,0.2935,healthy,92.334474,24.8017729,32,Voltamp,ONAF,2014-04-06,True,False,"Ward No. 4, Substation 134, Cachar",Cachar,IN_SERVICE
90cc93b0-9dc9-43c8-9ddb-a83fffdff842,101098,SS_194,Dhubri Substation 194,FD_UNKNOWN,Unknown Feeder,25.0,35,False,68.5606737601774,34.9258490270004,69,0.3081,healthy,90.0822036,26.4097059,54,ABB,ONAN,1991-06-21,True,False,"Ward No. 13, Substation 194, Dhubri",Dhubri,IN_SERVICE
90fcdfca-585e-4364-9838-42e20a79b512,134,SS_133,Cachar Substation 133,FD_UNKNOWN,Unknown Feeder,100.0,6,False,66.1628758708604,33.791384751464,76,0.2399,healthy,92.5473926,24.9739033,30,Voltamp,ONAN,2020-04-22,True,False,"Ward No. 12, Substation 133, Unknown",Unknown,IN_SERVICE
91819357-db6a-4baf-9f05-565f0b0e65bb,100537,SS_133,Cachar Substation 133,FD_UNKNOWN,Unknown Feeder,63.0,12,True,64.3610268990348,34.1065849647792,74,0.2598,healthy,93.0128173,25.1672497,138,BHEL,ONAN,2014-11-12,False,False,"Ward No. 10, Substation 133, Cachar",Cachar,IN_SERVICE
91c29be3-f5f4-4307-855c-a3c3b916e1e8,101028,SS_192,Bongaigaon Substation 192,FD_UNKNOWN,Unknown Feeder,500.0,5,False,64.9340765183289,33.6730242234669,73,0.2647,healthy,90.5515413,26.4929099,116,Voltamp,ONAN,2021-08-07,False,False,"Ward No. 11, Substation 192, Bongaigaon",Bongaigaon,IN_SERVICE
91c9b7a1-e68b-400e-ae7f-c2cb7b432baa,101166,SS_203,Golaghat Substation 203,FD_UNKNOWN,Unknown Feeder,100.0,12,False,69.4249365779744,33.9721625817781,74,0.2523,healthy,93.3577162,26.6343815,32,Voltamp,ONAN,2014-02-27,False,False,"Ward No. 14, Substation 203, Golaghat",Golaghat,IN_SERVICE
9229501c-5391-4f8d-8ddc-ea8729b73c01,101094,SS_194,Dhubri Substation 194,FD_UNKNOWN,Unknown Feeder,200.0,17,True,67.1521052217226,33.6180673372888,74,0.2531,healthy,90.1292697,26.3840972,62,Crompton,ONAN,2009-07-04,False,False,"Ward No. 11, Substation 194, Dhubri",Dhubri,IN_SERVICE
9d9aae83-b9ea-4fce-b48c-46e77fd374a6,100614,SS_136,Cachar Substation 136,FD_UNKNOWN,Unknown Feeder,100.0,13,False,69.612014855854,33.1154719572897,73,0.2691,healthy,93.0637604,24.8821819,74,Crompton,ONAF,2013-03-15,False,False,"Ward No. 6, Substation 136, Cachar",Cachar,IN_SERVICE
9ec37d31-dc7d-450a-8097-851238b1159b,204,SS_133,Cachar Substation 133,FD_UNKNOWN,Unknown Feeder,63.0,11,False,66.8489193621442,33.4959330439833,70,0.2926,healthy,92.5660439,24.9812422,74,ABB,ONAN,2015-08-01,False,False,"Ward No. 8, Substation 133, Unknown",Unknown,IN_SERVICE
a11aac07-b986-49d0-a569-4cb2eb0b5ce8,101252,SS_231,Dima Hasao Substation 231,FD_UNKNOWN,Unknown Feeder,100.0,18,False,65.9592844323244,34.2541449526896,74,0.254,healthy,93.1139052,25.1776702,76,Voltamp,ONAF,2008-03-12,True,False,"Ward No. 6, Substation 231, Dima Hasao",Dima Hasao,IN_SERVICE
a154d86e-4512-40a4-bee5-2ecda82d70ae,100418,SS_121,Nagaon Substation 121,FD_UNKNOWN,Unknown Feeder,250.0,5,True,67.9150508226774,34.1464263638782,73,0.2696,healthy,92.7961644,26.6514037,36,BHEL,ONAN,2021-01-25,False,False,"Ward No. 4, Substation 121, Nagaon",Nagaon,IN_SERVICE
a299873c-b30c-4036-9d9b-de5c634992c0,100777,SS_161,Dibrugarh Substation 161,FD_UNKNOWN,Unknown Feeder,100.0,41,True,68.1860075631683,33.8507525523183,77,0.2282,healthy,94.7045209,27.6596218,80,Voltamp,ONAN,1985-09-22,False,True,"Ward No. 13, Substation 161, Dibrugarh",Dibrugarh,IN_SERVICE
a4ef4e3f-5e51-48a2-81e8-d294a0b97682,100984,SS_182,Sonitpur Substation 182,FD_UNKNOWN,Unknown Feeder,100.0,9,True,60.8201157054326,33.2423752483057,76,0.2354,healthy,92.4781376,26.7029297,109,BHEL,ONAF,2017-04-06,False,False,"Ward No. 8, Substation 182, Sonitpur",Sonitpur,IN_SERVICE
a51c809d-9cbf-4a7b-af10-386a698ec95c,100158,SS_103,Kamrup Metro Substation 103,FD_UNKNOWN,Unknown Feeder,200.0,23,False,66.9501813371692,34.5355975520099,75,0.2475,healthy,91.7641704,26.1688102,91,Voltamp,ONAN,2003-03-11,False,False,"Ward No. 11, Substation 103, Kamrup Metro",Kamrup Metro,IN_SERVICE
a53110c1-2cda-4dc6-8598-ca17e2485ae8,100029,SS_101,Kamrup Metro Substation 101,FD_UNKNOWN,Unknown Feeder,200.0,19,False,65.3367474944562,33.3672063078587,75,0.2497,healthy,91.777406,26.1732343,129,Voltamp,ONAN,2007-01-21,False,True,"Ward No. 13, Substation 101, Kamrup Metro",Kamrup Metro,IN_SERVICE
a5c38045-7776-4bfd-9101-106309f14736,100669,SS_142,Karimganj Substation 142,FD_UNKNOWN,Unknown Feeder,200.0,6,True,68.2934766731724,32.714708808012,74,0.251,healthy,92.5204243,24.8616184,32,ABB,ONAF,2020-07-24,False,False,"Ward No. 8, Substation 142, Karimganj",Karimganj,IN_SERVICE
a5c3adf2-bb48-4478-ad1f-2bff730dac80,101240,SS_222,Karbi Anglong Substation 222,FD_UNKNOWN,Unknown Feeder,100.0,23,True,64.8120640021137,34.1138908206202,76,0.2383,healthy,92.6621693,26.3344145,54,Siemens,ONAN,2003-02-22,False,True,"Ward No. 11, Substation 222, Karbi Anglong",Karbi Anglong,IN_SERVICE
a6000ede-c3c1-42a2-b913-23d429a79c13,101103,SS_201,Sivasagar Substation 201,FD_UNKNOWN,Unknown Feeder,250.0,12,False,66.6163290074013,33.810599633159,75,0.2486,healthy,94.6378242,26.9804987,29,Crompton,ONAF,2014-01-27,False,False,"Ward No. 12, Substation 201, Sivasagar",Sivasagar,IN_SERVICE
c529df8d-d6bb-4214-94d2-e6979e27ed6d,100798,SS_162,Tinsukia Substation 162,FD_UNKNOWN,Unknown Feeder,100.0,10,True,65.6815434353707,33.935054718829,76,0.2373,healthy,95.3484441,27.4941647,94,ABB,ONAN,2016-11-17,False,False,"Ward No. 8, Substation 162, Tinsukia",Tinsukia,IN_SERVICE
c52fbf39-495f-47a3-af9c-8a56cbd9ebc1,2243,SS_133,Cachar Substation 133,FD_UNKNOWN,Unknown Feeder,25.0,26,False,67.1583594275368,34.7984938998486,71,0.2849,healthy,92.42745,24.9949183,66,Siemens,ONAN,2000-01-24,False,True,"Ward No. 6, Substation 133, Unknown",Unknown,IN_SERVICE
c5a24f7e-bd04-40f9-b6bc-1252480b573f,327,SS_133,Cachar Substation 133,FD_UNKNOWN,Unknown Feeder,25.0,9,False,68.2270205055514,33.7317805449439,67,0.3244,healthy,92.4243933,24.9793367,66,ABB,ONAF,2017-03-06,False,False,"Ward No. 3, Substation 133, Unknown",Unknown,IN_SERVICE
c6d51091-48f1-464c-bb05-39193eefc013,100467,SS_123,Hojai Substation 123,FD_UNKNOWN,Unknown Feeder,100.0,19,True,62.9090274514907,33.9188691494451,76,0.2322,healthy,92.8781343,25.849921,81,BHEL,ONAF,2007-05-03,False,False,"Ward No. 9, Substation 123, Hojai",Hojai,IN_SERVICE
c71dcc9a-0376-44de-a953-c0720c5a9ab2,100072,SS_101,Kamrup Metro Substation 101,FD_UNKNOWN,Unknown Feeder,63.0,20,True,65.8774590538674,33.8642062519336,72,0.2747,healthy,91.7977525,26.1165465,74,BHEL,ONAN,2006-09-24,False,False,"Ward No. 12, Substation 101, Kamrup Metro",Kamrup Metro,IN_SERVICE
c73de935-8aa6-4d6c-a712-91bb03388b9d,100737,SS_153,Majuli Substation 153,FD_UNKNOWN,Unknown Feeder,315.0,14,False,66.9014338357944,34.1528492040055,73,0.2681,healthy,94.2029298,26.7538629,66,Voltamp,ONAN,2012-06-22,False,False,"Ward No. 8, Substation 153, Majuli",Majuli,IN_SERVICE
c75fbaea-2e16-4cab-8a05-5fc1511fab01,101224,SS_221,Karbi Anglong Substation 221,FD_UNKNOWN,Unknown Feeder,100.0,10,False,69.3058397572793,34.2170453258079,74,0.2541,healthy,93.7027002,25.9070868,112,Crompton,ONAN,2016-01-09,False,True,"Ward No. 1, Substation 221, Karbi Anglong",Karbi Anglong,IN_SERVICE
de399de2-780d-4b16-9eef-af32b281008e,445,SS_133,Cachar Substation 133,FD_UNKNOWN,Unknown Feeder,16.0,8,True,62.1899925298098,33.8795238229209,71,0.2867,healthy,92.5677021,24.9082989,94,Voltamp,ONAN,2018-02-22,False,False,"Ward No. 3, Substation 133, Unknown",Unknown,IN_SERVICE
dea709f6-535b-4236-9193-f3953e557c0a,100097,SS_102,Kamrup Metro Substation 102,FD_UNKNOWN,Unknown Feeder,315.0,17,False,63.9244503870751,34.4007996453846,75,0.2465,healthy,91.8199646,26.1788619,94,Crompton,ONAN,2009-06-09,False,False,"Ward No. 6, Substation 102, Kamrup Metro",Kamrup Metro,IN_SERVICE
dee8f65a-480a-4d4e-ae99-a59fbae28a3a,101040,SS_192,Bongaigaon Substation 192,FD_UNKNOWN,Unknown Feeder,100.0,28,False,69.4411880064756,33.6150936827109,74,0.2571,healthy,90.764245,26.374117,32,Crompton,ONAN,1998-02-11,False,False,"Ward No. 13, Substation 192, Bongaigaon",Bongaigaon,IN_SERVICE
f5eb1874-56ae-4d78-9749-0f1e46e8ff0e,100391,SS_121,Nagaon Substation 121,FD_UNKNOWN,Unknown Feeder,315.0,15,False,66.3836243151745,33.7292109507364,73,0.2624,healthy,92.6537353,26.1671521,124,ABB,ONAF,2011-08-05,False,False,"Ward No. 6, Substation 121, Nagaon",Nagaon,IN_SERVICE
f90b0d32-561a-4469-91b7-751b8953ad5a,100783,SS_161,Dibrugarh Substation 161,FD_UNKNOWN,Unknown Feeder,100.0,13,False,67.3703087668911,33.7270577528288,74,0.2572,healthy,95.0720967,27.7551763,130,BHEL,ONAN,2013-04-08,False,False,"Ward No. 13, Substation 161, Dibrugarh",Dibrugarh,IN_SERVICE
fc65781c-2b86-4879-87b0-0834d7fb7481,100015,SS_101,Kamrup Metro Substation 101,FD_UNKNOWN,Unknown Feeder,100.0,8,False,65.6758613304725,34.5172140105604,74,0.251,healthy,91.7701374,26.1602914,148,Voltamp,ONAN,2018-11-06,False,False,"Ward No. 3, Substation 101, Kamrup Metro",Kamrup Metro,IN_SERVICE
fcc97f85-6805-4f63-90e1-ee67dba6596b,2103,SS_133,Cachar Substation 133,FD_UNKNOWN,Unknown Feeder,25.0,31,True,66.5473653002367,33.9951227464851,70,0.2987,healthy,92.5598498,24.9026655,57,ABB,ONAN,1995-11-14,False,False,"Ward No. 7, Substation 133, Unknown",Unknown,IN_SERVICE
fd28ac34-02db-408b-8425-9400b000b191,100473,SS_123,Hojai Substation 123,FD_UNKNOWN,Unknown Feeder,200.0,18,False,62.7253033989588,32.8348508716386,79,0.2098,healthy,93.0289923,26.1060055,120,BHEL,ONAN,2008-05-13,False,False,"Ward No. 4, Substation 123, Hojai",Hojai,IN_SERVICE
fd99c724-6d07-4fc9-bf33-ebe9c33cedee,101019,SS_191,Goalpara Substation 191,FD_UNKNOWN,Unknown Feeder,315.0,17,False,64.4608214603456,33.1078520222427,75,0.2405,healthy,90.5398884,26.475591,102,BHEL,ONAN,2009-01-24,False,False,"Ward No. 10, Substation 191, Goalpara",Goalpara,IN_SERVICE
fdbc2af7-772b-44ae-a384-f1eae4b3d961,2081,SS_133,Cachar Substation 133,FD_UNKNOWN,Unknown Feeder,16.0,20,True,69.8891830267603,34.1105277067718,69,0.3015,healthy,92.532011,24.9391749,92,BHEL,ONAN,2006-06-11,False,True,"Ward No. 10, Substation 133, Unknown",Unknown,IN_SERVICE
fdc436d8-3bd9-4553-a7f9-9d607c0a1ec7,100327,SS_106,Kamrup Metro Substation 106,FD_UNKNOWN,Unknown Feeder,500.0,22,False,118.209242988818,94.3521722247923,18,0.8114,warning,91.6963651,26.2171963,55,BHEL,ONAF,2004-07-25,False,False,"Ward No. 5, Substation 106, Kamrup Metro",Kamrup Metro,IN_SERVICE
0459ce87-d13f-4473-99ee-871b6856b705,100383,SS_121,Nagaon Substation 121,FD_UNKNOWN,Unknown Feeder,63.0,31,False,66.0069204808502,34.0987549378918,70,0.2944,healthy,92.6621693,26.3344145,134,Siemens,ONAN,1995-09-27,False,False,"Ward No. 8, Substation 121, Nagaon",Nagaon,IN_SERVICE
0470cc96-9f22-4ad4-bfd2-cb674063ef19,100792,SS_162,Tinsukia Substation 162,FD_UNKNOWN,Unknown Feeder,500.0,6,True,67.5514970519405,33.4388560911889,69,0.3041,healthy,95.3522515,27.4889906,82,Crompton,ONAN,2020-05-25,False,False,"Ward No. 7, Substation 162, Tinsukia",Tinsukia,IN_SERVICE
04a4c187-2efe-4201-a05f-eb41d737ed7d,100435,SS_122,Hojai Substation 122,FD_UNKNOWN,Unknown Feeder,63.0,34,True,120.705544580095,91.4170657862318,26,0.7337,warning,93.0289923,26.1060055,27,ABB,ONAF,1992-11-26,True,False,"Ward No. 5, Substation 122, Hojai",Hojai,IN_SERVICE
070c4d27-d480-4e48-8620-31c615c4cf4d,2042,SS_133,Cachar Substation 133,FD_UNKNOWN,Unknown Feeder,25.0,17,False,63.6755248988823,33.4409939978984,71,0.2885,healthy,92.6729154,24.9368481,29,Siemens,ONAF,2009-11-22,False,False,"Ward No. 13, Substation 133, Unknown",Unknown,IN_SERVICE
0762213e-7232-4867-8f65-87f9d85132f5,100957,SS_181,Sonitpur Substation 181,FD_UNKNOWN,Unknown Feeder,100.0,15,True,65.4901084866092,34.4051194880279,76,0.235,healthy,92.613613,26.441283,39,BHEL,ONAN,2011-09-09,False,False,"Ward No. 12, Substation 181, Sonitpur",Sonitpur,IN_SERVICE
0796a891-c2e7-4dbf-b4e7-19b41e398e6c,100311,SS_106,Kamrup Metro Substation 106,FD_UNKNOWN,Unknown Feeder,200.0,21,False,65.2098671424385,33.9518777247381,76,0.2312,healthy,91.7073624,26.1603733,78,BHEL,ONAN,2005-01-15,False,True,"Ward No. 12, Substation 106, Kamrup Metro",Kamrup Metro,IN_SERVICE
0b0e0844-dcb4-488b-9551-3dd0674dea72,100259,SS_104,Kamrup Metro Substation 104,FD_UNKNOWN,Unknown Feeder,500.0,16,False,63.57599950638,34.1500256078714,70,0.2923,healthy,91.7683697,26.1634946,49,ABB,ONAN,2010-07-03,False,False,"Ward No. 5, Substation 104, Kamrup Metro",Kamrup Metro,IN_SERVICE
0d913f61-8048-49c6-8f61-6f5f8b4af08e,100074,SS_101,Kamrup Metro Substation 101,FD_UNKNOWN,Unknown Feeder,63.0,15,True,121.577638370971,92.6125779657324,25,0.7424,warning,91.7792682,26.1837576,134,Siemens,ONAN,2011-07-09,False,False,"Ward No. 13, Substation 101, Kamrup Metro",Kamrup Metro,IN_SERVICE
0ddc7271-72b9-4f43-a8dd-8ff2b1969b00,100320,SS_106,Kamrup Metro Substation 106,FD_UNKNOWN,Unknown Feeder,200.0,9,False,67.2166884750784,33.6324245883325,73,0.2605,healthy,91.7257577,26.1713767,148,Voltamp,ONAN,2017-04-08,False,False,"Ward No. 3, Substation 106, Kamrup Metro",Kamrup Metro,IN_SERVICE
11508fc3-abaa-4402-89f5-478bdc30e1fe,100760,SS_161,Dibrugarh Substation 161,FD_UNKNOWN,Unknown Feeder,250.0,13,True,66.4622796293633,33.2889408607748,74,0.252,healthy,94.9272823,27.4704798,63,Crompton,ONAN,2013-02-26,False,False,"Ward No. 11, Substation 161, Dibrugarh",Dibrugarh,IN_SERVICE
13ba6c6a-fa51-41dd-862b-489ad56f8922,146,SS_133,Cachar Substation 133,FD_UNKNOWN,Unknown Feeder,100.0,23,True,120.273251107367,92.8614035360219,25,0.741,warning,92.457385,24.992735,109,Crompton,ONAF,2003-06-26,False,True,"Ward No. 13, Substation 133, Unknown",Unknown,IN_SERVICE
13cccd6f-bcd4-493f-8d89-1355c1a592ff,374,SS_133,Cachar Substation 133,FD_UNKNOWN,Unknown Feeder,25.0,31,False,65.9253162120223,34.1844381086155,69,0.3003,healthy,92.6750183,24.9076133,21,Voltamp,ONAN,1995-06-02,False,False,"Ward No. 10, Substation 133, Unknown",Unknown,IN_SERVICE
13eb96d1-af12-45aa-b369-2d2d992b2342,100287,SS_105,Kamrup Metro Substation 105,FD_UNKNOWN,Unknown Feeder,100.0,12,True,64.9886163749839,33.2751432147423,72,0.2713,healthy,91.7805651,26.1625527,109,Crompton,ONAF,2014-01-26,False,False,"Ward No. 4, Substation 105, Kamrup Metro",Kamrup Metro,IN_SERVICE
1aa0550b-7cb9-41f5-9f8a-909a72fd1462,100706,SS_151,Jorhat Substation 151,FD_UNKNOWN,Unknown Feeder,500.0,7,True,65.9195711827316,33.7320388297464,71,0.285,healthy,94.484699,26.8430254,118,Crompton,ONAN,2019-11-25,False,False,"Ward No. 2, Substation 151, Jorhat",Jorhat,IN_SERVICE
1ae60efb-4202-492b-9c60-aaf46de64829,100698,SS_151,Jorhat Substation 151,FD_UNKNOWN,Unknown Feeder,63.0,7,False,67.1832854570569,34.1122456670469,74,0.2513,healthy,94.1580672,26.9764157,29,ABB,ONAN,2019-11-10,False,False,"Ward No. 5, Substation 151, Jorhat",Jorhat,IN_SERVICE
1afb2e13-4f14-4ec4-872c-dc33bb42f56c,100326,SS_106,Kamrup Metro Substation 106,FD_UNKNOWN,Unknown Feeder,100.0,16,False,65.2452647356025,33.4666951927894,76,0.2378,healthy,91.7312439,26.1669226,76,BHEL,ONAN,2010-08-13,False,False,"Ward No. 3, Substation 106, Kamrup Metro",Kamrup Metro,IN_SERVICE
1d86e299-6ebc-4cbd-b6e7-7c0a941fe9dd,100230,SS_104,Kamrup Metro Substation 104,FD_UNKNOWN,Unknown Feeder,100.0,13,False,120.912117460822,92.8234114209884,25,0.7415,warning,91.6660347,26.1548233,95,Voltamp,ONAN,2013-02-18,False,False,"Ward No. 10, Substation 104, Kamrup Metro",Kamrup Metro,IN_SERVICE
1d8d7957-d5d3-4ece-a424-1628fd218bcf,100601,SS_135,Cachar Substation 135,FD_UNKNOWN,Unknown Feeder,200.0,8,True,64.6548868069524,33.5686297669058,74,0.2517,healthy,92.795832,24.783285,146,Voltamp,ONAF,2018-03-04,False,True,"Ward No. 7, Substation 135, Cachar",Cachar,IN_SERVICE
1d9c4c50-8d93-4727-a4eb-bf9c628e10ec,101135,SS_202,Golaghat Substation 202,FD_UNKNOWN,Unknown Feeder,63.0,13,True,64.4881259532654,34.2506961340071,73,0.2619,healthy,94.0479577,26.5288861,104,Crompton,ONAN,2013-08-16,False,False,"Ward No. 5, Substation 202, Golaghat",Golaghat,IN_SERVICE
1f72caca-528a-43b7-9d53-30d86b912583,100835,SS_163,Dibrugarh Substation 163,FD_UNKNOWN,Unknown Feeder,100.0,14,False,68.5840770136895,33.5288888858728,74,0.2557,healthy,95.362283,27.463452,43,Voltamp,ONAN,2012-09-08,False,False,"Ward No. 11, Substation 163, Dibrugarh",Dibrugarh,IN_SERVICE
1f98cee7-970d-4abe-92bd-db9496cd7e77,100448,SS_122,Hojai Substation 122,FD_UNKNOWN,Unknown Feeder,100.0,26,False,66.0961742078819,33.4086304805137,74,0.2517,healthy,92.6621693,26.3344145,47,Crompton,ONAN,2000-08-24,False,False,"Ward No. 7, Substation 122, Hojai",Hojai,IN_SERVICE
1fc13227-07b1-4fa9-b36e-db84cb24e5bb,101080,SS_194,Dhubri Substation 194,FD_UNKNOWN,Unknown Feeder,100.0,3,True,66.542249167657,33.5493615487848,74,0.2533,healthy,89.9644138,26.035426,68,Crompton,ONAF,2023-06-20,False,False,"Ward No. 7, Substation 194, Dhubri",Dhubri,IN_SERVICE
1fe815e2-ef4b-4bf2-975a-60e4c1051549,100517,SS_133,Cachar Substation 133,FD_UNKNOWN,Unknown Feeder,315.0,10,False,64.5149709846056,34.2773771390469,76,0.2397,healthy,92.5730099,24.9684172,91,Voltamp,ONAF,2016-04-18,False,False,"Ward No. 9, Substation 133, Cachar",Cachar,IN_SERVICE
1ff4a8af-6b89-4b37-8335-855a19b76a38,100201,SS_103,Kamrup Metro Substation 103,FD_UNKNOWN,Unknown Feeder,100.0,9,False,66.5798010203381,33.712046137052,77,0.226,healthy,91.7818776,26.1590535,118,Voltamp,ONAN,2017-09-09,False,False,"Ward No. 9, Substation 103, Kamrup Metro",Kamrup Metro,IN_SERVICE
1ff609ad-cb60-48f4-97a6-bb3b0bcf0f25,1032,SS_133,Cachar Substation 133,FD_UNKNOWN,Unknown Feeder,25.0,23,False,63.0498356992475,34.5625483136204,70,0.291,healthy,92.4697754,24.9889745,68,Siemens,ONAF,2003-11-27,True,True,"Ward No. 6, Substation 133, Unknown",Unknown,IN_SERVICE
2047aecf-40e2-41a3-b907-b4872ceccbdc,208,SS_133,Cachar Substation 133,FD_UNKNOWN,Unknown Feeder,100.0,11,False,68.0629546876036,33.4984118893316,73,0.2678,healthy,92.5700057,24.9753915,125,Voltamp,ONAN,2015-01-08,False,False,"Ward No. 14, Substation 133, Unknown",Unknown,IN_SERVICE
251fa827-a15e-47a6-90fd-63d5a9b236b9,100224,SS_104,Kamrup Metro Substation 104,FD_UNKNOWN,Unknown Feeder,100.0,6,False,66.5273549003662,34.0656098261898,75,0.244,healthy,91.7540461,26.1851876,79,BHEL,ONAN,2020-09-27,False,False,"Ward No. 14, Substation 104, Kamrup Metro",Kamrup Metro,IN_SERVICE
295a573b-3efe-4833-b89c-12e68d4da421,100370,SS_112,Kamrup Substation 112,FD_UNKNOWN,Unknown Feeder,100.0,22,True,68.6099146638729,33.8377106473517,74,0.2552,healthy,90.6056206,25.9474414,71,Siemens,ONAF,2004-09-14,False,True,"Ward No. 8, Substation 112, Kamrup",Kamrup,IN_SERVICE
2966503e-fcb5-4b22-a7cf-30493b0e0dfa,2068,SS_133,Cachar Substation 133,FD_UNKNOWN,Unknown Feeder,63.0,11,True,64.3906652338508,33.6327847527119,73,0.2672,healthy,92.66124,24.9190483,95,Crompton,ONAN,2015-09-08,False,True,"Ward No. 7, Substation 133, Unknown",Unknown,IN_SERVICE
5b13be17-4142-4a1d-b2d5-da32edd286f5,100332,SS_106,Kamrup Metro Substation 106,FD_UNKNOWN,Unknown Feeder,100.0,13,False,66.8331528960055,34.0393740111858,75,0.2425,healthy,91.7190636,26.1090489,74,Voltamp,ONAN,2013-04-01,False,False,"Ward No. 4, Substation 106, Kamrup Metro",Kamrup Metro,IN_SERVICE
5b1def61-2a05-4148-a669-50b0cf58534e,100832,SS_163,Dibrugarh Substation 163,FD_UNKNOWN,Unknown Feeder,100.0,17,False,68.1779581010807,34.4490529412609,72,0.2705,healthy,95.3173479,27.3486058,96,BHEL,ONAN,2009-09-25,False,False,"Ward No. 9, Substation 163, Dibrugarh",Dibrugarh,IN_SERVICE
5b4dffe5-30fe-443a-9a82-e200babc4c67,388,SS_133,Cachar Substation 133,FD_UNKNOWN,Unknown Feeder,63.0,17,False,70.4510479168316,32.7597244014765,69,0.3006,healthy,92.6665767,24.891385,49,Voltamp,ONAN,2009-11-10,False,False,"Ward No. 1, Substation 133, Unknown",Unknown,IN_SERVICE
5b6ec485-a5c0-4e73-9189-2b2842e23f90,101183,SS_211,Darrang Substation 211,FD_UNKNOWN,Unknown Feeder,100.0,28,True,64.6319217582025,34.1599629258491,76,0.2316,healthy,92.0867269,26.7538898,124,BHEL,ONAN,1998-11-13,True,False,"Ward No. 5, Substation 211, Darrang",Darrang,IN_SERVICE
5b9c39fa-d718-4d32-ac9f-7196e6679bf9,100986,SS_183,Biswanath Substation 183,FD_UNKNOWN,Unknown Feeder,250.0,15,True,67.2618634189519,34.2372790057199,71,0.2888,healthy,93.1541613,26.7425645,44,BHEL,ONAN,2011-06-07,True,False,"Ward No. 7, Substation 183, Biswanath",Biswanath,IN_SERVICE
5bb0fe25-c0c6-46d0-a13b-4dde33a92fad,100876,SS_171,Lakhimpur Substation 171,FD_UNKNOWN,Unknown Feeder,25.0,10,False,68.478577006464,33.6373298685474,69,0.301,healthy,94.1659316,26.9476959,47,Voltamp,ONAN,2016-07-16,False,False,"Ward No. 14, Substation 171, Lakhimpur",Lakhimpur,IN_SERVICE
5bd7ec1a-182d-4d86-bc99-5497872f7ba6,101323,SS_244,Barpeta Substation 244,FD_UNKNOWN,Unknown Feeder,100.0,8,True,62.7803248114424,33.1002878413045,76,0.2329,healthy,91.0964259,26.6337966,63,Voltamp,ONAN,2018-10-11,False,False,"Ward No. 12, Substation 244, Barpeta",Barpeta,IN_SERVICE
5bebacbe-abef-4789-9dcc-83d01f7a3f99,101347,SS_251,Chirang Substation 251,FD_UNKNOWN,Unknown Feeder,25.0,23,True,66.8738303623913,33.8683190420885,72,0.2797,healthy,90.5398884,26.475591,65,BHEL,ONAN,2003-04-15,False,False,"Ward No. 11, Substation 251, Chirang",Chirang,IN_SERVICE
5c09070a-1707-45ad-9a7a-eadd3fef7340,100906,SS_172,Dhemaji Substation 172,FD_UNKNOWN,Unknown Feeder,250.0,11,False,67.0999874106785,33.8728080666967,72,0.272,healthy,94.9163573,27.4891852,31,ABB,ONAN,2015-10-17,False,False,"Ward No. 12, Substation 172, Dhemaji",Dhemaji,IN_SERVICE
5c50eb4f-1ffb-4ad0-a20f-030c76239c80,100257,SS_104,Kamrup Metro Substation 104,FD_UNKNOWN,Unknown Feeder,315.0,23,False,66.2545815211877,33.8580205716937,74,0.2561,healthy,91.7274383,26.1458262,115,BHEL,ONAN,2003-06-18,False,False,"Ward No. 11, Substation 104, Kamrup Metro",Kamrup Metro,IN_SERVICE
5ccf7826-f5c7-4dbc-a1d9-aef562190ce1,100208,SS_103,Kamrup Metro Substation 103,FD_UNKNOWN,Unknown Feeder,63.0,11,False,67.4195766612784,34.337716282417,72,0.2785,healthy,91.7411135,26.1454737,147,BHEL,ONAN,2015-10-02,True,False,"Ward No. 8, Substation 103, Kamrup Metro",Kamrup Metro,IN_SERVICE
5fcf93d6-b64c-48f2-939f-21b76da561f2,100452,SS_122,Hojai Substation 122,FD_UNKNOWN,Unknown Feeder,100.0,26,True,66.8160933928759,33.673510606728,73,0.2617,healthy,92.6644501,26.3564691,28,Voltamp,ONAF,2000-06-06,True,False,"Ward No. 6, Substation 122, Hojai",Hojai,IN_SERVICE
600d85f7-ae33-4fa0-810b-2288aeec4e29,101230,SS_221,Karbi Anglong Substation 221,FD_UNKNOWN,Unknown Feeder,25.0,14,True,66.6528748788204,34.2185221410602,71,0.2828,healthy,93.711696,25.9151951,96,ABB,ONAF,2012-04-08,False,False,"Ward No. 7, Substation 221, Karbi Anglong",Karbi Anglong,IN_SERVICE
29aba256-6777-469c-af23-c371bb0a5c59,100697,SS_151,Jorhat Substation 151,FD_UNKNOWN,Unknown Feeder,200.0,15,True,68.7022100831152,33.6530859678324,73,0.2612,healthy,94.4086004,26.835227,65,ABB,ONAN,2011-05-12,False,False,"Ward No. 2, Substation 151, Jorhat",Jorhat,IN_SERVICE
2f73c275-c6a4-45e9-854c-4a6d8ea536c9,100558,SS_134,Cachar Substation 134,FD_UNKNOWN,Unknown Feeder,315.0,18,False,67.113813018402,33.9676309654994,73,0.2605,healthy,92.5901529,24.9589449,38,ABB,ONAF,2008-05-16,False,False,"Ward No. 4, Substation 134, Cachar",Cachar,IN_SERVICE
3196636b-4460-438b-8d4f-aa326e85f403,101055,SS_193,Kokrajhar Substation 193,FD_UNKNOWN,Unknown Feeder,100.0,15,False,68.3178826549621,34.1118834946911,75,0.2472,healthy,90.2742484,26.4017828,100,Siemens,ONAN,2011-10-25,False,False,"Ward No. 4, Substation 193, Kokrajhar",Kokrajhar,IN_SERVICE
3581cf74-4b66-4b3d-ba88-4b35f0ae3a73,100076,SS_101,Kamrup Metro Substation 101,FD_UNKNOWN,Unknown Feeder,315.0,11,False,64.0437615688235,33.4615804479402,75,0.2448,healthy,91.6771799,26.2074223,141,ABB,ONAN,2015-03-08,False,True,"Ward No. 14, Substation 101, Kamrup Metro",Kamrup Metro,IN_SERVICE
35896d7f-b9a9-408c-87c1-be1604b4bc8f,100440,SS_122,Hojai Substation 122,FD_UNKNOWN,Unknown Feeder,200.0,9,True,65.8432540590586,33.726027949582,74,0.2592,healthy,92.9207982,25.7598149,43,Voltamp,ONAF,2017-07-21,False,False,"Ward No. 12, Substation 122, Hojai",Hojai,IN_SERVICE
374d9de8-ff44-476f-8635-e470cbdf28c8,100242,SS_104,Kamrup Metro Substation 104,FD_UNKNOWN,Unknown Feeder,500.0,22,False,66.5481618495038,33.7697051970293,71,0.288,healthy,91.7190636,26.1090489,93,ABB,ONAN,2004-03-14,False,False,"Ward No. 2, Substation 104, Kamrup Metro",Kamrup Metro,IN_SERVICE
3805e210-5826-4110-b466-93a2493389c2,637,SS_133,Cachar Substation 133,FD_UNKNOWN,Unknown Feeder,16.0,16,True,68.5064950227559,33.4663341911056,70,0.2981,healthy,92.5002039,24.9284735,108,Siemens,ONAN,2010-04-11,False,False,"Ward No. 3, Substation 133, Unknown",Unknown,IN_SERVICE
01a00cd8-69b9-4996-ae0f-041ff2478d9b,100784,SS_161,Dibrugarh Substation 161,FD_UNKNOWN,Unknown Feeder,63.0,31,False,64.7044146267921,33.9939547696196,72,0.271,healthy,94.9448362,27.1763415,22,BHEL,ONAF,1995-11-02,False,True,"Ward No. 7, Substation 161, Dibrugarh",Dibrugarh,IN_SERVICE
021c52df-15b0-49c7-9b24-b65568d61a22,264,SS_133,Cachar Substation 133,FD_UNKNOWN,Unknown Feeder,25.0,16,True,66.8973404423318,34.2022072882258,70,0.2944,healthy,92.5176831,25.013576,127,BHEL,ONAN,2010-10-19,False,False,"Ward No. 10, Substation 133, Unknown",Unknown,IN_SERVICE
022bcf2a-5fe7-4d37-ae65-fc422939176f,631,SS_133,Cachar Substation 133,FD_UNKNOWN,Unknown Feeder,16.0,11,False,65.5967202444593,33.8476551180443,72,0.2763,healthy,92.5736367,24.9000817,57,Voltamp,ONAN,2015-03-02,False,True,"Ward No. 3, Substation 133, Unknown",Unknown,IN_SERVICE
024555ef-0275-4a24-aa93-62bb62e6af29,101155,SS_203,Golaghat Substation 203,FD_UNKNOWN,Unknown Feeder,200.0,18,False,65.2182549359494,33.9492098634597,73,0.2613,healthy,93.598697,26.641792,91,Siemens,ONAF,2008-05-27,False,False,"Ward No. 3, Substation 203, Golaghat",Golaghat,IN_SERVICE
07a683a8-2d1f-491e-b4a8-559e2f027ac9,100744,SS_153,Majuli Substation 153,FD_UNKNOWN,Unknown Feeder,200.0,16,True,65.8952460676865,34.5315261063803,75,0.242,healthy,94.2210406,26.7319159,84,Voltamp,ONAN,2010-11-10,False,False,"Ward No. 13, Substation 153, Majuli",Majuli,IN_SERVICE
07d22f63-fd1b-4735-b3e3-2e739d088578,101354,SS_252,Chirang Substation 252,FD_UNKNOWN,Unknown Feeder,200.0,64,False,67.8226672769682,34.4973280658934,74,0.26,healthy,90.5398884,26.475591,61,BHEL,ONAN,1962-01-06,False,False,"Ward No. 8, Substation 252, Chirang",Chirang,IN_SERVICE
09b58db6-eaf9-41bf-9aaa-ca92576c36d3,118,SS_133,Cachar Substation 133,FD_UNKNOWN,Unknown Feeder,100.0,13,False,66.8348422395359,34.2729434995749,76,0.2336,healthy,92.5536784,24.9489022,149,ABB,ONAN,2013-01-21,False,False,"Ward No. 11, Substation 133, Unknown",Unknown,IN_SERVICE
66277f7b-78b3-49ff-b025-0246c0eb2c76,100137,SS_102,Kamrup Metro Substation 102,FD_UNKNOWN,Unknown Feeder,500.0,16,False,63.142096800539,33.5066532545368,73,0.2633,healthy,91.7603695,26.1851019,36,Voltamp,ONAN,2010-02-07,False,False,"Ward No. 12, Substation 102, Kamrup Metro",Kamrup Metro,IN_SERVICE
66498e16-c153-4a95-a44e-be8729c052bc,335,SS_133,Cachar Substation 133,FD_UNKNOWN,Unknown Feeder,16.0,7,False,67.4257490955604,33.9155695874991,71,0.2894,healthy,92.5424317,24.991835,74,Siemens,ONAN,2019-02-09,False,False,"Ward No. 12, Substation 133, Unknown",Unknown,IN_SERVICE
6df59037-2337-4816-bf2d-be2fc8402a81,100300,SS_105,Kamrup Metro Substation 105,FD_UNKNOWN,Unknown Feeder,500.0,22,True,65.1012565843919,33.291127589242,70,0.2991,healthy,91.7714274,26.1724967,121,Siemens,ONAN,2004-02-08,False,False,"Ward No. 11, Substation 105, Kamrup Metro",Kamrup Metro,IN_SERVICE
6ea38db8-3dce-47fd-be23-6981ba68b5dd,100905,SS_172,Dhemaji Substation 172,FD_UNKNOWN,Unknown Feeder,100.0,21,True,66.813921399488,34.2033640522053,73,0.2605,healthy,94.8958927,27.3682068,87,ABB,ONAN,2005-02-02,True,True,"Ward No. 13, Substation 172, Dhemaji",Dhemaji,IN_SERVICE
7191875a-eef0-4c98-8573-a02e5778522d,100152,SS_103,Kamrup Metro Substation 103,FD_UNKNOWN,Unknown Feeder,100.0,8,False,66.1698962298443,34.1408932506232,77,0.2271,healthy,91.7977525,26.1165465,68,Crompton,ONAN,2018-09-08,False,False,"Ward No. 7, Substation 103, Kamrup Metro",Kamrup Metro,IN_SERVICE
719ba7b6-dac9-4367-8a9c-092cc598a289,100820,SS_162,Tinsukia Substation 162,FD_UNKNOWN,Unknown Feeder,200.0,17,True,119.144092241279,90.7892702637089,27,0.7244,warning,95.3130304,27.2236641,25,Crompton,ONAF,2009-10-09,False,False,"Ward No. 14, Substation 162, Tinsukia",Tinsukia,IN_SERVICE
71f06e6e-167d-4ed0-816b-554542819051,100433,SS_122,Hojai Substation 122,FD_UNKNOWN,Unknown Feeder,63.0,20,True,63.2883335838984,33.8151194567023,75,0.2458,healthy,93.0259084,26.1040401,21,ABB,ONAF,2006-10-22,False,True,"Ward No. 6, Substation 122, Hojai",Hojai,IN_SERVICE
73b48617-a771-47b2-8421-aac1ca843077,100100,SS_102,Kamrup Metro Substation 102,FD_UNKNOWN,Unknown Feeder,100.0,22,False,65.1596902256319,32.9113303223983,74,0.251,healthy,91.7727582,26.1745848,80,Crompton,ONAF,2004-08-19,False,False,"Ward No. 6, Substation 102, Kamrup Metro",Kamrup Metro,IN_SERVICE
746277e2-2c29-47df-b714-dcab42668422,101268,SS_241,Nalbari Substation 241,FD_UNKNOWN,Unknown Feeder,500.0,12,False,62.8752297565329,33.386584163932,72,0.2736,healthy,91.5113527,26.4107888,111,Voltamp,ONAN,2014-07-19,True,False,"Ward No. 7, Substation 241, Nalbari",Nalbari,IN_SERVICE
74c9193d-ac5c-4ff4-9fb8-7a7a1daff872,100929,SS_181,Sonitpur Substation 181,FD_UNKNOWN,Unknown Feeder,315.0,12,True,120.518502680732,90.4900513684417,23,0.7647,warning,92.7961644,26.6514037,37,Siemens,ONAN,2014-02-18,False,True,"Ward No. 5, Substation 181, Sonitpur",Sonitpur,IN_SERVICE
75eaadf1-7b4e-4fda-b984-6ae2d9f27320,1034,SS_133,Cachar Substation 133,FD_UNKNOWN,Unknown Feeder,16.0,12,False,66.1338247923185,33.8618869480747,68,0.3104,healthy,92.5374317,24.9371434,122,BHEL,ONAN,2014-01-13,False,False,"Ward No. 14, Substation 133, Unknown",Unknown,IN_SERVICE
7692b95a-109d-4ba9-93fa-56fdd880f5d6,359,SS_133,Cachar Substation 133,FD_UNKNOWN,Unknown Feeder,16.0,14,False,68.0075324544132,33.3941064396045,67,0.3299,healthy,92.4914376,25.0232986,81,Siemens,ONAN,2012-02-16,False,False,"Ward No. 13, Substation 133, Unknown",Unknown,IN_SERVICE
76b859cc-7a5a-415b-b21c-7e02c85491a6,2219,SS_133,Cachar Substation 133,FD_UNKNOWN,Unknown Feeder,25.0,24,False,69.8418072991569,34.1842784799318,69,0.3068,healthy,92.679835,24.94619,80,Voltamp,ONAN,2002-11-23,False,False,"Ward No. 14, Substation 133, Unknown",Unknown,IN_SERVICE
76fd4fb7-7310-4689-ba0d-64178a3ecc93,100114,SS_102,Kamrup Metro Substation 102,FD_UNKNOWN,Unknown Feeder,100.0,9,False,68.2494818642323,33.9297228005399,74,0.2598,healthy,91.7259884,26.1413861,143,Voltamp,ONAN,2017-10-26,False,False,"Ward No. 8, Substation 102, Kamrup Metro",Kamrup Metro,IN_SERVICE
76ff1d39-93d9-4da2-b539-a180efe4c807,100799,SS_162,Tinsukia Substation 162,FD_UNKNOWN,Unknown Feeder,100.0,16,False,65.4619316921355,34.1610198773556,76,0.2378,healthy,95.3436268,27.4972877,95,Crompton,ONAF,2010-03-12,False,False,"Ward No. 3, Substation 162, Tinsukia",Tinsukia,IN_SERVICE
77103d61-7722-44cd-8236-7af73e14e546,416,SS_133,Cachar Substation 133,FD_UNKNOWN,Unknown Feeder,25.0,16,False,120.894751613314,90.4717952715534,22,0.7713,warning,92.4664566,24.9698104,40,Voltamp,ONAN,2010-11-26,False,False,"Ward No. 4, Substation 133, Unknown",Unknown,IN_SERVICE
7791174e-8394-47eb-a64d-055324dec6ea,311,SS_133,Cachar Substation 133,FD_UNKNOWN,Unknown Feeder,63.0,12,False,65.6180538146811,33.9773490267861,71,0.2829,healthy,92.6196087,24.9108265,72,Voltamp,ONAF,2014-07-07,False,True,"Ward No. 10, Substation 133, Unknown",Unknown,IN_SERVICE
779eec1d-da0d-42e4-861d-40985f01c712,100307,SS_106,Kamrup Metro Substation 106,FD_UNKNOWN,Unknown Feeder,500.0,22,False,65.9269785423538,34.0627727465421,68,0.3138,healthy,91.6817067,26.1581231,66,BHEL,ONAF,2004-10-14,False,False,"Ward No. 13, Substation 106, Kamrup Metro",Kamrup Metro,IN_SERVICE
77b109f7-4aea-400e-97b9-d4e842ab1b20,100559,SS_134,Cachar Substation 134,FD_UNKNOWN,Unknown Feeder,500.0,8,True,66.4147466069727,33.5603649568141,69,0.3011,healthy,92.6269676,24.9461789,77,ABB,ONAN,2018-06-20,False,False,"Ward No. 1, Substation 134, Cachar",Cachar,IN_SERVICE
77b6472f-8312-4b86-8d02-ab7d5bd2db22,2016,SS_133,Cachar Substation 133,FD_UNKNOWN,Unknown Feeder,63.0,38,False,66.8720582338457,34.1697353162714,71,0.2832,healthy,92.601031,24.9217317,87,BHEL,ONAF,1988-01-23,False,True,"Ward No. 3, Substation 133, Unknown",Unknown,IN_SERVICE
77bb9dc6-48c5-4dbb-8696-67db0328f1e9,100917,SS_173,Lakhimpur Substation 173,FD_UNKNOWN,Unknown Feeder,63.0,28,True,69.185534704461,34.1842605483889,72,0.2779,healthy,94.0173698,27.2436702,85,BHEL,ONAN,1998-03-25,False,False,"Ward No. 3, Substation 173, Lakhimpur",Lakhimpur,IN_SERVICE
77dcbde9-a1e1-4b8e-8719-223761161732,100228,SS_104,Kamrup Metro Substation 104,FD_UNKNOWN,Unknown Feeder,63.0,8,False,64.9797246083453,33.2373332383715,73,0.2657,healthy,91.7686637,26.1595109,24,BHEL,ONAN,2018-03-10,False,False,"Ward No. 13, Substation 104, Kamrup Metro",Kamrup Metro,IN_SERVICE
77e06e47-ae96-4eff-8174-f51ce7deece3,529,SS_133,Cachar Substation 133,FD_UNKNOWN,Unknown Feeder,16.0,17,False,64.6727438234859,33.6707155853052,68,0.3147,healthy,92.5947399,24.9351707,78,ABB,ONAF,2009-10-21,False,False,"Ward No. 11, Substation 133, Unknown",Unknown,IN_SERVICE
7902e847-3e68-4652-be3c-17acb6350de8,100699,SS_151,Jorhat Substation 151,FD_UNKNOWN,Unknown Feeder,250.0,13,False,119.752673981497,92.91038533245,24,0.7565,warning,93.9737235,26.715122,114,Siemens,ONAN,2013-08-16,False,False,"Ward No. 2, Substation 151, Jorhat",Jorhat,IN_SERVICE
7b33e578-e3c5-4a72-898b-61fba6edca55,100357,SS_111,Kamrup Substation 111,FD_UNKNOWN,Unknown Feeder,200.0,13,False,63.0359921021568,33.9476905651548,77,0.2256,healthy,91.4358691,26.4409882,73,Siemens,ONAN,2013-05-06,False,True,"Ward No. 5, Substation 111, Kamrup",Kamrup,IN_SERVICE
7c4f7e85-f307-4aab-af18-eba1fcb5f6e6,100189,SS_103,Kamrup Metro Substation 103,FD_UNKNOWN,Unknown Feeder,25.0,16,False,119.883458003257,91.803453734508,22,0.7727,warning,91.8040736,26.1781709,120,ABB,ONAN,2010-09-14,False,False,"Ward No. 12, Substation 103, Kamrup Metro",Kamrup Metro,IN_SERVICE
8574a450-bde0-4c55-8ab9-95e23a0fa38d,101307,SS_243,Barpeta Substation 243,FD_UNKNOWN,Unknown Feeder,100.0,18,True,65.9719427642145,33.8978336476418,75,0.2445,healthy,90.9669256,26.4709812,76,BHEL,ONAN,2008-10-24,False,False,"Ward No. 10, Substation 243, Barpeta",Barpeta,IN_SERVICE
94f44db8-0817-4566-a05f-0b8d606c48ed,100670,SS_142,Karimganj Substation 142,FD_UNKNOWN,Unknown Feeder,200.0,28,False,118.161708716015,92.9679982168591,26,0.7325,warning,92.160808,24.8452698,61,Siemens,ONAF,1998-06-15,False,False,"Ward No. 9, Substation 142, Karimganj",Karimganj,IN_SERVICE
9905f76b-2ab5-4575-a66d-873434ab9489,2099,SS_133,Cachar Substation 133,FD_UNKNOWN,Unknown Feeder,63.0,41,False,66.6573428237698,33.0915874819445,73,0.2689,healthy,92.4629548,24.9460569,28,Crompton,ONAN,1985-01-25,False,False,"Ward No. 12, Substation 133, Unknown",Unknown,IN_SERVICE
9c219ab5-9914-40e2-9677-1ea7e25344b6,100379,SS_112,Kamrup Substation 112,FD_UNKNOWN,Unknown Feeder,500.0,20,False,64.2906669239856,34.2610996264436,72,0.2776,healthy,90.9669256,26.4709812,76,BHEL,ONAN,2006-10-05,False,False,"Ward No. 10, Substation 112, Kamrup",Kamrup,IN_SERVICE
9c5ec6a2-d87b-4beb-a54d-c22c8eef611e,100936,SS_181,Sonitpur Substation 181,FD_UNKNOWN,Unknown Feeder,315.0,13,True,67.2401645391606,34.0424917790158,73,0.2683,healthy,92.7955672,26.6218315,92,Crompton,ONAF,2013-06-20,False,False,"Ward No. 7, Substation 181, Sonitpur",Sonitpur,IN_SERVICE
9cc68ec8-03f0-45a0-82d9-58adf6401a07,434,SS_133,Cachar Substation 133,FD_UNKNOWN,Unknown Feeder,25.0,17,False,66.3528232790115,34.5152069883901,68,0.318,healthy,92.5672927,24.9882245,138,ABB,ONAN,2009-02-19,False,False,"Ward No. 7, Substation 133, Unknown",Unknown,IN_SERVICE
9e654b32-582c-4a3d-bfe9-4a7f259f0285,100116,SS_102,Kamrup Metro Substation 102,FD_UNKNOWN,Unknown Feeder,315.0,36,False,65.3828842640589,33.6274732315397,72,0.2759,healthy,91.7411135,26.1454737,54,Siemens,ONAN,1990-03-23,False,False,"Ward No. 8, Substation 102, Kamrup Metro",Kamrup Metro,IN_SERVICE
9f284564-6dab-408d-9f35-c7408eb68839,100921,SS_173,Lakhimpur Substation 173,FD_UNKNOWN,Unknown Feeder,500.0,11,True,66.0376266139298,34.1256504172538,70,0.2968,healthy,94.1058905,27.2236817,130,Siemens,ONAN,2015-01-02,False,False,"Ward No. 11, Substation 173, Lakhimpur",Lakhimpur,IN_SERVICE
9fee8a52-267c-4ca2-a3e6-e9e80770d39d,2106,SS_133,Cachar Substation 133,FD_UNKNOWN,Unknown Feeder,25.0,9,False,62.6518728473998,34.6501250381371,72,0.2729,healthy,92.5580641,24.893199,51,BHEL,ONAN,2017-09-09,False,False,"Ward No. 2, Substation 133, Unknown",Unknown,IN_SERVICE
a8414190-4f52-452f-80ad-50c929e9b94a,100952,SS_181,Sonitpur Substation 181,FD_UNKNOWN,Unknown Feeder,200.0,11,True,122.330163950477,93.6579151303988,25,0.7401,warning,92.866517,26.8196533,41,BHEL,ONAN,2015-08-22,False,False,"Ward No. 3, Substation 181, Sonitpur",Sonitpur,IN_SERVICE
a9ec0226-9d11-480d-9c94-0a073817d623,602,SS_133,Cachar Substation 133,FD_UNKNOWN,Unknown Feeder,100.0,27,False,66.4214284307469,34.6176074670916,75,0.2435,healthy,92.5660643,24.8820036,72,BHEL,ONAN,1999-07-27,False,False,"Ward No. 6, Substation 133, Unknown",Unknown,IN_SERVICE
aa8a9fa2-47cb-44e2-9dcb-fb581fae5efb,100147,SS_102,Kamrup Metro Substation 102,FD_UNKNOWN,Unknown Feeder,100.0,22,False,62.8183022847553,34.027002078684,79,0.2084,healthy,91.7686637,26.1595109,56,Voltamp,ONAN,2004-10-23,False,False,"Ward No. 6, Substation 102, Kamrup Metro",Kamrup Metro,IN_SERVICE
ac3ff7a1-663a-42fe-ab26-9e3650196927,1059,SS_133,Cachar Substation 133,FD_UNKNOWN,Unknown Feeder,25.0,8,False,65.6753731518775,33.99483368504,70,0.2925,healthy,92.4897577,24.9638576,111,ABB,ONAN,2018-03-16,False,True,"Ward No. 3, Substation 133, Unknown",Unknown,IN_SERVICE
ac408262-5c85-495e-aba1-4546dba4f336,100399,SS_121,Nagaon Substation 121,FD_UNKNOWN,Unknown Feeder,100.0,33,True,66.2364571987664,33.5884334963845,72,0.2734,healthy,92.8472131,26.1254215,137,ABB,ONAN,1993-03-23,False,False,"Ward No. 9, Substation 121, Nagaon",Nagaon,IN_SERVICE
ac83e1fa-03ed-499b-ba7d-b58135e1f48e,101129,SS_201,Sivasagar Substation 201,FD_UNKNOWN,Unknown Feeder,100.0,23,True,120.747570355432,91.1451068919543,26,0.7369,warning,94.543537,27.350498,99,BHEL,ONAN,2003-08-24,False,False,"Ward No. 7, Substation 201, Sivasagar",Sivasagar,IN_SERVICE
aca45ce6-bd08-41cd-81f2-27da5d12e30a,101095,SS_194,Dhubri Substation 194,FD_UNKNOWN,Unknown Feeder,25.0,7,False,66.0751729177054,34.0011584396316,71,0.2894,healthy,90.1761948,26.3659427,149,BHEL,ONAN,2019-05-08,False,True,"Ward No. 11, Substation 194, Dhubri",Dhubri,IN_SERVICE
adbd1699-fbb4-4dac-ace1-291f405cc281,100220,SS_104,Kamrup Metro Substation 104,FD_UNKNOWN,Unknown Feeder,315.0,30,True,65.8138666929826,34.5976982485698,77,0.2293,healthy,91.7693287,26.1641904,80,Siemens,ONAF,1996-05-16,False,False,"Ward No. 7, Substation 104, Kamrup Metro",Kamrup Metro,IN_SERVICE
ae0da5ab-6604-4f7e-9b18-73722f7808ab,100130,SS_102,Kamrup Metro Substation 102,FD_UNKNOWN,Unknown Feeder,100.0,14,False,65.7987346287282,34.2093779734874,74,0.2535,healthy,91.7788063,26.1676312,35,Voltamp,ONAN,2012-05-18,False,False,"Ward No. 2, Substation 102, Kamrup Metro",Kamrup Metro,IN_SERVICE
ae254cf9-ecf4-4f63-9d48-26ba4a5b88d8,1009,SS_133,Cachar Substation 133,FD_UNKNOWN,Unknown Feeder,25.0,11,False,68.0606865447215,33.9574847168412,68,0.3181,healthy,92.6561599,24.8805672,84,Siemens,ONAF,2015-11-26,False,False,"Ward No. 13, Substation 133, Unknown",Unknown,IN_SERVICE
b4c93bc7-d65f-4efc-956a-8951fea8f40f,100755,SS_161,Dibrugarh Substation 161,FD_UNKNOWN,Unknown Feeder,500.0,8,True,121.00714035901,92.6873920989228,19,0.8091,warning,94.929957,27.490729,47,Voltamp,ONAN,2018-04-21,False,False,"Ward No. 1, Substation 161, Dibrugarh",Dibrugarh,IN_SERVICE
b7c697e5-3a4b-4cd2-ba2f-76909caf4243,425,SS_133,Cachar Substation 133,FD_UNKNOWN,Unknown Feeder,25.0,10,False,63.286141983476,33.6230123439909,72,0.277,healthy,92.4814827,24.9597646,143,ABB,ONAN,2016-04-09,False,True,"Ward No. 9, Substation 133, Unknown",Unknown,IN_SERVICE
b9f0812d-b637-4f59-91e4-532e2d6364a2,153,SS_133,Cachar Substation 133,FD_UNKNOWN,Unknown Feeder,100.0,33,True,66.5976957110623,34.2936551619688,77,0.2221,healthy,92.5292307,24.9833766,73,Voltamp,ONAN,1993-01-08,True,False,"Ward No. 8, Substation 133, Unknown",Unknown,IN_SERVICE
bd8e7dd6-172a-4524-a845-b1e17778ec83,101077,SS_193,Kokrajhar Substation 193,FD_UNKNOWN,Unknown Feeder,500.0,7,False,64.2852985598397,33.5934010339544,72,0.2728,healthy,90.154697,26.460696,77,Voltamp,ONAF,2019-11-06,False,False,"Ward No. 10, Substation 193, Kokrajhar",Kokrajhar,IN_SERVICE
c073eeee-2af9-49c5-bd4b-c7c994c8a14a,101303,SS_243,Barpeta Substation 243,FD_UNKNOWN,Unknown Feeder,315.0,23,False,121.808728637728,92.8443431971889,22,0.775,warning,91.2595742,26.4457506,30,Voltamp,ONAN,2003-06-26,False,False,"Ward No. 13, Substation 243, Barpeta",Barpeta,IN_SERVICE
c14de23d-d12c-48c5-bbb8-261fb56ff2b4,384,SS_133,Cachar Substation 133,FD_UNKNOWN,Unknown Feeder,25.0,17,False,119.56483187033,92.4027571882684,22,0.773,warning,92.5197963,24.9937032,41,Siemens,ONAN,2009-03-19,False,False,"Ward No. 14, Substation 133, Unknown",Unknown,IN_SERVICE
c21339d9-0fc9-473c-81d6-84ee11b99b9e,101132,SS_202,Golaghat Substation 202,FD_UNKNOWN,Unknown Feeder,200.0,23,False,68.2840120884624,33.9407851267255,73,0.2693,healthy,93.9673357,26.5121084,42,Siemens,ONAN,2003-11-05,False,False,"Ward No. 12, Substation 202, Golaghat",Golaghat,IN_SERVICE
ea81f4ff-6f04-4a2d-a1b8-f71f29ce9d88,100946,SS_181,Sonitpur Substation 181,FD_UNKNOWN,Unknown Feeder,100.0,50,False,64.5677648595383,33.9775421559507,76,0.2359,healthy,92.809737,26.494423,36,ABB,ONAF,1976-04-02,True,False,"Ward No. 8, Substation 181, Sonitpur",Sonitpur,IN_SERVICE
fc0877d5-2a38-41e7-874d-bc5539471f9c,100330,SS_106,Kamrup Metro Substation 106,FD_UNKNOWN,Unknown Feeder,100.0,7,False,68.9884198255821,33.6527994550802,75,0.2426,healthy,91.737574,26.1713661,53,Crompton,ONAN,2019-11-19,False,False,"Ward No. 8, Substation 106, Kamrup Metro",Kamrup Metro,IN_SERVICE
270ded05-f987-491d-abe6-aa1c3e6c39e6,100386,SS_121,Nagaon Substation 121,FD_UNKNOWN,Unknown Feeder,100.0,8,False,64.279743698577,33.7246677892413,74,0.2588,healthy,92.7428996,26.4156418,82,Voltamp,ONAN,2018-08-03,True,False,"Ward No. 14, Substation 121, Nagaon",Nagaon,IN_SERVICE
2726aa14-f892-4b94-8852-d09565d6a37b,2039,SS_133,Cachar Substation 133,FD_UNKNOWN,Unknown Feeder,63.0,9,False,68.0584455394022,33.9607926074614,71,0.2825,healthy,92.6898139,24.9321317,75,BHEL,ONAN,2017-01-27,False,True,"Ward No. 8, Substation 133, Unknown",Unknown,IN_SERVICE
2732cc9c-9816-4a3f-8933-f074c6a48af1,439,SS_133,Cachar Substation 133,FD_UNKNOWN,Unknown Feeder,25.0,12,True,66.1232057813482,33.4325661835519,69,0.3025,healthy,92.4637696,24.9908449,109,Siemens,ONAF,2014-07-16,False,False,"Ward No. 5, Substation 133, Unknown",Unknown,IN_SERVICE
274fc540-3b25-40a8-8cde-66118a95f554,100578,SS_134,Cachar Substation 134,FD_UNKNOWN,Unknown Feeder,315.0,18,True,67.9568692147205,33.8879951733372,73,0.2618,healthy,92.7922131,24.8309519,101,ABB,ONAN,2008-06-27,True,False,"Ward No. 11, Substation 134, Cachar",Cachar,IN_SERVICE
276acd8c-bd5c-4bda-88f8-4115349f0ea0,100170,SS_103,Kamrup Metro Substation 103,FD_UNKNOWN,Unknown Feeder,100.0,35,True,68.9568192415906,33.772835112349,73,0.2607,healthy,91.8048236,26.1143482,29,BHEL,ONAN,1991-03-25,False,False,"Ward No. 14, Substation 103, Kamrup Metro",Kamrup Metro,IN_SERVICE
311be243-c4aa-45e3-95f6-7a82f235d897,101311,SS_243,Barpeta Substation 243,FD_UNKNOWN,Unknown Feeder,100.0,30,True,64.7076504143858,33.7679520410063,78,0.2193,healthy,91.0019536,26.3353589,131,Siemens,ONAF,1996-10-26,False,False,"Ward No. 10, Substation 243, Barpeta",Barpeta,IN_SERVICE
313a3e27-a2af-42e6-9d3f-e597374f1b76,100385,SS_121,Nagaon Substation 121,FD_UNKNOWN,Unknown Feeder,63.0,20,False,64.5766189467049,34.1165923961976,72,0.2745,healthy,92.714374,26.3666002,20,Siemens,ONAN,2006-07-13,True,False,"Ward No. 12, Substation 121, Nagaon",Nagaon,IN_SERVICE
3f0122f0-ad30-4e4d-a354-96605f34bd58,100091,SS_102,Kamrup Metro Substation 102,FD_UNKNOWN,Unknown Feeder,63.0,26,False,67.4696456783164,34.5596951218826,70,0.293,healthy,91.8088994,26.1310897,95,Voltamp,ONAN,2000-02-19,False,False,"Ward No. 13, Substation 102, Kamrup Metro",Kamrup Metro,IN_SERVICE
40bc9197-cf23-4b0c-9831-b561e1ce837c,101065,SS_193,Kokrajhar Substation 193,FD_UNKNOWN,Unknown Feeder,315.0,18,False,67.2129077243688,33.9536934228232,72,0.2737,healthy,90.2902749,26.446074,122,ABB,ONAN,2008-06-12,True,False,"Ward No. 11, Substation 193, Kokrajhar",Kokrajhar,IN_SERVICE
41064f91-03b0-4afb-9c71-6706680eb22a,100801,SS_162,Tinsukia Substation 162,FD_UNKNOWN,Unknown Feeder,200.0,4,True,63.5208749372232,33.3457910077935,74,0.2528,healthy,95.343233,27.4981589,144,BHEL,ONAN,2022-01-04,False,False,"Ward No. 7, Substation 162, Tinsukia",Tinsukia,IN_SERVICE
4164e7ee-b9dd-4f65-a711-4e70ffedd349,100462,SS_123,Hojai Substation 123,FD_UNKNOWN,Unknown Feeder,200.0,9,True,66.8983273975889,34.0859815281782,72,0.274,healthy,93.4331672,25.8429968,112,Voltamp,ONAN,2017-10-22,False,False,"Ward No. 9, Substation 123, Hojai",Hojai,IN_SERVICE
4194cda1-8544-4a99-9f8d-729d529563b8,101304,SS_243,Barpeta Substation 243,FD_UNKNOWN,Unknown Feeder,100.0,15,False,65.3649768322827,33.7784086900826,76,0.234,healthy,91.1056324,26.6820889,145,Siemens,ONAN,2011-10-03,False,False,"Ward No. 7, Substation 243, Barpeta",Barpeta,IN_SERVICE
41e2336e-0d4a-468f-91b9-e466c9a5740c,100865,SS_171,Lakhimpur Substation 171,FD_UNKNOWN,Unknown Feeder,200.0,32,False,62.1627000871408,33.8995079617899,76,0.2348,healthy,94.1045107,27.2482332,85,ABB,ONAF,1994-03-14,False,False,"Ward No. 12, Substation 171, Lakhimpur",Lakhimpur,IN_SERVICE
4e19d4c1-59ad-46c5-804a-aacc696a482b,101134,SS_202,Golaghat Substation 202,FD_UNKNOWN,Unknown Feeder,100.0,7,True,67.4266790060243,34.0004500235637,75,0.2443,healthy,93.9642533,26.5096254,106,ABB,ONAF,2019-10-22,False,False,"Ward No. 5, Substation 202, Golaghat",Golaghat,IN_SERVICE
5ff36099-897f-4f76-b282-20bb54b1fc20,100310,SS_106,Kamrup Metro Substation 106,FD_UNKNOWN,Unknown Feeder,100.0,19,False,122.344290373371,91.8323410040162,26,0.7371,warning,91.6814189,26.1280003,30,BHEL,ONAN,2007-04-12,False,False,"Ward No. 10, Substation 106, Kamrup Metro",Kamrup Metro,IN_SERVICE
61fbd830-58c1-489d-8029-b6b9b8a861f7,100908,SS_172,Dhemaji Substation 172,FD_UNKNOWN,Unknown Feeder,500.0,31,True,66.4538285657279,33.9545610318041,70,0.2965,healthy,94.9234647,27.4899224,127,BHEL,ONAN,1995-06-22,False,False,"Ward No. 2, Substation 172, Dhemaji",Dhemaji,IN_SERVICE
63eddae8-79b4-4986-b8d4-fd01e88e0d6a,100535,SS_133,Cachar Substation 133,FD_UNKNOWN,Unknown Feeder,100.0,17,True,64.9152336915734,33.5679409005007,77,0.2291,healthy,92.432166,24.822849,119,Siemens,ONAN,2009-01-19,True,False,"Ward No. 9, Substation 133, Cachar",Cachar,IN_SERVICE
6441a7a2-cf64-430d-b156-e8874e26e3bd,100291,SS_105,Kamrup Metro Substation 105,FD_UNKNOWN,Unknown Feeder,250.0,9,True,67.4506527119734,33.7994957530798,73,0.2615,healthy,91.8085923,26.1313723,98,Siemens,ONAN,2017-02-21,False,False,"Ward No. 8, Substation 105, Kamrup Metro",Kamrup Metro,IN_SERVICE
656a827b-0ca2-4738-a6dd-f9cf0e7193fd,100348,SS_111,Kamrup Substation 111,FD_UNKNOWN,Unknown Feeder,25.0,17,False,62.3590619353785,33.6741127564273,72,0.2701,healthy,91.4607436,26.4571725,99,ABB,ONAN,2009-11-11,False,False,"Ward No. 1, Substation 111, Kamrup",Kamrup,IN_SERVICE
6636eb79-4b97-40c1-b525-881f37c49e3b,100238,SS_104,Kamrup Metro Substation 104,FD_UNKNOWN,Unknown Feeder,100.0,27,True,66.517989718987,33.8292324861425,75,0.2461,healthy,91.6800645,26.208197,140,BHEL,ONAN,1999-10-01,False,True,"Ward No. 14, Substation 104, Kamrup Metro",Kamrup Metro,IN_SERVICE
6637258f-efc8-4b57-8c87-cc9b0a757087,100202,SS_103,Kamrup Metro Substation 103,FD_UNKNOWN,Unknown Feeder,250.0,13,True,120.822362336775,95.7835405357524,23,0.7638,warning,91.7629128,26.1702447,70,Crompton,ONAN,2013-06-13,False,False,"Ward No. 7, Substation 103, Kamrup Metro",Kamrup Metro,IN_SERVICE
66399097-0dfa-4841-a537-b774f1bd1528,100409,SS_121,Nagaon Substation 121,FD_UNKNOWN,Unknown Feeder,200.0,7,True,68.0777006498526,33.8157749352455,74,0.2519,healthy,92.3923023,26.4524994,44,ABB,ONAN,2019-05-23,False,False,"Ward No. 14, Substation 121, Nagaon",Nagaon,IN_SERVICE
76cef8a5-2335-43f5-9a4a-c937368a0fbf,100254,SS_104,Kamrup Metro Substation 104,FD_UNKNOWN,Unknown Feeder,100.0,27,False,68.7821736531454,34.1500629132654,74,0.2522,healthy,91.7645922,26.1424488,47,ABB,ONAN,1999-05-08,False,False,"Ward No. 10, Substation 104, Kamrup Metro",Kamrup Metro,IN_SERVICE
7733afcc-ec59-4172-a1b4-34117762a8d9,100838,SS_163,Dibrugarh Substation 163,FD_UNKNOWN,Unknown Feeder,100.0,6,True,66.5218749015557,34.1512293451466,73,0.2637,healthy,95.3429761,27.4825947,82,ABB,ONAF,2020-04-10,False,False,"Ward No. 1, Substation 163, Dibrugarh",Dibrugarh,IN_SERVICE
77466f9e-fdea-4e29-ae70-11e77cdd2172,145,SS_133,Cachar Substation 133,FD_UNKNOWN,Unknown Feeder,63.0,15,False,63.9515252072735,34.2100228847224,72,0.2725,healthy,92.4867608,24.9518244,103,ABB,ONAF,2011-05-17,False,False,"Ward No. 14, Substation 133, Unknown",Unknown,IN_SERVICE
78c38427-5ab0-4cda-b279-ac95557a0a3b,100381,SS_121,Nagaon Substation 121,FD_UNKNOWN,Unknown Feeder,315.0,20,True,118.290451620105,93.3474609541777,22,0.7741,warning,92.6639524,26.347434,44,Voltamp,ONAN,2006-11-05,False,False,"Ward No. 9, Substation 121, Nagaon",Nagaon,IN_SERVICE
7993d599-ff1e-4735-b341-e7a281199297,100280,SS_105,Kamrup Metro Substation 105,FD_UNKNOWN,Unknown Feeder,500.0,23,True,61.0777045649831,34.2755057477959,76,0.2365,healthy,91.8062693,26.1221319,93,Crompton,ONAN,2003-09-22,False,False,"Ward No. 14, Substation 105, Kamrup Metro",Kamrup Metro,IN_SERVICE
3f0d8f9e-d454-4547-b680-1bd71de838b3,2185,SS_133,Cachar Substation 133,FD_UNKNOWN,Unknown Feeder,25.0,28,False,71.0881702053227,33.9856213294649,70,0.2958,healthy,92.6016071,24.9100576,56,Voltamp,ONAF,1998-08-23,False,False,"Ward No. 5, Substation 133, Unknown",Unknown,IN_SERVICE
3f2dd5d0-489a-4c64-b239-3ea7605e9d5d,100680,SS_151,Jorhat Substation 151,FD_UNKNOWN,Unknown Feeder,200.0,18,False,65.4247860565785,33.7325526598203,75,0.2411,healthy,94.2010669,26.7385005,104,Crompton,ONAF,2008-09-19,False,False,"Ward No. 2, Substation 151, Jorhat",Jorhat,IN_SERVICE
43fae635-1a75-4659-8fd3-14791b8ae3e9,100345,SS_111,Kamrup Substation 111,FD_UNKNOWN,Unknown Feeder,100.0,14,False,63.3169297729117,34.0623096603141,79,0.2085,healthy,91.6952639,26.3456381,93,Voltamp,ONAN,2012-05-25,False,True,"Ward No. 1, Substation 111, Kamrup",Kamrup,IN_SERVICE
45d31423-8005-461f-9ef3-d4b098f2da54,100624,SS_136,Cachar Substation 136,FD_UNKNOWN,Unknown Feeder,250.0,24,True,64.9846779040423,33.9795787450637,76,0.2352,healthy,92.8367163,24.9154435,124,BHEL,ONAN,2002-03-22,False,False,"Ward No. 5, Substation 136, Cachar",Cachar,IN_SERVICE
462881a5-1f3b-442a-a439-19c6362f55bd,100873,SS_171,Lakhimpur Substation 171,FD_UNKNOWN,Unknown Feeder,100.0,37,True,70.0710187290489,34.2783324106851,73,0.265,healthy,93.964693,27.183871,75,Voltamp,ONAF,1989-02-24,False,False,"Ward No. 1, Substation 171, Lakhimpur",Lakhimpur,IN_SERVICE
46428df0-be29-49d8-a098-026a6f429eb6,101076,SS_193,Kokrajhar Substation 193,FD_UNKNOWN,Unknown Feeder,63.0,9,False,67.1142198271737,33.7508905647957,72,0.279,healthy,90.3696639,26.4382445,47,Voltamp,ONAF,2017-07-14,False,False,"Ward No. 9, Substation 193, Kokrajhar",Kokrajhar,IN_SERVICE
7bf06757-1146-47ff-accf-2bde2d536723,100959,SS_181,Sonitpur Substation 181,FD_UNKNOWN,Unknown Feeder,200.0,16,True,64.465308723378,33.9221757508366,76,0.2338,healthy,92.714374,26.3666002,149,Voltamp,ONAN,2010-07-01,False,False,"Ward No. 14, Substation 181, Sonitpur",Sonitpur,IN_SERVICE
7c330a2d-fcb8-4409-8104-4c453970492f,101139,SS_202,Golaghat Substation 202,FD_UNKNOWN,Unknown Feeder,250.0,15,False,64.2952416994838,33.8231453704801,75,0.2463,healthy,93.9392209,26.6923252,104,Siemens,ONAF,2011-03-19,True,True,"Ward No. 9, Substation 202, Golaghat",Golaghat,IN_SERVICE
7c45d57a-b791-4902-bfc9-b02e5d3c3fa1,100594,SS_135,Cachar Substation 135,FD_UNKNOWN,Unknown Feeder,500.0,11,True,63.0151552137515,33.5547085383348,70,0.2946,healthy,92.7922131,24.8309519,120,Voltamp,ONAF,2015-03-17,False,False,"Ward No. 12, Substation 135, Cachar",Cachar,IN_SERVICE
7db68d90-75f1-48c8-99a8-50ba015569dd,100824,SS_162,Tinsukia Substation 162,FD_UNKNOWN,Unknown Feeder,100.0,13,True,66.2822128480609,34.0929676737264,74,0.2544,healthy,95.3663889,27.1843094,52,BHEL,ONAN,2013-01-10,False,True,"Ward No. 5, Substation 162, Tinsukia",Tinsukia,IN_SERVICE
7dbc842a-67cd-4b96-9b1a-d1b0e2cd9244,370,SS_133,Cachar Substation 133,FD_UNKNOWN,Unknown Feeder,100.0,23,False,68.9469667051575,33.9408884922245,73,0.2627,healthy,92.6587917,24.91913,148,Siemens,ONAF,2003-02-19,True,True,"Ward No. 9, Substation 133, Unknown",Unknown,IN_SERVICE
7dc55a0c-9b46-4f9c-af42-6995b1ca5657,100848,SS_163,Dibrugarh Substation 163,FD_UNKNOWN,Unknown Feeder,200.0,24,False,64.9759626951524,33.7512544690112,73,0.2602,healthy,95.3516507,27.4970136,104,ABB,ONAN,2002-02-07,False,False,"Ward No. 8, Substation 163, Dibrugarh",Dibrugarh,IN_SERVICE
7e09ed43-c054-4b94-b554-b68e6ce63e20,2167,SS_133,Cachar Substation 133,FD_UNKNOWN,Unknown Feeder,16.0,8,False,65.5253865226052,33.9703350367534,71,0.2869,healthy,92.5626613,25.0071856,83,BHEL,ONAN,2018-09-16,False,False,"Ward No. 11, Substation 133, Unknown",Unknown,IN_SERVICE
7e4f17dd-84b5-4df7-8bf0-106fa9e1bf83,100839,SS_163,Dibrugarh Substation 163,FD_UNKNOWN,Unknown Feeder,200.0,9,False,67.624602128898,34.10502136074,72,0.2768,healthy,95.3533053,27.4858861,110,BHEL,ONAN,2017-05-11,False,False,"Ward No. 3, Substation 163, Dibrugarh",Dibrugarh,IN_SERVICE
7f03e6d1-dff5-4f1b-bcda-e42234eac882,101327,SS_244,Barpeta Substation 244,FD_UNKNOWN,Unknown Feeder,100.0,14,False,63.851189846561,33.7111657380852,77,0.2273,healthy,90.7979143,26.4681936,112,Voltamp,ONAN,2012-07-07,False,False,"Ward No. 2, Substation 244, Barpeta",Barpeta,IN_SERVICE
8197861f-aa51-4aab-8437-439e587fa780,100866,SS_171,Lakhimpur Substation 171,FD_UNKNOWN,Unknown Feeder,25.0,8,False,66.477152726961,33.6300731526762,71,0.2858,healthy,94.0959673,27.2292361,42,ABB,ONAF,2018-02-02,False,False,"Ward No. 14, Substation 171, Lakhimpur",Lakhimpur,IN_SERVICE
8242a697-c597-41ff-b7ef-e242dd51490b,100802,SS_162,Tinsukia Substation 162,FD_UNKNOWN,Unknown Feeder,500.0,21,False,66.5281494349438,34.2190029987499,71,0.2801,healthy,95.3797308,27.4860869,52,ABB,ONAN,2005-02-16,False,True,"Ward No. 4, Substation 162, Tinsukia",Tinsukia,IN_SERVICE
825be6fb-8538-409a-b6e4-65e0cb5910d7,115,SS_133,Cachar Substation 133,FD_UNKNOWN,Unknown Feeder,250.0,8,False,64.4711835759124,33.461534144,73,0.2602,healthy,92.5667217,24.9470533,129,Siemens,ONAN,2018-05-14,False,True,"Ward No. 9, Substation 133, Unknown",Unknown,IN_SERVICE
83995f73-f0d6-4c55-a70b-8e552bd95bab,100295,SS_105,Kamrup Metro Substation 105,FD_UNKNOWN,Unknown Feeder,200.0,21,False,64.8350706441659,33.7026279271326,76,0.2397,healthy,91.8088994,26.1310897,148,BHEL,ONAN,2005-03-16,False,False,"Ward No. 3, Substation 105, Kamrup Metro",Kamrup Metro,IN_SERVICE
83beaa8e-f306-4201-b10c-77137b10dbc9,100813,SS_162,Tinsukia Substation 162,FD_UNKNOWN,Unknown Feeder,63.0,29,False,69.550805989886,33.6401575073867,69,0.3033,healthy,95.2712864,27.3659076,53,Crompton,ONAN,1997-05-25,False,False,"Ward No. 8, Substation 162, Tinsukia",Tinsukia,IN_SERVICE
83fe93c2-551f-4ccc-a559-d6ec5a81db0e,100285,SS_105,Kamrup Metro Substation 105,FD_UNKNOWN,Unknown Feeder,100.0,14,True,69.1375367785591,34.3218900504995,76,0.2301,healthy,91.7793794,26.1665774,82,Siemens,ONAF,2012-01-06,False,False,"Ward No. 12, Substation 105, Kamrup Metro",Kamrup Metro,IN_SERVICE
841c8df4-dcfc-47aa-ad0e-0d0c5e80f8c5,100127,SS_102,Kamrup Metro Substation 102,FD_UNKNOWN,Unknown Feeder,200.0,17,True,65.3798926638498,33.5583088013983,76,0.2395,healthy,91.8079403,26.1311817,71,Siemens,ONAN,2009-03-26,False,False,"Ward No. 8, Substation 102, Kamrup Metro",Kamrup Metro,IN_SERVICE
84462541-cbd7-450c-928a-764b18c0f021,100749,SS_161,Dibrugarh Substation 161,FD_UNKNOWN,Unknown Feeder,315.0,10,True,64.0628699193102,33.686240721721,74,0.2519,healthy,94.9001477,27.4795977,116,Voltamp,ONAN,2016-01-22,False,True,"Ward No. 6, Substation 161, Dibrugarh",Dibrugarh,IN_SERVICE
84f53fd4-c419-4759-bf9e-63e0991e305c,101015,SS_191,Goalpara Substation 191,FD_UNKNOWN,Unknown Feeder,200.0,17,True,63.3306457681059,32.9987252634751,75,0.2428,healthy,90.628695,25.912899,103,Voltamp,ONAF,2009-07-03,False,False,"Ward No. 9, Substation 191, Goalpara",Goalpara,IN_SERVICE
8551c46a-8e79-4f53-a821-ea3e8f0e61a4,126,SS_133,Cachar Substation 133,FD_UNKNOWN,Unknown Feeder,250.0,7,False,66.5915190345497,33.7879996657174,75,0.2484,healthy,92.5564977,24.9723066,76,Siemens,ONAN,2019-10-16,False,False,"Ward No. 4, Substation 133, Unknown",Unknown,IN_SERVICE
8584dcd8-3d69-44c9-8d7d-b9f8a4b0f138,100194,SS_103,Kamrup Metro Substation 103,FD_UNKNOWN,Unknown Feeder,500.0,9,True,119.494215851527,92.2375678771221,19,0.8083,warning,91.8699154,26.1007508,92,Siemens,ONAN,2017-02-06,False,False,"Ward No. 8, Substation 103, Kamrup Metro",Kamrup Metro,IN_SERVICE
859b58ea-9b04-4e11-995b-ee819f61c15c,612,SS_133,Cachar Substation 133,FD_UNKNOWN,Unknown Feeder,16.0,16,False,121.437683520687,92.0806637355377,22,0.7761,warning,92.5431181,24.8750363,127,Siemens,ONAF,2010-01-08,True,False,"Ward No. 12, Substation 133, Unknown",Unknown,IN_SERVICE
85f3ca59-1c4a-4333-a198-b6243333d321,100881,SS_171,Lakhimpur Substation 171,FD_UNKNOWN,Unknown Feeder,100.0,7,False,66.761795093435,33.3414691479172,75,0.2434,healthy,93.7454997,27.1281628,33,Crompton,ONAF,2019-02-20,False,False,"Ward No. 1, Substation 171, Lakhimpur",Lakhimpur,IN_SERVICE
864c8a1b-9980-48ca-b704-7ac6a322cc37,139,SS_133,Cachar Substation 133,FD_UNKNOWN,Unknown Feeder,63.0,14,False,63.4039386429489,33.8478494046919,75,0.2439,healthy,92.5355262,24.9758216,34,Crompton,ONAF,2012-03-07,False,False,"Ward No. 7, Substation 133, Unknown",Unknown,IN_SERVICE
86a23655-14eb-4076-b172-8dc2f16b9368,100953,SS_181,Sonitpur Substation 181,FD_UNKNOWN,Unknown Feeder,250.0,20,False,67.4687003011075,34.2821147681455,73,0.2692,healthy,92.9000664,26.8050619,36,Crompton,ONAN,2006-02-01,False,False,"Ward No. 6, Substation 181, Sonitpur",Sonitpur,IN_SERVICE
86aa28d6-daa8-4b29-ba52-aabd26c45f0c,100555,SS_134,Cachar Substation 134,FD_UNKNOWN,Unknown Feeder,250.0,16,False,66.1064073118788,33.8340648382015,73,0.2666,healthy,92.5647365,24.6739427,50,Siemens,ONAN,2010-06-16,False,False,"Ward No. 6, Substation 134, Cachar",Cachar,IN_SERVICE
86b53d0c-7f94-43ee-93e0-d3e717ca7dd3,100471,SS_123,Hojai Substation 123,FD_UNKNOWN,Unknown Feeder,250.0,12,False,64.8327549522852,33.6816517921241,77,0.2288,healthy,93.0298574,26.1059221,103,BHEL,ONAN,2014-05-14,False,False,"Ward No. 3, Substation 123, Hojai",Hojai,IN_SERVICE
87699e22-35e7-419d-911e-3885907409a4,101321,SS_244,Barpeta Substation 244,FD_UNKNOWN,Unknown Feeder,63.0,8,False,68.6570612560214,33.6331366518103,71,0.2894,healthy,91.0019536,26.3353589,24,ABB,ONAF,2018-11-14,True,False,"Ward No. 7, Substation 244, Barpeta",Barpeta,IN_SERVICE
877e23fc-6e66-46e5-a407-6ad1989909d8,100751,SS_161,Dibrugarh Substation 161,FD_UNKNOWN,Unknown Feeder,200.0,13,False,70.6638076730059,33.9107626351508,68,0.3199,healthy,94.9111354,27.4729107,55,Siemens,ONAF,2013-06-16,True,False,"Ward No. 10, Substation 161, Dibrugarh",Dibrugarh,IN_SERVICE
87a40a9e-c262-451b-8e94-6159c265c580,100773,SS_161,Dibrugarh Substation 161,FD_UNKNOWN,Unknown Feeder,315.0,35,True,65.8223766868843,33.8235118905773,73,0.2678,healthy,95.0850978,27.4603111,124,Crompton,ONAN,1991-07-13,False,False,"Ward No. 11, Substation 161, Dibrugarh",Dibrugarh,IN_SERVICE
87bd8e49-1818-47a0-976a-f77e13fb82d4,100085,SS_102,Kamrup Metro Substation 102,FD_UNKNOWN,Unknown Feeder,315.0,13,False,68.438923129096,33.4106261482713,70,0.2956,healthy,91.8547073,26.1058944,32,Crompton,ONAN,2013-05-12,False,False,"Ward No. 7, Substation 102, Kamrup Metro",Kamrup Metro,IN_SERVICE
87bdbedf-8f0d-4a86-a7c9-8443789be6b2,100411,SS_121,Nagaon Substation 121,FD_UNKNOWN,Unknown Feeder,200.0,23,True,64.7805888878001,33.9633935832412,77,0.2227,healthy,92.3860006,26.2601066,78,Siemens,ONAF,2003-10-09,False,True,"Ward No. 14, Substation 121, Nagaon",Nagaon,IN_SERVICE
88106fa5-1f8e-46f2-9a6d-700e5560d980,100519,SS_133,Cachar Substation 133,FD_UNKNOWN,Unknown Feeder,100.0,23,True,118.688723981906,91.2088530571829,26,0.7393,warning,92.5632382,24.6718333,29,Crompton,ONAN,2003-07-23,False,True,"Ward No. 1, Substation 133, Cachar",Cachar,IN_SERVICE
88a8046e-1191-4a39-ba47-062d1bb51eba,100196,SS_103,Kamrup Metro Substation 103,FD_UNKNOWN,Unknown Feeder,315.0,10,False,66.6585484410252,33.3172177738674,74,0.2558,healthy,91.7663061,26.1848065,66,ABB,ONAF,2016-07-21,False,True,"Ward No. 5, Substation 103, Kamrup Metro",Kamrup Metro,IN_SERVICE
89be07c0-3f40-487c-a6ea-63da55a63820,100567,SS_134,Cachar Substation 134,FD_UNKNOWN,Unknown Feeder,63.0,33,True,66.0281497411446,33.9178777425602,72,0.2731,healthy,92.362293,24.8680876,28,Siemens,ONAN,1993-10-22,False,False,"Ward No. 3, Substation 134, Cachar",Cachar,IN_SERVICE
8bd10913-9a0c-475a-93b6-f0326892c278,100541,SS_133,Cachar Substation 133,FD_UNKNOWN,Unknown Feeder,500.0,14,True,64.4475502644039,33.4557775331203,73,0.2683,healthy,93.0098019,25.180907,73,Siemens,ONAN,2012-06-06,False,False,"Ward No. 10, Substation 133, Cachar",Cachar,IN_SERVICE
8be89e18-73b4-4f40-821b-9bcad329d198,100844,SS_163,Dibrugarh Substation 163,FD_UNKNOWN,Unknown Feeder,200.0,9,True,69.4309357370457,33.5389961041983,73,0.2691,healthy,95.3484441,27.4941647,91,Voltamp,ONAN,2017-04-12,False,True,"Ward No. 8, Substation 163, Dibrugarh",Dibrugarh,IN_SERVICE
8bf0c0c3-86ac-48e6-aad3-f3d529391a11,101318,SS_244,Barpeta Substation 244,FD_UNKNOWN,Unknown Feeder,100.0,11,True,65.8922905515154,33.7622560630536,74,0.2557,healthy,90.967277,26.45838,146,BHEL,ONAN,2015-04-04,False,False,"Ward No. 8, Substation 244, Barpeta",Barpeta,IN_SERVICE
924c1757-0de6-46aa-bf84-e4c3bccf9698,101153,SS_202,Golaghat Substation 202,FD_UNKNOWN,Unknown Feeder,500.0,18,False,68.414359505074,33.7468647582299,67,0.3203,healthy,94.1493425,26.7322441,106,ABB,ONAN,2008-01-08,False,False,"Ward No. 13, Substation 202, Golaghat",Golaghat,IN_SERVICE
924ef9be-55a0-4cbe-bf70-e47769983743,525,SS_133,Cachar Substation 133,FD_UNKNOWN,Unknown Feeder,250.0,17,False,67.607824866921,34.1949586069136,75,0.2456,healthy,92.5832123,24.8790639,124,BHEL,ONAF,2009-08-03,False,False,"Ward No. 3, Substation 133, Unknown",Unknown,IN_SERVICE
92813fd7-93d8-4343-be35-d8edf67ef46e,50,SS_133,Cachar Substation 133,FD_UNKNOWN,Unknown Feeder,25.0,17,False,64.8904287001695,33.6390047867663,69,0.3074,healthy,92.4433517,24.999775,87,Voltamp,ONAN,2009-04-26,True,False,"Ward No. 8, Substation 133, Unknown",Unknown,IN_SERVICE
92c67b99-61ca-420c-a17e-9884a5c1f561,100948,SS_181,Sonitpur Substation 181,FD_UNKNOWN,Unknown Feeder,25.0,30,True,62.6654306125387,34.5783165344656,71,0.2823,healthy,92.8179123,26.4671094,81,ABB,ONAN,1996-04-01,False,False,"Ward No. 4, Substation 181, Sonitpur",Sonitpur,IN_SERVICE
939acc83-893b-4d1f-b661-5e49b02a8217,100778,SS_161,Dibrugarh Substation 161,FD_UNKNOWN,Unknown Feeder,63.0,13,True,69.9329459064452,33.342838863209,71,0.2814,healthy,95.156457,27.387463,132,Crompton,ONAN,2013-04-12,False,True,"Ward No. 10, Substation 161, Dibrugarh",Dibrugarh,IN_SERVICE
9469073c-92a0-48ce-a7d7-55d4f59f467e,101348,SS_251,Chirang Substation 251,FD_UNKNOWN,Unknown Feeder,100.0,16,True,68.5584297612156,33.9623560865869,75,0.2472,healthy,90.5395532,26.4738215,137,Voltamp,ONAN,2010-11-06,False,False,"Ward No. 2, Substation 251, Chirang",Chirang,IN_SERVICE
96aff73f-7616-45fc-a281-0a35947a1afe,180,SS_133,Cachar Substation 133,FD_UNKNOWN,Unknown Feeder,16.0,13,False,65.2018953527665,33.9121785752166,72,0.274,healthy,92.4394882,25.017396,33,BHEL,ONAF,2013-11-19,False,False,"Ward No. 8, Substation 133, Unknown",Unknown,IN_SERVICE
978efcee-192c-4b5b-aebe-58d6e636e651,100829,SS_162,Tinsukia Substation 162,FD_UNKNOWN,Unknown Feeder,100.0,9,True,118.746544922559,91.7437806158272,26,0.7387,warning,95.0100526,27.4557574,91,Siemens,ONAN,2017-09-24,False,True,"Ward No. 2, Substation 162, Tinsukia",Tinsukia,IN_SERVICE
97ffe2d7-6cbf-454a-ae1d-93dd53b62a8d,100084,SS_102,Kamrup Metro Substation 102,FD_UNKNOWN,Unknown Feeder,250.0,7,False,65.6057787761327,33.5641380486005,72,0.271,healthy,91.7629128,26.1702447,20,BHEL,ONAN,2019-11-22,False,False,"Ward No. 5, Substation 102, Kamrup Metro",Kamrup Metro,IN_SERVICE
983b6c1c-700d-4121-9049-521ee13a6859,100543,SS_133,Cachar Substation 133,FD_UNKNOWN,Unknown Feeder,100.0,17,True,69.6721345780764,33.700595502412,73,0.2681,healthy,93.0184293,25.1874836,100,BHEL,ONAN,2009-10-17,False,False,"Ward No. 13, Substation 133, Cachar",Cachar,IN_SERVICE
9919aa3e-e0cf-4027-8e6a-0b4838359c64,100701,SS_151,Jorhat Substation 151,FD_UNKNOWN,Unknown Feeder,200.0,18,False,65.1043967868863,33.1221064895956,74,0.2518,healthy,93.9767799,26.6882345,64,Siemens,ONAN,2008-06-08,False,False,"Ward No. 6, Substation 151, Jorhat",Jorhat,IN_SERVICE
991f02fd-7fba-4611-8e15-cff506061501,101225,SS_221,Karbi Anglong Substation 221,FD_UNKNOWN,Unknown Feeder,200.0,6,True,65.1707995918095,34.1630726255064,74,0.2582,healthy,93.7035979,25.9083545,76,BHEL,ONAF,2020-07-16,False,False,"Ward No. 1, Substation 221, Karbi Anglong",Karbi Anglong,IN_SERVICE
9bc16a7a-1d7d-407e-915a-60fb388e49c7,101260,SS_241,Nalbari Substation 241,FD_UNKNOWN,Unknown Feeder,250.0,12,False,65.9520770404486,34.1586749015007,72,0.2707,healthy,91.4358691,26.4409882,114,Voltamp,ONAF,2014-08-10,False,False,"Ward No. 10, Substation 241, Nalbari",Nalbari,IN_SERVICE
9e75a5ca-f9ac-4f5a-9ba4-77640ae3b46f,100112,SS_102,Kamrup Metro Substation 102,FD_UNKNOWN,Unknown Feeder,100.0,8,False,63.5600444115765,33.6781417771887,74,0.2509,healthy,91.6814189,26.1280003,36,Crompton,ONAN,2018-10-07,False,False,"Ward No. 10, Substation 102, Kamrup Metro",Kamrup Metro,IN_SERVICE
9ebd2bec-d05e-4753-b004-92bf8f56dba8,100157,SS_103,Kamrup Metro Substation 103,FD_UNKNOWN,Unknown Feeder,200.0,10,True,120.088393748666,90.7419082406649,27,0.7288,warning,91.7805651,26.1625527,94,Siemens,ONAN,2016-02-23,False,False,"Ward No. 13, Substation 103, Kamrup Metro",Kamrup Metro,IN_SERVICE
a034cd33-3b4e-42b6-afef-80f0e101a007,100177,SS_103,Kamrup Metro Substation 103,FD_UNKNOWN,Unknown Feeder,25.0,11,False,63.4153102846604,34.0649662881096,71,0.2898,healthy,91.7788842,26.1443909,103,BHEL,ONAN,2015-11-08,False,False,"Ward No. 5, Substation 103, Kamrup Metro",Kamrup Metro,IN_SERVICE
a09cd881-f1a6-4081-b3f2-effd71ddb0c8,100746,SS_161,Dibrugarh Substation 161,FD_UNKNOWN,Unknown Feeder,100.0,30,False,67.7627830966034,33.2397128623602,75,0.25,healthy,94.9187603,27.4876483,108,Siemens,ONAN,1996-06-22,False,False,"Ward No. 3, Substation 161, Dibrugarh",Dibrugarh,IN_SERVICE
a193f45a-5663-4417-b85b-e6df33b20dac,100725,SS_152,Jorhat Substation 152,FD_UNKNOWN,Unknown Feeder,200.0,20,False,67.1574997595007,33.6318740659882,73,0.269,healthy,94.2021123,26.7466487,104,BHEL,ONAN,2006-08-24,False,False,"Ward No. 1, Substation 152, Jorhat",Jorhat,IN_SERVICE
a977b1a7-cbab-4981-bba1-da972c4dcdf1,2160,SS_133,Cachar Substation 133,FD_UNKNOWN,Unknown Feeder,25.0,11,False,67.2246552926481,33.5593979793583,68,0.3169,healthy,92.6731217,24.8856517,34,Crompton,ONAF,2015-08-04,False,True,"Ward No. 12, Substation 133, Unknown",Unknown,IN_SERVICE
aa130b86-e229-4a27-a034-c392a8c49f70,2164,SS_133,Cachar Substation 133,FD_UNKNOWN,Unknown Feeder,63.0,10,False,66.3673747879419,33.7181197197191,71,0.2897,healthy,92.43447,25.0029883,85,BHEL,ONAN,2016-07-24,False,False,"Ward No. 12, Substation 133, Unknown",Unknown,IN_SERVICE
aa570160-e6a4-4aa6-ae76-00a23392d41e,100561,SS_134,Cachar Substation 134,FD_UNKNOWN,Unknown Feeder,250.0,20,False,67.680295688577,33.8072373591046,70,0.2968,healthy,92.3706032,24.8607814,95,Voltamp,ONAF,2006-03-13,False,False,"Ward No. 6, Substation 134, Cachar",Cachar,IN_SERVICE
b3b99375-dd89-4151-9198-7b85b337cd36,101290,SS_242,Baksa Substation 242,FD_UNKNOWN,Unknown Feeder,250.0,13,False,64.5689077693523,33.7113449844545,76,0.2391,healthy,91.1672137,26.5078672,80,Siemens,ONAN,2013-06-22,False,True,"Ward No. 14, Substation 242, Baksa",Baksa,IN_SERVICE
babc47ce-d2e6-4957-be86-2521d3667292,144,SS_133,Cachar Substation 133,FD_UNKNOWN,Unknown Feeder,16.0,12,False,64.8275120345125,33.4842730826554,72,0.2768,healthy,92.4979798,24.9573254,84,BHEL,ONAN,2014-07-24,False,False,"Ward No. 12, Substation 133, Unknown",Unknown,IN_SERVICE
bd815476-1509-4a72-bd51-04624a63241b,100002,SS_101,Kamrup Metro Substation 101,FD_UNKNOWN,Unknown Feeder,100.0,32,True,68.5568735315483,34.1207615689949,76,0.2374,healthy,91.7376155,26.1714995,96,ABB,ONAN,1994-09-06,False,False,"Ward No. 1, Substation 101, Kamrup Metro",Kamrup Metro,IN_SERVICE
be5b0f51-675b-4398-a4a5-40a9139dd28d,100449,SS_122,Hojai Substation 122,FD_UNKNOWN,Unknown Feeder,500.0,19,True,66.1368912267678,33.4250977874274,72,0.2783,healthy,92.7130899,26.3658031,69,Crompton,ONAF,2007-09-21,False,False,"Ward No. 4, Substation 122, Hojai",Hojai,IN_SERVICE
bedc9d62-d183-4805-9052-a25723e5d9b4,100309,SS_106,Kamrup Metro Substation 106,FD_UNKNOWN,Unknown Feeder,250.0,6,False,68.3975945401896,33.6945271364143,72,0.2774,healthy,91.694464,26.1509561,24,Crompton,ONAN,2020-03-22,False,True,"Ward No. 6, Substation 106, Kamrup Metro",Kamrup Metro,IN_SERVICE
bf426830-2ddc-4baa-a5b0-487045408e67,100623,SS_136,Cachar Substation 136,FD_UNKNOWN,Unknown Feeder,200.0,24,True,65.6022271067068,33.3791111558326,76,0.2329,healthy,92.800264,24.83185,126,BHEL,ONAF,2002-01-16,False,False,"Ward No. 13, Substation 136, Cachar",Cachar,IN_SERVICE
d30ec0f4-53f3-4403-b1c7-e40221a3e8e0,2163,SS_133,Cachar Substation 133,FD_UNKNOWN,Unknown Feeder,25.0,8,False,68.331594864594,33.7693304015358,69,0.3086,healthy,92.5823275,24.8776801,22,Siemens,ONAF,2018-02-09,False,False,"Ward No. 13, Substation 133, Unknown",Unknown,IN_SERVICE
d3190e88-94e2-43c0-abde-61425a9430df,100932,SS_181,Sonitpur Substation 181,FD_UNKNOWN,Unknown Feeder,315.0,17,True,65.9897788765678,34.1571512559601,73,0.2605,healthy,92.7943335,26.6529164,33,BHEL,ONAN,2009-11-12,False,False,"Ward No. 11, Substation 181, Sonitpur",Sonitpur,IN_SERVICE
d3281c91-17cd-4ef0-9afc-13fd90672dd4,101217,SS_221,Karbi Anglong Substation 221,FD_UNKNOWN,Unknown Feeder,100.0,18,True,66.6189971559006,33.7886017665906,74,0.2569,healthy,93.4304437,25.8368818,41,Siemens,ONAF,2008-08-08,False,True,"Ward No. 13, Substation 221, Karbi Anglong",Karbi Anglong,IN_SERVICE
d3446156-5c0c-477d-b7ba-cc37e9634830,100021,SS_101,Kamrup Metro Substation 101,FD_UNKNOWN,Unknown Feeder,200.0,7,True,66.6509943401865,33.8938951942417,74,0.2567,healthy,91.7645922,26.1424488,84,BHEL,ONAN,2019-06-06,False,False,"Ward No. 13, Substation 101, Kamrup Metro",Kamrup Metro,IN_SERVICE
d43ecd8b-48b8-4aeb-97c9-c30c82f5456b,100065,SS_101,Kamrup Metro Substation 101,FD_UNKNOWN,Unknown Feeder,315.0,11,False,117.538460724079,93.5761540041256,22,0.7738,warning,91.7887959,26.1467609,70,BHEL,ONAF,2015-06-05,False,False,"Ward No. 9, Substation 101, Kamrup Metro",Kamrup Metro,IN_SERVICE
d4c48e50-0d8b-4a13-b9e7-061f6472aaa9,2109,SS_133,Cachar Substation 133,FD_UNKNOWN,Unknown Feeder,25.0,11,False,64.2650368679545,34.0430097466383,71,0.2841,healthy,92.4544688,24.9753592,93,Crompton,ONAN,2015-10-22,False,False,"Ward No. 11, Substation 133, Unknown",Unknown,IN_SERVICE
d5683f8d-d306-4ee1-ac7e-a14df79d32a5,100577,SS_134,Cachar Substation 134,FD_UNKNOWN,Unknown Feeder,63.0,13,True,70.2331557412133,33.4646150819356,74,0.2511,healthy,92.7928722,24.793674,29,BHEL,ONAN,2013-03-27,False,False,"Ward No. 11, Substation 134, Cachar",Cachar,IN_SERVICE
0a7bfb67-4cb2-4cec-a7c5-2f641fa609b8,100560,SS_134,Cachar Substation 134,FD_UNKNOWN,Unknown Feeder,315.0,6,True,65.8529151504687,33.6539247780758,73,0.2693,healthy,92.5730099,24.9684172,74,Siemens,ONAN,2020-08-20,False,False,"Ward No. 11, Substation 134, Cachar",Cachar,IN_SERVICE
0b59af88-618c-4365-afe7-c1f2d323a69e,468,SS_133,Cachar Substation 133,FD_UNKNOWN,Unknown Feeder,25.0,15,True,61.833364244546,34.2911186866886,74,0.2569,healthy,92.4379412,25.00333,45,Crompton,ONAF,2011-06-09,False,False,"Ward No. 13, Substation 133, Unknown",Unknown,IN_SERVICE
0ce5ad44-6937-471d-aa92-7c1a8011ffe5,2073,SS_133,Cachar Substation 133,FD_UNKNOWN,Unknown Feeder,25.0,9,True,65.5515971999188,33.5410612168588,69,0.3018,healthy,92.4840191,24.9887754,148,ABB,ONAF,2017-05-16,False,False,"Ward No. 1, Substation 133, Unknown",Unknown,IN_SERVICE
0f19a02e-c931-4093-b32b-0904aed76347,100660,SS_142,Karimganj Substation 142,FD_UNKNOWN,Unknown Feeder,25.0,10,True,68.9348094404787,33.5510159684968,67,0.3262,healthy,92.3090923,24.8828962,136,Voltamp,ONAN,2016-04-09,False,False,"Ward No. 12, Substation 142, Karimganj",Karimganj,IN_SERVICE
07b47c85-d843-4f51-86c8-ed8e0f322c8b,100692,SS_151,Jorhat Substation 151,FD_UNKNOWN,Unknown Feeder,200.0,14,False,68.8168152485878,32.8841919216404,72,0.2718,healthy,94.2235297,26.6077331,65,Siemens,ONAN,2012-09-17,False,False,"Ward No. 13, Substation 151, Jorhat",Jorhat,IN_SERVICE
07db850a-e6fd-40af-8d27-b98bd3d44603,100869,SS_171,Lakhimpur Substation 171,FD_UNKNOWN,Unknown Feeder,100.0,18,False,64.4170839035048,33.7038490934464,77,0.2223,healthy,94.0173698,27.2436702,75,Crompton,ONAN,2008-01-25,False,False,"Ward No. 1, Substation 171, Lakhimpur",Lakhimpur,IN_SERVICE
108a3be9-8de4-4595-a791-ac7f1c03ceb9,100923,SS_173,Lakhimpur Substation 173,FD_UNKNOWN,Unknown Feeder,315.0,21,False,67.1736583747546,33.719294346315,72,0.2742,healthy,93.9295187,27.1239777,59,BHEL,ONAN,2005-03-24,False,True,"Ward No. 13, Substation 173, Lakhimpur",Lakhimpur,IN_SERVICE
119a382a-0eae-43f1-90bd-f2eb65e53d45,2192,SS_133,Cachar Substation 133,FD_UNKNOWN,Unknown Feeder,25.0,27,False,120.94276449231,91.4537431431251,22,0.7748,warning,92.4242925,24.9725504,104,BHEL,ONAN,1999-09-15,True,False,"Ward No. 4, Substation 133, Unknown",Unknown,IN_SERVICE
11d6f363-6b7b-447e-b770-0430173798c0,1047,SS_133,Cachar Substation 133,FD_UNKNOWN,Unknown Feeder,25.0,15,True,62.8404352085691,33.7332032827692,69,0.3029,healthy,92.5550845,24.8852686,37,Voltamp,ONAN,2011-03-17,False,False,"Ward No. 3, Substation 133, Unknown",Unknown,IN_SERVICE
1271ad90-1165-4732-a36f-877444382b52,101302,SS_243,Barpeta Substation 243,FD_UNKNOWN,Unknown Feeder,63.0,11,False,68.5550472841435,33.5333923336744,72,0.2723,healthy,91.2715269,26.4766416,34,ABB,ONAN,2015-10-20,False,False,"Ward No. 11, Substation 243, Barpeta",Barpeta,IN_SERVICE
1294df26-6f8b-45cc-9e61-4db94f977e5d,101145,SS_202,Golaghat Substation 202,FD_UNKNOWN,Unknown Feeder,100.0,30,False,65.1778306248826,34.3036831217669,75,0.2445,healthy,93.820751,26.6970438,88,Siemens,ONAF,1996-04-27,False,False,"Ward No. 1, Substation 202, Golaghat",Golaghat,IN_SERVICE
12aaa1a6-9490-4332-8c1b-5f57de51feec,100931,SS_181,Sonitpur Substation 181,FD_UNKNOWN,Unknown Feeder,100.0,31,True,68.9638438877834,33.7672952709405,74,0.2559,healthy,92.7952152,26.6530733,110,ABB,ONAN,1995-02-24,False,False,"Ward No. 8, Substation 181, Sonitpur",Sonitpur,IN_SERVICE
19c91f06-daad-416b-849c-d861651c2bee,100221,SS_104,Kamrup Metro Substation 104,FD_UNKNOWN,Unknown Feeder,200.0,9,False,64.2907047158089,33.4319335259749,74,0.2563,healthy,91.6095382,26.1384696,96,BHEL,ONAF,2017-11-04,False,False,"Ward No. 11, Substation 104, Kamrup Metro",Kamrup Metro,IN_SERVICE
1c1fa00e-71c8-4e19-8c91-4f7ed01785a4,100098,SS_102,Kamrup Metro Substation 102,FD_UNKNOWN,Unknown Feeder,100.0,14,False,64.0475449631943,34.7870445551928,78,0.2181,healthy,91.786135,26.130908,75,Siemens,ONAN,2012-07-01,False,True,"Ward No. 1, Substation 102, Kamrup Metro",Kamrup Metro,IN_SERVICE
1c3bfe36-c112-4fa0-b145-1ce52e39bdba,100616,SS_136,Cachar Substation 136,FD_UNKNOWN,Unknown Feeder,200.0,9,True,67.3744403185727,33.7584781414469,75,0.2494,healthy,93.1387555,24.778685,21,Siemens,ONAN,2017-08-01,False,False,"Ward No. 1, Substation 136, Cachar",Cachar,IN_SERVICE
22948822-ae82-4108-b711-79709d6c63f4,160,SS_133,Cachar Substation 133,FD_UNKNOWN,Unknown Feeder,100.0,16,True,69.0743466758128,33.6021392449539,72,0.272,healthy,92.4590091,24.9745778,48,Crompton,ONAF,2010-11-03,False,True,"Ward No. 9, Substation 133, Unknown",Unknown,IN_SERVICE
23542851-5c9e-46ae-8db0-3df9e7179f2f,100653,SS_142,Karimganj Substation 142,FD_UNKNOWN,Unknown Feeder,100.0,9,False,64.9803784821807,33.9972988997369,78,0.2175,healthy,92.3624667,24.8677918,115,Voltamp,ONAF,2017-02-18,False,False,"Ward No. 3, Substation 142, Karimganj",Karimganj,IN_SERVICE
237bd232-6b30-4926-b1de-31ef4c99e7a4,100004,SS_101,Kamrup Metro Substation 101,FD_UNKNOWN,Unknown Feeder,250.0,16,True,66.7879368130062,33.9605815820619,76,0.2347,healthy,91.694464,26.1509561,108,Crompton,ONAF,2010-10-02,False,False,"Ward No. 14, Substation 101, Kamrup Metro",Kamrup Metro,IN_SERVICE
23c79963-6bad-4da4-be03-f7476c4c2e95,1028,SS_133,Cachar Substation 133,FD_UNKNOWN,Unknown Feeder,100.0,27,False,65.4199499415408,34.211856123997,75,0.2423,healthy,92.5728383,24.92543,63,BHEL,ONAF,1999-01-04,False,False,"Ward No. 13, Substation 133, Unknown",Unknown,IN_SERVICE
2471b2dd-ae36-442e-a274-e6d3be15ae12,504,SS_133,Cachar Substation 133,FD_UNKNOWN,Unknown Feeder,250.0,15,True,121.453821532596,94.6737502446528,23,0.7642,warning,92.5906105,24.9071669,148,Crompton,ONAN,2011-06-03,False,False,"Ward No. 8, Substation 133, Unknown",Unknown,IN_SERVICE
24753df7-d072-44ed-b688-7467314c56b0,2223,SS_133,Cachar Substation 133,FD_UNKNOWN,Unknown Feeder,25.0,6,False,65.8380981635546,33.9097134395128,71,0.284,healthy,92.5015992,24.9809245,79,Voltamp,ONAN,2020-10-24,False,False,"Ward No. 10, Substation 133, Unknown",Unknown,IN_SERVICE
24d52475-6091-4f1c-bf02-f661abad9f49,100586,SS_135,Cachar Substation 135,FD_UNKNOWN,Unknown Feeder,100.0,5,True,63.5077059378304,33.9206650021859,77,0.225,healthy,93.0153112,24.8244991,113,ABB,ONAN,2021-02-10,False,True,"Ward No. 6, Substation 135, Cachar",Cachar,IN_SERVICE
25606bcb-7d6f-40da-bc41-d4932dfdfede,100752,SS_161,Dibrugarh Substation 161,FD_UNKNOWN,Unknown Feeder,100.0,16,False,68.6402894056431,33.9500852205554,75,0.2423,healthy,94.9271375,27.4915127,146,Siemens,ONAN,2010-06-21,False,True,"Ward No. 7, Substation 161, Dibrugarh",Dibrugarh,IN_SERVICE
25d4c390-86e5-4055-9bc4-4a3d1d663d28,100861,SS_164,Dibrugarh Substation 164,FD_UNKNOWN,Unknown Feeder,200.0,11,False,64.0198966056208,33.5679298641142,77,0.2222,healthy,95.379983,27.485901,82,BHEL,ONAN,2015-09-10,False,False,"Ward No. 13, Substation 164, Dibrugarh",Dibrugarh,IN_SERVICE
2627187b-73ac-4dfb-97b1-ffad873263ec,100508,SS_133,Cachar Substation 133,FD_UNKNOWN,Unknown Feeder,100.0,10,True,67.6682187674276,34.4187189365381,74,0.2588,healthy,92.928747,24.944708,114,ABB,ONAN,2016-04-16,False,False,"Ward No. 14, Substation 133, Cachar",Cachar,IN_SERVICE
368d477d-e1f4-4d43-9644-8fc30977b819,100382,SS_121,Nagaon Substation 121,FD_UNKNOWN,Unknown Feeder,315.0,20,False,69.6549646843718,33.8239178979216,72,0.272,healthy,92.6644501,26.3564691,142,Voltamp,ONAN,2006-10-12,False,True,"Ward No. 12, Substation 121, Nagaon",Nagaon,IN_SERVICE
36f6dee6-713f-4f81-bb1f-f219347a22bc,100478,SS_124,Nagaon Substation 124,FD_UNKNOWN,Unknown Feeder,25.0,6,True,64.917197641451,33.4947597043552,70,0.2973,healthy,92.5153287,26.2457146,36,Crompton,ONAF,2020-07-05,False,True,"Ward No. 8, Substation 124, Nagaon",Nagaon,IN_SERVICE
37707844-0d56-4d6e-8a79-8f8a4c3c7c27,100256,SS_104,Kamrup Metro Substation 104,FD_UNKNOWN,Unknown Feeder,100.0,12,False,69.4475046298406,34.1391206875281,73,0.2672,healthy,91.6771799,26.2074223,59,BHEL,ONAN,2014-02-27,False,False,"Ward No. 12, Substation 104, Kamrup Metro",Kamrup Metro,IN_SERVICE
39f72930-ef0c-41df-8c50-6d10450d800b,100727,SS_152,Jorhat Substation 152,FD_UNKNOWN,Unknown Feeder,200.0,7,True,69.0141582804721,33.6455387881112,75,0.2466,healthy,94.220333,26.7515227,120,BHEL,ONAN,2019-11-18,True,True,"Ward No. 6, Substation 152, Jorhat",Jorhat,IN_SERVICE
3a19acf1-6ea7-41cf-80eb-19889e91e26f,101079,SS_193,Kokrajhar Substation 193,FD_UNKNOWN,Unknown Feeder,315.0,21,True,61.948395610386,33.5039817052632,73,0.2637,healthy,90.1302484,26.4106064,138,BHEL,ONAN,2005-08-22,False,False,"Ward No. 11, Substation 193, Kokrajhar",Kokrajhar,IN_SERVICE
3ce8715e-e953-45bf-9531-7a8ff40fc73c,100233,SS_104,Kamrup Metro Substation 104,FD_UNKNOWN,Unknown Feeder,63.0,14,False,67.3138074722562,32.7539868669225,73,0.2669,healthy,91.7629128,26.1702447,62,ABB,ONAN,2012-10-17,False,False,"Ward No. 1, Substation 104, Kamrup Metro",Kamrup Metro,IN_SERVICE
3e1606b9-bbce-438a-8312-ea5648b35a6a,100894,SS_171,Lakhimpur Substation 171,FD_UNKNOWN,Unknown Feeder,63.0,8,True,119.20950304905,92.2124632752104,26,0.7394,warning,94.201555,26.7575886,30,Voltamp,ONAN,2018-06-21,False,False,"Ward No. 12, Substation 171, Lakhimpur",Lakhimpur,IN_SERVICE
3ed60255-a1e6-4c8d-962a-fa056bc9fd53,100269,SS_104,Kamrup Metro Substation 104,FD_UNKNOWN,Unknown Feeder,200.0,26,False,68.9039606630432,34.3870908484664,72,0.2728,healthy,91.7691153,26.1658526,125,ABB,ONAF,2000-09-26,False,False,"Ward No. 6, Substation 104, Kamrup Metro",Kamrup Metro,IN_SERVICE
3edbc6a5-e43f-416b-b736-1170f7c694c0,236,SS_133,Cachar Substation 133,FD_UNKNOWN,Unknown Feeder,100.0,8,True,65.8519100516968,33.8220459754612,75,0.2473,healthy,92.5890967,24.9590683,141,Crompton,ONAF,2018-07-04,False,True,"Ward No. 10, Substation 133, Unknown",Unknown,IN_SERVICE
4376eecd-963c-4611-9977-5e4444550925,100150,SS_103,Kamrup Metro Substation 103,FD_UNKNOWN,Unknown Feeder,63.0,11,False,68.8685668736565,33.4708204679872,72,0.2791,healthy,91.7788063,26.1676312,122,ABB,ONAF,2015-11-27,False,False,"Ward No. 6, Substation 103, Kamrup Metro",Kamrup Metro,IN_SERVICE
4541b7dd-f401-40a5-9b0f-3cc66f817523,101333,SS_244,Barpeta Substation 244,FD_UNKNOWN,Unknown Feeder,200.0,21,False,67.2967555709641,33.2707265957506,73,0.27,healthy,91.2715269,26.4766416,121,ABB,ONAN,2005-11-18,False,False,"Ward No. 9, Substation 244, Barpeta",Barpeta,IN_SERVICE
45509d79-1107-4652-8f36-2beea0b7031d,101267,SS_241,Nalbari Substation 241,FD_UNKNOWN,Unknown Feeder,100.0,8,False,120.072886084057,91.9810552680994,26,0.7399,warning,91.4085688,26.4546178,105,Voltamp,ONAN,2018-08-09,False,False,"Ward No. 7, Substation 241, Nalbari",Nalbari,IN_SERVICE
458b17bd-c8ee-4264-9887-aa60a62d0832,513,SS_133,Cachar Substation 133,FD_UNKNOWN,Unknown Feeder,100.0,19,True,67.3138167254175,34.7466437590518,74,0.2503,healthy,92.5872981,24.9246221,33,BHEL,ONAN,2007-04-13,False,False,"Ward No. 2, Substation 133, Unknown",Unknown,IN_SERVICE
45a2c585-c5d4-4f23-a02d-2f5833ee576a,100007,SS_101,Kamrup Metro Substation 101,FD_UNKNOWN,Unknown Feeder,200.0,24,False,62.8363690021206,33.4710081653847,73,0.262,healthy,91.6963651,26.2171963,137,ABB,ONAF,2002-11-13,False,False,"Ward No. 13, Substation 101, Kamrup Metro",Kamrup Metro,IN_SERVICE
48786624-3003-44a0-9fcf-e0373b24f13e,342,SS_133,Cachar Substation 133,FD_UNKNOWN,Unknown Feeder,100.0,6,True,63.3231080648952,33.7159520608389,77,0.227,healthy,92.6618018,24.9221694,58,BHEL,ONAN,2020-06-17,True,False,"Ward No. 3, Substation 133, Unknown",Unknown,IN_SERVICE
4895adb3-3f1c-48f8-9576-9cec5f4ff3bd,100630,SS_141,Hailakandi Substation 141,FD_UNKNOWN,Unknown Feeder,100.0,23,True,62.3085673822636,34.0822637106058,80,0.1982,healthy,92.5647365,24.6739427,34,Siemens,ONAN,2003-05-17,False,False,"Ward No. 8, Substation 141, Hailakandi",Hailakandi,IN_SERVICE
4a163962-67d3-4f16-82d5-4d78ac057075,517,SS_133,Cachar Substation 133,FD_UNKNOWN,Unknown Feeder,100.0,24,True,65.4643400446472,33.021026535225,77,0.2276,healthy,92.5967586,24.9308471,57,ABB,ONAF,2002-06-03,False,False,"Ward No. 10, Substation 133, Unknown",Unknown,IN_SERVICE
4a2ca695-ca26-4dc4-bdac-385a1921e19e,2122,SS_133,Cachar Substation 133,FD_UNKNOWN,Unknown Feeder,25.0,10,True,71.1318503883541,33.6923912381113,67,0.3256,healthy,92.4823453,24.9591752,112,Siemens,ONAF,2016-03-22,False,False,"Ward No. 11, Substation 133, Unknown",Unknown,IN_SERVICE
4ae8dcd2-ee43-4f7d-a90c-a4894f1b9b81,2089,SS_133,Cachar Substation 133,FD_UNKNOWN,Unknown Feeder,16.0,18,False,67.3685159305904,33.885050113161,68,0.3171,healthy,92.54935,24.9901817,37,ABB,ONAN,2008-06-20,False,False,"Ward No. 6, Substation 133, Unknown",Unknown,IN_SERVICE
4aea0259-29ff-4ffa-9ca8-b0c04ccc0f95,101172,SS_211,Darrang Substation 211,FD_UNKNOWN,Unknown Feeder,63.0,10,False,66.1233099317481,34.2631201270923,72,0.2708,healthy,91.9573262,26.4130284,45,Voltamp,ONAF,2016-10-17,False,False,"Ward No. 9, Substation 211, Darrang",Darrang,IN_SERVICE
4b26c995-5143-4d5a-9137-d089056c63c9,100181,SS_103,Kamrup Metro Substation 103,FD_UNKNOWN,Unknown Feeder,500.0,10,False,68.3024541493588,33.9232147798186,70,0.2992,healthy,91.7312439,26.1669226,77,Crompton,ONAN,2016-05-03,True,False,"Ward No. 11, Substation 103, Kamrup Metro",Kamrup Metro,IN_SERVICE
a7964c42-2c59-4110-a550-c35c9f355945,100542,SS_133,Cachar Substation 133,FD_UNKNOWN,Unknown Feeder,100.0,12,False,65.7151324236669,34.3974974486128,76,0.2318,healthy,93.0111217,25.1821635,140,BHEL,ONAN,2014-08-09,False,False,"Ward No. 8, Substation 133, Cachar",Cachar,IN_SERVICE
a7c73f9c-5626-4b0d-8379-b586d37bf2f8,100855,SS_164,Dibrugarh Substation 164,FD_UNKNOWN,Unknown Feeder,100.0,23,False,67.8015699113819,33.6500330726467,73,0.2612,healthy,95.2712864,27.3659076,42,ABB,ONAF,2003-11-06,False,False,"Ward No. 7, Substation 164, Dibrugarh",Dibrugarh,IN_SERVICE
a7ca3775-dc67-43a4-bb37-41e80fa43897,101193,SS_211,Darrang Substation 211,FD_UNKNOWN,Unknown Feeder,100.0,10,False,66.4457640723431,33.4249029642046,74,0.2596,healthy,91.7151993,26.3186171,34,ABB,ONAN,2016-01-13,False,False,"Ward No. 5, Substation 211, Darrang",Darrang,IN_SERVICE
a7e6f7f9-cc71-4e70-883f-7bd3d46bc716,100132,SS_102,Kamrup Metro Substation 102,FD_UNKNOWN,Unknown Feeder,200.0,16,False,66.0523943986193,33.7404581850826,74,0.2512,healthy,91.763125,26.1702036,44,BHEL,ONAN,2010-10-01,False,False,"Ward No. 10, Substation 102, Kamrup Metro",Kamrup Metro,IN_SERVICE
a98cd42b-08d8-419c-82bd-0f2989f75dff,100765,SS_161,Dibrugarh Substation 161,FD_UNKNOWN,Unknown Feeder,250.0,14,False,64.69489103506,33.7946988873275,76,0.231,healthy,95.017022,27.509819,69,Siemens,ONAN,2012-05-07,False,False,"Ward No. 10, Substation 161, Dibrugarh",Dibrugarh,IN_SERVICE
aa24e20d-3d81-452d-a858-132962e42356,100568,SS_134,Cachar Substation 134,FD_UNKNOWN,Unknown Feeder,500.0,30,False,119.49691648206,91.9338720472687,19,0.8037,warning,92.3599259,24.871251,62,ABB,ONAN,1996-02-26,False,False,"Ward No. 14, Substation 134, Cachar",Cachar,IN_SERVICE
aa414dc7-33b3-426d-bc0b-5afd6ba3f797,100430,SS_122,Hojai Substation 122,FD_UNKNOWN,Unknown Feeder,25.0,38,False,66.4484355167201,34.276799213112,70,0.2945,healthy,92.9550879,25.9174131,52,Crompton,ONAF,1988-09-11,False,False,"Ward No. 3, Substation 122, Hojai",Hojai,IN_SERVICE
ae54f9fc-5875-4f1f-babc-f8c516b07572,100951,SS_181,Sonitpur Substation 181,FD_UNKNOWN,Unknown Feeder,100.0,17,False,65.5393854544501,33.6492941649855,76,0.2374,healthy,92.9650646,26.7363291,40,Siemens,ONAN,2009-11-24,False,True,"Ward No. 6, Substation 181, Sonitpur",Sonitpur,IN_SERVICE
af02208f-56d1-4155-80ec-93488125c1c7,101114,SS_201,Sivasagar Substation 201,FD_UNKNOWN,Unknown Feeder,500.0,15,False,69.0663565389747,34.2158366854213,72,0.2736,healthy,94.8014545,26.8451947,25,ABB,ONAF,2011-01-24,False,False,"Ward No. 5, Substation 201, Sivasagar",Sivasagar,IN_SERVICE
af49844e-cb84-46c0-8c0e-77d167a3e26f,369,SS_133,Cachar Substation 133,FD_UNKNOWN,Unknown Feeder,63.0,23,True,68.173658515315,34.1343635274234,70,0.292,healthy,92.6711184,24.8925486,70,ABB,ONAN,2003-08-14,True,False,"Ward No. 2, Substation 133, Unknown",Unknown,IN_SERVICE
afbd739d-6054-4972-8096-6875f8a5d0b4,101335,SS_244,Barpeta Substation 244,FD_UNKNOWN,Unknown Feeder,500.0,12,False,67.0667017674102,33.5690169896482,70,0.2961,healthy,90.9476536,26.847543,91,BHEL,ONAN,2014-01-16,False,False,"Ward No. 5, Substation 244, Barpeta",Barpeta,IN_SERVICE
afc6f4a6-85a0-4cdc-9335-3a71b52449f5,101060,SS_193,Kokrajhar Substation 193,FD_UNKNOWN,Unknown Feeder,250.0,10,True,121.154113093313,93.4286585208392,24,0.7576,warning,90.2634833,26.4079568,95,ABB,ONAN,2016-10-01,False,False,"Ward No. 8, Substation 193, Kokrajhar",Kokrajhar,IN_SERVICE
afd5e53c-4e7d-416c-a777-59fdcafdbf07,100722,SS_152,Jorhat Substation 152,FD_UNKNOWN,Unknown Feeder,200.0,9,True,68.7327883633216,34.1224856349643,70,0.2933,healthy,94.2010669,26.7385005,24,Siemens,ONAN,2017-10-01,False,False,"Ward No. 12, Substation 152, Jorhat",Jorhat,IN_SERVICE
affa4e70-a610-4132-b26b-6e39f0201574,101231,SS_221,Karbi Anglong Substation 221,FD_UNKNOWN,Unknown Feeder,200.0,20,False,64.8423687870941,33.7741070083485,74,0.2505,healthy,93.715467,25.9086408,79,Voltamp,ONAF,2006-10-17,False,False,"Ward No. 10, Substation 221, Karbi Anglong",Karbi Anglong,IN_SERVICE
b0030cb6-f80a-4eee-9bcf-a26281cb36cb,100645,SS_141,Hailakandi Substation 141,FD_UNKNOWN,Unknown Feeder,500.0,40,False,66.9893555169735,34.3664841271911,69,0.3042,healthy,92.5730321,24.8766476,36,Siemens,ONAN,1986-06-12,False,True,"Ward No. 1, Substation 141, Hailakandi",Hailakandi,IN_SERVICE
b043c250-308d-4f1d-b59a-16d46bacfd5e,1045,SS_133,Cachar Substation 133,FD_UNKNOWN,Unknown Feeder,25.0,32,False,65.1344232204425,33.3127291646903,68,0.3124,healthy,92.4855904,24.9638836,134,Siemens,ONAN,1994-10-09,False,True,"Ward No. 6, Substation 133, Unknown",Unknown,IN_SERVICE
b0d7c8fb-165d-474a-a9a6-52efd4754e96,101101,SS_201,Sivasagar Substation 201,FD_UNKNOWN,Unknown Feeder,100.0,9,True,65.4841155677347,33.8882011125437,74,0.2524,healthy,94.6428274,26.993347,50,Crompton,ONAF,2017-03-13,False,False,"Ward No. 11, Substation 201, Sivasagar",Sivasagar,IN_SERVICE
b0e1f8ab-7cec-4ec2-b3d8-48e50b7de5f3,100769,SS_161,Dibrugarh Substation 161,FD_UNKNOWN,Unknown Feeder,500.0,17,False,68.0591374113835,33.8956657431687,71,0.2822,healthy,94.8674266,27.3325337,96,Voltamp,ONAN,2009-06-08,False,False,"Ward No. 2, Substation 161, Dibrugarh",Dibrugarh,IN_SERVICE
b1ba776b-f315-4950-9fcb-f5634a0d87b0,100843,SS_163,Dibrugarh Substation 163,FD_UNKNOWN,Unknown Feeder,200.0,19,True,65.0300642146716,33.4926070083388,76,0.2381,healthy,95.3614383,27.4882355,145,Crompton,ONAF,2007-04-27,False,True,"Ward No. 2, Substation 163, Dibrugarh",Dibrugarh,IN_SERVICE
b1eaf992-f4dd-4ef8-a383-bd8381bb4459,101312,SS_243,Barpeta Substation 243,FD_UNKNOWN,Unknown Feeder,63.0,6,False,68.3866316727331,33.4516518886658,71,0.288,healthy,91.3702479,26.4880406,116,BHEL,ONAF,2020-07-07,False,True,"Ward No. 9, Substation 243, Barpeta",Barpeta,IN_SERVICE
b1ef9c0e-4dca-465e-b3c1-e873f253cd95,100720,SS_152,Jorhat Substation 152,FD_UNKNOWN,Unknown Feeder,200.0,17,False,63.3335942498152,33.6033796415729,75,0.2493,healthy,94.3079145,26.6721971,82,ABB,ONAF,2009-09-06,False,False,"Ward No. 5, Substation 152, Jorhat",Jorhat,IN_SERVICE
b2604c1f-51a0-4246-829d-df5a8bb3f560,100041,SS_101,Kamrup Metro Substation 101,FD_UNKNOWN,Unknown Feeder,63.0,18,True,123.231958553212,93.1510866698531,26,0.7397,warning,91.7118479,26.2876425,138,BHEL,ONAN,2008-05-11,False,False,"Ward No. 12, Substation 101, Kamrup Metro",Kamrup Metro,IN_SERVICE
b2be0d96-305d-462a-ac27-813c8bf04332,100340,SS_111,Kamrup Substation 111,FD_UNKNOWN,Unknown Feeder,315.0,18,False,69.5957588838099,33.3518870484593,71,0.29,healthy,91.6332286,26.4074926,31,ABB,ONAN,2008-04-04,False,False,"Ward No. 6, Substation 111, Kamrup",Kamrup,IN_SERVICE
b36c86e9-d3b7-4916-81a4-ca3348bd968f,100531,SS_133,Cachar Substation 133,FD_UNKNOWN,Unknown Feeder,250.0,10,False,63.1795051516964,33.7936087053839,75,0.2436,healthy,93.1387555,24.778685,93,Siemens,ONAN,2016-03-22,False,False,"Ward No. 3, Substation 133, Cachar",Cachar,IN_SERVICE
b37bf039-b94a-4ab1-9a55-e7de211ef9ec,100338,SS_111,Kamrup Substation 111,FD_UNKNOWN,Unknown Feeder,100.0,23,True,63.5387649165688,33.7283439774848,75,0.2472,healthy,91.6299793,26.421647,140,Siemens,ONAF,2003-03-15,False,False,"Ward No. 2, Substation 111, Kamrup",Kamrup,IN_SERVICE
c504125b-b516-4847-9b88-322350dddde5,2079,SS_133,Cachar Substation 133,FD_UNKNOWN,Unknown Feeder,16.0,16,False,120.236453476628,91.2240347140718,22,0.7785,warning,92.5384153,24.9331093,130,BHEL,ONAN,2010-10-14,False,True,"Ward No. 10, Substation 133, Unknown",Unknown,IN_SERVICE
cb3a262f-bf0d-458d-9200-618ec450279f,233,SS_133,Cachar Substation 133,FD_UNKNOWN,Unknown Feeder,16.0,17,True,68.1165500571702,33.9457419012391,67,0.3219,healthy,92.4868399,25.0232498,149,Voltamp,ONAN,2009-11-05,False,False,"Ward No. 2, Substation 133, Unknown",Unknown,IN_SERVICE
cb6b2dc8-6d3c-4ac5-be69-7789b0980609,101184,SS_211,Darrang Substation 211,FD_UNKNOWN,Unknown Feeder,200.0,31,True,120.058886958837,92.3059329269049,26,0.7335,warning,92.2038026,26.7099325,113,ABB,ONAN,1995-03-13,False,False,"Ward No. 4, Substation 211, Darrang",Darrang,IN_SERVICE
cbffde51-bf1b-4404-a3c4-9dd323e64c6c,100808,SS_162,Tinsukia Substation 162,FD_UNKNOWN,Unknown Feeder,100.0,30,False,68.792638890112,33.9087835528707,73,0.2661,healthy,95.2804372,27.4869352,45,Voltamp,ONAN,1996-04-06,False,False,"Ward No. 13, Substation 162, Tinsukia",Tinsukia,IN_SERVICE
cf612302-c9d0-490a-a72f-42e8ee2374d5,101251,SS_231,Dima Hasao Substation 231,FD_UNKNOWN,Unknown Feeder,500.0,14,False,65.837513193735,34.0907715389401,71,0.286,healthy,93.0184293,25.1874836,84,ABB,ONAF,2012-06-08,False,False,"Ward No. 7, Substation 231, Dima Hasao",Dima Hasao,IN_SERVICE
d5117851-d259-493e-b112-8b10f402ace1,101328,SS_244,Barpeta Substation 244,FD_UNKNOWN,Unknown Feeder,500.0,13,False,120.574720826263,89.3201791638656,20,0.7984,warning,91.1056324,26.6820889,78,Siemens,ONAN,2013-06-26,False,False,"Ward No. 5, Substation 244, Barpeta",Barpeta,IN_SERVICE
d5195eeb-2a69-4016-a721-883f35056f7d,100956,SS_181,Sonitpur Substation 181,FD_UNKNOWN,Unknown Feeder,250.0,22,False,67.0209755104165,33.5834588554725,74,0.2587,healthy,92.7428996,26.4156418,48,BHEL,ONAN,2004-02-12,False,False,"Ward No. 3, Substation 181, Sonitpur",Sonitpur,IN_SERVICE
d6315249-699a-44d9-a720-b29b2c3ba8cd,100231,SS_104,Kamrup Metro Substation 104,FD_UNKNOWN,Unknown Feeder,100.0,29,False,67.3964796928723,33.5280896409818,73,0.2637,healthy,91.6963651,26.2171963,73,Siemens,ONAN,1997-02-27,False,False,"Ward No. 4, Substation 104, Kamrup Metro",Kamrup Metro,IN_SERVICE
d71cef1c-593a-40d8-bbd8-11ea3cb9595e,100151,SS_103,Kamrup Metro Substation 103,FD_UNKNOWN,Unknown Feeder,100.0,9,False,68.5020685037409,33.9208591281319,76,0.2373,healthy,91.7858925,26.1310276,108,Siemens,ONAN,2017-01-03,False,False,"Ward No. 3, Substation 103, Kamrup Metro",Kamrup Metro,IN_SERVICE
d7378b51-daab-4f70-ab41-c2f965542788,100899,SS_172,Dhemaji Substation 172,FD_UNKNOWN,Unknown Feeder,63.0,12,False,122.383691114918,93.1757237048532,25,0.7401,warning,94.7045209,27.6596218,24,BHEL,ONAN,2014-01-17,False,False,"Ward No. 1, Substation 172, Dhemaji",Dhemaji,IN_SERVICE
d785d065-1c9c-43e2-ae79-95116f74391e,100102,SS_102,Kamrup Metro Substation 102,FD_UNKNOWN,Unknown Feeder,100.0,8,True,66.2825525233455,34.4982406718891,76,0.2334,healthy,91.694464,26.1509561,99,Siemens,ONAF,2018-11-17,False,False,"Ward No. 9, Substation 102, Kamrup Metro",Kamrup Metro,IN_SERVICE
da8a05ce-ecfe-4cfe-a4be-0bcff4e935c0,100481,SS_124,Nagaon Substation 124,FD_UNKNOWN,Unknown Feeder,100.0,24,False,119.800611419992,91.1703599634559,26,0.7374,warning,92.8058454,26.1393568,28,Crompton,ONAF,2002-03-04,False,False,"Ward No. 6, Substation 124, Nagaon",Nagaon,IN_SERVICE
daca609c-2731-41ba-b535-e545876c77e8,244,SS_133,Cachar Substation 133,FD_UNKNOWN,Unknown Feeder,100.0,13,False,66.0708171011481,33.3818392774589,74,0.2512,healthy,92.576205,24.9677633,95,Voltamp,ONAF,2013-09-21,False,True,"Ward No. 9, Substation 133, Unknown",Unknown,IN_SERVICE
de612ecd-ee02-403d-b0c4-330a803d052a,100054,SS_101,Kamrup Metro Substation 101,FD_UNKNOWN,Unknown Feeder,250.0,9,True,67.1866594666655,34.3439943671817,72,0.2767,healthy,91.7403051,26.171787,52,Voltamp,ONAN,2017-04-26,True,False,"Ward No. 11, Substation 101, Kamrup Metro",Kamrup Metro,IN_SERVICE
df854c20-7202-486d-adc4-6f33687e8277,101253,SS_231,Dima Hasao Substation 231,FD_UNKNOWN,Unknown Feeder,100.0,7,True,67.597342220523,33.8670210866887,74,0.2561,healthy,92.928747,24.944708,120,ABB,ONAN,2019-09-02,False,False,"Ward No. 13, Substation 231, Dima Hasao",Dima Hasao,IN_SERVICE
ece33dcb-a40d-46a8-9123-4366781a68fe,391,SS_133,Cachar Substation 133,FD_UNKNOWN,Unknown Feeder,63.0,26,False,67.7695672406352,33.7728113736597,73,0.2607,healthy,92.63556,24.939965,70,Siemens,ONAN,2000-04-04,False,False,"Ward No. 12, Substation 133, Unknown",Unknown,IN_SERVICE
ece437cb-5858-41f5-a790-d31ebbcf4ee0,100028,SS_101,Kamrup Metro Substation 101,FD_UNKNOWN,Unknown Feeder,63.0,29,True,64.4924101753443,33.999321447229,71,0.2841,healthy,91.8062693,26.1221319,71,ABB,ONAF,1997-09-14,False,False,"Ward No. 14, Substation 101, Kamrup Metro",Kamrup Metro,IN_SERVICE
ecfc1311-4052-46bf-bbb9-7c39b01a3ccd,249,SS_133,Cachar Substation 133,FD_UNKNOWN,Unknown Feeder,25.0,10,False,122.373494989785,93.4042357621301,22,0.779,warning,92.6604985,24.8481474,58,BHEL,ONAN,2016-09-27,False,False,"Ward No. 4, Substation 133, Unknown",Unknown,IN_SERVICE
ee652744-a0c4-4746-9b8a-14347339218a,100401,SS_121,Nagaon Substation 121,FD_UNKNOWN,Unknown Feeder,250.0,15,False,64.6811489690065,33.0448590432325,74,0.2555,healthy,92.8924446,26.5505338,130,Siemens,ONAF,2011-11-26,False,False,"Ward No. 5, Substation 121, Nagaon",Nagaon,IN_SERVICE
eecd7908-3f4a-44c3-8aff-5e8c2f9ee179,2010,SS_133,Cachar Substation 133,FD_UNKNOWN,Unknown Feeder,25.0,37,True,68.4705918334575,33.8253969135838,70,0.2971,healthy,92.5868498,24.9518193,116,Siemens,ONAF,1989-02-19,False,False,"Ward No. 1, Substation 133, Unknown",Unknown,IN_SERVICE
ef626686-d8ee-4b4d-8498-095e73a26565,100407,SS_121,Nagaon Substation 121,FD_UNKNOWN,Unknown Feeder,100.0,13,False,66.2563227111557,33.8556057869667,74,0.2507,healthy,92.7839754,26.6351609,66,Voltamp,ONAF,2013-05-26,False,False,"Ward No. 14, Substation 121, Nagaon",Nagaon,IN_SERVICE
efbca2b4-5d6f-48fb-bf8d-95360d2dbf44,100685,SS_151,Jorhat Substation 151,FD_UNKNOWN,Unknown Feeder,100.0,16,False,67.1657433271439,33.8662116034649,77,0.2271,healthy,94.1922981,26.7745174,115,Siemens,ONAN,2010-02-05,False,False,"Ward No. 13, Substation 151, Jorhat",Jorhat,IN_SERVICE
effba0c8-70f3-4377-ac79-e48b94434128,1029,SS_133,Cachar Substation 133,FD_UNKNOWN,Unknown Feeder,25.0,27,False,61.1852847995756,33.8313240050982,73,0.2695,healthy,92.5676126,24.9230216,98,Siemens,ONAN,1999-09-05,False,False,"Ward No. 2, Substation 133, Unknown",Unknown,IN_SERVICE
f1c6b7eb-ba08-42de-9d21-7cdcb854b20a,100120,SS_102,Kamrup Metro Substation 102,FD_UNKNOWN,Unknown Feeder,315.0,9,False,69.0820670214606,34.593949879113,73,0.2668,healthy,91.7792682,26.1837576,91,Siemens,ONAF,2017-01-22,False,False,"Ward No. 1, Substation 102, Kamrup Metro",Kamrup Metro,IN_SERVICE
f1f3e03a-90ea-48f7-8fd5-074ce693cd49,519,SS_133,Cachar Substation 133,FD_UNKNOWN,Unknown Feeder,100.0,18,False,65.1197451798175,33.5004741506575,72,0.274,healthy,92.595152,24.9349393,98,ABB,ONAF,2008-10-23,False,False,"Ward No. 1, Substation 133, Unknown",Unknown,IN_SERVICE
f2a43dee-6ea5-4f5d-86a4-c38b79e6a972,101035,SS_192,Bongaigaon Substation 192,FD_UNKNOWN,Unknown Feeder,100.0,6,False,64.1975714700508,33.9200222364348,75,0.2421,healthy,90.4903363,26.5254284,52,BHEL,ONAF,2020-03-20,False,False,"Ward No. 8, Substation 192, Bongaigaon",Bongaigaon,IN_SERVICE
fadaa1fc-bff9-4420-ae3b-708611d0fe99,101336,SS_244,Barpeta Substation 244,FD_UNKNOWN,Unknown Feeder,500.0,15,False,64.9370819458324,33.8129675015182,70,0.2974,healthy,91.0782545,26.8566711,24,ABB,ONAN,2011-03-16,False,False,"Ward No. 2, Substation 244, Barpeta",Barpeta,IN_SERVICE
fb1ab85f-7d08-45d3-98a5-965c2d85daab,100138,SS_102,Kamrup Metro Substation 102,FD_UNKNOWN,Unknown Feeder,100.0,25,True,66.1316573711077,32.9004596102632,76,0.239,healthy,91.8085923,26.1313723,58,Voltamp,ONAN,2001-04-05,False,False,"Ward No. 3, Substation 102, Kamrup Metro",Kamrup Metro,IN_SERVICE
fb853949-ec96-40ca-882c-18df45a29f54,100973,SS_182,Sonitpur Substation 182,FD_UNKNOWN,Unknown Feeder,500.0,30,False,68.6934942123337,34.6766381303446,69,0.3087,healthy,92.5295109,26.704847,98,BHEL,ONAN,1996-02-12,True,True,"Ward No. 3, Substation 182, Sonitpur",Sonitpur,IN_SERVICE
110c3aef-90e5-4dae-bbc8-eef30b98dd6c,101081,SS_194,Dhubri Substation 194,FD_UNKNOWN,Unknown Feeder,63.0,5,True,66.412753841756,34.0612736683663,73,0.2652,healthy,89.9629453,26.075063,42,Voltamp,ONAF,2021-04-12,False,False,"Ward No. 9, Substation 194, Dhubri",Dhubri,IN_SERVICE
11a5ceb5-4f1e-42b6-9f26-7f6430e76517,101177,SS_211,Darrang Substation 211,FD_UNKNOWN,Unknown Feeder,200.0,6,True,66.0173037317559,33.6492695404435,75,0.2488,healthy,91.824156,26.638823,134,Crompton,ONAF,2020-04-21,False,True,"Ward No. 4, Substation 211, Darrang",Darrang,IN_SERVICE
18e65218-98a8-4656-b5df-895d12eb0737,2212,SS_133,Cachar Substation 133,FD_UNKNOWN,Unknown Feeder,63.0,41,False,122.028943545535,92.7807849588997,25,0.7403,warning,92.6820301,24.9062484,103,Crompton,ONAN,1985-04-23,False,False,"Ward No. 6, Substation 133, Unknown",Unknown,IN_SERVICE
18f8519c-fc57-485c-aefa-21b79e2c8530,100863,SS_164,Dibrugarh Substation 164,FD_UNKNOWN,Unknown Feeder,250.0,37,False,62.1446537165933,33.4459452266961,74,0.2552,healthy,95.3614383,27.4882355,134,ABB,ONAF,1989-08-01,False,False,"Ward No. 9, Substation 164, Dibrugarh",Dibrugarh,IN_SERVICE
196c06e5-3efe-4355-9590-0a2e578a8d41,100565,SS_134,Cachar Substation 134,FD_UNKNOWN,Unknown Feeder,63.0,16,True,67.7955809688956,34.2539940133102,74,0.2538,healthy,92.7452254,24.8295611,28,BHEL,ONAF,2010-11-09,False,False,"Ward No. 11, Substation 134, Cachar",Cachar,IN_SERVICE
1a25c438-b0ef-4258-a6c6-25fe8e918e44,101320,SS_244,Barpeta Substation 244,FD_UNKNOWN,Unknown Feeder,200.0,16,False,68.563766440911,33.8899156206223,71,0.2843,healthy,91.1473979,26.5007592,117,Crompton,ONAN,2010-06-16,True,False,"Ward No. 10, Substation 244, Barpeta",Barpeta,IN_SERVICE
1a39ebf9-42dd-415e-893f-35ada8a9b58f,100104,SS_102,Kamrup Metro Substation 102,FD_UNKNOWN,Unknown Feeder,25.0,16,False,67.1992607497616,33.8521475744947,69,0.307,healthy,91.7468667,26.1805557,91,BHEL,ONAN,2010-01-20,False,True,"Ward No. 13, Substation 102, Kamrup Metro",Kamrup Metro,IN_SERVICE
1a481638-dacc-4cae-97bf-f3d6f74d659d,101324,SS_244,Barpeta Substation 244,FD_UNKNOWN,Unknown Feeder,500.0,8,False,62.8731280368953,34.1971934120029,72,0.2753,healthy,90.9986253,26.3254496,71,Voltamp,ONAF,2018-03-14,False,False,"Ward No. 2, Substation 244, Barpeta",Barpeta,IN_SERVICE
1a79041f-5a61-4ad7-9529-6f81ce4f99f9,100536,SS_133,Cachar Substation 133,FD_UNKNOWN,Unknown Feeder,500.0,8,True,122.272937864186,90.8908371121083,19,0.8031,warning,93.0175856,25.1601805,44,BHEL,ONAN,2018-10-06,True,False,"Ward No. 6, Substation 133, Cachar",Cachar,IN_SERVICE
1a95e21b-8fcd-4e5a-8448-fc82ad77091b,100487,SS_124,Nagaon Substation 124,FD_UNKNOWN,Unknown Feeder,100.0,7,False,63.989641360553,33.682294591291,76,0.2316,healthy,92.3746357,26.2164285,46,Crompton,ONAN,2019-02-15,False,False,"Ward No. 2, Substation 124, Nagaon",Nagaon,IN_SERVICE
1b003129-4201-433c-a7d8-2420bc0a52ff,2215,SS_133,Cachar Substation 133,FD_UNKNOWN,Unknown Feeder,25.0,15,False,65.5884811687688,33.5683193788643,70,0.2986,healthy,92.4608483,25.0066933,30,Voltamp,ONAF,2011-04-03,False,False,"Ward No. 7, Substation 133, Unknown",Unknown,IN_SERVICE
1b0458a3-2e4e-425a-8518-e62f2bfd1c0a,100199,SS_103,Kamrup Metro Substation 103,FD_UNKNOWN,Unknown Feeder,250.0,19,False,64.6397762330473,34.2947906224718,75,0.247,healthy,91.797421,26.1035923,75,Voltamp,ONAN,2007-10-04,False,False,"Ward No. 8, Substation 103, Kamrup Metro",Kamrup Metro,IN_SERVICE
3f72b203-8c47-44d6-9060-35e2ce883a9e,101067,SS_193,Kokrajhar Substation 193,FD_UNKNOWN,Unknown Feeder,100.0,5,True,60.7812874121603,33.767586678908,79,0.2079,healthy,90.2920309,26.4501194,104,Voltamp,ONAN,2021-08-17,False,False,"Ward No. 13, Substation 193, Kokrajhar",Kokrajhar,IN_SERVICE
403bb6da-7e74-440c-aa2f-747e1ac3d78a,108,SS_133,Cachar Substation 133,FD_UNKNOWN,Unknown Feeder,250.0,17,True,64.6131772132304,34.2074145003037,75,0.2462,healthy,92.5667413,24.9691765,51,ABB,ONAN,2009-04-20,False,False,"Ward No. 10, Substation 133, Unknown",Unknown,IN_SERVICE
407aca9a-554c-472f-a456-ada4680400af,100796,SS_162,Tinsukia Substation 162,FD_UNKNOWN,Unknown Feeder,500.0,9,True,65.7952989055904,33.358509866924,71,0.2839,healthy,95.3516507,27.4970136,58,Siemens,ONAN,2017-07-02,False,False,"Ward No. 13, Substation 162, Tinsukia",Tinsukia,IN_SERVICE
e3e010ef-d789-4563-9198-ecf940320de3,100319,SS_106,Kamrup Metro Substation 106,FD_UNKNOWN,Unknown Feeder,100.0,18,True,69.9057910463449,32.7139202319335,70,0.2962,healthy,91.6800645,26.208197,139,Crompton,ONAN,2008-08-12,False,False,"Ward No. 14, Substation 106, Kamrup Metro",Kamrup Metro,IN_SERVICE
e6db15ee-eb86-4a43-a9ca-0a6b1d3b7fce,100317,SS_106,Kamrup Metro Substation 106,FD_UNKNOWN,Unknown Feeder,100.0,26,False,67.9431530767956,33.7744981848847,75,0.2498,healthy,91.6771799,26.2074223,36,Voltamp,ONAF,2000-02-05,False,False,"Ward No. 11, Substation 106, Kamrup Metro",Kamrup Metro,IN_SERVICE
e70ab060-e6a8-4dfb-ba28-fd955093343d,386,SS_133,Cachar Substation 133,FD_UNKNOWN,Unknown Feeder,25.0,15,False,120.469112820431,94.9533009282834,21,0.7831,warning,92.5438292,24.9863721,88,Siemens,ONAN,2011-03-19,False,False,"Ward No. 14, Substation 133, Unknown",Unknown,IN_SERVICE
eb507a11-57c9-4a8a-b133-e8a5f1a74e22,2111,SS_133,Cachar Substation 133,FD_UNKNOWN,Unknown Feeder,25.0,12,True,69.3389654131545,33.8639513946537,69,0.3099,healthy,92.4313496,24.9953112,35,BHEL,ONAF,2014-11-09,False,False,"Ward No. 10, Substation 133, Unknown",Unknown,IN_SERVICE
ebd82bfe-030e-452b-8f8f-2f5e595adbe1,100570,SS_134,Cachar Substation 134,FD_UNKNOWN,Unknown Feeder,100.0,9,True,65.1142125808874,33.8898076065456,78,0.2187,healthy,92.3642292,24.8842777,139,Voltamp,ONAN,2017-05-03,False,False,"Ward No. 9, Substation 134, Cachar",Cachar,IN_SERVICE
ecbcc457-67ee-4ce3-9364-161e87dc19cf,100322,SS_106,Kamrup Metro Substation 106,FD_UNKNOWN,Unknown Feeder,100.0,8,False,120.331582795767,92.6209035545108,25,0.7402,warning,91.7259884,26.1413861,108,Voltamp,ONAN,2018-04-10,False,False,"Ward No. 8, Substation 106, Kamrup Metro",Kamrup Metro,IN_SERVICE
ed1f8487-effb-4d3f-a79f-bfbb37d81dd5,100086,SS_102,Kamrup Metro Substation 102,FD_UNKNOWN,Unknown Feeder,25.0,13,True,63.3641967747838,33.8093610452746,71,0.2805,healthy,91.7989576,26.1128719,25,Siemens,ONAN,2013-09-23,False,False,"Ward No. 14, Substation 102, Kamrup Metro",Kamrup Metro,IN_SERVICE
1c41e13a-2bc4-4d8f-b759-0143006bf2ba,101294,SS_242,Baksa Substation 242,FD_UNKNOWN,Unknown Feeder,25.0,10,False,66.1678774088559,34.0196427123207,71,0.284,healthy,91.2778285,26.8406275,86,Voltamp,ONAF,2016-05-26,False,False,"Ward No. 12, Substation 242, Baksa",Baksa,IN_SERVICE
3abb9d03-7f5e-41c9-8057-279dd2a26b2c,101049,SS_192,Bongaigaon Substation 192,FD_UNKNOWN,Unknown Feeder,200.0,15,False,64.478833780374,33.8981962390126,74,0.258,healthy,90.2742484,26.4017828,119,ABB,ONAN,2011-01-05,True,True,"Ward No. 9, Substation 192, Bongaigaon",Bongaigaon,IN_SERVICE
3b0599b1-aad0-4118-9134-63a67c9e5602,100469,SS_123,Hojai Substation 123,FD_UNKNOWN,Unknown Feeder,25.0,12,True,66.7301913329408,33.9989655906811,70,0.2978,healthy,93.4412065,25.9178545,133,Crompton,ONAN,2014-10-25,False,False,"Ward No. 5, Substation 123, Hojai",Hojai,IN_SERVICE
3b3a1994-5926-47f2-8148-6ccb684348aa,100377,SS_112,Kamrup Substation 112,FD_UNKNOWN,Unknown Feeder,250.0,8,True,69.087325008344,33.3917792441776,73,0.261,healthy,90.6098175,26.140962,21,BHEL,ONAN,2018-08-12,False,False,"Ward No. 9, Substation 112, Kamrup",Kamrup,IN_SERVICE
3b3ddde2-e0f2-41a2-af4a-a3b5485a3981,610,SS_133,Cachar Substation 133,FD_UNKNOWN,Unknown Feeder,250.0,13,True,67.3578401307967,33.8976195605311,74,0.2586,healthy,92.5552333,24.8811583,58,Voltamp,ONAN,2013-02-16,False,False,"Ward No. 7, Substation 133, Unknown",Unknown,IN_SERVICE
3bc02f99-cdf3-49ee-b02b-50b4315edd45,100915,SS_173,Lakhimpur Substation 173,FD_UNKNOWN,Unknown Feeder,500.0,18,True,63.3602533497349,34.0423899720234,69,0.3013,healthy,93.969945,27.3041101,96,BHEL,ONAN,2008-10-27,False,False,"Ward No. 1, Substation 173, Lakhimpur",Lakhimpur,IN_SERVICE
3bf0c798-f74d-409c-a59b-d057a15b01d7,100174,SS_103,Kamrup Metro Substation 103,FD_UNKNOWN,Unknown Feeder,63.0,10,False,68.7513816549787,34.2977168372697,73,0.2694,healthy,91.7540461,26.1851876,57,Voltamp,ONAN,2016-07-25,False,False,"Ward No. 7, Substation 103, Kamrup Metro",Kamrup Metro,IN_SERVICE
3c2d71ab-87b9-4f96-924b-11814515958d,100955,SS_181,Sonitpur Substation 181,FD_UNKNOWN,Unknown Feeder,250.0,22,False,64.8603315873728,33.9337417803866,75,0.2467,healthy,92.5865443,26.6943593,92,ABB,ONAN,2004-02-06,False,False,"Ward No. 2, Substation 181, Sonitpur",Sonitpur,IN_SERVICE
69702f93-3294-44e4-afc6-b7ebc0a74559,100255,SS_104,Kamrup Metro Substation 104,FD_UNKNOWN,Unknown Feeder,315.0,14,False,67.7089847039526,34.1567371439276,74,0.253,healthy,91.7603695,26.1851019,78,Crompton,ONAN,2012-10-10,False,True,"Ward No. 4, Substation 104, Kamrup Metro",Kamrup Metro,IN_SERVICE
72a6ef00-64fe-465e-87e5-198bba812ab9,100362,SS_112,Kamrup Substation 112,FD_UNKNOWN,Unknown Feeder,200.0,15,True,68.7339627950038,34.1183302663886,72,0.2782,healthy,90.7895475,25.9829392,95,Voltamp,ONAN,2011-05-26,False,True,"Ward No. 3, Substation 112, Kamrup",Kamrup,IN_SERVICE
72f80b85-17dc-48a6-8043-165e81f36bb3,100768,SS_161,Dibrugarh Substation 161,FD_UNKNOWN,Unknown Feeder,100.0,11,True,67.48869515305,34.318966936019,76,0.2389,healthy,94.8646728,27.3337699,101,BHEL,ONAN,2015-11-05,False,True,"Ward No. 4, Substation 161, Dibrugarh",Dibrugarh,IN_SERVICE
731f761c-81d4-4801-ad5c-f303d1b42c3c,100051,SS_101,Kamrup Metro Substation 101,FD_UNKNOWN,Unknown Feeder,100.0,14,True,65.3682820328699,33.8666433292409,75,0.2471,healthy,91.7725385,26.1739391,120,Voltamp,ONAN,2012-10-15,False,True,"Ward No. 11, Substation 101, Kamrup Metro",Kamrup Metro,IN_SERVICE
732e6abe-c46f-472f-9688-50f18e275a19,101343,SS_251,Chirang Substation 251,FD_UNKNOWN,Unknown Feeder,100.0,7,False,120.619745318073,90.9998189292174,26,0.7321,warning,90.5529092,26.4830828,143,Crompton,ONAF,2019-09-09,False,False,"Ward No. 12, Substation 251, Chirang",Chirang,IN_SERVICE
7852d4f4-f540-4caa-b436-f8238ac51319,101014,SS_191,Goalpara Substation 191,FD_UNKNOWN,Unknown Feeder,200.0,12,True,66.0753086564562,34.1004737696522,72,0.2715,healthy,90.6493529,25.9165611,59,BHEL,ONAN,2014-09-08,False,True,"Ward No. 10, Substation 191, Goalpara",Goalpara,IN_SERVICE
7b0c16a2-b2c1-47c6-9265-5640b1e3da97,100299,SS_105,Kamrup Metro Substation 105,FD_UNKNOWN,Unknown Feeder,250.0,13,False,66.3140105425404,34.0673674700009,75,0.2453,healthy,91.7686637,26.1595109,26,ABB,ONAN,2013-04-05,False,False,"Ward No. 13, Substation 105, Kamrup Metro",Kamrup Metro,IN_SERVICE
7cdae050-6d28-4e07-bb76-dfc8325323f3,100271,SS_105,Kamrup Metro Substation 105,FD_UNKNOWN,Unknown Feeder,250.0,11,False,66.6004165999334,34.2076426328742,71,0.2806,healthy,91.7843604,26.1509637,104,ABB,ONAF,2015-11-13,False,False,"Ward No. 1, Substation 105, Kamrup Metro",Kamrup Metro,IN_SERVICE
7ceaf7ee-c790-45b6-9f83-50a9ffbcc18c,100834,SS_163,Dibrugarh Substation 163,FD_UNKNOWN,Unknown Feeder,250.0,11,False,64.3298133098338,33.7102265361677,74,0.2532,healthy,95.2581409,27.3906614,146,Siemens,ONAF,2015-06-01,False,True,"Ward No. 10, Substation 163, Dibrugarh",Dibrugarh,IN_SERVICE
7d323ca3-c823-4ace-9f27-503370389471,100978,SS_182,Sonitpur Substation 182,FD_UNKNOWN,Unknown Feeder,250.0,19,True,64.6551709338247,33.8532443208118,74,0.2563,healthy,92.9000664,26.8050619,109,Voltamp,ONAF,2007-09-19,False,False,"Ward No. 7, Substation 182, Sonitpur",Sonitpur,IN_SERVICE
7d6ab8e3-608a-4f04-9ed3-e3bc93b58c6e,101161,SS_203,Golaghat Substation 203,FD_UNKNOWN,Unknown Feeder,250.0,16,False,120.805738204102,92.5335702791929,24,0.7528,warning,93.5486981,26.6796931,119,Crompton,ONAN,2010-01-07,False,False,"Ward No. 8, Substation 203, Golaghat",Golaghat,IN_SERVICE
81e81059-3b4a-4a2d-8be7-e27cce588deb,396,SS_133,Cachar Substation 133,FD_UNKNOWN,Unknown Feeder,63.0,10,False,64.9725681308944,33.2475289808701,74,0.2575,healthy,92.6912517,24.9057083,31,Siemens,ONAF,2016-07-07,False,False,"Ward No. 9, Substation 133, Unknown",Unknown,IN_SERVICE
84e03b7a-89ed-470d-85fe-a9cc06670827,18,SS_133,Cachar Substation 133,FD_UNKNOWN,Unknown Feeder,100.0,12,False,65.8083897157119,33.439602007842,76,0.2368,healthy,92.5210001,24.9823071,81,Siemens,ONAN,2014-03-10,True,False,"Ward No. 9, Substation 133, Unknown",Unknown,IN_SERVICE
8f78f00b-82f6-4829-bc6d-c1aa91bba16e,101238,SS_222,Karbi Anglong Substation 222,FD_UNKNOWN,Unknown Feeder,315.0,35,True,65.4628137089561,33.3787868239701,75,0.2426,healthy,92.689441,26.344804,137,Crompton,ONAN,1991-01-09,False,False,"Ward No. 1, Substation 222, Karbi Anglong",Karbi Anglong,IN_SERVICE
8fc1b379-b920-4732-8eb4-f2c0b914cc41,100495,SS_133,Cachar Substation 133,FD_UNKNOWN,Unknown Feeder,200.0,14,False,68.4685066045934,34.0788965626034,76,0.2398,healthy,92.7928722,24.793674,25,Crompton,ONAN,2012-04-26,False,False,"Ward No. 6, Substation 133, Cachar",Cachar,IN_SERVICE
93686e7a-074d-4179-b392-b17499f30652,178,SS_133,Cachar Substation 133,FD_UNKNOWN,Unknown Feeder,25.0,23,True,65.4937804598749,34.2211662510036,70,0.2932,healthy,92.4891377,24.9533152,147,ABB,ONAN,2003-11-03,False,False,"Ward No. 7, Substation 133, Unknown",Unknown,IN_SERVICE
93cdb32a-e139-4483-8e3b-b2216bd53e54,100073,SS_101,Kamrup Metro Substation 101,FD_UNKNOWN,Unknown Feeder,25.0,17,False,66.3812058203979,34.7450424771947,70,0.2994,healthy,91.7711596,26.1600421,103,Siemens,ONAN,2009-04-27,False,False,"Ward No. 6, Substation 101, Kamrup Metro",Kamrup Metro,IN_SERVICE
93ddc5d0-882c-4d16-ad5b-9e21f75c1cd6,100058,SS_101,Kamrup Metro Substation 101,FD_UNKNOWN,Unknown Feeder,100.0,10,False,66.8082035417218,34.155368778549,76,0.2328,healthy,91.7525876,26.1746258,123,BHEL,ONAN,2016-07-24,True,False,"Ward No. 14, Substation 101, Kamrup Metro",Kamrup Metro,IN_SERVICE
93e8d546-210e-471a-b5fa-60618ed67f22,100569,SS_134,Cachar Substation 134,FD_UNKNOWN,Unknown Feeder,63.0,21,True,69.2802533134053,33.4922940249387,72,0.2797,healthy,92.3583703,24.8694259,43,ABB,ONAF,2005-06-05,False,False,"Ward No. 13, Substation 134, Cachar",Cachar,IN_SERVICE
93ed1dbd-c19a-429a-9580-ca6e66643e21,100782,SS_161,Dibrugarh Substation 161,FD_UNKNOWN,Unknown Feeder,315.0,10,True,62.6116722149614,33.2744962964291,72,0.2742,healthy,94.911762,27.181087,96,BHEL,ONAN,2016-05-20,False,False,"Ward No. 11, Substation 161, Dibrugarh",Dibrugarh,IN_SERVICE
942d5b99-4b36-4204-82ac-092475f9357a,307,SS_133,Cachar Substation 133,FD_UNKNOWN,Unknown Feeder,16.0,7,False,64.9566214100255,33.7060346483635,69,0.3027,healthy,92.599904,24.9542333,141,Crompton,ONAF,2019-09-24,False,False,"Ward No. 9, Substation 133, Unknown",Unknown,IN_SERVICE
9430e5eb-a99e-4361-a464-e05bea28a8cb,100179,SS_103,Kamrup Metro Substation 103,FD_UNKNOWN,Unknown Feeder,500.0,17,True,68.7509296781729,34.3300968453361,67,0.3292,healthy,91.7683697,26.1634946,23,Siemens,ONAN,2009-10-25,False,True,"Ward No. 1, Substation 103, Kamrup Metro",Kamrup Metro,IN_SERVICE
946f2cd8-d95d-4c09-98b1-84ef46e92dac,100721,SS_152,Jorhat Substation 152,FD_UNKNOWN,Unknown Feeder,100.0,8,True,65.5788122585859,34.0467611647952,78,0.2196,healthy,94.2210406,26.7319159,101,ABB,ONAF,2018-05-27,False,False,"Ward No. 13, Substation 152, Jorhat",Jorhat,IN_SERVICE
95062995-d4f1-4992-813d-0ffc98ab3380,100117,SS_102,Kamrup Metro Substation 102,FD_UNKNOWN,Unknown Feeder,63.0,20,False,68.6189721451868,34.3064694759382,71,0.2805,healthy,91.756084,26.1851882,147,Crompton,ONAF,2006-04-22,False,False,"Ward No. 2, Substation 102, Kamrup Metro",Kamrup Metro,IN_SERVICE
9516a8b3-3599-490f-9cba-61f54cce517a,101228,SS_221,Karbi Anglong Substation 221,FD_UNKNOWN,Unknown Feeder,100.0,15,False,70.0664436082535,33.8589572481164,74,0.2547,healthy,93.181519,25.7313533,119,Siemens,ONAF,2011-11-18,False,False,"Ward No. 4, Substation 221, Karbi Anglong",Karbi Anglong,IN_SERVICE
959b7fac-48a3-4e67-9235-26a08323885b,100584,SS_134,Cachar Substation 134,FD_UNKNOWN,Unknown Feeder,63.0,13,True,66.7309459663184,33.1041149309028,71,0.2873,healthy,92.4012181,24.6017358,102,Siemens,ONAN,2013-01-17,False,False,"Ward No. 2, Substation 134, Cachar",Cachar,IN_SERVICE
959cd59a-78fd-461b-a7a8-0609d2a4228e,100520,SS_133,Cachar Substation 133,FD_UNKNOWN,Unknown Feeder,63.0,18,False,121.136152402052,93.1417987968293,26,0.7392,warning,92.5204243,24.8616184,110,Voltamp,ONAN,2008-06-01,False,False,"Ward No. 8, Substation 133, Cachar",Cachar,IN_SERVICE
95c7f75f-e346-49db-8cf2-4f9e1c0a8a03,100359,SS_111,Kamrup Substation 111,FD_UNKNOWN,Unknown Feeder,63.0,16,False,65.5441519808169,34.5344409447185,74,0.2515,healthy,91.4301451,26.447815,57,BHEL,ONAF,2010-09-02,False,False,"Ward No. 9, Substation 111, Kamrup",Kamrup,IN_SERVICE
95dd716c-401f-4f12-a67c-f1090c87f901,100105,SS_102,Kamrup Metro Substation 102,FD_UNKNOWN,Unknown Feeder,500.0,44,False,68.2616327288068,33.5027019569538,69,0.3099,healthy,91.7376155,26.1714995,60,ABB,ONAF,1982-04-27,False,False,"Ward No. 11, Substation 102, Kamrup Metro",Kamrup Metro,IN_SERVICE
962e0446-a020-4034-a0d2-f59f67afae94,100277,SS_105,Kamrup Metro Substation 105,FD_UNKNOWN,Unknown Feeder,100.0,8,False,66.4300301166743,34.4238655058669,74,0.2569,healthy,91.7711596,26.1600421,122,Crompton,ONAF,2018-08-03,False,False,"Ward No. 8, Substation 105, Kamrup Metro",Kamrup Metro,IN_SERVICE
966d635a-b1fd-4751-bb3b-8f849ce0969d,100836,SS_163,Dibrugarh Substation 163,FD_UNKNOWN,Unknown Feeder,25.0,47,False,66.5783561142817,34.1285463343503,69,0.3093,healthy,95.3612101,27.4648038,141,Voltamp,ONAN,1979-08-10,False,False,"Ward No. 13, Substation 163, Dibrugarh",Dibrugarh,IN_SERVICE
967bd541-b656-4a46-867e-4880f13b23f8,100619,SS_136,Cachar Substation 136,FD_UNKNOWN,Unknown Feeder,200.0,19,False,118.824515356207,93.2416693684015,26,0.7337,warning,92.928747,24.944708,82,Crompton,ONAN,2007-08-22,False,False,"Ward No. 12, Substation 136, Cachar",Cachar,IN_SERVICE
96ace31d-894d-4598-b12c-271a8b96540e,101108,SS_201,Sivasagar Substation 201,FD_UNKNOWN,Unknown Feeder,250.0,22,False,66.0581783369538,33.9727403739237,74,0.2519,healthy,94.8081909,27.0903275,140,Siemens,ONAN,2004-03-12,False,False,"Ward No. 9, Substation 201, Sivasagar",Sivasagar,IN_SERVICE
97093c88-5046-43d9-9a35-050f48a7a3ea,100687,SS_151,Jorhat Substation 151,FD_UNKNOWN,Unknown Feeder,250.0,23,True,66.5135377947066,34.0018096496364,73,0.2661,healthy,94.2299744,26.7227514,108,BHEL,ONAN,2003-04-04,False,False,"Ward No. 5, Substation 151, Jorhat",Jorhat,IN_SERVICE
979e23c3-fb6c-446a-9ff2-d616814aaea9,100184,SS_103,Kamrup Metro Substation 103,FD_UNKNOWN,Unknown Feeder,100.0,5,True,69.4059565207231,33.4040286441105,76,0.2376,healthy,91.8018705,26.1360989,108,Siemens,ONAN,2021-03-01,False,False,"Ward No. 6, Substation 103, Kamrup Metro",Kamrup Metro,IN_SERVICE
97a37ad7-5c22-44bb-8a76-ec3ad7c38054,101350,SS_251,Chirang Substation 251,FD_UNKNOWN,Unknown Feeder,200.0,10,False,68.2833795502006,33.5815561878411,73,0.2694,healthy,90.5150881,26.4815876,97,Voltamp,ONAF,2016-07-19,False,False,"Ward No. 14, Substation 251, Chirang",Chirang,IN_SERVICE
97cd281b-6ed2-4e5f-8ef6-3c89785ffc6f,100654,SS_142,Karimganj Substation 142,FD_UNKNOWN,Unknown Feeder,315.0,38,False,69.0373999833969,34.2925099613461,72,0.2794,healthy,92.3642292,24.8842777,96,ABB,ONAN,1988-07-16,False,False,"Ward No. 13, Substation 142, Karimganj",Karimganj,IN_SERVICE
97efd9c0-155e-4d46-93d7-d2710eef7035,100392,SS_121,Nagaon Substation 121,FD_UNKNOWN,Unknown Feeder,200.0,8,False,66.705184536738,34.0094275869673,73,0.2627,healthy,92.809737,26.494423,144,Crompton,ONAN,2018-11-18,False,False,"Ward No. 4, Substation 121, Nagaon",Nagaon,IN_SERVICE
97f2c6de-615b-4b71-aa43-09002a79bb8f,101319,SS_244,Barpeta Substation 244,FD_UNKNOWN,Unknown Feeder,250.0,45,False,64.262694819839,33.5807910807162,74,0.2518,healthy,90.9983215,26.6513516,76,Voltamp,ONAF,1981-01-21,False,False,"Ward No. 6, Substation 244, Barpeta",Barpeta,IN_SERVICE
988fab9e-540e-408a-8e7f-5cbae81209ba,623,SS_133,Cachar Substation 133,FD_UNKNOWN,Unknown Feeder,100.0,19,False,63.5107518768738,33.3270350638957,78,0.2195,healthy,92.5589963,24.8987683,76,ABB,ONAF,2007-02-26,False,False,"Ward No. 11, Substation 133, Unknown",Unknown,IN_SERVICE
989cf8bd-164b-42ff-94b9-dad611c6ce06,100095,SS_102,Kamrup Metro Substation 102,FD_UNKNOWN,Unknown Feeder,200.0,30,True,68.7760529847916,33.5429443195578,72,0.2717,healthy,91.8048236,26.1143482,36,Voltamp,ONAN,1996-11-07,False,True,"Ward No. 10, Substation 102, Kamrup Metro",Kamrup Metro,IN_SERVICE
98c95a5b-b01b-44af-9bf1-04d0b0e84e56,101133,SS_202,Golaghat Substation 202,FD_UNKNOWN,Unknown Feeder,315.0,18,False,68.2183451853596,33.7001336660765,70,0.2988,healthy,93.965819,26.5106294,66,ABB,ONAF,2008-09-22,False,False,"Ward No. 11, Substation 202, Golaghat",Golaghat,IN_SERVICE
99081acf-0ad2-4226-9b17-c7df0d0bb0fe,100195,SS_103,Kamrup Metro Substation 103,FD_UNKNOWN,Unknown Feeder,250.0,11,False,65.3759623648944,34.0359958212231,74,0.2589,healthy,91.7981044,26.1206886,63,Voltamp,ONAN,2015-06-17,False,False,"Ward No. 11, Substation 103, Kamrup Metro",Kamrup Metro,IN_SERVICE
992c3a15-a948-480d-b04f-7be822304ca0,100026,SS_101,Kamrup Metro Substation 101,FD_UNKNOWN,Unknown Feeder,100.0,8,True,66.7701934926049,33.6771209387249,73,0.2637,healthy,91.8095034,26.1350283,118,ABB,ONAF,2018-06-08,False,True,"Ward No. 11, Substation 101, Kamrup Metro",Kamrup Metro,IN_SERVICE
993b81a5-5495-4b97-9846-994b66028708,101111,SS_201,Sivasagar Substation 201,FD_UNKNOWN,Unknown Feeder,200.0,23,False,66.3393400454935,34.2123500375095,73,0.2657,healthy,94.484699,26.8430254,79,BHEL,ONAN,2003-11-10,False,False,"Ward No. 5, Substation 201, Sivasagar",Sivasagar,IN_SERVICE
9968b9ad-bfcb-44ae-8edf-b82d08f7e13f,100211,SS_103,Kamrup Metro Substation 103,FD_UNKNOWN,Unknown Feeder,100.0,10,False,117.802649404302,93.5721649114748,25,0.7424,warning,91.7887959,26.1467609,94,BHEL,ONAN,2016-09-07,True,False,"Ward No. 14, Substation 103, Kamrup Metro",Kamrup Metro,IN_SERVICE
9976efb4-214a-4049-a496-bb800a354f8b,100961,SS_181,Sonitpur Substation 181,FD_UNKNOWN,Unknown Feeder,200.0,10,True,67.7917272166746,33.3872387282307,72,0.2717,healthy,92.4999379,26.7061475,61,BHEL,ONAF,2016-06-15,False,False,"Ward No. 8, Substation 181, Sonitpur",Sonitpur,IN_SERVICE
998fd074-7091-41b8-ac2a-bcba893679e1,101009,SS_191,Goalpara Substation 191,FD_UNKNOWN,Unknown Feeder,100.0,10,False,66.0321612001414,33.7628991880882,73,0.2641,healthy,90.5154491,26.3435674,140,Crompton,ONAN,2016-05-13,True,False,"Ward No. 10, Substation 191, Goalpara",Goalpara,IN_SERVICE
99a79e2f-64a6-4ebe-be9d-4e9e29626bf4,2078,SS_133,Cachar Substation 133,FD_UNKNOWN,Unknown Feeder,25.0,12,True,67.0944933777012,33.8876033049029,68,0.3142,healthy,92.5732533,24.8978267,73,Siemens,ONAN,2014-03-14,False,False,"Ward No. 3, Substation 133, Unknown",Unknown,IN_SERVICE
9a0599c5-ff24-4f88-af7b-ab4f0a3ca399,101163,SS_203,Golaghat Substation 203,FD_UNKNOWN,Unknown Feeder,250.0,7,False,66.1686598447702,33.7235166726378,72,0.2758,healthy,93.7494734,26.5914174,43,Voltamp,ONAF,2019-01-20,False,False,"Ward No. 5, Substation 203, Golaghat",Golaghat,IN_SERVICE
9acdab05-357a-4e63-b221-3fa02ccf6b07,1016,SS_133,Cachar Substation 133,FD_UNKNOWN,Unknown Feeder,25.0,10,False,66.8067982699078,33.4483390650854,70,0.295,healthy,92.5234193,24.983425,77,ABB,ONAN,2016-03-09,False,True,"Ward No. 14, Substation 133, Unknown",Unknown,IN_SERVICE
9ae75646-d61c-4f31-b99b-0ae5b2b5e9a7,101063,SS_193,Kokrajhar Substation 193,FD_UNKNOWN,Unknown Feeder,100.0,17,False,66.187706893122,34.002969194475,74,0.2505,healthy,90.2868385,26.4005084,109,Siemens,ONAF,2009-03-05,False,False,"Ward No. 10, Substation 193, Kokrajhar",Kokrajhar,IN_SERVICE
9b282dc1-9083-4614-a0b5-95f3f61f455e,100304,SS_105,Kamrup Metro Substation 105,FD_UNKNOWN,Unknown Feeder,100.0,17,False,70.7630083113704,33.7607591906061,73,0.2637,healthy,91.7989576,26.1128719,72,Crompton,ONAN,2009-06-16,True,False,"Ward No. 2, Substation 105, Kamrup Metro",Kamrup Metro,IN_SERVICE
9bdf5beb-8e3b-4d42-96d7-f5aba0a9f1b2,100914,SS_172,Dhemaji Substation 172,FD_UNKNOWN,Unknown Feeder,200.0,36,False,61.2842237567978,34.026699351234,78,0.2128,healthy,94.9279489,27.4930354,135,ABB,ONAN,1990-09-24,False,False,"Ward No. 5, Substation 172, Dhemaji",Dhemaji,IN_SERVICE
9be4c1f6-6088-4037-9381-39b3bbefc54e,101216,SS_221,Karbi Anglong Substation 221,FD_UNKNOWN,Unknown Feeder,315.0,5,False,69.3048389863967,33.9776253712654,70,0.295,healthy,93.4350337,25.8482834,67,BHEL,ONAF,2021-07-15,False,False,"Ward No. 6, Substation 221, Karbi Anglong",Karbi Anglong,IN_SERVICE
9c963c0c-5125-4dd0-ad32-cc99f0b19348,101020,SS_191,Goalpara Substation 191,FD_UNKNOWN,Unknown Feeder,250.0,23,False,64.2246200371769,34.2013398738528,74,0.2517,healthy,90.6180641,26.4896043,117,BHEL,ONAN,2003-02-19,False,False,"Ward No. 3, Substation 191, Goalpara",Goalpara,IN_SERVICE
df9f9189-43d8-4706-b893-00ae7ec7731c,100415,SS_121,Nagaon Substation 121,FD_UNKNOWN,Unknown Feeder,25.0,22,True,64.6339750638582,34.3742221347091,70,0.2966,healthy,92.8489715,26.6220224,105,Siemens,ONAF,2004-04-02,False,False,"Ward No. 14, Substation 121, Nagaon",Nagaon,IN_SERVICE
dfb83c5c-8fcf-4035-8722-f3402ca4e392,100851,SS_164,Dibrugarh Substation 164,FD_UNKNOWN,Unknown Feeder,315.0,29,True,66.1274421379471,33.3620724267469,73,0.2669,healthy,95.3160574,27.3534419,113,Crompton,ONAF,1997-07-15,False,True,"Ward No. 5, Substation 164, Dibrugarh",Dibrugarh,IN_SERVICE
e0809bc7-5506-4216-b3aa-0a19b7eb33ce,100037,SS_101,Kamrup Metro Substation 101,FD_UNKNOWN,Unknown Feeder,100.0,5,False,66.7739341955413,34.0416501250274,77,0.2226,healthy,91.7560047,26.1854972,26,Crompton,ONAN,2021-02-08,False,False,"Ward No. 10, Substation 101, Kamrup Metro",Kamrup Metro,IN_SERVICE
09779050-a1a4-4925-b2ed-873a8ed3bf76,100753,SS_161,Dibrugarh Substation 161,FD_UNKNOWN,Unknown Feeder,200.0,32,False,64.0905079393868,34.1270371214039,73,0.2602,healthy,94.9279489,27.4930354,67,Voltamp,ONAN,1994-01-25,False,False,"Ward No. 1, Substation 161, Dibrugarh",Dibrugarh,IN_SERVICE
0a15858e-3eab-4fd7-876d-153b7e2a2c52,100969,SS_182,Sonitpur Substation 182,FD_UNKNOWN,Unknown Feeder,25.0,10,False,65.4243242968974,33.6221526245063,68,0.3126,healthy,92.5865443,26.6943593,95,Crompton,ONAN,2016-06-15,False,False,"Ward No. 9, Substation 182, Sonitpur",Sonitpur,IN_SERVICE
0a5404e3-679f-47f3-91aa-626c8a2bcaa0,100661,SS_142,Karimganj Substation 142,FD_UNKNOWN,Unknown Feeder,63.0,8,False,65.9960214146043,33.5784926444374,72,0.2701,healthy,92.2954009,24.9037824,128,BHEL,ONAN,2018-08-14,False,True,"Ward No. 10, Substation 142, Karimganj",Karimganj,IN_SERVICE
0b8b92e3-76f7-4a31-ac1a-9e0b6beebd5a,101276,SS_241,Nalbari Substation 241,FD_UNKNOWN,Unknown Feeder,250.0,9,False,70.9043135057786,33.8212046058697,73,0.2676,healthy,91.6242177,26.4313597,103,Voltamp,ONAN,2017-06-15,False,False,"Ward No. 14, Substation 241, Nalbari",Nalbari,IN_SERVICE
0c3d30a2-70bb-4c54-af20-f76c558d764f,100308,SS_106,Kamrup Metro Substation 106,FD_UNKNOWN,Unknown Feeder,315.0,9,False,66.9801363949142,33.567822563102,73,0.2643,healthy,91.6887221,26.1606497,51,ABB,ONAN,2017-11-21,False,False,"Ward No. 2, Substation 106, Kamrup Metro",Kamrup Metro,IN_SERVICE
0ca0de77-6b95-4685-844b-b20240080bc9,100056,SS_101,Kamrup Metro Substation 101,FD_UNKNOWN,Unknown Feeder,100.0,13,False,67.1555573120629,33.7464074412092,74,0.2506,healthy,91.7312439,26.1669226,32,Voltamp,ONAF,2013-06-14,False,False,"Ward No. 7, Substation 101, Kamrup Metro",Kamrup Metro,IN_SERVICE
0d092e2d-3144-4a6b-b67c-4fa81002d075,448,SS_133,Cachar Substation 133,FD_UNKNOWN,Unknown Feeder,25.0,9,False,63.9095176550398,34.2687785544442,73,0.2693,healthy,92.4813319,24.9970708,44,Siemens,ONAN,2017-10-02,False,False,"Ward No. 13, Substation 133, Unknown",Unknown,IN_SERVICE
0f7c920e-b653-4aa3-a5ab-9f868da9d222,100704,SS_151,Jorhat Substation 151,FD_UNKNOWN,Unknown Feeder,500.0,19,False,119.027025380858,92.1513527817345,19,0.8011,warning,94.0479577,26.5288861,22,Voltamp,ONAN,2007-07-13,False,False,"Ward No. 13, Substation 151, Jorhat",Jorhat,IN_SERVICE
10038082-26a0-4597-86f5-6029ea5d8149,100985,SS_183,Biswanath Substation 183,FD_UNKNOWN,Unknown Feeder,500.0,18,False,119.167985136436,90.6245540774017,19,0.8025,warning,93.147765,26.72667,131,ABB,ONAN,2008-08-20,False,False,"Ward No. 2, Substation 183, Biswanath",Biswanath,IN_SERVICE
10cd573e-452c-45ee-8f2e-6a831da2951d,101168,SS_203,Golaghat Substation 203,FD_UNKNOWN,Unknown Feeder,100.0,15,False,66.5791000564326,33.5044040565538,72,0.2743,healthy,93.7538581,26.8809204,116,Crompton,ONAN,2011-09-08,False,False,"Ward No. 13, Substation 203, Golaghat",Golaghat,IN_SERVICE
10d797a6-d060-4f0a-823b-d7263e4e525e,100599,SS_135,Cachar Substation 135,FD_UNKNOWN,Unknown Feeder,25.0,12,True,65.1293533969124,34.6658011968498,71,0.2827,healthy,92.7955799,24.7856047,60,ABB,ONAN,2014-07-17,False,False,"Ward No. 14, Substation 135, Cachar",Cachar,IN_SERVICE
10f5d6de-ccb2-4b11-a482-2aad3e596877,101284,SS_242,Baksa Substation 242,FD_UNKNOWN,Unknown Feeder,25.0,17,True,67.6330465744557,34.3987809905695,69,0.3017,healthy,91.378296,26.728677,93,BHEL,ONAF,2009-05-01,False,False,"Ward No. 5, Substation 242, Baksa",Baksa,IN_SERVICE
1164083b-8735-4824-b997-0734f5fe04d3,100067,SS_101,Kamrup Metro Substation 101,FD_UNKNOWN,Unknown Feeder,100.0,8,True,68.6555205697084,33.2662753018913,73,0.2611,healthy,91.7691448,26.1641904,65,Siemens,ONAN,2018-09-26,False,False,"Ward No. 9, Substation 101, Kamrup Metro",Kamrup Metro,IN_SERVICE
150a8342-4f81-43ba-8593-72e4c3b5e604,100234,SS_104,Kamrup Metro Substation 104,FD_UNKNOWN,Unknown Feeder,100.0,21,True,119.719552903637,94.2419342333839,25,0.7438,warning,91.7638703,26.1908959,67,Voltamp,ONAF,2005-07-04,False,False,"Ward No. 5, Substation 104, Kamrup Metro",Kamrup Metro,IN_SERVICE
15290125-f49c-4573-905a-38c5d243d409,101233,SS_222,Karbi Anglong Substation 222,FD_UNKNOWN,Unknown Feeder,100.0,11,False,69.6791421434033,33.5699626327785,74,0.2598,healthy,92.7730114,26.226166,34,Crompton,ONAN,2015-03-21,False,False,"Ward No. 8, Substation 222, Karbi Anglong",Karbi Anglong,IN_SERVICE
1db6ecdc-c140-4e4b-97fd-9cce20b17acc,100521,SS_133,Cachar Substation 133,FD_UNKNOWN,Unknown Feeder,500.0,13,True,63.4744182798411,34.0394967886777,70,0.2986,healthy,93.105894,24.8099512,102,Voltamp,ONAN,2013-11-02,False,False,"Ward No. 12, Substation 133, Cachar",Cachar,IN_SERVICE
1f7c1c1b-c7c2-4030-a5c8-223be2d08550,100942,SS_181,Sonitpur Substation 181,FD_UNKNOWN,Unknown Feeder,500.0,56,True,119.713260262432,93.623732850191,18,0.8117,warning,92.765946,26.680182,38,BHEL,ONAN,1970-08-25,False,False,"Ward No. 5, Substation 181, Sonitpur",Sonitpur,IN_SERVICE
20416790-b17c-42fd-8cbb-8604a9d515af,470,SS_133,Cachar Substation 133,FD_UNKNOWN,Unknown Feeder,63.0,5,True,70.0169097877895,33.7330085642425,69,0.305,healthy,92.4977021,24.9535454,114,Voltamp,ONAN,2021-06-18,False,False,"Ward No. 7, Substation 133, Unknown",Unknown,IN_SERVICE
206e39a5-110e-4275-a4ce-d14b3bb6ce7a,100374,SS_112,Kamrup Substation 112,FD_UNKNOWN,Unknown Feeder,100.0,9,True,66.5501682882162,33.9366947847864,75,0.2482,healthy,90.623914,26.1698607,139,BHEL,ONAN,2017-03-18,False,False,"Ward No. 1, Substation 112, Kamrup",Kamrup,IN_SERVICE
2653beee-0ff4-49d8-bab7-8dd49ee75e37,101247,SS_231,Dima Hasao Substation 231,FD_UNKNOWN,Unknown Feeder,25.0,27,False,67.5888332788927,33.9885810111915,69,0.3047,healthy,93.0175856,25.1601805,28,BHEL,ONAF,1999-10-12,False,False,"Ward No. 14, Substation 231, Dima Hasao",Dima Hasao,IN_SERVICE
26cffbf7-f61a-4a47-8b6d-cffc74e53422,101322,SS_244,Barpeta Substation 244,FD_UNKNOWN,Unknown Feeder,25.0,38,True,64.3642517885116,33.5477817655856,70,0.2966,healthy,91.1605175,26.5039894,32,BHEL,ONAF,1988-04-14,False,False,"Ward No. 4, Substation 244, Barpeta",Barpeta,IN_SERVICE
26eeb74e-e103-4eb4-aaec-cfa21be76094,523,SS_133,Cachar Substation 133,FD_UNKNOWN,Unknown Feeder,63.0,33,True,121.237267090863,92.6340519070083,25,0.7438,warning,92.6318967,24.9054262,34,Voltamp,ONAN,1993-04-01,False,False,"Ward No. 4, Substation 133, Unknown",Unknown,IN_SERVICE
313ec9d7-3be1-4890-9ec5-bb23b0040883,100922,SS_173,Lakhimpur Substation 173,FD_UNKNOWN,Unknown Feeder,100.0,15,True,65.9202794204993,34.0239666186425,75,0.2417,healthy,93.964693,27.183871,36,BHEL,ONAN,2011-11-26,False,False,"Ward No. 7, Substation 173, Lakhimpur",Lakhimpur,IN_SERVICE
3187b73b-03a9-4f2f-9cb0-87d4c6b67c1e,100947,SS_181,Sonitpur Substation 181,FD_UNKNOWN,Unknown Feeder,200.0,17,False,67.2774723482868,33.4276946154914,74,0.2503,healthy,92.9428285,26.7299013,99,BHEL,ONAF,2009-11-19,False,False,"Ward No. 5, Substation 181, Sonitpur",Sonitpur,IN_SERVICE
31a28021-3880-4051-a76d-9c754a392e0f,100325,SS_106,Kamrup Metro Substation 106,FD_UNKNOWN,Unknown Feeder,250.0,24,False,70.2630420049757,34.1166302685015,70,0.2939,healthy,91.6187995,26.1257437,29,Siemens,ONAF,2002-10-04,True,False,"Ward No. 14, Substation 106, Kamrup Metro",Kamrup Metro,IN_SERVICE
31bd685c-3c0a-4365-b7f2-18cd4dbbe44a,101097,SS_194,Dhubri Substation 194,FD_UNKNOWN,Unknown Feeder,100.0,11,True,62.3867720643955,33.6546293006625,77,0.2295,healthy,90.1792256,26.3657967,118,ABB,ONAN,2015-04-02,False,False,"Ward No. 6, Substation 194, Dhubri",Dhubri,IN_SERVICE
31c06d3f-355e-46f6-b17f-f0ccd88ff302,100425,SS_122,Hojai Substation 122,FD_UNKNOWN,Unknown Feeder,200.0,16,True,64.979619819318,34.1120582386969,75,0.2449,healthy,92.8684401,26.0158947,108,BHEL,ONAN,2010-06-25,False,False,"Ward No. 8, Substation 122, Hojai",Hojai,IN_SERVICE
41629929-e6bc-48c8-81a5-f60ee0e2da82,100275,SS_105,Kamrup Metro Substation 105,FD_UNKNOWN,Unknown Feeder,63.0,7,False,66.553428414596,33.644767846917,70,0.2939,healthy,91.7701374,26.1602914,76,Siemens,ONAN,2019-01-06,False,True,"Ward No. 12, Substation 105, Kamrup Metro",Kamrup Metro,IN_SERVICE
4b47531f-767c-4c4d-9cf7-9de5d4659855,100665,SS_142,Karimganj Substation 142,FD_UNKNOWN,Unknown Feeder,63.0,9,False,63.7427288633547,34.0163458212132,74,0.2527,healthy,92.481215,24.8542028,25,Crompton,ONAF,2017-09-20,False,False,"Ward No. 11, Substation 142, Karimganj",Karimganj,IN_SERVICE
4cee965d-c0fc-4633-88ef-e86598574981,100837,SS_163,Dibrugarh Substation 163,FD_UNKNOWN,Unknown Feeder,25.0,5,True,66.2709467188784,33.95385295318,69,0.3052,healthy,95.2804372,27.4869352,83,ABB,ONAN,2021-08-27,False,False,"Ward No. 12, Substation 163, Dibrugarh",Dibrugarh,IN_SERVICE
01d4c645-f9b4-4047-8c2a-8ce18a40b9cf,101264,SS_241,Nalbari Substation 241,FD_UNKNOWN,Unknown Feeder,25.0,36,False,118.508954307634,91.1322544838132,22,0.7726,warning,91.4301451,26.447815,120,Siemens,ONAN,1990-10-07,False,False,"Ward No. 11, Substation 241, Nalbari",Nalbari,IN_SERVICE
5e325712-f39d-48b8-afed-935f4ecd6348,100191,SS_103,Kamrup Metro Substation 103,FD_UNKNOWN,Unknown Feeder,250.0,7,True,65.7190733527801,33.4498250073554,73,0.2678,healthy,91.7693287,26.1641904,31,Voltamp,ONAN,2019-04-02,False,False,"Ward No. 5, Substation 103, Kamrup Metro",Kamrup Metro,IN_SERVICE
5e35de7b-aa1d-4fea-8a70-3a82f8613a4d,100335,SS_111,Kamrup Substation 111,FD_UNKNOWN,Unknown Feeder,500.0,11,True,63.974516607635,33.4726929922543,72,0.2758,healthy,91.6065547,26.4396544,41,BHEL,ONAF,2015-10-16,False,False,"Ward No. 10, Substation 111, Kamrup",Kamrup,IN_SERVICE
4d30c1bb-5440-4540-97ea-104ddfba2732,100045,SS_101,Kamrup Metro Substation 101,FD_UNKNOWN,Unknown Feeder,200.0,27,True,65.9514866847117,34.0261349583355,74,0.2568,healthy,91.7843604,26.1509637,52,Crompton,ONAN,1999-02-13,False,False,"Ward No. 3, Substation 101, Kamrup Metro",Kamrup Metro,IN_SERVICE
4d365b16-4c4c-4f9e-bce4-e84393a76f00,455,SS_133,Cachar Substation 133,FD_UNKNOWN,Unknown Feeder,25.0,35,False,68.0240535174861,33.6347905241584,70,0.2916,healthy,92.4648439,24.9940235,46,ABB,ONAF,1991-04-23,False,False,"Ward No. 11, Substation 133, Unknown",Unknown,IN_SERVICE
58cdb611-9b25-4429-a9d6-5b2faf317460,100960,SS_181,Sonitpur Substation 181,FD_UNKNOWN,Unknown Feeder,200.0,9,False,67.662574608838,34.6053551765049,71,0.2802,healthy,92.7130899,26.3658031,66,Siemens,ONAN,2017-01-21,False,False,"Ward No. 12, Substation 181, Sonitpur",Sonitpur,IN_SERVICE
58f58606-9d7e-4949-962d-e787264c3659,100968,SS_182,Sonitpur Substation 182,FD_UNKNOWN,Unknown Feeder,100.0,7,False,67.8962005815582,33.378956502397,75,0.2474,healthy,92.6484096,26.7270612,55,ABB,ONAN,2019-02-26,False,False,"Ward No. 5, Substation 182, Sonitpur",Sonitpur,IN_SERVICE
58fdab2f-f501-461b-8b81-eb1bc33344b2,640,SS_133,Cachar Substation 133,FD_UNKNOWN,Unknown Feeder,63.0,21,True,69.7683872839243,34.0277657402729,73,0.2689,healthy,92.4987646,24.8929134,128,Crompton,ONAN,2005-07-14,False,False,"Ward No. 1, Substation 133, Unknown",Unknown,IN_SERVICE
590dc132-589e-4642-a623-c5c7882f4bce,100183,SS_103,Kamrup Metro Substation 103,FD_UNKNOWN,Unknown Feeder,200.0,20,False,63.3200722093342,33.6768416166793,76,0.2388,healthy,91.8118054,26.158658,123,BHEL,ONAN,2006-10-16,False,False,"Ward No. 1, Substation 103, Kamrup Metro",Kamrup Metro,IN_SERVICE
5f0819a4-0aa9-46cf-9362-1ad5b5e7bad2,2184,SS_133,Cachar Substation 133,FD_UNKNOWN,Unknown Feeder,63.0,18,False,68.7111919684438,33.6817491270109,74,0.2565,healthy,92.5984742,24.9196555,98,Siemens,ONAN,2008-03-03,False,False,"Ward No. 1, Substation 133, Unknown",Unknown,IN_SERVICE
5f24a0eb-66f9-4c0c-8991-931bbd4bfd43,101026,SS_192,Bongaigaon Substation 192,FD_UNKNOWN,Unknown Feeder,25.0,4,False,66.7053886943246,33.518340654394,70,0.2945,healthy,90.5510893,26.4894843,66,Siemens,ONAF,2022-11-01,False,True,"Ward No. 11, Substation 192, Bongaigaon",Bongaigaon,IN_SERVICE
5f4edbec-f70f-4c7e-8800-3ab517469f76,607,SS_133,Cachar Substation 133,FD_UNKNOWN,Unknown Feeder,100.0,16,True,65.5118237216041,33.0335009447082,75,0.2495,healthy,92.5567798,24.888185,74,Crompton,ONAF,2010-02-14,True,False,"Ward No. 14, Substation 133, Unknown",Unknown,IN_SERVICE
5f822e38-0efd-46c9-9636-264668c3ad1b,100747,SS_161,Dibrugarh Substation 161,FD_UNKNOWN,Unknown Feeder,63.0,13,False,67.6188224975099,33.4688905407627,72,0.2759,healthy,94.9234647,27.4899224,128,ABB,ONAN,2013-10-13,False,False,"Ward No. 5, Substation 161, Dibrugarh",Dibrugarh,IN_SERVICE
691e4d40-1386-424c-bbda-74781c85750c,100200,SS_103,Kamrup Metro Substation 103,FD_UNKNOWN,Unknown Feeder,100.0,12,False,63.3552472536345,33.99663983876,78,0.2191,healthy,91.7711596,26.1600421,117,ABB,ONAN,2014-03-23,False,False,"Ward No. 8, Substation 103, Kamrup Metro",Kamrup Metro,IN_SERVICE
69c931c2-4b5b-41b4-b195-12fcf61355cd,100856,SS_164,Dibrugarh Substation 164,FD_UNKNOWN,Unknown Feeder,100.0,10,True,67.16640533676,33.4859394061339,76,0.2389,healthy,95.2581409,27.3906614,96,Crompton,ONAF,2016-07-16,True,False,"Ward No. 8, Substation 164, Dibrugarh",Dibrugarh,IN_SERVICE
69d50590-0bad-41c9-869f-e3ccae6a0c18,100366,SS_112,Kamrup Substation 112,FD_UNKNOWN,Unknown Feeder,63.0,22,False,70.5318895024812,33.4425308958716,72,0.2754,healthy,90.778365,26.282504,43,Siemens,ONAN,2004-06-13,False,False,"Ward No. 1, Substation 112, Kamrup",Kamrup,IN_SERVICE
6c5325de-2497-48e8-8f93-8ce1db297bc8,100864,SS_164,Dibrugarh Substation 164,FD_UNKNOWN,Unknown Feeder,200.0,12,True,119.329644670524,90.7223127634975,27,0.7225,warning,95.3522515,27.4889906,137,BHEL,ONAN,2014-06-18,False,False,"Ward No. 9, Substation 164, Dibrugarh",Dibrugarh,IN_SERVICE
6c9fc1b5-af52-4479-b902-7ef5ba4646f5,151,SS_133,Cachar Substation 133,FD_UNKNOWN,Unknown Feeder,100.0,28,False,67.0354787303178,33.3522794166739,74,0.2536,healthy,92.4996664,24.975134,120,Voltamp,ONAN,1998-08-02,True,False,"Ward No. 2, Substation 133, Unknown",Unknown,IN_SERVICE
5e4f23be-fc66-4cc5-a8c1-b9c2888524ba,101204,SS_212,Morigaon Substation 212,FD_UNKNOWN,Unknown Feeder,250.0,9,False,65.5181528842534,34.0644134346753,75,0.2488,healthy,92.2321557,26.2587936,54,BHEL,ONAN,2017-11-09,False,False,"Ward No. 11, Substation 212, Morigaon",Morigaon,IN_SERVICE
5e66a4b8-3be6-4037-bab4-bd1d9bbbdc24,100928,SS_181,Sonitpur Substation 181,FD_UNKNOWN,Unknown Feeder,100.0,23,True,66.2339415873414,34.0765545267774,73,0.2629,healthy,92.796941,26.628821,71,Crompton,ONAN,2003-07-12,False,False,"Ward No. 6, Substation 181, Sonitpur",Sonitpur,IN_SERVICE
5ea68afd-bc80-4bd4-b356-75ce6855d539,100361,SS_112,Kamrup Substation 112,FD_UNKNOWN,Unknown Feeder,250.0,5,False,62.5974670155135,33.2132920021557,76,0.2355,healthy,91.2996591,26.0112846,72,Voltamp,ONAN,2021-07-25,False,False,"Ward No. 8, Substation 112, Kamrup",Kamrup,IN_SERVICE
5eef693b-72ed-4a5c-a6ea-12cb1cb7e707,100188,SS_103,Kamrup Metro Substation 103,FD_UNKNOWN,Unknown Feeder,315.0,10,False,67.2260649443032,33.9139195140124,73,0.2683,healthy,91.7403051,26.171787,34,Crompton,ONAN,2016-09-07,False,False,"Ward No. 9, Substation 103, Kamrup Metro",Kamrup Metro,IN_SERVICE
614bbdc9-b133-4049-8975-908916094afa,447,SS_133,Cachar Substation 133,FD_UNKNOWN,Unknown Feeder,63.0,17,True,121.414654654304,92.9469456462291,25,0.7413,warning,92.5263133,24.9860917,98,Voltamp,ONAN,2009-07-09,False,False,"Ward No. 3, Substation 133, Unknown",Unknown,IN_SERVICE
63b5b709-eefd-4938-ae87-8b5c002c6e13,379,SS_133,Cachar Substation 133,FD_UNKNOWN,Unknown Feeder,250.0,15,True,65.8631837967931,33.2093559888456,74,0.2588,healthy,92.5164057,24.9975538,96,ABB,ONAN,2011-04-09,False,False,"Ward No. 10, Substation 133, Unknown",Unknown,IN_SERVICE
656a8514-a7fc-406e-b5ea-90733e8f8cac,100279,SS_105,Kamrup Metro Substation 105,FD_UNKNOWN,Unknown Feeder,250.0,25,False,65.5405318628486,34.1932405354216,76,0.2399,healthy,91.8095034,26.1350283,89,ABB,ONAF,2001-05-04,False,False,"Ward No. 10, Substation 105, Kamrup Metro",Kamrup Metro,IN_SERVICE
6e129187-bdeb-4680-ab50-0a113cb50681,213,SS_133,Cachar Substation 133,FD_UNKNOWN,Unknown Feeder,63.0,16,True,66.9751595699248,33.7761930862021,72,0.2742,healthy,92.6438217,24.948225,38,BHEL,ONAN,2010-07-09,False,False,"Ward No. 11, Substation 133, Unknown",Unknown,IN_SERVICE
6e320eab-9fd8-474e-bba0-963c75835be9,114,SS_133,Cachar Substation 133,FD_UNKNOWN,Unknown Feeder,100.0,6,False,64.6984004851581,33.6407300867966,77,0.2297,healthy,92.5632724,24.9578008,127,Voltamp,ONAF,2020-01-13,False,False,"Ward No. 5, Substation 133, Unknown",Unknown,IN_SERVICE
6598df09-ee23-418d-9425-48744388242e,100591,SS_135,Cachar Substation 135,FD_UNKNOWN,Unknown Feeder,63.0,9,False,65.2639417221716,33.6886242490739,71,0.2827,healthy,92.7997361,24.8284161,107,Voltamp,ONAN,2017-02-21,False,False,"Ward No. 4, Substation 135, Cachar",Cachar,IN_SERVICE
6e51ae86-5060-4557-971b-4f540c4f6d5d,100712,SS_151,Jorhat Substation 151,FD_UNKNOWN,Unknown Feeder,25.0,19,True,63.8811162541762,33.3785514602294,72,0.2783,healthy,93.9715926,26.5213548,144,Siemens,ONAN,2007-11-09,False,False,"Ward No. 1, Substation 151, Jorhat",Jorhat,IN_SERVICE
6ef34604-f471-4597-9237-9a6b9f68d45c,100192,SS_103,Kamrup Metro Substation 103,FD_UNKNOWN,Unknown Feeder,250.0,17,False,62.6560920925679,33.5302986419627,75,0.2431,healthy,91.7792682,26.1837576,121,BHEL,ONAF,2009-05-18,False,False,"Ward No. 11, Substation 103, Kamrup Metro",Kamrup Metro,IN_SERVICE
6f3aef5b-b10c-4de7-9561-ab96f5e7cfda,100898,SS_172,Dhemaji Substation 172,FD_UNKNOWN,Unknown Feeder,200.0,16,False,117.003789170606,92.6671218640946,27,0.7294,warning,94.543537,27.350498,73,Voltamp,ONAN,2010-02-17,True,False,"Ward No. 9, Substation 172, Dhemaji",Dhemaji,IN_SERVICE
6f538f69-96c3-4343-b8d7-251feb71070b,100756,SS_161,Dibrugarh Substation 161,FD_UNKNOWN,Unknown Feeder,250.0,9,True,69.5427390510215,33.6515213679675,71,0.2856,healthy,94.9312493,27.4915008,28,Voltamp,ONAF,2017-04-06,False,False,"Ward No. 13, Substation 161, Dibrugarh",Dibrugarh,IN_SERVICE
6f677186-ebb2-44cf-ad06-9449450119e2,100938,SS_181,Sonitpur Substation 181,FD_UNKNOWN,Unknown Feeder,500.0,26,True,68.7684213376187,33.7703104493884,67,0.3279,healthy,92.7753873,26.6511503,99,Crompton,ONAF,2000-02-03,False,False,"Ward No. 4, Substation 181, Sonitpur",Sonitpur,IN_SERVICE
703f9d3d-9148-41cf-b65a-0795ccdfde37,101073,SS_193,Kokrajhar Substation 193,FD_UNKNOWN,Unknown Feeder,100.0,32,True,64.0994543616897,33.7624839354589,75,0.2425,healthy,90.174445,26.3808872,95,Siemens,ONAN,1994-10-16,True,True,"Ward No. 14, Substation 193, Kokrajhar",Kokrajhar,IN_SERVICE
70603eca-ccb1-46ad-8bb2-8a94b256eada,100734,SS_153,Majuli Substation 153,FD_UNKNOWN,Unknown Feeder,200.0,16,True,61.7993728992201,33.8441292622521,76,0.231,healthy,94.1829647,26.7591198,61,Siemens,ONAF,2010-04-19,False,False,"Ward No. 4, Substation 153, Majuli",Majuli,IN_SERVICE
caa52e21-1c16-4636-aa11-bc0eeb410a2f,164,SS_133,Cachar Substation 133,FD_UNKNOWN,Unknown Feeder,63.0,18,True,65.9168273652675,34.4761537875506,73,0.2652,healthy,92.5286137,24.9772193,123,ABB,ONAN,2008-05-03,False,False,"Ward No. 13, Substation 133, Unknown",Unknown,IN_SERVICE
caf71d2d-3cc1-48e9-92d9-e4b41b63c945,100388,SS_121,Nagaon Substation 121,FD_UNKNOWN,Unknown Feeder,100.0,31,False,65.0299257004156,33.6432543801303,75,0.2436,healthy,92.5542803,26.3642822,124,BHEL,ONAN,1995-11-25,False,True,"Ward No. 1, Substation 121, Nagaon",Nagaon,IN_SERVICE
cb350988-d2d2-4345-98e3-3950cb1478ba,100298,SS_105,Kamrup Metro Substation 105,FD_UNKNOWN,Unknown Feeder,63.0,18,True,64.1463414057633,34.5742833618868,74,0.2523,healthy,91.7852575,26.1450407,71,Voltamp,ONAN,2008-07-07,False,False,"Ward No. 14, Substation 105, Kamrup Metro",Kamrup Metro,IN_SERVICE
d08537ff-b864-4129-986f-aa3d12c9a594,101022,SS_191,Goalpara Substation 191,FD_UNKNOWN,Unknown Feeder,250.0,28,False,69.3675465213131,33.6373426831007,71,0.2809,healthy,90.5529092,26.4830828,92,Siemens,ONAF,1998-02-19,False,False,"Ward No. 10, Substation 191, Goalpara",Goalpara,IN_SERVICE
d3397d8a-b865-4520-85f3-b5418af82edf,101205,SS_212,Morigaon Substation 212,FD_UNKNOWN,Unknown Feeder,315.0,9,True,67.5774149010585,33.0032576993969,70,0.2908,healthy,92.4660018,26.2733932,136,Voltamp,ONAF,2017-04-19,False,False,"Ward No. 1, Substation 212, Morigaon",Morigaon,IN_SERVICE
d44733c1-b6a0-4af5-89ed-0d901749c20e,100013,SS_101,Kamrup Metro Substation 101,FD_UNKNOWN,Unknown Feeder,250.0,30,False,62.416336300085,33.8777302172823,78,0.2154,healthy,91.7094281,26.160924,51,Crompton,ONAN,1996-04-25,False,False,"Ward No. 8, Substation 101, Kamrup Metro",Kamrup Metro,IN_SERVICE
d60252c8-18e1-4625-849c-3dfbbb7c58f3,450,SS_133,Cachar Substation 133,FD_UNKNOWN,Unknown Feeder,25.0,8,True,66.1953895646807,34.266818988908,69,0.303,healthy,92.534905,24.894895,146,Crompton,ONAN,2018-04-20,False,False,"Ward No. 8, Substation 133, Unknown",Unknown,IN_SERVICE
d6f3e9cc-f17e-4208-800e-affe0b348e62,101207,SS_212,Morigaon Substation 212,FD_UNKNOWN,Unknown Feeder,315.0,21,True,64.4593261771548,33.4761419681725,74,0.2543,healthy,92.5153287,26.2457146,144,ABB,ONAN,2005-03-26,False,False,"Ward No. 2, Substation 212, Morigaon",Morigaon,IN_SERVICE
d708d081-f17d-4eee-ae13-97eb27205772,101047,SS_192,Bongaigaon Substation 192,FD_UNKNOWN,Unknown Feeder,200.0,20,False,63.7919418113891,34.2411985534641,78,0.2181,healthy,90.2767406,26.4143907,76,Voltamp,ONAF,2006-05-19,False,False,"Ward No. 7, Substation 192, Bongaigaon",Bongaigaon,IN_SERVICE
d920c0ba-f4e3-4349-98c0-35d1c33898fe,100395,SS_121,Nagaon Substation 121,FD_UNKNOWN,Unknown Feeder,100.0,13,True,64.7231850696043,33.5974879036592,78,0.2186,healthy,92.8538766,26.4657206,66,BHEL,ONAN,2013-10-17,False,False,"Ward No. 4, Substation 121, Nagaon",Nagaon,IN_SERVICE
d993960e-89ab-4f98-98ad-27c5b4562e18,100671,SS_142,Karimganj Substation 142,FD_UNKNOWN,Unknown Feeder,100.0,12,False,68.2441454340118,34.0967165435373,75,0.2487,healthy,92.1607873,24.8454075,76,Crompton,ONAF,2014-09-22,False,False,"Ward No. 10, Substation 142, Karimganj",Karimganj,IN_SERVICE
d9a9f145-fe10-44dd-8561-22ed63acaa6c,100133,SS_102,Kamrup Metro Substation 102,FD_UNKNOWN,Unknown Feeder,25.0,22,False,119.845210810874,94.5992039043473,22,0.7787,warning,91.8024706,26.1740008,22,Crompton,ONAF,2004-04-20,False,True,"Ward No. 5, Substation 102, Kamrup Metro",Kamrup Metro,IN_SERVICE
da00fecb-f3f9-4a1a-ade0-4f684cb5ebd1,100860,SS_164,Dibrugarh Substation 164,FD_UNKNOWN,Unknown Feeder,250.0,19,True,65.2061353267339,34.0561312591909,75,0.2436,healthy,95.3533053,27.4858861,100,Crompton,ONAN,2007-05-25,False,False,"Ward No. 4, Substation 164, Dibrugarh",Dibrugarh,IN_SERVICE
da196b7c-5b44-4141-a271-76c20d734c02,516,SS_133,Cachar Substation 133,FD_UNKNOWN,Unknown Feeder,100.0,11,True,67.9029189461533,33.5150644262312,71,0.2827,healthy,92.5836719,24.956765,116,Voltamp,ONAN,2015-07-02,False,False,"Ward No. 10, Substation 133, Unknown",Unknown,IN_SERVICE
da19c276-8163-46a9-9306-dafcbbf9e390,2087,SS_133,Cachar Substation 133,FD_UNKNOWN,Unknown Feeder,63.0,13,False,66.1720479686679,33.595956860214,72,0.2737,healthy,92.4975261,24.9540415,47,Crompton,ONAF,2013-11-14,False,True,"Ward No. 7, Substation 133, Unknown",Unknown,IN_SERVICE
da4a90a4-44dd-4232-9766-2f61388f676e,101150,SS_202,Golaghat Substation 202,FD_UNKNOWN,Unknown Feeder,500.0,26,True,64.1497649764352,33.2986308373691,71,0.2818,healthy,94.0992442,26.299031,71,Siemens,ONAF,2000-05-12,False,False,"Ward No. 14, Substation 202, Golaghat",Golaghat,IN_SERVICE
da7ab633-8d9c-4390-901d-54bfdcaa238a,100244,SS_104,Kamrup Metro Substation 104,FD_UNKNOWN,Unknown Feeder,200.0,15,True,66.1306584430852,33.608906938368,73,0.2624,healthy,91.7663061,26.1848065,77,Siemens,ONAN,2011-04-02,False,False,"Ward No. 14, Substation 104, Kamrup Metro",Kamrup Metro,IN_SERVICE
dab6a7be-db55-4b98-a27a-2f2efd201b97,100423,SS_121,Nagaon Substation 121,FD_UNKNOWN,Unknown Feeder,250.0,19,True,66.4769925149011,33.6457880166183,74,0.2588,healthy,92.3746357,26.2164285,53,BHEL,ONAF,2007-07-23,False,False,"Ward No. 12, Substation 121, Nagaon",Nagaon,IN_SERVICE
dac02df7-7b2a-44d3-9bb3-9af9a45b1a88,101315,SS_244,Barpeta Substation 244,FD_UNKNOWN,Unknown Feeder,200.0,18,False,68.2930746615779,34.150924812354,72,0.2793,healthy,90.9685928,26.4908364,120,Crompton,ONAF,2008-01-13,False,False,"Ward No. 1, Substation 244, Barpeta",Barpeta,IN_SERVICE
db0b4fbb-eb51-4f5b-bfb7-ea78c8e8e9ed,101244,SS_222,Karbi Anglong Substation 222,FD_UNKNOWN,Unknown Feeder,315.0,16,False,65.0386001940908,33.6796599305091,75,0.2481,healthy,92.8179123,26.4671094,41,Crompton,ONAF,2010-03-01,True,False,"Ward No. 10, Substation 222, Karbi Anglong",Karbi Anglong,IN_SERVICE
db74dea1-b9e7-4246-b7ac-a7ac41e68801,100522,SS_133,Cachar Substation 133,FD_UNKNOWN,Unknown Feeder,100.0,16,False,68.4158949850167,33.8890786194775,75,0.2457,healthy,92.4933238,24.8588062,54,Voltamp,ONAN,2010-06-13,False,False,"Ward No. 5, Substation 133, Cachar",Cachar,IN_SERVICE
dbcf44c7-df50-4af3-89ad-2b80477e6d34,100111,SS_102,Kamrup Metro Substation 102,FD_UNKNOWN,Unknown Feeder,200.0,15,False,69.0650682139102,33.0720154360192,72,0.2728,healthy,91.7539031,26.1854327,91,BHEL,ONAN,2011-10-04,False,False,"Ward No. 12, Substation 102, Kamrup Metro",Kamrup Metro,IN_SERVICE
dbe4206b-8bd3-4124-99c7-1842dc62f6ad,100080,SS_102,Kamrup Metro Substation 102,FD_UNKNOWN,Unknown Feeder,500.0,6,False,68.469531587324,33.9469383665161,71,0.2891,healthy,91.6887221,26.1606497,35,Voltamp,ONAN,2020-03-07,False,False,"Ward No. 9, Substation 102, Kamrup Metro",Kamrup Metro,IN_SERVICE
dcb57471-d01f-4f84-a8c5-8eb3bbf68cc2,100574,SS_134,Cachar Substation 134,FD_UNKNOWN,Unknown Feeder,100.0,17,False,66.9025815764848,33.7580609922126,75,0.2469,healthy,92.7912446,24.7921663,58,Siemens,ONAN,2009-01-14,False,False,"Ward No. 4, Substation 134, Cachar",Cachar,IN_SERVICE
dccee11b-9c56-49d0-af75-ff3487af04e1,101033,SS_192,Bongaigaon Substation 192,FD_UNKNOWN,Unknown Feeder,500.0,12,True,66.7464620076561,32.9200433960478,69,0.3083,healthy,90.5770438,26.4312897,114,ABB,ONAN,2014-07-06,False,False,"Ward No. 10, Substation 192, Bongaigaon",Bongaigaon,IN_SERVICE
dcd82620-0909-4496-92ee-8f1388a78888,230,SS_133,Cachar Substation 133,FD_UNKNOWN,Unknown Feeder,16.0,7,True,65.8437612959733,34.1727934524026,70,0.2907,healthy,92.5714094,24.9967802,33,ABB,ONAF,2019-11-03,False,False,"Ward No. 12, Substation 133, Unknown",Unknown,IN_SERVICE
dd0ae650-74f0-4a7b-ad76-07561feb242d,101212,SS_212,Morigaon Substation 212,FD_UNKNOWN,Unknown Feeder,100.0,9,False,123.054186626024,91.685930347131,26,0.7371,warning,92.5542803,26.3642822,62,Crompton,ONAN,2017-08-08,False,False,"Ward No. 14, Substation 212, Morigaon",Morigaon,IN_SERVICE
dd1db263-0a93-41d6-ba6f-7466393fd44a,102,SS_133,Cachar Substation 133,FD_UNKNOWN,Unknown Feeder,250.0,19,False,68.7858683314698,33.1744479230159,73,0.2676,healthy,92.5729239,24.9678249,100,Siemens,ONAN,2007-07-17,False,True,"Ward No. 8, Substation 133, Unknown",Unknown,IN_SERVICE
dd1f5219-7608-4ae0-862e-25438e1ed6d7,101061,SS_193,Kokrajhar Substation 193,FD_UNKNOWN,Unknown Feeder,250.0,13,False,67.60661269567,33.4575861828567,71,0.2807,healthy,90.2673231,26.4151405,34,BHEL,ONAN,2013-02-12,False,False,"Ward No. 4, Substation 193, Kokrajhar",Kokrajhar,IN_SERVICE
dd9af3ed-d088-4f4d-bbfe-2e3b3b3c3dc9,452,SS_133,Cachar Substation 133,FD_UNKNOWN,Unknown Feeder,25.0,13,True,67.4336577604608,33.9528686017126,68,0.3183,healthy,92.7130857,24.9435914,62,BHEL,ONAN,2013-03-26,False,False,"Ward No. 1, Substation 133, Unknown",Unknown,IN_SERVICE
de1b8a65-5f96-4b21-9e33-00247b30aa21,100204,SS_103,Kamrup Metro Substation 103,FD_UNKNOWN,Unknown Feeder,250.0,15,False,63.9139725626347,34.0734435445692,72,0.2775,healthy,91.7645922,26.1424488,86,BHEL,ONAN,2011-10-08,False,False,"Ward No. 10, Substation 103, Kamrup Metro",Kamrup Metro,IN_SERVICE
de1bd719-7ccd-4a7d-bd76-a6497722d280,100205,SS_103,Kamrup Metro Substation 103,FD_UNKNOWN,Unknown Feeder,100.0,28,True,68.7861518734496,34.1226878915441,77,0.2282,healthy,91.8199646,26.1788619,75,ABB,ONAF,1998-04-13,False,False,"Ward No. 9, Substation 103, Kamrup Metro",Kamrup Metro,IN_SERVICE
de245b4b-e668-4371-a8fa-bf90d6c62b35,101137,SS_202,Golaghat Substation 202,FD_UNKNOWN,Unknown Feeder,500.0,21,False,118.328210948477,94.3040024052098,18,0.8116,warning,93.9488146,26.6003726,90,Siemens,ONAN,2005-09-24,False,False,"Ward No. 5, Substation 202, Golaghat",Golaghat,IN_SERVICE
f1287cfe-b6f9-415b-a8b8-a40d21a525e6,100342,SS_111,Kamrup Substation 111,FD_UNKNOWN,Unknown Feeder,63.0,16,True,68.4139322209542,33.6224138959371,73,0.2693,healthy,91.512999,26.412844,112,Crompton,ONAF,2010-02-14,True,False,"Ward No. 7, Substation 111, Kamrup",Kamrup,IN_SERVICE
f13eada2-c6d2-41c0-8f41-ee22a8593a7d,522,SS_133,Cachar Substation 133,FD_UNKNOWN,Unknown Feeder,25.0,12,True,68.6237302149728,33.9391184932685,68,0.3125,healthy,92.6333258,24.9103985,97,ABB,ONAN,2014-04-15,False,False,"Ward No. 3, Substation 133, Unknown",Unknown,IN_SERVICE
f14da96f-235d-44da-9456-ebc3cf9c23ff,101297,SS_243,Barpeta Substation 243,FD_UNKNOWN,Unknown Feeder,315.0,8,True,121.263107393,92.3238071292524,22,0.7715,warning,91.1473979,26.5007592,36,Crompton,ONAN,2018-05-04,False,False,"Ward No. 5, Substation 243, Barpeta",Barpeta,IN_SERVICE
09823adc-ece7-4ccb-a0c3-34d324f4121f,100659,SS_142,Karimganj Substation 142,FD_UNKNOWN,Unknown Feeder,25.0,15,False,63.3222806585582,33.5833358555636,71,0.2858,healthy,92.3098,24.883091,115,Voltamp,ONAF,2011-01-25,False,False,"Ward No. 14, Substation 142, Karimganj",Karimganj,IN_SERVICE
09b43136-99ed-496f-8421-817e7c203f80,100373,SS_112,Kamrup Substation 112,FD_UNKNOWN,Unknown Feeder,250.0,23,True,64.5018122984179,33.8003874148692,76,0.2386,healthy,90.621609,26.161551,28,Voltamp,ONAN,2003-11-26,True,True,"Ward No. 9, Substation 112, Kamrup",Kamrup,IN_SERVICE
09d194ed-1e23-4f9a-b64c-f3bd61f24ea3,100750,SS_161,Dibrugarh Substation 161,FD_UNKNOWN,Unknown Feeder,315.0,22,False,68.3297849081061,33.729583688687,71,0.2865,healthy,94.9258202,27.4898148,108,Siemens,ONAN,2004-05-18,False,False,"Ward No. 5, Substation 161, Dibrugarh",Dibrugarh,IN_SERVICE
09e52e34-b84d-4f8c-8c3a-f1a5e77fba55,100723,SS_152,Jorhat Substation 152,FD_UNKNOWN,Unknown Feeder,500.0,16,False,63.319013433539,33.9265741521399,74,0.2582,healthy,94.1409029,26.7274553,42,ABB,ONAN,2010-06-15,False,False,"Ward No. 4, Substation 152, Jorhat",Jorhat,IN_SERVICE
12e0ddef-bb99-4fb7-872e-a367452a9481,101045,SS_192,Bongaigaon Substation 192,FD_UNKNOWN,Unknown Feeder,100.0,14,False,69.1170284304474,33.9382691696247,76,0.2332,healthy,90.2868385,26.4005084,25,Voltamp,ONAN,2012-11-26,False,True,"Ward No. 5, Substation 192, Bongaigaon",Bongaigaon,IN_SERVICE
139fe3af-3a17-424f-abda-c317a21e555c,100278,SS_105,Kamrup Metro Substation 105,FD_UNKNOWN,Unknown Feeder,100.0,20,False,67.01685696228,33.6594526145555,74,0.2561,healthy,91.7867147,26.1496128,34,Siemens,ONAN,2006-08-22,False,False,"Ward No. 9, Substation 105, Kamrup Metro",Kamrup Metro,IN_SERVICE
17ec8e68-5325-4857-abe8-244869f685eb,101301,SS_243,Barpeta Substation 243,FD_UNKNOWN,Unknown Feeder,200.0,9,False,65.2677110548017,33.5949581848748,73,0.266,healthy,91.0964259,26.6337966,124,BHEL,ONAN,2017-07-09,False,False,"Ward No. 14, Substation 243, Barpeta",Barpeta,IN_SERVICE
183af824-d8a9-4129-b766-5d4b716633a1,100523,SS_133,Cachar Substation 133,FD_UNKNOWN,Unknown Feeder,200.0,12,True,65.8220758696002,33.4669675458128,76,0.2396,healthy,92.7664854,24.5079987,84,Voltamp,ONAN,2014-08-06,False,False,"Ward No. 2, Substation 133, Cachar",Cachar,IN_SERVICE
186afad1-2d20-4bd7-b75c-73a52fff502c,100761,SS_161,Dibrugarh Substation 161,FD_UNKNOWN,Unknown Feeder,315.0,10,False,64.8041711508855,34.0034066828061,73,0.2667,healthy,94.940004,27.487594,52,ABB,ONAF,2016-02-08,False,False,"Ward No. 13, Substation 161, Dibrugarh",Dibrugarh,IN_SERVICE
18b11603-c5fe-4f66-b42e-a46d2801ba42,100637,SS_141,Hailakandi Substation 141,FD_UNKNOWN,Unknown Feeder,100.0,16,False,120.102546822589,91.6179291036672,26,0.7399,warning,92.6621686,24.824249,121,BHEL,ONAN,2010-11-05,False,False,"Ward No. 1, Substation 141, Hailakandi",Hailakandi,IN_SERVICE
1aad410f-a4fb-4ab8-8b8a-2d4ce26bfed6,303,SS_133,Cachar Substation 133,FD_UNKNOWN,Unknown Feeder,25.0,21,False,67.0053866325825,33.4417941039445,69,0.3048,healthy,92.5033323,25.000872,48,ABB,ONAN,2005-10-16,False,False,"Ward No. 9, Substation 133, Unknown",Unknown,IN_SERVICE
1ebd59aa-acc6-4f07-97e8-f7ce1173ab48,100819,SS_162,Tinsukia Substation 162,FD_UNKNOWN,Unknown Feeder,25.0,15,True,70.1570445837858,33.8136529108348,67,0.3258,healthy,95.101352,27.48202,54,BHEL,ONAF,2011-10-14,False,False,"Ward No. 14, Substation 162, Tinsukia",Tinsukia,IN_SERVICE
1ecdaea0-5afb-4681-8431-d2c9154180d5,100889,SS_171,Lakhimpur Substation 171,FD_UNKNOWN,Unknown Feeder,100.0,5,False,68.1876609801069,34.3940638279343,76,0.2366,healthy,94.1922981,26.7745174,106,Crompton,ONAN,2021-02-17,False,False,"Ward No. 10, Substation 171, Lakhimpur",Lakhimpur,IN_SERVICE
1ece209b-2b2c-4e84-bbae-0521338f1607,100714,SS_151,Jorhat Substation 151,FD_UNKNOWN,Unknown Feeder,63.0,62,False,64.1241244620037,33.676684649361,74,0.2589,healthy,94.1294188,26.4256728,42,Crompton,ONAN,1964-07-17,False,False,"Ward No. 1, Substation 151, Jorhat",Jorhat,IN_SERVICE
1f94b17f-f5ff-4838-96a6-c843e2c9c4e4,141,SS_133,Cachar Substation 133,FD_UNKNOWN,Unknown Feeder,16.0,8,True,67.3420076672032,33.2559497836803,69,0.3077,healthy,92.501977,24.9605042,97,Crompton,ONAN,2018-03-16,False,False,"Ward No. 3, Substation 133, Unknown",Unknown,IN_SERVICE
20a736c6-c193-4264-b452-cf2985c06378,100480,SS_124,Nagaon Substation 124,FD_UNKNOWN,Unknown Feeder,500.0,8,True,66.1679476609795,33.6374430296738,69,0.3027,healthy,92.4660018,26.2733932,136,ABB,ONAN,2018-05-18,False,False,"Ward No. 5, Substation 124, Nagaon",Nagaon,IN_SERVICE
21e6395d-b178-4187-b7b4-35aef9db7ada,100193,SS_103,Kamrup Metro Substation 103,FD_UNKNOWN,Unknown Feeder,315.0,16,False,119.834722698625,95.104477775532,22,0.7797,warning,91.7259884,26.1413861,111,Siemens,ONAF,2010-05-21,False,False,"Ward No. 12, Substation 103, Kamrup Metro",Kamrup Metro,IN_SERVICE
230f132c-4d43-468f-b58d-f06c6916234d,101087,SS_194,Dhubri Substation 194,FD_UNKNOWN,Unknown Feeder,250.0,16,True,61.8511281042993,33.9626342246978,77,0.2232,healthy,89.6645924,26.1194667,88,Siemens,ONAN,2010-05-17,False,True,"Ward No. 1, Substation 194, Dhubri",Dhubri,IN_SERVICE
232778a1-ad34-4e41-aea6-b8157424654c,100901,SS_172,Dhemaji Substation 172,FD_UNKNOWN,Unknown Feeder,100.0,31,False,65.8527605257979,33.5836473198289,76,0.2387,healthy,94.8646728,27.3337699,84,Siemens,ONAN,1995-02-10,False,False,"Ward No. 13, Substation 172, Dhemaji",Dhemaji,IN_SERVICE
2329df62-5b54-42ce-8852-3418c947ee00,100008,SS_101,Kamrup Metro Substation 101,FD_UNKNOWN,Unknown Feeder,100.0,19,False,65.9494195617024,34.120806152176,76,0.2346,healthy,91.8048236,26.1143482,100,BHEL,ONAN,2007-03-13,True,False,"Ward No. 6, Substation 101, Kamrup Metro",Kamrup Metro,IN_SERVICE
24640caf-68f7-49e0-acdb-e556761354a3,101286,SS_242,Baksa Substation 242,FD_UNKNOWN,Unknown Feeder,200.0,16,True,68.0832224440589,33.9016347630123,74,0.2577,healthy,91.3702479,26.4880406,148,Crompton,ONAF,2010-04-16,False,False,"Ward No. 4, Substation 242, Baksa",Baksa,IN_SERVICE
2529023f-7c76-4b3c-9fc4-c23be49b1e9d,133,SS_133,Cachar Substation 133,FD_UNKNOWN,Unknown Feeder,25.0,12,True,68.7284942598361,33.4613487935673,71,0.2846,healthy,92.5263126,24.9788613,123,Crompton,ONAN,2014-06-10,True,False,"Ward No. 14, Substation 133, Unknown",Unknown,IN_SERVICE
28fabe17-aa42-4e5b-9144-97986d977e67,101310,SS_243,Barpeta Substation 243,FD_UNKNOWN,Unknown Feeder,500.0,8,False,119.584503023677,93.1012720907005,19,0.8078,warning,90.9983215,26.6513516,65,Siemens,ONAF,2018-04-17,False,True,"Ward No. 3, Substation 243, Barpeta",Barpeta,IN_SERVICE
33b49b4a-736e-4599-bff3-a42a140361ed,100353,SS_111,Kamrup Substation 111,FD_UNKNOWN,Unknown Feeder,100.0,13,False,64.5919319846877,34.0362853109321,77,0.223,healthy,91.4429223,26.4423588,117,BHEL,ONAN,2013-11-18,False,False,"Ward No. 7, Substation 111, Kamrup",Kamrup,IN_SERVICE
3408d990-660f-4b9a-b7e1-f6e58afcc07f,100087,SS_102,Kamrup Metro Substation 102,FD_UNKNOWN,Unknown Feeder,63.0,15,True,68.8428292239457,33.6748020239225,70,0.2977,healthy,91.7795015,26.1651971,115,Voltamp,ONAF,2011-10-08,False,False,"Ward No. 1, Substation 102, Kamrup Metro",Kamrup Metro,IN_SERVICE
393d4e91-0ff0-45ce-aec9-d26ea14116b5,100226,SS_104,Kamrup Metro Substation 104,FD_UNKNOWN,Unknown Feeder,100.0,12,False,67.5502428964106,33.2192256890438,74,0.254,healthy,91.7608166,26.1717757,22,ABB,ONAF,2014-10-19,False,False,"Ward No. 5, Substation 104, Kamrup Metro",Kamrup Metro,IN_SERVICE
397b82f3-d5ee-4654-ae08-7b3e14259558,101003,SS_191,Goalpara Substation 191,FD_UNKNOWN,Unknown Feeder,200.0,9,True,120.347968423398,90.8506321548943,27,0.7253,warning,90.621609,26.161551,101,Crompton,ONAF,2017-11-01,False,False,"Ward No. 10, Substation 191, Goalpara",Goalpara,IN_SERVICE
3afd780d-6e7b-4f80-8c34-b565f0a6d351,54,SS_133,Cachar Substation 133,FD_UNKNOWN,Unknown Feeder,63.0,11,True,68.2879134090604,33.7423949989138,73,0.2626,healthy,92.6735551,24.9079803,80,ABB,ONAF,2015-07-04,False,False,"Ward No. 9, Substation 133, Unknown",Unknown,IN_SERVICE
472ec22f-d05a-4858-8462-87790c15a31b,100059,SS_101,Kamrup Metro Substation 101,FD_UNKNOWN,Unknown Feeder,315.0,11,True,121.528885705371,92.6805092507298,22,0.7719,warning,91.7641704,26.1688102,115,ABB,ONAN,2015-03-03,False,False,"Ward No. 3, Substation 101, Kamrup Metro",Kamrup Metro,IN_SERVICE
4742f162-5e67-4be3-91e5-eabbcc17163a,101124,SS_201,Sivasagar Substation 201,FD_UNKNOWN,Unknown Feeder,200.0,36,False,120.93258802374,93.8932334016316,26,0.7361,warning,94.911762,27.181087,39,Voltamp,ONAN,1990-01-11,False,True,"Ward No. 2, Substation 201, Sivasagar",Sivasagar,IN_SERVICE
4c796512-e843-4bee-9524-5bba6a411610,100740,SS_153,Majuli Substation 153,FD_UNKNOWN,Unknown Feeder,200.0,17,False,67.0351574391688,33.5190478023281,72,0.2714,healthy,94.2021123,26.7466487,71,BHEL,ONAF,2009-09-05,False,False,"Ward No. 12, Substation 153, Majuli",Majuli,IN_SERVICE
4c839651-8449-46cb-94d1-c40df013f298,210,SS_133,Cachar Substation 133,FD_UNKNOWN,Unknown Feeder,16.0,28,False,66.0712785774301,33.1258071150204,72,0.2755,healthy,92.5670533,24.9978367,140,Siemens,ONAF,1998-05-07,True,False,"Ward No. 3, Substation 133, Unknown",Unknown,IN_SERVICE
4cc9b7fa-da75-4515-9779-8e7fd331d5f4,100862,SS_164,Dibrugarh Substation 164,FD_UNKNOWN,Unknown Feeder,250.0,8,True,69.2659900520312,34.2255577189942,70,0.3,healthy,95.3797308,27.4860869,82,ABB,ONAF,2018-07-03,True,False,"Ward No. 3, Substation 164, Dibrugarh",Dibrugarh,IN_SERVICE
4dcef49c-c067-4915-9aad-f7e3ec1ea2fd,100489,SS_124,Nagaon Substation 124,FD_UNKNOWN,Unknown Feeder,100.0,15,False,68.210049052389,33.1736785702046,76,0.2399,healthy,92.5542803,26.3642822,97,ABB,ONAF,2011-09-20,False,False,"Ward No. 10, Substation 124, Nagaon",Nagaon,IN_SERVICE
4e1307d6-7b9b-45bd-8710-53a2d3c55eb1,100017,SS_101,Kamrup Metro Substation 101,FD_UNKNOWN,Unknown Feeder,315.0,31,False,66.3804075124527,33.7123519018121,76,0.2342,healthy,91.797421,26.1035923,56,Siemens,ONAN,1995-10-13,False,False,"Ward No. 5, Substation 101, Kamrup Metro",Kamrup Metro,IN_SERVICE
4e481508-acae-48b2-ae87-83a3e0046e42,100904,SS_172,Dhemaji Substation 172,FD_UNKNOWN,Unknown Feeder,63.0,17,True,118.480001275897,93.0146369665836,25,0.7446,warning,94.9111354,27.4729107,91,ABB,ONAN,2009-08-12,False,False,"Ward No. 2, Substation 172, Dhemaji",Dhemaji,IN_SERVICE
587946a4-ef37-4d0b-ad42-a8c3d34e1bc0,100497,SS_133,Cachar Substation 133,FD_UNKNOWN,Unknown Feeder,63.0,13,True,63.1858667377444,33.9092917529872,72,0.2717,healthy,92.7912446,24.7921663,94,Siemens,ONAN,2013-05-12,False,False,"Ward No. 2, Substation 133, Cachar",Cachar,IN_SERVICE
6f1c703b-b883-47ec-8225-a134757a16c8,100069,SS_101,Kamrup Metro Substation 101,FD_UNKNOWN,Unknown Feeder,500.0,5,False,117.261473675274,94.5351357569948,18,0.8106,warning,91.7411135,26.1454737,44,BHEL,ONAN,2021-01-07,False,False,"Ward No. 5, Substation 101, Kamrup Metro",Kamrup Metro,IN_SERVICE
7dc1da05-bfe2-450b-bab3-7f54899d336a,100733,SS_153,Majuli Substation 153,FD_UNKNOWN,Unknown Feeder,100.0,12,False,66.7310376679534,32.9118610731325,74,0.2583,healthy,94.2071066,26.7669056,50,BHEL,ONAF,2014-04-01,False,True,"Ward No. 9, Substation 153, Majuli",Majuli,IN_SERVICE
6f4f50aa-ae80-410c-b199-a32cc5b7a947,101149,SS_202,Golaghat Substation 202,FD_UNKNOWN,Unknown Feeder,200.0,5,False,66.7001295123382,33.962839826809,75,0.2481,healthy,94.1876136,26.6456268,69,BHEL,ONAF,2021-02-12,False,False,"Ward No. 12, Substation 202, Golaghat",Golaghat,IN_SERVICE
70f83716-d29b-489b-bf12-7edcb15c0123,2082,SS_133,Cachar Substation 133,FD_UNKNOWN,Unknown Feeder,25.0,23,False,61.6581737960802,33.4101862814119,71,0.2807,healthy,92.4976567,24.88349,44,BHEL,ONAN,2003-10-21,False,False,"Ward No. 7, Substation 133, Unknown",Unknown,IN_SERVICE
714b5edf-cd5c-46b7-aa2e-14dddcc73489,100063,SS_101,Kamrup Metro Substation 101,FD_UNKNOWN,Unknown Feeder,100.0,38,False,65.6734880991386,34.0206207348411,76,0.2378,healthy,91.8079674,26.1304526,51,ABB,ONAN,1988-06-14,False,False,"Ward No. 12, Substation 101, Kamrup Metro",Kamrup Metro,IN_SERVICE
71524a54-051c-4cae-b74e-ea6a81b7ae03,101210,SS_212,Morigaon Substation 212,FD_UNKNOWN,Unknown Feeder,500.0,16,False,67.9961510935324,33.9802641306978,67,0.3263,healthy,92.19398,26.117993,142,Voltamp,ONAF,2010-05-20,False,True,"Ward No. 1, Substation 212, Morigaon",Morigaon,IN_SERVICE
716af4fb-01da-47ac-bc5f-748f1c618741,100681,SS_151,Jorhat Substation 151,FD_UNKNOWN,Unknown Feeder,100.0,30,False,66.6801037309322,34.1816096462921,77,0.2281,healthy,94.2071066,26.7669056,122,ABB,ONAF,1996-06-14,False,False,"Ward No. 8, Substation 151, Jorhat",Jorhat,IN_SERVICE
71f15886-d6c5-4d24-92aa-5591cc1cba19,100027,SS_101,Kamrup Metro Substation 101,FD_UNKNOWN,Unknown Feeder,200.0,18,True,64.3695507530542,33.6009687812069,73,0.2643,healthy,91.7686637,26.1595109,23,Siemens,ONAN,2008-11-19,False,False,"Ward No. 10, Substation 101, Kamrup Metro",Kamrup Metro,IN_SERVICE
72132ee1-3ac8-4b09-ae79-6d3c2046539a,100636,SS_141,Hailakandi Substation 141,FD_UNKNOWN,Unknown Feeder,200.0,27,True,63.5225062356954,33.5867022006107,75,0.2439,healthy,92.6140897,24.5163595,35,Crompton,ONAF,1999-07-10,False,False,"Ward No. 12, Substation 141, Hailakandi",Hailakandi,IN_SERVICE
72511255-5dce-4748-a04d-cd3266fb62bb,100709,SS_151,Jorhat Substation 151,FD_UNKNOWN,Unknown Feeder,100.0,13,False,64.8444196596484,34.2459343131398,74,0.2518,healthy,94.1326737,26.449904,143,Voltamp,ONAN,2013-03-08,False,True,"Ward No. 12, Substation 151, Jorhat",Jorhat,IN_SERVICE
738cff2c-9e1f-431f-87a8-77924f7d0fc0,101052,SS_192,Bongaigaon Substation 192,FD_UNKNOWN,Unknown Feeder,315.0,11,False,64.4481818250261,33.0412049238214,74,0.2594,healthy,90.606702,26.17965,39,Crompton,ONAN,2015-04-07,False,False,"Ward No. 12, Substation 192, Bongaigaon",Bongaigaon,IN_SERVICE
76327464-7bf8-4363-a0b3-a381464c64c2,101119,SS_201,Sivasagar Substation 201,FD_UNKNOWN,Unknown Feeder,100.0,10,False,68.1138379544475,33.2454358401591,72,0.2723,healthy,94.4086004,26.835227,104,Voltamp,ONAN,2016-03-01,False,True,"Ward No. 7, Substation 201, Sivasagar",Sivasagar,IN_SERVICE
763484e3-a6fb-45b8-8d3f-39ff22e85935,603,SS_133,Cachar Substation 133,FD_UNKNOWN,Unknown Feeder,250.0,23,False,66.4486197427696,33.2786749009122,73,0.2637,healthy,92.5551839,24.8812017,100,Voltamp,ONAF,2003-11-22,False,False,"Ward No. 14, Substation 133, Unknown",Unknown,IN_SERVICE
768baffd-f9b2-4691-881d-9a0ddcd6ff44,601,SS_133,Cachar Substation 133,FD_UNKNOWN,Unknown Feeder,63.0,68,True,119.778387059334,92.4436429561998,25,0.7446,warning,92.5772583,24.8770333,46,ABB,ONAF,1958-07-17,False,True,"Ward No. 1, Substation 133, Unknown",Unknown,IN_SERVICE
863bf531-4af1-4721-abf3-a1a702035e11,100911,SS_172,Dhemaji Substation 172,FD_UNKNOWN,Unknown Feeder,63.0,22,True,61.9748740586341,33.8158713550485,74,0.2585,healthy,94.9271375,27.4915127,26,BHEL,ONAN,2004-10-22,False,False,"Ward No. 3, Substation 172, Dhemaji",Dhemaji,IN_SERVICE
864804b8-7321-49fb-9e9c-de70cbee9b3a,101201,SS_212,Morigaon Substation 212,FD_UNKNOWN,Unknown Feeder,500.0,10,False,64.1792205283768,32.9741785904324,70,0.2922,healthy,92.3860006,26.2601066,35,ABB,ONAN,2016-04-22,False,False,"Ward No. 6, Substation 212, Morigaon",Morigaon,IN_SERVICE
864a9a70-c63f-4d49-a7f5-f75aca291c54,100774,SS_161,Dibrugarh Substation 161,FD_UNKNOWN,Unknown Feeder,100.0,17,True,66.2829042582106,33.2590797129033,71,0.2836,healthy,95.101352,27.48202,43,Siemens,ONAN,2009-09-05,False,False,"Ward No. 2, Substation 161, Dibrugarh",Dibrugarh,IN_SERVICE
8680c483-8d2e-447f-b621-c251641739e1,100806,SS_162,Tinsukia Substation 162,FD_UNKNOWN,Unknown Feeder,315.0,13,False,66.1984155493226,33.8642973233445,75,0.2422,healthy,95.4309154,27.4871156,76,ABB,ONAN,2013-07-14,False,False,"Ward No. 10, Substation 162, Tinsukia",Tinsukia,IN_SERVICE
86a105af-9d7e-41db-98c0-a82017a4d34b,457,SS_133,Cachar Substation 133,FD_UNKNOWN,Unknown Feeder,25.0,25,True,66.6183300700317,33.6792485011982,68,0.3128,healthy,92.6291663,24.9032183,134,ABB,ONAN,2001-01-14,False,True,"Ward No. 11, Substation 133, Unknown",Unknown,IN_SERVICE
90ba46e3-1f2a-4df0-a75d-82c9a061c7af,100380,SS_121,Nagaon Substation 121,FD_UNKNOWN,Unknown Feeder,100.0,10,True,67.0757381188663,33.7721536841942,75,0.2434,healthy,92.689441,26.344804,59,Siemens,ONAN,2016-10-25,False,False,"Ward No. 13, Substation 121, Nagaon",Nagaon,IN_SERVICE
9433b854-a5b6-463b-bce4-568eb3ac017c,101227,SS_221,Karbi Anglong Substation 221,FD_UNKNOWN,Unknown Feeder,100.0,7,False,70.4039398409852,33.9352742846757,73,0.2682,healthy,93.7096698,25.9142282,66,BHEL,ONAN,2019-06-10,True,False,"Ward No. 13, Substation 221, Karbi Anglong",Karbi Anglong,IN_SERVICE
9473f26b-e21f-49f7-a180-a2b222dcd7fc,100639,SS_141,Hailakandi Substation 141,FD_UNKNOWN,Unknown Feeder,200.0,30,True,65.6392802524789,33.6792779517013,75,0.2412,healthy,92.4012181,24.6017358,129,Voltamp,ONAF,1996-02-18,False,False,"Ward No. 4, Substation 141, Hailakandi",Hailakandi,IN_SERVICE
94e4c518-85bd-431a-8dbb-7d506e572954,100590,SS_135,Cachar Substation 135,FD_UNKNOWN,Unknown Feeder,63.0,12,False,66.1659397983817,33.6207171071056,71,0.2882,healthy,92.800264,24.83185,40,Crompton,ONAN,2014-08-20,False,False,"Ward No. 9, Substation 135, Cachar",Cachar,IN_SERVICE
9fbfa4e0-be36-4832-b32a-a16fdd3acea9,420,SS_133,Cachar Substation 133,FD_UNKNOWN,Unknown Feeder,25.0,11,True,120.375645953657,91.5670882016917,22,0.7736,warning,92.5097038,24.982069,121,Siemens,ONAN,2015-09-21,False,False,"Ward No. 2, Substation 133, Unknown",Unknown,IN_SERVICE
9fe776dd-4734-4677-a97a-7073e28591b1,100436,SS_122,Hojai Substation 122,FD_UNKNOWN,Unknown Feeder,100.0,21,True,120.617148390211,91.0174420873883,26,0.7391,warning,93.0298574,26.1059221,147,ABB,ONAF,2005-06-15,False,False,"Ward No. 2, Substation 122, Hojai",Hojai,IN_SERVICE
a014babf-fb02-4360-860c-2bc583d81205,2199,SS_133,Cachar Substation 133,FD_UNKNOWN,Unknown Feeder,16.0,61,False,67.6525971485952,34.0812758577335,72,0.2785,healthy,92.537,24.9954683,103,Siemens,ONAN,1965-09-10,False,False,"Ward No. 4, Substation 133, Unknown",Unknown,IN_SERVICE
a0273fe2-e46f-4d3c-b67e-8017d2a1f5cd,101199,SS_212,Morigaon Substation 212,FD_UNKNOWN,Unknown Feeder,63.0,13,True,67.0144915614965,33.6236499512287,72,0.2714,healthy,92.3746357,26.2164285,97,Crompton,ONAN,2013-05-24,False,False,"Ward No. 9, Substation 212, Morigaon",Morigaon,IN_SERVICE
8279ceda-7d5f-4ab1-8809-b27a0bc0064d,101169,SS_203,Golaghat Substation 203,FD_UNKNOWN,Unknown Feeder,100.0,8,True,65.3813043222766,33.7206564424131,75,0.2461,healthy,93.348082,26.801021,62,ABB,ONAF,2018-09-03,False,True,"Ward No. 10, Substation 203, Golaghat",Golaghat,IN_SERVICE
a029f9b3-1cfa-4816-b838-8d2dd0a713fb,353,SS_133,Cachar Substation 133,FD_UNKNOWN,Unknown Feeder,63.0,13,False,63.8094789194374,33.2812103814978,73,0.2661,healthy,92.4539044,25.0046169,121,BHEL,ONAN,2013-10-06,False,False,"Ward No. 8, Substation 133, Unknown",Unknown,IN_SERVICE
a14a4ee7-e97c-407a-a253-66253282ebc8,100683,SS_151,Jorhat Substation 151,FD_UNKNOWN,Unknown Feeder,100.0,15,False,63.3862890945141,34.0094662882692,78,0.215,healthy,94.2126605,26.7246485,69,Siemens,ONAF,2011-06-24,False,False,"Ward No. 1, Substation 151, Jorhat",Jorhat,IN_SERVICE
a1a25a70-55f1-4d0a-a592-43c5fe77310a,105,SS_133,Cachar Substation 133,FD_UNKNOWN,Unknown Feeder,250.0,13,False,63.7855094418529,33.8417721638993,75,0.2488,healthy,92.5690119,24.9686385,41,Siemens,ONAN,2013-09-18,False,False,"Ward No. 1, Substation 133, Unknown",Unknown,IN_SERVICE
a372ebf4-e8a3-4f5f-9ca9-ba2559597f97,375,SS_133,Cachar Substation 133,FD_UNKNOWN,Unknown Feeder,63.0,9,True,68.4248700932107,33.6523782673173,74,0.2536,healthy,92.6710812,24.9116679,91,ABB,ONAN,2017-06-14,False,False,"Ward No. 2, Substation 133, Unknown",Unknown,IN_SERVICE
a4c9bc8d-18c3-4944-afef-4c98b2d5fe1c,100883,SS_171,Lakhimpur Substation 171,FD_UNKNOWN,Unknown Feeder,200.0,13,True,66.9322927500478,33.5159600322158,73,0.264,healthy,93.7314841,27.1269895,52,ABB,ONAN,2013-07-20,False,False,"Ward No. 5, Substation 171, Lakhimpur",Lakhimpur,IN_SERVICE
a68851bf-53e5-40b2-9f67-842babeab217,100472,SS_123,Hojai Substation 123,FD_UNKNOWN,Unknown Feeder,100.0,14,True,69.3840190336388,33.5156841498447,73,0.2608,healthy,93.0282789,26.1056779,79,BHEL,ONAF,2012-07-25,True,True,"Ward No. 2, Substation 123, Hojai",Hojai,IN_SERVICE
a79adf55-bba8-46a5-859e-a63868c1b252,101278,SS_241,Nalbari Substation 241,FD_UNKNOWN,Unknown Feeder,100.0,10,True,63.4964653529499,34.1717770611251,74,0.2547,healthy,91.6299793,26.421647,145,Crompton,ONAN,2016-05-12,False,False,"Ward No. 9, Substation 241, Nalbari",Nalbari,IN_SERVICE
a9b8b6be-94d1-412a-abb9-4df7443cf3f0,100171,SS_103,Kamrup Metro Substation 103,FD_UNKNOWN,Unknown Feeder,63.0,19,True,68.1889601130005,33.6692110382517,72,0.2759,healthy,91.726007,26.1414434,128,Crompton,ONAN,2007-03-22,False,False,"Ward No. 7, Substation 103, Kamrup Metro",Kamrup Metro,IN_SERVICE
ac10d304-e313-453e-a87b-fcd74e990aa4,100525,SS_133,Cachar Substation 133,FD_UNKNOWN,Unknown Feeder,100.0,16,True,66.9690300874812,33.6426115132001,73,0.2652,healthy,93.1158562,24.806942,124,ABB,ONAF,2010-04-09,False,False,"Ward No. 3, Substation 133, Cachar",Cachar,IN_SERVICE
ac227dd5-1bbb-41bd-a3b6-ff1f7cb2f06d,101138,SS_202,Golaghat Substation 202,FD_UNKNOWN,Unknown Feeder,100.0,11,True,65.6500867184775,33.7867621424801,74,0.2535,healthy,93.9767799,26.6882345,69,Voltamp,ONAN,2015-01-21,False,False,"Ward No. 9, Substation 202, Golaghat",Golaghat,IN_SERVICE
ac25b113-e698-4dfa-b612-8c1909c1a488,100453,SS_122,Hojai Substation 122,FD_UNKNOWN,Unknown Feeder,25.0,9,False,64.5756554938718,33.2815669570573,70,0.2905,healthy,92.7428996,26.4156418,49,Siemens,ONAN,2017-02-01,False,False,"Ward No. 7, Substation 122, Hojai",Hojai,IN_SERVICE
ae2e6133-38d2-4533-9676-567a55bb9f67,507,SS_133,Cachar Substation 133,FD_UNKNOWN,Unknown Feeder,250.0,73,False,64.6340051588604,33.693236405985,75,0.2414,healthy,92.5933483,24.8948477,78,ABB,ONAN,1953-02-09,False,False,"Ward No. 10, Substation 133, Unknown",Unknown,IN_SERVICE
ae3ee207-b934-48a4-9a4c-3bd27621884b,100355,SS_111,Kamrup Substation 111,FD_UNKNOWN,Unknown Feeder,250.0,6,False,65.5419400929403,34.5726068800336,74,0.2555,healthy,91.43806,26.443121,112,ABB,ONAN,2020-10-15,True,False,"Ward No. 5, Substation 111, Kamrup",Kamrup,IN_SERVICE
ae5cd40e-85c6-4fbd-b6d2-a77bf36c0e15,100292,SS_105,Kamrup Metro Substation 105,FD_UNKNOWN,Unknown Feeder,25.0,8,True,64.9270740730492,33.7861707786849,69,0.3068,healthy,91.7691448,26.1641904,28,ABB,ONAN,2018-09-22,False,False,"Ward No. 9, Substation 105, Kamrup Metro",Kamrup Metro,IN_SERVICE
ae83d023-d247-45fa-a991-b188dda1a6e7,100596,SS_135,Cachar Substation 135,FD_UNKNOWN,Unknown Feeder,63.0,19,False,67.1489091805626,33.7398035469496,70,0.2932,healthy,92.7928722,24.793674,40,Siemens,ONAF,2007-03-08,False,False,"Ward No. 4, Substation 135, Cachar",Cachar,IN_SERVICE
ae94b61d-e34e-4158-bbea-c949657ca963,331,SS_133,Cachar Substation 133,FD_UNKNOWN,Unknown Feeder,25.0,11,False,66.6126306479892,33.9371060637846,70,0.2942,healthy,92.5227254,24.8749171,91,BHEL,ONAN,2015-08-05,False,False,"Ward No. 6, Substation 133, Unknown",Unknown,IN_SERVICE
aee5409d-a76d-4984-bbf9-02579d5bde33,100034,SS_101,Kamrup Metro Substation 101,FD_UNKNOWN,Unknown Feeder,315.0,24,False,65.5897107593539,33.4364134414841,72,0.2709,healthy,91.6332054,26.1374246,57,Crompton,ONAN,2002-05-24,False,False,"Ward No. 2, Substation 101, Kamrup Metro",Kamrup Metro,IN_SERVICE
afe42c30-e0a8-449c-80d1-fc24154dba2f,2217,SS_133,Cachar Substation 133,FD_UNKNOWN,Unknown Feeder,16.0,9,False,117.332515786783,91.3525416928326,22,0.7704,warning,92.6189981,24.8969587,70,ABB,ONAN,2017-04-14,False,False,"Ward No. 9, Substation 133, Unknown",Unknown,IN_SERVICE
b0f31424-6a94-4a56-ad9b-3d309ac26921,100499,SS_133,Cachar Substation 133,FD_UNKNOWN,Unknown Feeder,100.0,10,False,70.6078503876953,33.8027303780619,73,0.2636,healthy,92.7955799,24.7856047,143,Siemens,ONAF,2016-05-27,False,False,"Ward No. 1, Substation 133, Cachar",Cachar,IN_SERVICE
b442de83-b264-4b56-9e5c-637e49b5d1fe,100809,SS_162,Tinsukia Substation 162,FD_UNKNOWN,Unknown Feeder,200.0,44,False,64.7730960081458,33.6351776511746,73,0.2605,healthy,95.2581409,27.3906614,113,Siemens,ONAF,1982-06-23,False,True,"Ward No. 6, Substation 162, Tinsukia",Tinsukia,IN_SERVICE
b4d500f1-d89c-4e9b-b263-6a7275d71bf5,100581,SS_134,Cachar Substation 134,FD_UNKNOWN,Unknown Feeder,200.0,15,True,65.3824910518567,33.3225951948808,74,0.2598,healthy,92.7950697,24.8078658,73,Voltamp,ONAN,2011-01-07,False,False,"Ward No. 6, Substation 134, Cachar",Cachar,IN_SERVICE
b4f71fbd-9974-44f4-8177-a59aab076223,101006,SS_191,Goalpara Substation 191,FD_UNKNOWN,Unknown Feeder,315.0,17,True,65.5356870999187,34.0120562749833,75,0.2427,healthy,90.6098175,26.140962,91,Voltamp,ONAN,2009-06-20,False,False,"Ward No. 1, Substation 191, Goalpara",Goalpara,IN_SERVICE
b6bc929d-2d22-422a-b8e8-6b99adc78478,100726,SS_152,Jorhat Substation 152,FD_UNKNOWN,Unknown Feeder,315.0,17,True,65.5349093815949,34.166156958817,73,0.2614,healthy,94.1774577,26.7490914,65,Voltamp,ONAN,2009-01-07,False,False,"Ward No. 1, Substation 152, Jorhat",Jorhat,IN_SERVICE
b8b366f0-827a-4655-8db6-be4cadbb8ef6,100483,SS_124,Nagaon Substation 124,FD_UNKNOWN,Unknown Feeder,200.0,11,False,67.2040793300896,33.8053217230786,73,0.2696,healthy,92.6639524,26.347434,61,Siemens,ONAF,2015-01-07,False,False,"Ward No. 11, Substation 124, Nagaon",Nagaon,IN_SERVICE
ea08a614-e729-46e6-bc4e-ed1dce5a3dbc,100888,SS_171,Lakhimpur Substation 171,FD_UNKNOWN,Unknown Feeder,315.0,13,False,66.2586433641944,33.5640693480238,73,0.2682,healthy,94.543537,27.350498,108,BHEL,ONAF,2013-08-14,False,False,"Ward No. 8, Substation 171, Lakhimpur",Lakhimpur,IN_SERVICE
0042898d-1eb8-4a01-8f9b-08f951a0180d,100887,SS_171,Lakhimpur Substation 171,FD_UNKNOWN,Unknown Feeder,315.0,38,True,64.9920979187986,34.2507433432378,74,0.2587,healthy,93.8264146,27.5942488,91,BHEL,ONAN,1988-02-12,False,False,"Ward No. 10, Substation 171, Lakhimpur",Lakhimpur,IN_SERVICE
03909d8c-baec-43f4-8afc-ad0e517c96f3,100178,SS_103,Kamrup Metro Substation 103,FD_UNKNOWN,Unknown Feeder,100.0,25,True,67.9720341703798,33.0390554359616,73,0.2615,healthy,91.7463206,26.1390895,117,Crompton,ONAN,2001-09-12,False,False,"Ward No. 11, Substation 103, Kamrup Metro",Kamrup Metro,IN_SERVICE
0459805e-9aeb-47e6-ac2d-2ecddafe2b74,101088,SS_194,Dhubri Substation 194,FD_UNKNOWN,Unknown Feeder,100.0,25,True,65.795284896754,33.6665836613949,77,0.2286,healthy,90.0562937,26.3783716,73,BHEL,ONAF,2001-02-07,False,False,"Ward No. 5, Substation 194, Dhubri",Dhubri,IN_SERVICE
6ae16f27-73e1-4252-a5b4-aac06bb83938,100346,SS_111,Kamrup Substation 111,FD_UNKNOWN,Unknown Feeder,63.0,13,False,69.6041541395895,33.8791614353329,74,0.2599,healthy,91.7264299,26.3441356,82,ABB,ONAN,2013-07-12,False,True,"Ward No. 1, Substation 111, Kamrup",Kamrup,IN_SERVICE
6af2d287-c169-48f3-bc41-1cd580b3ab3f,100276,SS_105,Kamrup Metro Substation 105,FD_UNKNOWN,Unknown Feeder,315.0,16,True,67.4326569070783,33.9753667669005,74,0.2518,healthy,91.7994256,26.1392003,95,BHEL,ONAN,2010-04-20,False,False,"Ward No. 12, Substation 105, Kamrup Metro",Kamrup Metro,IN_SERVICE
6b9c21a0-802c-4964-b9e2-f755e7cb61e7,100375,SS_112,Kamrup Substation 112,FD_UNKNOWN,Unknown Feeder,315.0,6,False,67.8829678406927,33.8430937745148,72,0.2729,healthy,90.967277,26.45838,41,BHEL,ONAF,2020-02-12,False,True,"Ward No. 9, Substation 112, Kamrup",Kamrup,IN_SERVICE
7082826e-8cc4-4630-8d14-73ff8a4914dc,100368,SS_112,Kamrup Substation 112,FD_UNKNOWN,Unknown Feeder,315.0,20,False,65.0643677733855,33.5370743369079,74,0.2544,healthy,91.46451,26.115257,106,Siemens,ONAN,2006-03-08,False,False,"Ward No. 1, Substation 112, Kamrup",Kamrup,IN_SERVICE
7c7970bb-2a7e-4c10-b99a-d9fe197f116d,101195,SS_212,Morigaon Substation 212,FD_UNKNOWN,Unknown Feeder,63.0,16,False,65.8352164275848,33.5406344631322,74,0.2597,healthy,92.3474653,26.236991,133,Crompton,ONAN,2010-07-22,False,True,"Ward No. 12, Substation 212, Morigaon",Morigaon,IN_SERVICE
7ca8fbdf-a6f7-467b-9d10-6502d840b970,100588,SS_135,Cachar Substation 135,FD_UNKNOWN,Unknown Feeder,250.0,25,False,66.4781849029253,33.7651756349698,74,0.2528,healthy,92.8367163,24.9154435,86,BHEL,ONAF,2001-07-24,False,False,"Ward No. 2, Substation 135, Cachar",Cachar,IN_SERVICE
81dfdaa1-e8ac-4c08-b49f-9134ff28d4aa,257,SS_133,Cachar Substation 133,FD_UNKNOWN,Unknown Feeder,63.0,18,False,69.3079197442061,33.5754739986696,72,0.2754,healthy,92.6136883,24.8709933,23,ABB,ONAF,2008-10-15,False,False,"Ward No. 12, Substation 133, Unknown",Unknown,IN_SERVICE
833afac7-395f-4425-9bf7-288c52f1296d,100119,SS_102,Kamrup Metro Substation 102,FD_UNKNOWN,Unknown Feeder,63.0,10,True,64.7287174967919,34.1021351321323,71,0.2812,healthy,91.737574,26.1713661,67,ABB,ONAF,2016-05-04,False,False,"Ward No. 3, Substation 102, Kamrup Metro",Kamrup Metro,IN_SERVICE
bb15996e-415d-48ca-bc80-6a29148da8b0,1038,SS_133,Cachar Substation 133,FD_UNKNOWN,Unknown Feeder,100.0,14,True,64.871806577936,34.0897294409869,76,0.2395,healthy,92.5450503,24.9555573,55,Crompton,ONAF,2012-03-13,False,False,"Ward No. 8, Substation 133, Unknown",Unknown,IN_SERVICE
bc74b83b-8351-44c5-b95a-20d693cff37c,100870,SS_171,Lakhimpur Substation 171,FD_UNKNOWN,Unknown Feeder,100.0,13,True,64.2980702139085,34.0725173410977,75,0.241,healthy,94.0174109,27.2727496,145,Crompton,ONAN,2013-05-13,False,False,"Ward No. 11, Substation 171, Lakhimpur",Lakhimpur,IN_SERVICE
bcd5ef57-7581-4849-8b1d-457716ae6169,101106,SS_201,Sivasagar Substation 201,FD_UNKNOWN,Unknown Feeder,63.0,11,False,67.7768568808886,34.0139326210448,71,0.2821,healthy,94.739596,27.127612,92,ABB,ONAN,2015-08-09,True,False,"Ward No. 7, Substation 201, Sivasagar",Sivasagar,IN_SERVICE
d5921036-5a9f-4f89-8bc7-c6a36c47203d,100990,SS_183,Biswanath Substation 183,FD_UNKNOWN,Unknown Feeder,200.0,23,False,65.8536640792345,34.0641568127946,71,0.2843,healthy,93.073837,26.830727,59,Siemens,ONAN,2003-02-19,False,False,"Ward No. 12, Substation 183, Biswanath",Biswanath,IN_SERVICE
d5a264cd-624e-4a84-8f96-9fabbdf6841e,181,SS_133,Cachar Substation 133,FD_UNKNOWN,Unknown Feeder,16.0,19,False,64.6998840780296,33.265206158353,71,0.283,healthy,92.438912,24.9997368,53,ABB,ONAN,2007-02-13,False,False,"Ward No. 13, Substation 133, Unknown",Unknown,IN_SERVICE
d5e7a8a1-60a3-419c-ac65-a7fbe0fd20a8,100705,SS_151,Jorhat Substation 151,FD_UNKNOWN,Unknown Feeder,200.0,6,False,67.4693765157083,33.4991501883046,76,0.2338,healthy,93.9392209,26.6923252,133,ABB,ONAN,2020-03-20,False,False,"Ward No. 7, Substation 151, Jorhat",Jorhat,IN_SERVICE
d61266ba-affa-423c-90ef-6808266b154e,101068,SS_193,Kokrajhar Substation 193,FD_UNKNOWN,Unknown Feeder,25.0,15,False,66.2297971394936,34.2197817584355,69,0.3067,healthy,90.2237457,26.4405658,129,Voltamp,ONAF,2011-07-18,False,False,"Ward No. 9, Substation 193, Kokrajhar",Kokrajhar,IN_SERVICE
d70c822e-8811-45b1-bad6-07948ab228ff,225,SS_133,Cachar Substation 133,FD_UNKNOWN,Unknown Feeder,25.0,16,True,68.3572063736673,33.5159917273106,68,0.3196,healthy,92.517014,24.9899721,48,Voltamp,ONAN,2010-10-19,False,False,"Ward No. 1, Substation 133, Unknown",Unknown,IN_SERVICE
df9102c2-85d1-406a-8a08-2d27efedbc9c,100101,SS_102,Kamrup Metro Substation 102,FD_UNKNOWN,Unknown Feeder,100.0,22,True,63.4028737724854,33.5168347585198,75,0.244,healthy,91.7918392,26.135205,100,Siemens,ONAN,2004-01-03,False,False,"Ward No. 3, Substation 102, Kamrup Metro",Kamrup Metro,IN_SERVICE
014ba0d6-26a1-428e-b564-d91160b5ca94,100512,SS_133,Cachar Substation 133,FD_UNKNOWN,Unknown Feeder,250.0,13,False,67.3673838463265,33.1500175778782,70,0.2919,healthy,93.0243811,24.7933481,42,Voltamp,ONAF,2013-09-21,False,False,"Ward No. 10, Substation 133, Cachar",Cachar,IN_SERVICE
03940694-6b33-490c-afc3-267bd64bf402,101174,SS_211,Darrang Substation 211,FD_UNKNOWN,Unknown Feeder,250.0,26,True,65.6888323383548,33.7624708159187,77,0.228,healthy,91.8283762,26.4604684,89,Siemens,ONAN,2000-02-15,False,False,"Ward No. 11, Substation 211, Darrang",Darrang,IN_SERVICE
047fe220-546b-4a38-8543-3c498f6ef0d0,100553,SS_134,Cachar Substation 134,FD_UNKNOWN,Unknown Feeder,63.0,38,False,69.2350175501061,33.5017665478735,73,0.2672,healthy,92.4906322,24.7006224,95,Voltamp,ONAN,1988-04-15,False,False,"Ward No. 8, Substation 134, Cachar",Cachar,IN_SERVICE
09e54b19-81b5-4965-ae2c-c3eeca00f443,100394,SS_121,Nagaon Substation 121,FD_UNKNOWN,Unknown Feeder,100.0,21,True,66.5782714012379,33.3288262584775,74,0.2514,healthy,92.5160085,26.2310759,128,ABB,ONAN,2005-10-27,False,False,"Ward No. 14, Substation 121, Nagaon",Nagaon,IN_SERVICE
0d8a0e2e-1ca6-4acf-85c8-7068438281c3,515,SS_133,Cachar Substation 133,FD_UNKNOWN,Unknown Feeder,100.0,15,True,67.9734331846336,33.5391616598802,72,0.2774,healthy,92.5836833,24.956905,143,BHEL,ONAF,2011-03-17,False,False,"Ward No. 9, Substation 133, Unknown",Unknown,IN_SERVICE
0eb57f72-d0d2-4974-997f-b00505faa8c3,100742,SS_153,Majuli Substation 153,FD_UNKNOWN,Unknown Feeder,200.0,24,False,65.3651651360056,33.5909532964288,75,0.2419,healthy,94.1493425,26.7322441,142,Siemens,ONAN,2002-02-20,False,False,"Ward No. 8, Substation 153, Majuli",Majuli,IN_SERVICE
13966d0c-16bf-4d95-90c1-ff776459c2fe,100042,SS_101,Kamrup Metro Substation 101,FD_UNKNOWN,Unknown Feeder,100.0,35,True,63.099778267473,32.9539337226507,73,0.2606,healthy,91.7683697,26.1634946,84,Crompton,ONAN,1991-04-03,False,False,"Ward No. 13, Substation 101, Kamrup Metro",Kamrup Metro,IN_SERVICE
144f1e05-a8d1-4722-adbf-cc2d32910bcb,101144,SS_202,Golaghat Substation 202,FD_UNKNOWN,Unknown Feeder,315.0,5,False,66.1059763189674,33.2984658172113,74,0.2509,healthy,93.7754452,26.4290496,48,Crompton,ONAN,2021-11-13,False,False,"Ward No. 12, Substation 202, Golaghat",Golaghat,IN_SERVICE
14c69d47-92e3-49c4-8d92-a9ca0252005f,101339,SS_251,Chirang Substation 251,FD_UNKNOWN,Unknown Feeder,100.0,6,False,64.7310478462259,33.7080383953656,73,0.261,healthy,90.8027602,26.4709474,119,Crompton,ONAF,2020-08-18,False,False,"Ward No. 10, Substation 251, Chirang",Chirang,IN_SERVICE
fbc9e03a-fca7-44bf-8e0f-1d8681ce1ea7,100109,SS_102,Kamrup Metro Substation 102,FD_UNKNOWN,Unknown Feeder,100.0,17,False,66.0404702234623,34.091724410144,75,0.2456,healthy,91.7691153,26.1658526,92,Siemens,ONAN,2009-10-07,False,False,"Ward No. 4, Substation 102, Kamrup Metro",Kamrup Metro,IN_SERVICE
fcc5e9c0-4f92-4248-a7ec-b523d080616a,100288,SS_105,Kamrup Metro Substation 105,FD_UNKNOWN,Unknown Feeder,25.0,22,False,66.7547803571104,34.7777667266397,67,0.325,healthy,91.8010202,26.1382811,145,ABB,ONAN,2004-04-01,False,False,"Ward No. 5, Substation 105, Kamrup Metro",Kamrup Metro,IN_SERVICE
197b5580-4a2e-4346-b4ef-52bbc029400d,100741,SS_153,Majuli Substation 153,FD_UNKNOWN,Unknown Feeder,200.0,14,True,63.9240014454348,33.4943699644141,76,0.2389,healthy,94.2010669,26.7385005,87,ABB,ONAF,2012-10-02,False,False,"Ward No. 13, Substation 153, Majuli",Majuli,IN_SERVICE
1b56c622-4896-4bb7-bdcf-a9b646e7dd58,101341,SS_251,Chirang Substation 251,FD_UNKNOWN,Unknown Feeder,200.0,9,False,66.242649176551,32.8448291550353,73,0.268,healthy,90.5629715,26.4656509,54,ABB,ONAN,2017-04-04,False,False,"Ward No. 12, Substation 251, Chirang",Chirang,IN_SERVICE
1b5b2512-17b4-4205-8e13-bc92ca28e14f,100540,SS_133,Cachar Substation 133,FD_UNKNOWN,Unknown Feeder,200.0,17,False,68.8399441951081,32.9435044223053,72,0.2723,healthy,93.0115688,25.1797324,129,Voltamp,ONAN,2009-02-20,False,False,"Ward No. 13, Substation 133, Cachar",Cachar,IN_SERVICE
1b8d8dbb-67a3-41f7-a146-275a47a988e6,100129,SS_102,Kamrup Metro Substation 102,FD_UNKNOWN,Unknown Feeder,200.0,18,False,64.7066937196471,33.2958416284143,74,0.2516,healthy,91.7887959,26.1467609,97,Siemens,ONAN,2008-11-15,True,False,"Ward No. 9, Substation 102, Kamrup Metro",Kamrup Metro,IN_SERVICE
1b9ef990-34a0-484b-a148-0d4ee47bcec8,2013,SS_133,Cachar Substation 133,FD_UNKNOWN,Unknown Feeder,63.0,19,False,68.6330175645199,33.1874208853565,73,0.2698,healthy,92.5799013,24.9480118,132,BHEL,ONAN,2007-05-22,False,True,"Ward No. 5, Substation 133, Unknown",Unknown,IN_SERVICE
1d23f5ad-cf11-4a39-84b6-5287cdccc695,100780,SS_161,Dibrugarh Substation 161,FD_UNKNOWN,Unknown Feeder,25.0,9,False,67.2587769355829,33.1731620669361,70,0.2984,healthy,95.0526353,27.7500133,39,Voltamp,ONAN,2017-01-24,False,False,"Ward No. 5, Substation 161, Dibrugarh",Dibrugarh,IN_SERVICE
1dbbdf2d-ad76-415f-a36c-292e9cf34526,100776,SS_161,Dibrugarh Substation 161,FD_UNKNOWN,Unknown Feeder,250.0,11,False,67.3782356958718,33.5444364356236,74,0.2537,healthy,95.1650112,27.4765764,81,Voltamp,ONAN,2015-05-12,False,False,"Ward No. 9, Substation 161, Dibrugarh",Dibrugarh,IN_SERVICE
1e08229b-5c26-40fd-b195-631821db4af6,101038,SS_192,Bongaigaon Substation 192,FD_UNKNOWN,Unknown Feeder,25.0,24,True,70.6147928184396,33.1651258145189,68,0.3172,healthy,90.3696639,26.4382445,95,Siemens,ONAN,2002-02-01,False,False,"Ward No. 5, Substation 192, Bongaigaon",Bongaigaon,IN_SERVICE
1e732644-b139-4333-8336-441348fe9ec6,100515,SS_133,Cachar Substation 133,FD_UNKNOWN,Unknown Feeder,200.0,15,False,65.0493060626013,33.6068992782867,75,0.2409,healthy,92.5901529,24.9589449,26,Crompton,ONAF,2011-10-08,False,True,"Ward No. 1, Substation 133, Cachar",Cachar,IN_SERVICE
1ebd7824-b170-4ec6-be53-c3d0afbae350,171,SS_133,Cachar Substation 133,FD_UNKNOWN,Unknown Feeder,16.0,16,True,66.4297312801202,33.3044370260514,67,0.3212,healthy,92.5537207,24.9491235,25,Crompton,ONAF,2010-11-15,False,False,"Ward No. 14, Substation 133, Unknown",Unknown,IN_SERVICE
1ed16d22-9fda-4f3e-b458-ad56735980e8,101306,SS_243,Barpeta Substation 243,FD_UNKNOWN,Unknown Feeder,100.0,16,True,65.6498513178319,32.782426558848,77,0.2246,healthy,90.9681648,26.4737663,30,Voltamp,ONAN,2010-08-06,False,False,"Ward No. 4, Substation 243, Barpeta",Barpeta,IN_SERVICE
56275d06-e223-4be8-ae1a-9a8eb5a6fd18,101078,SS_193,Kokrajhar Substation 193,FD_UNKNOWN,Unknown Feeder,100.0,13,True,119.168128315431,92.3439876725126,25,0.7426,warning,90.1542172,26.4605274,138,ABB,ONAN,2013-07-06,False,False,"Ward No. 6, Substation 193, Kokrajhar",Kokrajhar,IN_SERVICE
604e3da6-4ce5-4bbc-ae71-99a0b84fd15c,2120,SS_133,Cachar Substation 133,FD_UNKNOWN,Unknown Feeder,25.0,30,True,67.0874958219807,32.9101894946514,68,0.3108,healthy,92.4857204,24.9607826,123,ABB,ONAN,1996-10-07,False,False,"Ward No. 3, Substation 133, Unknown",Unknown,IN_SERVICE
605ccfc5-e5b5-434c-b0e7-41e3b444080b,101122,SS_201,Sivasagar Substation 201,FD_UNKNOWN,Unknown Feeder,200.0,15,False,66.2098316890383,33.5182170871371,75,0.2432,healthy,94.9333602,27.0876374,58,BHEL,ONAN,2011-04-17,False,False,"Ward No. 13, Substation 201, Sivasagar",Sivasagar,IN_SERVICE
6071d288-49cd-4c0b-a180-0b64d8371a4a,101102,SS_201,Sivasagar Substation 201,FD_UNKNOWN,Unknown Feeder,315.0,29,False,66.5451023726408,32.8182153543617,72,0.272,healthy,94.633868,26.986092,48,ABB,ONAN,1997-11-25,False,False,"Ward No. 11, Substation 201, Sivasagar",Sivasagar,IN_SERVICE
6073be7e-2c7e-4e89-9076-5bac4021a802,101130,SS_202,Golaghat Substation 202,FD_UNKNOWN,Unknown Feeder,63.0,36,False,69.6954426364392,33.2852426689112,73,0.2625,healthy,93.9715926,26.5213548,125,Crompton,ONAF,1990-03-01,False,False,"Ward No. 7, Substation 202, Golaghat",Golaghat,IN_SERVICE
609e7f6f-7685-4f2a-bd71-b20e02259725,2209,SS_133,Cachar Substation 133,FD_UNKNOWN,Unknown Feeder,25.0,49,False,64.6247381123783,33.0719600889804,72,0.2737,healthy,92.4406683,24.991455,110,Siemens,ONAN,1977-10-18,False,True,"Ward No. 3, Substation 133, Unknown",Unknown,IN_SERVICE
60cfbd7c-d8c7-4dee-a328-579e3e5e9a79,101141,SS_202,Golaghat Substation 202,FD_UNKNOWN,Unknown Feeder,500.0,14,True,62.777006501831,32.4455272258151,74,0.2574,healthy,93.9744517,26.7031515,81,Crompton,ONAN,2012-08-27,False,False,"Ward No. 13, Substation 202, Golaghat",Golaghat,IN_SERVICE
6155d771-4cb7-41aa-949a-a83be2c88b16,100609,SS_135,Cachar Substation 135,FD_UNKNOWN,Unknown Feeder,200.0,16,False,67.1944027262439,33.203406280232,75,0.2475,healthy,93.1387555,24.778685,75,Crompton,ONAF,2010-09-16,False,False,"Ward No. 13, Substation 135, Cachar",Cachar,IN_SERVICE
b98dc4e8-c4e7-44f8-a964-e593c3c1ee0e,2210,SS_133,Cachar Substation 133,FD_UNKNOWN,Unknown Feeder,63.0,28,False,66.0286217900605,34.2052760493672,72,0.2714,healthy,92.6314067,24.9272683,80,ABB,ONAF,1998-03-14,False,True,"Ward No. 8, Substation 133, Unknown",Unknown,IN_SERVICE
c3e7c8bc-8904-44a8-ad5d-c19a5f27b970,100016,SS_101,Kamrup Metro Substation 101,FD_UNKNOWN,Unknown Feeder,100.0,15,False,67.4275667617794,34.6264497343065,74,0.2525,healthy,91.737574,26.1713661,20,BHEL,ONAF,2011-01-18,False,False,"Ward No. 4, Substation 101, Kamrup Metro",Kamrup Metro,IN_SERVICE
c3edec9b-c69e-4941-ba94-a408f7490767,100902,SS_172,Dhemaji Substation 172,FD_UNKNOWN,Unknown Feeder,100.0,12,True,65.2464433382687,33.5795940901024,75,0.2417,healthy,94.9001477,27.4795977,53,Siemens,ONAN,2014-11-19,False,False,"Ward No. 10, Substation 172, Dhemaji",Dhemaji,IN_SERVICE
c3fcec2e-2f98-4d9c-97ad-c0380ac1db10,100580,SS_134,Cachar Substation 134,FD_UNKNOWN,Unknown Feeder,250.0,12,False,62.9776980220725,34.6203163645494,75,0.2479,healthy,92.7945484,24.7881269,70,Voltamp,ONAN,2014-02-13,False,False,"Ward No. 5, Substation 134, Cachar",Cachar,IN_SERVICE
c4081ca5-4238-4aee-a41f-d4e3bf2347e0,2230,SS_133,Cachar Substation 133,FD_UNKNOWN,Unknown Feeder,25.0,42,False,68.0356837101861,33.9179425022139,71,0.2875,healthy,92.4924908,24.9963324,96,Siemens,ONAN,1984-05-22,False,False,"Ward No. 2, Substation 133, Unknown",Unknown,IN_SERVICE
c49c8af7-711a-4867-8d64-88e56ad8346d,100719,SS_152,Jorhat Substation 152,FD_UNKNOWN,Unknown Feeder,500.0,17,True,121.37397710396,92.4737459386594,19,0.8037,warning,94.2299744,26.7227514,84,BHEL,ONAN,2009-09-10,False,False,"Ward No. 4, Substation 152, Jorhat",Jorhat,IN_SERVICE
62b73bfd-af44-4692-9e54-beb56fd83a94,101187,SS_211,Darrang Substation 211,FD_UNKNOWN,Unknown Feeder,25.0,9,False,66.9538371254388,33.7034653234146,72,0.2794,healthy,91.9388831,26.1254312,56,Voltamp,ONAF,2017-03-06,False,False,"Ward No. 7, Substation 211, Darrang",Darrang,IN_SERVICE
63b8d7f3-217c-42d3-a58f-e494bef65927,100143,SS_102,Kamrup Metro Substation 102,FD_UNKNOWN,Unknown Feeder,100.0,16,True,64.6236254779217,33.0147207161517,77,0.2262,healthy,91.7641704,26.1688102,91,Siemens,ONAN,2010-11-23,False,False,"Ward No. 10, Substation 102, Kamrup Metro",Kamrup Metro,IN_SERVICE
64d6241d-c6fa-4fe7-b562-74d68d2531d8,100018,SS_101,Kamrup Metro Substation 101,FD_UNKNOWN,Unknown Feeder,100.0,16,True,68.2134964002214,33.1880898575305,73,0.2634,healthy,91.8079403,26.1311817,120,ABB,ONAN,2010-10-17,False,False,"Ward No. 1, Substation 101, Kamrup Metro",Kamrup Metro,IN_SERVICE
64fb0b4f-412b-4d71-8a59-2beea9400f58,100468,SS_123,Hojai Substation 123,FD_UNKNOWN,Unknown Feeder,200.0,13,False,120.755317335611,91.7046579840216,26,0.7329,warning,93.4401517,25.9031906,141,Voltamp,ONAN,2013-07-26,True,False,"Ward No. 11, Substation 123, Hojai",Hojai,IN_SERVICE
7d09b9ab-174c-4c73-96f7-0e5fc1131412,100148,SS_102,Kamrup Metro Substation 102,FD_UNKNOWN,Unknown Feeder,100.0,45,False,66.2411911215455,33.63342349876,75,0.2409,healthy,91.7274383,26.1458262,21,BHEL,ONAF,1981-05-14,True,False,"Ward No. 6, Substation 102, Kamrup Metro",Kamrup Metro,IN_SERVICE
7f04bcf4-d8f7-4699-8755-9c120942e065,100878,SS_171,Lakhimpur Substation 171,FD_UNKNOWN,Unknown Feeder,250.0,24,False,65.2029873724941,33.3658678762862,75,0.2494,healthy,93.7673813,27.153219,90,ABB,ONAN,2002-10-03,False,False,"Ward No. 10, Substation 171, Lakhimpur",Lakhimpur,IN_SERVICE
7f164708-08b2-429e-a2cb-79dcd4c16d82,101295,SS_242,Baksa Substation 242,FD_UNKNOWN,Unknown Feeder,315.0,6,False,63.6137232380977,33.4725180728976,74,0.2575,healthy,91.1056324,26.6820889,137,BHEL,ONAN,2020-03-09,False,False,"Ward No. 1, Substation 242, Baksa",Baksa,IN_SERVICE
7f30d2db-675d-40df-b395-c7cb2beb3d18,100890,SS_171,Lakhimpur Substation 171,FD_UNKNOWN,Unknown Feeder,250.0,17,True,66.8794998846937,33.7099474219612,73,0.2689,healthy,94.2071066,26.7669056,103,ABB,ONAF,2009-09-21,False,False,"Ward No. 4, Substation 171, Lakhimpur",Lakhimpur,IN_SERVICE
7f5c0735-857f-400e-8d7c-49fc4b0b3bc5,100779,SS_161,Dibrugarh Substation 161,FD_UNKNOWN,Unknown Feeder,250.0,24,True,67.4180911502926,32.3742813952028,74,0.253,healthy,95.0564931,27.7246434,32,BHEL,ONAF,2002-04-13,False,False,"Ward No. 11, Substation 161, Dibrugarh",Dibrugarh,IN_SERVICE
7f63610b-4697-435b-81d5-d943fa82f559,2017,SS_133,Cachar Substation 133,FD_UNKNOWN,Unknown Feeder,25.0,22,True,68.9716731453544,33.4046278788309,66,0.3379,healthy,92.6663333,24.8890067,130,ABB,ONAF,2004-01-09,False,False,"Ward No. 1, Substation 133, Unknown",Unknown,IN_SERVICE
7fa3b46b-e2d6-489a-be3c-7b696d904c79,101004,SS_191,Goalpara Substation 191,FD_UNKNOWN,Unknown Feeder,200.0,23,True,67.5685353535193,33.3601247733795,74,0.2518,healthy,90.606702,26.17965,83,Siemens,ONAF,2003-10-17,False,False,"Ward No. 7, Substation 191, Goalpara",Goalpara,IN_SERVICE
7fd4e1f3-2c02-4eaa-a258-01dacf9e90e2,100364,SS_112,Kamrup Substation 112,FD_UNKNOWN,Unknown Feeder,63.0,31,True,66.0386021595629,33.330961729929,73,0.2694,healthy,90.8058321,25.7906178,134,Siemens,ONAN,1995-08-16,False,False,"Ward No. 6, Substation 112, Kamrup",Kamrup,IN_SERVICE
80506c38-7a16-45ec-a4aa-b96c38387bee,100549,SS_134,Cachar Substation 134,FD_UNKNOWN,Unknown Feeder,200.0,10,False,66.4830757812624,33.4949346337029,74,0.2565,healthy,92.4823764,24.8538523,129,Crompton,ONAN,2016-09-25,False,False,"Ward No. 13, Substation 134, Cachar",Cachar,IN_SERVICE
80cb4f22-a5b7-41c3-9891-9813a94909c5,100088,SS_102,Kamrup Metro Substation 102,FD_UNKNOWN,Unknown Feeder,63.0,6,False,66.5695128649485,33.8095771837815,75,0.2476,healthy,91.7701374,26.1602914,148,Voltamp,ONAN,2020-03-25,False,False,"Ward No. 11, Substation 102, Kamrup Metro",Kamrup Metro,IN_SERVICE
80d488c8-6ef8-4b2b-a852-67a35eb8788d,100572,SS_134,Cachar Substation 134,FD_UNKNOWN,Unknown Feeder,200.0,5,True,119.940328248275,91.9349280026374,26,0.7329,warning,92.4660981,24.581089,44,ABB,ONAN,2021-10-15,False,False,"Ward No. 6, Substation 134, Cachar",Cachar,IN_SERVICE
81436120-c731-4895-82cb-fa8c046ccc5d,100398,SS_121,Nagaon Substation 121,FD_UNKNOWN,Unknown Feeder,100.0,9,True,66.1791794996193,33.3913940793889,75,0.2467,healthy,92.8058454,26.1393568,85,BHEL,ONAF,2017-11-07,False,False,"Ward No. 3, Substation 121, Nagaon",Nagaon,IN_SERVICE
81446410-3e9a-46fc-b38a-f11e6d620a33,2255,SS_133,Cachar Substation 133,FD_UNKNOWN,Unknown Feeder,16.0,35,False,118.896882708502,91.0327144812292,22,0.7736,warning,92.5571892,24.9444695,145,BHEL,ONAF,1991-01-26,False,False,"Ward No. 11, Substation 133, Unknown",Unknown,IN_SERVICE
8158a76d-0eac-4700-99b5-bc03ead292ac,100907,SS_172,Dhemaji Substation 172,FD_UNKNOWN,Unknown Feeder,200.0,88,False,67.5822974403482,33.1336494695111,73,0.2659,healthy,94.9187603,27.4876483,143,BHEL,ONAF,1938-09-01,False,False,"Ward No. 10, Substation 172, Dhemaji",Dhemaji,IN_SERVICE
8173ffeb-1305-4643-b158-c812e26b4185,101234,SS_222,Karbi Anglong Substation 222,FD_UNKNOWN,Unknown Feeder,100.0,22,True,119.338278659866,88.9464369651885,27,0.7295,warning,92.8058454,26.1393568,90,Crompton,ONAF,2004-07-27,False,True,"Ward No. 1, Substation 222, Karbi Anglong",Karbi Anglong,IN_SERVICE
81963750-e731-41f8-a66e-b6b7c239df50,100612,SS_136,Cachar Substation 136,FD_UNKNOWN,Unknown Feeder,500.0,35,False,68.5541264837875,32.5712191823334,68,0.3162,healthy,93.105894,24.8099512,46,Siemens,ONAN,1991-09-08,False,False,"Ward No. 7, Substation 136, Cachar",Cachar,IN_SERVICE
81aa2dae-00e2-406e-b5a4-5eb3b1706e09,100424,SS_121,Nagaon Substation 121,FD_UNKNOWN,Unknown Feeder,200.0,12,True,66.6411714607644,33.6949360189536,73,0.2617,healthy,92.3548836,26.252273,32,Crompton,ONAN,2014-11-11,False,False,"Ward No. 1, Substation 121, Nagaon",Nagaon,IN_SERVICE
81eb1894-7ebc-4ffd-be65-ddecb25008aa,629,SS_133,Cachar Substation 133,FD_UNKNOWN,Unknown Feeder,100.0,13,True,66.998588339462,32.9887265016156,74,0.2533,healthy,92.5452838,24.8791514,64,ABB,ONAN,2013-02-15,False,False,"Ward No. 5, Substation 133, Unknown",Unknown,IN_SERVICE
81fde7cc-b3f1-43aa-adfd-a714baa61e96,100694,SS_151,Jorhat Substation 151,FD_UNKNOWN,Unknown Feeder,250.0,13,True,63.8402078436486,32.7184548840871,73,0.2604,healthy,94.3729666,26.7685543,38,Voltamp,ONAN,2013-03-08,False,False,"Ward No. 11, Substation 151, Jorhat",Jorhat,IN_SERVICE
86f2c80b-ff29-4edc-a4d4-4b63b4392c9a,101208,SS_212,Morigaon Substation 212,FD_UNKNOWN,Unknown Feeder,100.0,18,True,65.9660882318516,33.0329275914449,73,0.2677,healthy,92.5160085,26.2310759,131,Voltamp,ONAF,2008-05-11,False,False,"Ward No. 7, Substation 212, Morigaon",Morigaon,IN_SERVICE
87c659f4-6faa-4c93-9b0d-203ab4f490f2,101048,SS_192,Bongaigaon Substation 192,FD_UNKNOWN,Unknown Feeder,250.0,17,True,65.0868794582327,33.1553350779849,77,0.2242,healthy,90.778365,26.282504,138,BHEL,ONAN,2009-10-16,False,True,"Ward No. 11, Substation 192, Bongaigaon",Bongaigaon,IN_SERVICE
8c7d8186-696a-400c-99f8-aaa6939331b2,100803,SS_162,Tinsukia Substation 162,FD_UNKNOWN,Unknown Feeder,63.0,15,True,65.5231747019221,33.8123203571738,73,0.27,healthy,95.379983,27.485901,82,Voltamp,ONAN,2011-04-09,False,False,"Ward No. 9, Substation 162, Tinsukia",Tinsukia,IN_SERVICE
8ca828ec-f609-4e32-9ebd-92cf3d9d2447,100583,SS_134,Cachar Substation 134,FD_UNKNOWN,Unknown Feeder,200.0,18,False,64.2044760197914,33.3407940494386,77,0.2276,healthy,92.795832,24.783285,62,BHEL,ONAN,2008-07-19,False,False,"Ward No. 13, Substation 134, Cachar",Cachar,IN_SERVICE
8cd15736-6462-4771-80a6-f9de95601a20,100144,SS_102,Kamrup Metro Substation 102,FD_UNKNOWN,Unknown Feeder,63.0,23,True,65.9191749970921,33.7380741850326,73,0.2679,healthy,91.7977525,26.1165465,26,Siemens,ONAN,2003-11-15,False,False,"Ward No. 11, Substation 102, Kamrup Metro",Kamrup Metro,IN_SERVICE
8dbced7c-85ec-4e85-b68f-6ea943c550e6,1033,SS_133,Cachar Substation 133,FD_UNKNOWN,Unknown Feeder,25.0,15,True,64.9908689405802,33.0477862694289,69,0.3028,healthy,92.6110038,24.9120345,68,Crompton,ONAN,2011-01-18,False,False,"Ward No. 10, Substation 133, Unknown",Unknown,IN_SERVICE
8eb237b0-157a-4dbb-9be0-6583fb7d1aa7,101305,SS_243,Barpeta Substation 243,FD_UNKNOWN,Unknown Feeder,500.0,24,True,69.4032638687554,33.1405342533265,67,0.3256,healthy,90.9685928,26.4908364,49,Crompton,ONAN,2002-09-20,False,False,"Ward No. 2, Substation 243, Barpeta",Barpeta,IN_SERVICE
a6b82e1d-95ea-4429-8301-8ac0c8931a4e,100479,SS_124,Nagaon Substation 124,FD_UNKNOWN,Unknown Feeder,250.0,18,True,62.8845151381027,33.1798645434178,76,0.2338,healthy,92.7730114,26.226166,53,ABB,ONAN,2008-04-03,False,False,"Ward No. 13, Substation 124, Nagaon",Nagaon,IN_SERVICE
a6c6031d-404e-43e9-b8c0-5da58e095e3e,100993,SS_183,Biswanath Substation 183,FD_UNKNOWN,Unknown Feeder,500.0,34,False,66.4455812318643,33.3870754285127,71,0.2853,healthy,93.1126221,26.5791344,134,Crompton,ONAF,1992-06-19,False,False,"Ward No. 6, Substation 183, Biswanath",Biswanath,IN_SERVICE
a6f87eff-324a-4c9f-a94c-416a103bff46,387,SS_133,Cachar Substation 133,FD_UNKNOWN,Unknown Feeder,16.0,13,False,67.2725492825707,32.829851881788,69,0.308,healthy,92.5099502,25.0135693,48,ABB,ONAN,2013-06-05,False,False,"Ward No. 9, Substation 133, Unknown",Unknown,IN_SERVICE
a9d2f657-f465-41dc-bba3-e62d18c3c2b7,100944,SS_181,Sonitpur Substation 181,FD_UNKNOWN,Unknown Feeder,25.0,14,True,66.197751028316,33.0779444753066,68,0.3178,healthy,92.8874642,26.5547738,98,Voltamp,ONAN,2012-09-24,False,False,"Ward No. 13, Substation 181, Sonitpur",Sonitpur,IN_SERVICE
aee0d9c4-7348-4263-8bad-b9812269187d,212,SS_133,Cachar Substation 133,FD_UNKNOWN,Unknown Feeder,16.0,9,True,68.7978390724538,33.3649944937738,67,0.3204,healthy,92.5492533,24.98784,131,BHEL,ONAF,2017-08-14,True,True,"Ward No. 4, Substation 133, Unknown",Unknown,IN_SERVICE
b4daf5ee-7198-4a0b-8edc-c41a23245bde,609,SS_133,Cachar Substation 133,FD_UNKNOWN,Unknown Feeder,16.0,33,True,64.4635368549759,33.0926741364084,68,0.3107,healthy,92.5122867,24.8880117,124,Siemens,ONAF,1993-10-10,False,False,"Ward No. 7, Substation 133, Unknown",Unknown,IN_SERVICE
b99bd323-cde1-46ab-8966-de9e6a7a04dc,100458,SS_123,Hojai Substation 123,FD_UNKNOWN,Unknown Feeder,100.0,22,False,122.477562727474,92.5419520509048,26,0.7392,warning,92.9550879,25.9174131,23,Voltamp,ONAN,2004-06-07,False,False,"Ward No. 13, Substation 123, Hojai",Hojai,IN_SERVICE
b9ab0903-e113-49a2-84ae-86a044f2a5e1,397,SS_133,Cachar Substation 133,FD_UNKNOWN,Unknown Feeder,63.0,7,False,70.6656955653286,33.4696766008587,72,0.275,healthy,92.6852968,24.9023721,58,ABB,ONAN,2019-08-25,False,True,"Ward No. 14, Substation 133, Unknown",Unknown,IN_SERVICE
b9b49621-9670-45a1-bd88-ead1aa40bdef,635,SS_133,Cachar Substation 133,FD_UNKNOWN,Unknown Feeder,16.0,9,False,122.778811330445,91.3909269056267,22,0.7723,warning,92.5599661,24.9099724,59,Siemens,ONAF,2017-02-23,False,True,"Ward No. 1, Substation 133, Unknown",Unknown,IN_SERVICE
b9f700d5-b651-4393-bec4-992aaa21e087,1048,SS_133,Cachar Substation 133,FD_UNKNOWN,Unknown Feeder,25.0,27,False,69.1559978559409,33.2733948170681,69,0.3004,healthy,92.4696317,24.9576767,64,ABB,ONAN,1999-04-07,False,False,"Ward No. 2, Substation 133, Unknown",Unknown,IN_SERVICE
ba0641f5-e7a8-4be6-9663-794106d4eccf,101316,SS_244,Barpeta Substation 244,FD_UNKNOWN,Unknown Feeder,250.0,16,True,69.4628889900221,33.3376733903117,69,0.3026,healthy,90.9681648,26.4737663,49,Crompton,ONAF,2010-03-16,False,False,"Ward No. 13, Substation 244, Barpeta",Barpeta,IN_SERVICE
bc94c424-e6f1-4eea-84d6-5964dc18a034,100605,SS_135,Cachar Substation 135,FD_UNKNOWN,Unknown Feeder,63.0,26,False,67.3312639010564,33.706919160093,75,0.2458,healthy,92.7452254,24.8295611,69,Voltamp,ONAN,2000-04-19,False,False,"Ward No. 6, Substation 135, Cachar",Cachar,IN_SERVICE
c212dcbf-3b59-4beb-afd2-6ab13796deec,100182,SS_103,Kamrup Metro Substation 103,FD_UNKNOWN,Unknown Feeder,200.0,11,True,69.6817582680421,32.9213531772697,70,0.2986,healthy,91.7798576,26.1617305,109,ABB,ONAN,2015-06-23,False,False,"Ward No. 9, Substation 103, Kamrup Metro",Kamrup Metro,IN_SERVICE
c21c0e82-4558-43ac-9ef2-fee850323de4,101314,SS_243,Barpeta Substation 243,FD_UNKNOWN,Unknown Feeder,200.0,8,True,65.3408710762344,32.6746236916679,73,0.2636,healthy,91.340726,26.664079,79,ABB,ONAN,2018-06-18,False,False,"Ward No. 11, Substation 243, Barpeta",Barpeta,IN_SERVICE
c231765e-77b0-4ec5-b4fd-69b8362ec1d9,101196,SS_212,Morigaon Substation 212,FD_UNKNOWN,Unknown Feeder,200.0,12,True,63.7899830118156,33.3673359233113,77,0.2269,healthy,92.3548836,26.252273,133,Crompton,ONAN,2014-09-05,False,False,"Ward No. 4, Substation 212, Morigaon",Morigaon,IN_SERVICE
c267e918-1a83-4a89-812d-33788370488d,100506,SS_133,Cachar Substation 133,FD_UNKNOWN,Unknown Feeder,63.0,8,False,64.1169312706677,33.4848400011416,71,0.2869,healthy,92.6621686,24.824249,112,Crompton,ONAF,2018-03-27,False,False,"Ward No. 9, Substation 133, Cachar",Cachar,IN_SERVICE
c26dfc1f-44b8-4f36-b7f3-768245dd395a,100336,SS_111,Kamrup Substation 111,FD_UNKNOWN,Unknown Feeder,250.0,12,True,115.718177783013,93.4282901494504,24,0.7527,warning,91.6242177,26.4313597,123,ABB,ONAN,2014-01-24,False,False,"Ward No. 4, Substation 111, Kamrup",Kamrup,IN_SERVICE
e5b6438b-5d74-4409-b5f0-6c8c201e022b,100203,SS_103,Kamrup Metro Substation 103,FD_UNKNOWN,Unknown Feeder,100.0,18,True,66.340298781167,32.9565589637334,72,0.2733,healthy,91.763125,26.1702036,52,Crompton,ONAF,2008-06-24,False,False,"Ward No. 11, Substation 103, Kamrup Metro",Kamrup Metro,IN_SERVICE
e5bf41f5-7e7d-48e1-9812-05266e29246f,101131,SS_202,Golaghat Substation 202,FD_UNKNOWN,Unknown Feeder,100.0,16,True,70.1405714731381,33.6876392602008,73,0.2695,healthy,93.9748279,26.5159925,118,Voltamp,ONAN,2010-10-17,False,False,"Ward No. 11, Substation 202, Golaghat",Golaghat,IN_SERVICE
e61dc418-22b3-4a23-8767-88da2a027b7a,100350,SS_111,Kamrup Substation 111,FD_UNKNOWN,Unknown Feeder,25.0,20,False,66.6947465738467,32.7797396711422,70,0.2926,healthy,91.7151993,26.3186171,88,BHEL,ONAN,2006-09-17,False,False,"Ward No. 4, Substation 111, Kamrup",Kamrup,IN_SERVICE
e62fe682-3ff0-4df2-b209-2ac96d5b7355,100389,SS_121,Nagaon Substation 121,FD_UNKNOWN,Unknown Feeder,250.0,11,True,64.3813570216687,33.5699413774764,77,0.224,healthy,92.7730114,26.226166,141,Siemens,ONAN,2015-03-09,False,False,"Ward No. 10, Substation 121, Nagaon",Nagaon,IN_SERVICE
e64d7374-4dff-4b55-b964-ebc7670f3119,100736,SS_153,Majuli Substation 153,FD_UNKNOWN,Unknown Feeder,63.0,16,False,68.5326315168605,32.9902198017876,71,0.2818,healthy,94.201555,26.7575886,145,Crompton,ONAN,2010-03-24,False,True,"Ward No. 6, Substation 153, Majuli",Majuli,IN_SERVICE
e668937e-43ef-4b48-95c5-ef4df5dd8be7,100673,SS_142,Karimganj Substation 142,FD_UNKNOWN,Unknown Feeder,315.0,7,True,68.2481441723831,33.2523105762597,72,0.2794,healthy,92.1617706,24.8279281,79,ABB,ONAF,2019-01-10,False,False,"Ward No. 2, Substation 142, Karimganj",Karimganj,IN_SERVICE
e68da241-67ae-4f77-8233-719a9d217316,101046,SS_192,Bongaigaon Substation 192,FD_UNKNOWN,Unknown Feeder,100.0,14,True,69.3356116022343,33.4026100802915,74,0.2597,healthy,90.2775222,26.4176535,142,BHEL,ONAF,2012-02-08,False,False,"Ward No. 2, Substation 192, Bongaigaon",Bongaigaon,IN_SERVICE
ed4fafb1-2006-48da-90ed-34f5ca92a789,100715,SS_152,Jorhat Substation 152,FD_UNKNOWN,Unknown Feeder,100.0,15,True,65.2053669911437,33.3345090418175,76,0.2394,healthy,94.1924442,26.594792,85,BHEL,ONAN,2011-06-04,False,False,"Ward No. 1, Substation 152, Jorhat",Jorhat,IN_SERVICE
f24faa48-fa40-441e-8148-c034418add1c,170,SS_133,Cachar Substation 133,FD_UNKNOWN,Unknown Feeder,63.0,7,False,65.2307021352203,33.6100986701881,76,0.2397,healthy,92.4441,24.999395,145,Siemens,ONAN,2019-05-18,False,False,"Ward No. 1, Substation 133, Unknown",Unknown,IN_SERVICE
f27e1cbb-4282-4fe4-b988-afd56007710d,100613,SS_136,Cachar Substation 136,FD_UNKNOWN,Unknown Feeder,100.0,20,False,65.284358305803,33.149732158941,76,0.237,healthy,93.1142523,24.8072194,135,Crompton,ONAN,2006-06-25,False,False,"Ward No. 8, Substation 136, Cachar",Cachar,IN_SERVICE
f3802d32-1bb8-48d5-9ab5-382d4a07cb48,100514,SS_133,Cachar Substation 133,FD_UNKNOWN,Unknown Feeder,315.0,16,False,66.8914029772118,33.4404079138034,72,0.2776,healthy,92.5730321,24.8766476,41,Crompton,ONAF,2010-04-23,False,True,"Ward No. 2, Substation 133, Cachar",Cachar,IN_SERVICE
f38bcd15-d1db-4980-a0e0-d626915287cb,101118,SS_201,Sivasagar Substation 201,FD_UNKNOWN,Unknown Feeder,63.0,12,True,67.3567670970438,32.8265510966765,70,0.2938,healthy,94.6351003,26.7142848,149,ABB,ONAN,2014-11-03,False,False,"Ward No. 12, Substation 201, Sivasagar",Sivasagar,IN_SERVICE
f3da9d8f-4bfe-4c61-ba74-e84f82bb5d27,100118,SS_102,Kamrup Metro Substation 102,FD_UNKNOWN,Unknown Feeder,100.0,27,False,66.2355026588467,33.4994345775037,73,0.2652,healthy,91.7465553,26.1769282,66,Siemens,ONAF,1999-09-27,False,False,"Ward No. 5, Substation 102, Kamrup Metro",Kamrup Metro,IN_SERVICE
f3df3dc9-1696-4edf-a2ae-d4d273171f42,100263,SS_104,Kamrup Metro Substation 104,FD_UNKNOWN,Unknown Feeder,250.0,18,True,65.4271801112386,33.6576953464924,71,0.2813,healthy,91.763125,26.1702036,110,Siemens,ONAN,2008-06-12,False,False,"Ward No. 13, Substation 104, Kamrup Metro",Kamrup Metro,IN_SERVICE
f40c00d2-9d09-4388-acdb-36130e5e09e6,100998,SS_183,Biswanath Substation 183,FD_UNKNOWN,Unknown Feeder,315.0,14,False,63.3786955032129,33.0829463836751,73,0.2607,healthy,92.9428285,26.7299013,61,Crompton,ONAN,2012-08-24,True,True,"Ward No. 5, Substation 183, Biswanath",Biswanath,IN_SERVICE
f418f8ed-d1f0-4704-a13c-64e54cda1296,101008,SS_191,Goalpara Substation 191,FD_UNKNOWN,Unknown Feeder,25.0,12,True,68.3992126275705,32.8661918961126,67,0.3241,healthy,90.778365,26.282504,36,Voltamp,ONAN,2014-01-18,False,True,"Ward No. 4, Substation 191, Goalpara",Goalpara,IN_SERVICE
f50fb1a4-1cc8-4f48-8494-02c3c5eb0de6,101092,SS_194,Dhubri Substation 194,FD_UNKNOWN,Unknown Feeder,315.0,16,True,67.446985489821,33.4383179038177,72,0.2725,healthy,90.0791953,26.3913481,24,BHEL,ONAN,2010-11-05,False,False,"Ward No. 13, Substation 194, Dhubri",Dhubri,IN_SERVICE
f57af9f6-5615-4ec4-84e0-6985852b29c0,169,SS_133,Cachar Substation 133,FD_UNKNOWN,Unknown Feeder,25.0,13,False,68.5672750929878,33.0531269123792,70,0.2903,healthy,92.4508667,24.9911767,144,Siemens,ONAF,2013-09-08,False,False,"Ward No. 3, Substation 133, Unknown",Unknown,IN_SERVICE
f6aa23bb-89d9-49d4-9ebc-2ecff9b5a245,100422,SS_121,Nagaon Substation 121,FD_UNKNOWN,Unknown Feeder,100.0,30,False,66.0296268935217,33.2141051621841,75,0.244,healthy,92.3746357,26.2164285,41,Voltamp,ONAN,1996-07-15,True,False,"Ward No. 2, Substation 121, Nagaon",Nagaon,IN_SERVICE
f6eae405-7806-4cf8-8cb4-18b94559d4fd,2222,SS_133,Cachar Substation 133,FD_UNKNOWN,Unknown Feeder,16.0,10,True,64.9203036827435,33.5732300274674,68,0.312,healthy,92.5665652,24.995745,90,Voltamp,ONAN,2016-09-03,False,True,"Ward No. 12, Substation 133, Unknown",Unknown,IN_SERVICE
f766c661-689e-4fb1-b2d6-467c1081c2ed,100301,SS_105,Kamrup Metro Substation 105,FD_UNKNOWN,Unknown Feeder,25.0,24,True,65.9740569322066,32.9891790680479,68,0.3103,healthy,91.7815068,26.1442034,69,ABB,ONAN,2002-06-14,False,False,"Ward No. 7, Substation 105, Kamrup Metro",Kamrup Metro,IN_SERVICE
f76b3c79-242b-4f3b-814e-cc6ab3995170,100011,SS_101,Kamrup Metro Substation 101,FD_UNKNOWN,Unknown Feeder,100.0,17,True,65.5522018666849,33.4192571604656,75,0.2492,healthy,91.8088994,26.1310897,118,BHEL,ONAF,2009-05-11,False,False,"Ward No. 9, Substation 101, Kamrup Metro",Kamrup Metro,IN_SERVICE
f78a540c-f8c6-461c-a682-bee58855ee17,101309,SS_243,Barpeta Substation 243,FD_UNKNOWN,Unknown Feeder,200.0,20,True,62.920371021681,33.1663283814765,74,0.2537,healthy,91.1060119,26.7010611,137,Siemens,ONAF,2006-03-01,False,False,"Ward No. 10, Substation 243, Barpeta",Barpeta,IN_SERVICE
f78b149d-076c-438e-92f4-e0a8d6abcb21,100884,SS_171,Lakhimpur Substation 171,FD_UNKNOWN,Unknown Feeder,100.0,17,False,65.3439403624114,33.1388514127092,74,0.2514,healthy,93.697428,27.10857,75,BHEL,ONAN,2009-07-18,False,False,"Ward No. 12, Substation 171, Lakhimpur",Lakhimpur,IN_SERVICE
f7a9cd30-78f9-43da-ae98-f0d1b6e04ded,101175,SS_211,Darrang Substation 211,FD_UNKNOWN,Unknown Feeder,100.0,12,False,68.7305420781316,33.0766279539261,72,0.2708,healthy,92.2321557,26.2587936,66,Voltamp,ONAN,2014-06-07,False,True,"Ward No. 9, Substation 211, Darrang",Darrang,IN_SERVICE
4de0be42-7930-4b83-8988-c436b20db133,100518,SS_133,Cachar Substation 133,FD_UNKNOWN,Unknown Feeder,500.0,10,False,62.3898506698734,34.0519621924895,73,0.2629,healthy,92.5647365,24.6739427,80,Crompton,ONAN,2016-04-22,False,True,"Ward No. 4, Substation 133, Cachar",Cachar,IN_SERVICE
4f1a3bff-d912-48e6-8c10-e7044f4935ae,101160,SS_203,Golaghat Substation 203,FD_UNKNOWN,Unknown Feeder,250.0,33,False,66.9231599807578,33.2925292835714,71,0.2851,healthy,93.6529997,26.630741,29,ABB,ONAF,1993-05-03,False,False,"Ward No. 3, Substation 203, Golaghat",Golaghat,IN_SERVICE
4f69b187-74d9-4290-9935-6f9b18d52f64,101182,SS_211,Darrang Substation 211,FD_UNKNOWN,Unknown Feeder,200.0,10,False,64.0192589655797,33.9783673435311,77,0.2292,healthy,91.7264299,26.3441356,41,Siemens,ONAN,2016-08-16,False,False,"Ward No. 1, Substation 211, Darrang",Darrang,IN_SERVICE
88d96075-6f45-4127-b95c-d9947317e295,100159,SS_103,Kamrup Metro Substation 103,FD_UNKNOWN,Unknown Feeder,100.0,6,True,68.3332401425466,33.6458216764773,76,0.2328,healthy,91.8095034,26.1350283,40,Crompton,ONAN,2020-08-17,False,False,"Ward No. 11, Substation 103, Kamrup Metro",Kamrup Metro,IN_SERVICE
88dba7c8-d488-4f63-9b2b-7d95fa84b5dd,352,SS_133,Cachar Substation 133,FD_UNKNOWN,Unknown Feeder,16.0,24,False,66.4435260989891,34.0188344736621,70,0.2952,healthy,92.4596856,25.0206801,55,Siemens,ONAF,2002-06-13,False,False,"Ward No. 2, Substation 133, Unknown",Unknown,IN_SERVICE
8a088868-a65d-4444-8414-d94fe1a483a9,100331,SS_106,Kamrup Metro Substation 106,FD_UNKNOWN,Unknown Feeder,100.0,12,False,69.2122401328852,33.6711990876354,73,0.2638,healthy,91.7376155,26.1714995,143,Voltamp,ONAF,2014-01-03,False,False,"Ward No. 12, Substation 106, Kamrup Metro",Kamrup Metro,IN_SERVICE
8bf4d5fd-d84d-4a88-91dd-5aca61cde9fb,100621,SS_136,Cachar Substation 136,FD_UNKNOWN,Unknown Feeder,25.0,14,False,66.2997453442493,33.9900496504542,71,0.2879,healthy,92.8351285,24.90889,80,Voltamp,ONAN,2012-07-17,True,False,"Ward No. 12, Substation 136, Cachar",Cachar,IN_SERVICE
8c76b6c8-6a3b-4ce9-844b-3faf409ae65b,101023,SS_191,Goalpara Substation 191,FD_UNKNOWN,Unknown Feeder,200.0,19,False,65.4015298456873,33.4217472191014,74,0.253,healthy,90.5510893,26.4894843,96,BHEL,ONAN,2007-07-19,False,False,"Ward No. 10, Substation 191, Goalpara",Goalpara,IN_SERVICE
0202a9bb-fce4-4fc1-97da-fb533ae34aa9,100526,SS_133,Cachar Substation 133,FD_UNKNOWN,Unknown Feeder,63.0,8,False,64.4320172465238,33.7101210943363,73,0.2662,healthy,92.4823764,24.8538523,41,Siemens,ONAF,2018-11-01,False,False,"Ward No. 13, Substation 133, Cachar",Cachar,IN_SERVICE
022ad4a0-f3b5-4d3b-a9d6-b39bc81982d8,100140,SS_102,Kamrup Metro Substation 102,FD_UNKNOWN,Unknown Feeder,100.0,11,False,68.2838396826013,34.3067799886294,74,0.2558,healthy,91.7683697,26.1634946,42,Crompton,ONAN,2015-10-01,False,False,"Ward No. 13, Substation 102, Kamrup Metro",Kamrup Metro,IN_SERVICE
02373c37-d942-4520-a42e-8ec6c6148a23,101039,SS_192,Bongaigaon Substation 192,FD_UNKNOWN,Unknown Feeder,200.0,34,False,64.3560933179889,33.5900718727117,76,0.2382,healthy,90.3614872,26.4358949,22,Crompton,ONAN,1992-03-05,False,False,"Ward No. 6, Substation 192, Bongaigaon",Bongaigaon,IN_SERVICE
024fb18c-20f2-4e65-a5b6-faf7374869e4,100290,SS_105,Kamrup Metro Substation 105,FD_UNKNOWN,Unknown Feeder,100.0,6,False,64.2001172528894,33.9000819344577,76,0.2338,healthy,91.7981044,26.1206886,108,BHEL,ONAN,2020-02-14,False,False,"Ward No. 6, Substation 105, Kamrup Metro",Kamrup Metro,IN_SERVICE
8c7c7f6e-c396-4ab5-bfb3-940f56dc91f0,101143,SS_202,Golaghat Substation 202,FD_UNKNOWN,Unknown Feeder,315.0,34,True,121.406323236809,92.1996631219853,22,0.7749,warning,93.9737235,26.715122,101,BHEL,ONAN,1992-01-04,False,False,"Ward No. 12, Substation 202, Golaghat",Golaghat,IN_SERVICE
8f6d3e9d-6ea5-41d5-8d15-cd39d745b4f2,100550,SS_134,Cachar Substation 134,FD_UNKNOWN,Unknown Feeder,100.0,31,False,65.6024029198678,33.6591102710467,74,0.2535,healthy,92.481215,24.8542028,63,Crompton,ONAN,1995-10-19,True,False,"Ward No. 6, Substation 134, Cachar",Cachar,IN_SERVICE
0157b60c-d630-40b5-b45b-668666f76c5a,100847,SS_163,Dibrugarh Substation 163,FD_UNKNOWN,Unknown Feeder,250.0,18,True,66.0459562367883,32.9122025034283,73,0.2615,healthy,95.3609741,27.4925976,38,Crompton,ONAN,2008-10-14,False,False,"Ward No. 2, Substation 163, Dibrugarh",Dibrugarh,IN_SERVICE
06919610-8d8e-4753-84d4-222842fe9912,100724,SS_152,Jorhat Substation 152,FD_UNKNOWN,Unknown Feeder,200.0,8,False,69.12316126291,33.0330321540851,69,0.3015,healthy,94.1493425,26.7322441,137,BHEL,ONAN,2018-05-06,False,False,"Ward No. 9, Substation 152, Jorhat",Jorhat,IN_SERVICE
06a29078-b0c7-4ab3-a06b-94b6ed9cf1ba,100491,SS_133,Cachar Substation 133,FD_UNKNOWN,Unknown Feeder,250.0,27,False,67.7571524855735,33.0103022145971,75,0.2467,healthy,92.793007,24.82903,65,Crompton,ONAN,1999-01-12,True,False,"Ward No. 6, Substation 133, Cachar",Cachar,IN_SERVICE
0701e9ce-9ae5-4ef5-a8b7-ce5fe2d02b97,101113,SS_201,Sivasagar Substation 201,FD_UNKNOWN,Unknown Feeder,100.0,16,False,122.877500135991,91.1570961767289,26,0.7377,warning,94.5231699,26.8090845,106,BHEL,ONAN,2010-07-21,False,False,"Ward No. 2, Substation 201, Sivasagar",Sivasagar,IN_SERVICE
073d16ee-fa43-4016-b84a-b678e3df4c13,418,SS_133,Cachar Substation 133,FD_UNKNOWN,Unknown Feeder,25.0,31,False,66.5992568577809,33.2823300396815,67,0.3288,healthy,92.6616033,24.9392267,51,Voltamp,ONAF,1995-09-20,False,False,"Ward No. 6, Substation 133, Unknown",Unknown,IN_SERVICE
0c42ae1e-d497-4dcb-a946-c9f31817c473,100507,SS_133,Cachar Substation 133,FD_UNKNOWN,Unknown Feeder,250.0,26,False,119.693130334778,91.6779529830008,24,0.7527,warning,92.8490692,24.6804648,100,Voltamp,ONAN,2000-07-25,True,False,"Ward No. 6, Substation 133, Cachar",Cachar,IN_SERVICE
14d1cf54-d3e4-4862-90c7-34e0441e4b82,100289,SS_105,Kamrup Metro Substation 105,FD_UNKNOWN,Unknown Feeder,100.0,4,True,66.8004996803667,33.1470852590178,76,0.2374,healthy,91.7693287,26.1641904,95,Voltamp,ONAN,2022-03-02,False,False,"Ward No. 7, Substation 105, Kamrup Metro",Kamrup Metro,IN_SERVICE
15363fe0-248e-41c5-9b5c-9354195c86ab,101308,SS_243,Barpeta Substation 243,FD_UNKNOWN,Unknown Feeder,63.0,16,True,66.2324779922025,33.287059905981,72,0.2794,healthy,90.967277,26.45838,133,Siemens,ONAN,2010-10-01,False,False,"Ward No. 12, Substation 243, Barpeta",Barpeta,IN_SERVICE
21b7d2c2-58f7-4ca8-887d-232338b9500f,100294,SS_105,Kamrup Metro Substation 105,FD_UNKNOWN,Unknown Feeder,250.0,18,True,61.8423230720319,32.9055494222704,73,0.2636,healthy,91.797421,26.1035923,127,Voltamp,ONAF,2008-07-07,False,False,"Ward No. 7, Substation 105, Kamrup Metro",Kamrup Metro,IN_SERVICE
21cd442e-fcb7-4ece-a737-047c1aa2a3b9,100044,SS_101,Kamrup Metro Substation 101,FD_UNKNOWN,Unknown Feeder,100.0,12,False,121.869372909563,90.7212155922233,26,0.7343,warning,91.7691153,26.1658526,40,Voltamp,ONAF,2014-06-20,True,False,"Ward No. 12, Substation 101, Kamrup Metro",Kamrup Metro,IN_SERVICE
2220f622-7fb2-4b61-953d-1c0fc7f29cde,101220,SS_221,Karbi Anglong Substation 221,FD_UNKNOWN,Unknown Feeder,200.0,9,True,66.2863423565483,33.4782392232962,72,0.2736,healthy,93.4401517,25.9031906,112,BHEL,ONAN,2017-04-23,False,False,"Ward No. 12, Substation 221, Karbi Anglong",Karbi Anglong,IN_SERVICE
22b7d9f1-ea9e-4195-a4f3-9d15a84974ff,100970,SS_182,Sonitpur Substation 182,FD_UNKNOWN,Unknown Feeder,200.0,41,False,64.9104891805858,32.9252614243107,74,0.2521,healthy,92.7403561,26.6883632,22,Voltamp,ONAN,1985-10-26,False,False,"Ward No. 13, Substation 182, Sonitpur",Sonitpur,IN_SERVICE
232f4bb1-49bd-454e-8ddd-2626baf3263f,100161,SS_103,Kamrup Metro Substation 103,FD_UNKNOWN,Unknown Feeder,200.0,7,False,66.7367761707504,33.779366662035,74,0.2578,healthy,91.7918392,26.135205,74,Siemens,ONAN,2019-05-10,False,False,"Ward No. 11, Substation 103, Kamrup Metro",Kamrup Metro,IN_SERVICE
025e1bba-1380-4679-81cb-b178c3d93cec,101288,SS_242,Baksa Substation 242,FD_UNKNOWN,Unknown Feeder,100.0,19,False,68.3671877259539,34.1606446231934,78,0.213,healthy,91.3397768,26.8249915,24,Siemens,ONAN,2007-11-12,False,False,"Ward No. 3, Substation 242, Baksa",Baksa,IN_SERVICE
02a3d8e9-6443-4201-952c-ac2aa00aa37f,100874,SS_171,Lakhimpur Substation 171,FD_UNKNOWN,Unknown Feeder,200.0,13,False,63.100118038649,33.7537751926841,78,0.2198,healthy,93.9295187,27.1239777,89,Crompton,ONAN,2013-05-26,False,False,"Ward No. 3, Substation 171, Lakhimpur",Lakhimpur,IN_SERVICE
030736d4-2ee9-4586-97b4-d986da66033a,100241,SS_104,Kamrup Metro Substation 104,FD_UNKNOWN,Unknown Feeder,100.0,10,False,66.5985208651323,33.3529686601158,74,0.2522,healthy,91.7259884,26.1413861,135,Crompton,ONAF,2016-06-08,False,False,"Ward No. 8, Substation 104, Kamrup Metro",Kamrup Metro,IN_SERVICE
0307d959-effa-4d5e-a488-a633f8702618,101213,SS_221,Karbi Anglong Substation 221,FD_UNKNOWN,Unknown Feeder,315.0,18,True,67.5318563857538,33.8479369362383,70,0.2909,healthy,93.4372251,25.8439953,51,Siemens,ONAF,2008-10-03,False,False,"Ward No. 5, Substation 221, Karbi Anglong",Karbi Anglong,IN_SERVICE
033db346-6294-4fa6-ab9c-725a898578c5,100730,SS_153,Majuli Substation 153,FD_UNKNOWN,Unknown Feeder,200.0,14,False,118.531924993125,93.387297474821,26,0.7329,warning,94.1659316,26.9476959,120,ABB,ONAF,2012-07-17,False,False,"Ward No. 11, Substation 153, Majuli",Majuli,IN_SERVICE
0346ddb0-5d14-4b8b-8662-dd239fa202c0,100371,SS_112,Kamrup Substation 112,FD_UNKNOWN,Unknown Feeder,200.0,20,True,67.9110307762706,34.0047585941296,74,0.2596,healthy,90.6248474,26.1646874,129,Crompton,ONAN,2006-05-11,True,False,"Ward No. 10, Substation 112, Kamrup",Kamrup,IN_SERVICE
0350a872-5474-48ce-a738-2a8425c5d4ca,100886,SS_171,Lakhimpur Substation 171,FD_UNKNOWN,Unknown Feeder,100.0,14,False,66.35267968377,34.152501371361,75,0.242,healthy,93.6770975,27.0973479,86,ABB,ONAN,2012-07-17,False,True,"Ward No. 1, Substation 171, Lakhimpur",Lakhimpur,IN_SERVICE
0354e4d0-46f8-4e85-8f3c-e50661a385ff,100427,SS_122,Hojai Substation 122,FD_UNKNOWN,Unknown Feeder,315.0,22,False,66.4046771269207,33.8913763598146,74,0.2517,healthy,92.845938,26.0057065,84,Voltamp,ONAF,2004-09-25,False,False,"Ward No. 11, Substation 122, Hojai",Hojai,IN_SERVICE
0367d102-ae36-4dea-800e-b5c2ec303af3,100060,SS_101,Kamrup Metro Substation 101,FD_UNKNOWN,Unknown Feeder,200.0,20,True,68.7459700908616,33.8410138227975,72,0.2761,healthy,91.7259884,26.1413861,114,ABB,ONAF,2006-03-18,False,True,"Ward No. 6, Substation 101, Kamrup Metro",Kamrup Metro,IN_SERVICE
036eb449-e490-4b50-8beb-64ffc45dcf00,2009,SS_133,Cachar Substation 133,FD_UNKNOWN,Unknown Feeder,25.0,10,False,63.7493400948529,34.0122408795707,72,0.2729,healthy,92.5897883,24.9432283,107,BHEL,ONAN,2016-04-07,False,False,"Ward No. 14, Substation 133, Unknown",Unknown,IN_SERVICE
03829337-06dc-4339-88be-70c9e7cba626,100634,SS_141,Hailakandi Substation 141,FD_UNKNOWN,Unknown Feeder,200.0,18,False,69.3446815598053,34.3175342559754,73,0.2607,healthy,92.5950633,24.5662035,74,BHEL,ONAN,2008-02-14,False,False,"Ward No. 11, Substation 141, Hailakandi",Hailakandi,IN_SERVICE
03885733-23ce-4e6f-a07a-c49466a85dbb,100604,SS_135,Cachar Substation 135,FD_UNKNOWN,Unknown Feeder,250.0,31,True,64.8554095192025,33.3110430594735,75,0.2472,healthy,93.105894,24.8099512,23,Crompton,ONAN,1995-02-04,False,True,"Ward No. 14, Substation 135, Cachar",Cachar,IN_SERVICE
03bcc1ae-1531-4a84-8f76-db9f3f82a326,100826,SS_162,Tinsukia Substation 162,FD_UNKNOWN,Unknown Feeder,200.0,7,True,67.5210916546567,33.6102848458656,76,0.2336,healthy,95.0457564,27.386318,38,BHEL,ONAN,2019-02-18,False,True,"Ward No. 9, Substation 162, Tinsukia",Tinsukia,IN_SERVICE
233b52dc-104d-40ad-9694-53ff0ce2ba40,101090,SS_194,Dhubri Substation 194,FD_UNKNOWN,Unknown Feeder,25.0,34,True,69.1986239643311,33.1836526817603,68,0.3136,healthy,90.0838156,26.3804788,92,Crompton,ONAF,1992-10-11,False,True,"Ward No. 2, Substation 194, Dhubri",Dhubri,IN_SERVICE
276d9106-aa9b-44b1-ba98-d6faa96439de,2045,SS_133,Cachar Substation 133,FD_UNKNOWN,Unknown Feeder,100.0,10,True,64.4339412237379,33.2592030731708,74,0.2597,healthy,92.6674865,24.9338483,91,Crompton,ONAN,2016-08-16,False,False,"Ward No. 5, Substation 133, Unknown",Unknown,IN_SERVICE
279341e6-ce72-41f4-9716-ed99f46f00bb,362,SS_133,Cachar Substation 133,FD_UNKNOWN,Unknown Feeder,63.0,9,True,62.8600646825851,33.1971183086095,71,0.2818,healthy,92.5210683,24.991042,97,Voltamp,ONAN,2017-05-08,False,False,"Ward No. 8, Substation 133, Unknown",Unknown,IN_SERVICE
27a8ad73-9033-4193-8392-d4378206bd8d,100378,SS_112,Kamrup Substation 112,FD_UNKNOWN,Unknown Feeder,25.0,26,True,67.8254994410462,33.2233738400281,68,0.3114,healthy,90.764245,26.374117,27,ABB,ONAF,2000-06-05,False,False,"Ward No. 1, Substation 112, Kamrup",Kamrup,IN_SERVICE
294b6de8-b9e3-4cba-bf4c-fd6cfbf8f225,101235,SS_222,Karbi Anglong Substation 222,FD_UNKNOWN,Unknown Feeder,100.0,6,False,64.0908599377143,33.0352801542009,75,0.2422,healthy,92.8472131,26.1254215,36,BHEL,ONAF,2020-03-17,False,False,"Ward No. 14, Substation 222, Karbi Anglong",Karbi Anglong,IN_SERVICE
2a978b2e-8c76-4c23-bf42-09c619ed6e3b,101194,SS_211,Darrang Substation 211,FD_UNKNOWN,Unknown Feeder,100.0,7,True,66.0513881473223,33.8612917080009,74,0.2507,healthy,92.0497212,26.7827777,110,Siemens,ONAN,2019-05-13,False,False,"Ward No. 2, Substation 211, Darrang",Darrang,IN_SERVICE
326c2dd5-83c8-43a3-bdb6-b81cc3bca53b,100674,SS_142,Karimganj Substation 142,FD_UNKNOWN,Unknown Feeder,200.0,12,False,65.3204735300506,33.2698837632903,73,0.2696,healthy,92.1609817,24.8267328,130,Crompton,ONAF,2014-11-20,False,False,"Ward No. 11, Substation 142, Karimganj",Karimganj,IN_SERVICE
3281ef74-077e-4d98-819b-4cb14293e2ab,101266,SS_241,Nalbari Substation 241,FD_UNKNOWN,Unknown Feeder,100.0,15,False,69.4077096724223,33.3667439633694,71,0.2801,healthy,91.460925,26.4579424,135,Crompton,ONAF,2011-03-13,True,False,"Ward No. 12, Substation 241, Nalbari",Nalbari,IN_SERVICE
3361c929-c8ce-4450-aa07-e48f3623c083,100036,SS_101,Kamrup Metro Substation 101,FD_UNKNOWN,Unknown Feeder,100.0,9,False,66.1908839465346,33.2805519820528,74,0.2518,healthy,91.7852575,26.1450407,81,ABB,ONAN,2017-07-05,False,False,"Ward No. 9, Substation 101, Kamrup Metro",Kamrup Metro,IN_SERVICE
34827431-62fd-4295-8238-3948c4040439,100547,SS_134,Cachar Substation 134,FD_UNKNOWN,Unknown Feeder,25.0,29,False,120.098959876961,90.7539274253609,22,0.7724,warning,92.4933238,24.8588062,99,Voltamp,ONAN,1997-09-11,True,False,"Ward No. 12, Substation 134, Cachar",Cachar,IN_SERVICE
35556a50-9bf0-42e3-b558-b875b3f2688a,101167,SS_203,Golaghat Substation 203,FD_UNKNOWN,Unknown Feeder,25.0,11,True,69.4759725670483,32.8426370919076,68,0.3139,healthy,93.7754452,26.4290496,83,BHEL,ONAN,2015-03-07,False,False,"Ward No. 4, Substation 203, Golaghat",Golaghat,IN_SERVICE
357c2f5a-524c-45c0-9abb-132c61a1bb62,111,SS_133,Cachar Substation 133,FD_UNKNOWN,Unknown Feeder,100.0,22,False,67.3660416249458,33.4916894936869,72,0.2735,healthy,92.5465243,24.9582566,61,ABB,ONAN,2004-10-19,False,False,"Ward No. 3, Substation 133, Unknown",Unknown,IN_SERVICE
392e83f2-9204-4718-beba-2514254ecdad,100651,SS_142,Karimganj Substation 142,FD_UNKNOWN,Unknown Feeder,250.0,22,True,118.675150528301,90.2116169163352,25,0.7487,warning,92.3599259,24.871251,56,BHEL,ONAN,2004-03-05,True,False,"Ward No. 3, Substation 142, Karimganj",Karimganj,IN_SERVICE
39d2d6a3-8d86-4063-b03e-eefe63d5d6df,132,SS_133,Cachar Substation 133,FD_UNKNOWN,Unknown Feeder,250.0,13,True,66.4846961113813,33.320012466695,73,0.2689,healthy,92.6465267,24.9292817,136,ABB,ONAN,2013-04-25,True,False,"Ward No. 1, Substation 133, Unknown",Unknown,IN_SERVICE
3a0d8f4b-515e-4a94-9ab2-52f42f5c6fbb,100758,SS_161,Dibrugarh Substation 161,FD_UNKNOWN,Unknown Feeder,100.0,23,True,69.0964081260489,33.0833690102973,74,0.2579,healthy,94.9329053,27.491458,26,Siemens,ONAN,2003-01-19,False,False,"Ward No. 1, Substation 161, Dibrugarh",Dibrugarh,IN_SERVICE
3a79318a-4860-413d-9a6a-45f0ca4d25a4,100164,SS_103,Kamrup Metro Substation 103,FD_UNKNOWN,Unknown Feeder,200.0,21,False,67.4757685877839,33.7379609949066,72,0.273,healthy,91.7686637,26.1595109,71,BHEL,ONAN,2005-02-13,False,False,"Ward No. 8, Substation 103, Kamrup Metro",Kamrup Metro,IN_SERVICE
3a7d27c9-36cf-4246-a5e2-0f857b6a5f83,2041,SS_133,Cachar Substation 133,FD_UNKNOWN,Unknown Feeder,25.0,17,True,62.8386082699127,32.9939338186218,71,0.2897,healthy,92.6760321,24.9371133,63,BHEL,ONAF,2009-01-01,False,False,"Ward No. 2, Substation 133, Unknown",Unknown,IN_SERVICE
3c2e80d6-f286-4090-bc7f-75bfde08e854,100066,SS_101,Kamrup Metro Substation 101,FD_UNKNOWN,Unknown Feeder,63.0,17,True,65.5830797719809,33.5917438316493,72,0.2754,healthy,91.6136366,26.1389271,114,ABB,ONAN,2009-10-07,False,False,"Ward No. 11, Substation 101, Kamrup Metro",Kamrup Metro,IN_SERVICE
3c5c69f4-b4d7-42f3-a330-6f223b8ba135,101027,SS_192,Bongaigaon Substation 192,FD_UNKNOWN,Unknown Feeder,250.0,12,True,66.8577042699578,32.9652052772171,72,0.2779,healthy,90.5629715,26.4656509,137,Siemens,ONAN,2014-09-26,False,False,"Ward No. 1, Substation 192, Bongaigaon",Bongaigaon,IN_SERVICE
3c7d0772-d3bc-424b-b290-0685007b54b8,100500,SS_133,Cachar Substation 133,FD_UNKNOWN,Unknown Feeder,200.0,30,False,67.1372048144099,33.2482418969447,71,0.2806,healthy,92.795832,24.783285,132,Crompton,ONAN,1996-01-23,True,False,"Ward No. 1, Substation 133, Cachar",Cachar,IN_SERVICE
3cd270ed-856d-47dc-999b-fb459d68736d,100416,SS_121,Nagaon Substation 121,FD_UNKNOWN,Unknown Feeder,315.0,9,True,65.3165918502601,32.9630031391816,73,0.2671,healthy,92.8477442,26.6228908,144,Crompton,ONAN,2017-07-19,False,False,"Ward No. 2, Substation 121, Nagaon",Nagaon,IN_SERVICE
3cd9dd04-5c24-43d4-9bac-41e87dd8de88,100248,SS_104,Kamrup Metro Substation 104,FD_UNKNOWN,Unknown Feeder,200.0,8,False,67.547938525215,32.9817518887716,74,0.2534,healthy,91.617525,26.124633,43,Crompton,ONAN,2018-09-04,False,False,"Ward No. 6, Substation 104, Kamrup Metro",Kamrup Metro,IN_SERVICE
4648fac5-4d43-4d61-9b4c-46a104b0d5e2,100426,SS_122,Hojai Substation 122,FD_UNKNOWN,Unknown Feeder,63.0,29,True,68.7157135808215,33.0993592312084,71,0.2845,healthy,92.8481676,26.0017261,72,ABB,ONAF,1997-02-03,True,False,"Ward No. 5, Substation 122, Hojai",Hojai,IN_SERVICE
467e2021-2efc-4f7b-ac1c-bfbe00afe96a,101036,SS_192,Bongaigaon Substation 192,FD_UNKNOWN,Unknown Feeder,500.0,4,True,67.9125574927786,33.1945122806897,66,0.3326,healthy,90.6077992,26.596512,26,ABB,ONAN,2022-09-19,False,False,"Ward No. 14, Substation 192, Bongaigaon",Bongaigaon,IN_SERVICE
4e231b22-5354-4a64-8a7a-4990d4a3814f,130,SS_133,Cachar Substation 133,FD_UNKNOWN,Unknown Feeder,250.0,11,False,63.5170212576149,33.657048990831,76,0.2345,healthy,92.5293892,24.9775874,34,BHEL,ONAN,2015-06-01,False,False,"Ward No. 3, Substation 133, Unknown",Unknown,IN_SERVICE
4f293111-0f19-4fe3-8ff0-db7dc8fe2a9f,101062,SS_193,Kokrajhar Substation 193,FD_UNKNOWN,Unknown Feeder,315.0,15,False,66.8313387964893,33.4700293435063,72,0.2715,healthy,90.2767406,26.4143907,66,BHEL,ONAN,2011-01-25,False,False,"Ward No. 2, Substation 193, Kokrajhar",Kokrajhar,IN_SERVICE
4f6ef34c-84d9-4056-8d59-b23d44095da9,100833,SS_163,Dibrugarh Substation 163,FD_UNKNOWN,Unknown Feeder,63.0,11,True,62.1751638236761,32.79380570181,73,0.2637,healthy,95.2712864,27.3659076,107,Siemens,ONAN,2015-10-16,False,False,"Ward No. 10, Substation 163, Dibrugarh",Dibrugarh,IN_SERVICE
511265b3-9443-4f47-8d6e-834bf6a3f689,100693,SS_151,Jorhat Substation 151,FD_UNKNOWN,Unknown Feeder,250.0,15,True,63.7540157480869,33.3661674375888,76,0.2363,healthy,94.1924442,26.594792,40,ABB,ONAN,2011-07-07,False,False,"Ward No. 2, Substation 151, Jorhat",Jorhat,IN_SERVICE
5486b8f4-6852-40a4-a28d-5d1cedfb6d86,100738,SS_153,Majuli Substation 153,FD_UNKNOWN,Unknown Feeder,200.0,14,True,68.1721865732929,32.6320887365909,71,0.2801,healthy,94.1774577,26.7490914,83,Voltamp,ONAN,2012-08-21,False,False,"Ward No. 11, Substation 153, Majuli",Majuli,IN_SERVICE
58b0713f-a4dc-44e4-b473-bdd50e4ab9ad,101085,SS_194,Dhubri Substation 194,FD_UNKNOWN,Unknown Feeder,315.0,7,True,68.31079965049,33.0418166630943,71,0.2805,healthy,89.6895087,25.9647602,79,Voltamp,ONAF,2019-10-27,True,False,"Ward No. 8, Substation 194, Dhubri",Dhubri,IN_SERVICE
5e0887bc-76ba-43ba-84f4-f3aed2f53c4f,100265,SS_104,Kamrup Metro Substation 104,FD_UNKNOWN,Unknown Feeder,200.0,10,True,66.7848952119625,33.6665073054932,71,0.2869,healthy,91.7465553,26.1769282,67,Crompton,ONAN,2016-11-08,False,False,"Ward No. 11, Substation 104, Kamrup Metro",Kamrup Metro,IN_SERVICE
6aaed61c-7fce-46f4-bc3a-6749a202d8e0,100920,SS_173,Lakhimpur Substation 173,FD_UNKNOWN,Unknown Feeder,100.0,9,False,68.8168887271927,33.4493164634393,74,0.257,healthy,94.0959673,27.2292361,123,Siemens,ONAN,2017-06-16,True,False,"Ward No. 13, Substation 173, Lakhimpur",Lakhimpur,IN_SERVICE
6ad1855f-89d4-4151-aa53-1a3f71d660d8,100168,SS_103,Kamrup Metro Substation 103,FD_UNKNOWN,Unknown Feeder,100.0,10,False,65.8228226584567,33.2057912752267,74,0.2578,healthy,91.8024706,26.1740008,146,Siemens,ONAN,2016-05-17,False,False,"Ward No. 11, Substation 103, Kamrup Metro",Kamrup Metro,IN_SERVICE
6c052064-3adc-488c-8842-0186f6b0f490,101002,SS_191,Goalpara Substation 191,FD_UNKNOWN,Unknown Feeder,200.0,8,True,67.8883290695573,32.8965922828684,71,0.2832,healthy,90.624388,26.176516,62,Voltamp,ONAF,2018-03-16,False,False,"Ward No. 3, Substation 191, Goalpara",Goalpara,IN_SERVICE
6c285b19-7917-4a13-9a40-59dcb1777fe8,101125,SS_201,Sivasagar Substation 201,FD_UNKNOWN,Unknown Feeder,500.0,17,True,119.63135567273,91.3980263600435,19,0.8062,warning,94.936707,27.148293,62,ABB,ONAN,2009-06-11,False,False,"Ward No. 5, Substation 201, Sivasagar",Sivasagar,IN_SERVICE
6c4430dd-9f40-48ac-86cf-43b6f755f470,100841,SS_163,Dibrugarh Substation 163,FD_UNKNOWN,Unknown Feeder,25.0,7,False,65.2510442007693,33.2275235594127,71,0.288,healthy,95.3517164,27.4913069,142,Siemens,ONAN,2019-07-24,False,False,"Ward No. 11, Substation 163, Dibrugarh",Dibrugarh,IN_SERVICE
84606145-a91f-4696-bc6a-d0dd0b5fa4b2,501,SS_133,Cachar Substation 133,FD_UNKNOWN,Unknown Feeder,63.0,22,False,68.6227338324781,33.5121672361061,70,0.2998,healthy,92.5848685,24.8950853,117,Siemens,ONAN,2004-04-15,True,True,"Ward No. 6, Substation 133, Unknown",Unknown,IN_SERVICE
8532d37f-2abb-403b-8b29-42dbb3859280,100012,SS_101,Kamrup Metro Substation 101,FD_UNKNOWN,Unknown Feeder,200.0,10,False,69.2514078588543,32.9691597778104,72,0.2746,healthy,91.7818776,26.1590535,140,Voltamp,ONAF,2016-04-26,False,False,"Ward No. 1, Substation 101, Kamrup Metro",Kamrup Metro,IN_SERVICE
85393b1b-07a4-418a-ba30-e9b67e0e8eaa,350,SS_133,Cachar Substation 133,FD_UNKNOWN,Unknown Feeder,63.0,14,False,64.2324652665775,32.7631503618896,71,0.2881,healthy,92.6899701,24.8843978,107,Voltamp,ONAF,2012-02-11,False,False,"Ward No. 12, Substation 133, Unknown",Unknown,IN_SERVICE
86f1c573-4b48-4a6c-bd06-b28bd5a1e825,527,SS_133,Cachar Substation 133,FD_UNKNOWN,Unknown Feeder,25.0,14,False,63.1610605471866,33.5208591347169,71,0.2897,healthy,92.6023822,24.9110925,133,ABB,ONAF,2012-02-19,False,False,"Ward No. 7, Substation 133, Unknown",Unknown,IN_SERVICE
b4ed14c4-3083-415a-a8f7-a5f49e09d5d7,159,SS_133,Cachar Substation 133,FD_UNKNOWN,Unknown Feeder,100.0,28,False,65.400660369718,32.8965508249555,76,0.2343,healthy,92.5162463,24.9794743,42,BHEL,ONAN,1998-08-14,False,False,"Ward No. 11, Substation 133, Unknown",Unknown,IN_SERVICE
b519ad6f-363a-4064-b920-3005eab5312e,101165,SS_203,Golaghat Substation 203,FD_UNKNOWN,Unknown Feeder,250.0,37,False,65.051924306605,33.7264053675336,75,0.2433,healthy,93.820751,26.6970438,21,Crompton,ONAN,1989-07-09,False,False,"Ward No. 10, Substation 203, Golaghat",Golaghat,IN_SERVICE
b53f3938-0592-46e7-8e4e-6c52ff208510,100145,SS_102,Kamrup Metro Substation 102,FD_UNKNOWN,Unknown Feeder,315.0,36,True,68.0303973094286,33.2746072092918,71,0.2863,healthy,91.8402395,26.1105477,107,BHEL,ONAF,1990-11-17,False,False,"Ward No. 3, Substation 102, Kamrup Metro",Kamrup Metro,IN_SERVICE
b5f28296-4088-49b5-ae50-953bcac6092d,1015,SS_133,Cachar Substation 133,FD_UNKNOWN,Unknown Feeder,63.0,10,False,62.4907700288454,33.3907421715822,74,0.2563,healthy,92.4871535,24.9656625,85,Siemens,ONAN,2016-02-05,False,False,"Ward No. 1, Substation 133, Unknown",Unknown,IN_SERVICE
b667edb0-8bc4-4846-9f41-013b82ecc47c,101282,SS_242,Baksa Substation 242,FD_UNKNOWN,Unknown Feeder,100.0,27,False,66.420813936714,33.1288598614787,74,0.2543,healthy,91.340726,26.664079,148,ABB,ONAN,1999-06-10,False,False,"Ward No. 10, Substation 242, Baksa",Baksa,IN_SERVICE
b6836c2d-fcab-4075-84e8-6fc4e849c634,100428,SS_122,Hojai Substation 122,FD_UNKNOWN,Unknown Feeder,200.0,9,False,71.1295978637108,33.0772965993836,71,0.2868,healthy,92.9465407,26.0683965,113,BHEL,ONAF,2017-05-13,False,True,"Ward No. 9, Substation 122, Hojai",Hojai,IN_SERVICE
b7632a04-6f9d-47a7-a366-1bf53261f7bf,168,SS_133,Cachar Substation 133,FD_UNKNOWN,Unknown Feeder,100.0,16,True,65.2862334175306,33.1267136531665,75,0.2466,healthy,92.4557199,24.9929052,32,Voltamp,ONAN,2010-06-14,False,False,"Ward No. 11, Substation 133, Unknown",Unknown,IN_SERVICE
bb38495a-6bba-417e-940c-92990c87e950,101059,SS_193,Kokrajhar Substation 193,FD_UNKNOWN,Unknown Feeder,100.0,19,False,67.7036192869331,33.0155052436295,74,0.259,healthy,90.2661291,26.3939912,69,ABB,ONAN,2007-03-06,False,False,"Ward No. 11, Substation 193, Kokrajhar",Kokrajhar,IN_SERVICE
bb4b1f34-19af-4068-a6cb-deccd1819b68,100454,SS_122,Hojai Substation 122,FD_UNKNOWN,Unknown Feeder,100.0,28,True,66.7326276105465,33.11446402637,74,0.2516,healthy,92.5160085,26.2310759,76,Crompton,ONAN,1998-09-21,False,False,"Ward No. 14, Substation 122, Hojai",Hojai,IN_SERVICE
c03d9b2a-9c20-4689-a808-29dde91edce4,165,SS_133,Cachar Substation 133,FD_UNKNOWN,Unknown Feeder,63.0,9,True,66.2971789624321,32.5330678228536,72,0.2724,healthy,92.5453318,24.9651004,109,ABB,ONAN,2017-01-05,False,False,"Ward No. 14, Substation 133, Unknown",Unknown,IN_SERVICE
c861062e-55bc-44be-a932-41e78c424633,215,SS_133,Cachar Substation 133,FD_UNKNOWN,Unknown Feeder,16.0,38,True,63.2158200115846,32.8939344160556,72,0.2771,healthy,92.4941183,24.9953417,59,Crompton,ONAF,1988-03-25,False,False,"Ward No. 4, Substation 133, Unknown",Unknown,IN_SERVICE
04f4d3fa-ba6d-4814-abdc-f7d1857c49b6,156,SS_133,Cachar Substation 133,FD_UNKNOWN,Unknown Feeder,100.0,19,True,66.6654322583193,33.6050661181532,73,0.2606,healthy,92.4744267,24.9884867,30,Crompton,ONAN,2007-11-26,False,False,"Ward No. 6, Substation 133, Unknown",Unknown,IN_SERVICE
0b4f2a21-2ef7-4b6f-9046-a3c1703cb5bf,101271,SS_241,Nalbari Substation 241,FD_UNKNOWN,Unknown Feeder,200.0,5,True,67.6907778348058,33.357844287275,72,0.2787,healthy,91.349695,26.383854,41,BHEL,ONAN,2021-01-10,False,True,"Ward No. 3, Substation 241, Nalbari",Nalbari,IN_SERVICE
47a904d9-622b-4161-9808-6e68bc5d4a26,100893,SS_171,Lakhimpur Substation 171,FD_UNKNOWN,Unknown Feeder,63.0,12,False,67.0971783437518,33.3730132925074,69,0.3011,healthy,93.6281623,27.1008421,90,BHEL,ONAN,2014-06-09,False,False,"Ward No. 1, Substation 171, Lakhimpur",Lakhimpur,IN_SERVICE
47dc53de-c3c0-45a3-9d60-228b31d15c5b,398,SS_133,Cachar Substation 133,FD_UNKNOWN,Unknown Feeder,100.0,12,True,124.128011199904,92.8976571805972,26,0.74,warning,92.69115,24.8996317,58,Voltamp,ONAF,2014-02-12,False,False,"Ward No. 6, Substation 133, Unknown",Unknown,IN_SERVICE
48604f8d-dfc4-41a5-b592-7b2b9ebe14ef,100215,SS_104,Kamrup Metro Substation 104,FD_UNKNOWN,Unknown Feeder,250.0,13,False,63.0313987750181,34.1288504571539,77,0.2283,healthy,91.7676438,26.1773154,123,Crompton,ONAF,2013-01-16,False,True,"Ward No. 11, Substation 104, Kamrup Metro",Kamrup Metro,IN_SERVICE
48b6332f-74ca-431e-8607-c6b647861407,101331,SS_244,Barpeta Substation 244,FD_UNKNOWN,Unknown Feeder,100.0,18,False,123.320332597148,91.6980757330602,26,0.7364,warning,90.764245,26.374117,117,Siemens,ONAN,2008-08-21,False,False,"Ward No. 9, Substation 244, Barpeta",Barpeta,IN_SERVICE
4d5e3b48-b529-4242-b769-77216c0b5736,135,SS_133,Cachar Substation 133,FD_UNKNOWN,Unknown Feeder,100.0,9,False,66.5732602102706,33.6981036363889,73,0.2616,healthy,92.5120053,24.9774788,56,Crompton,ONAN,2017-06-22,False,True,"Ward No. 12, Substation 133, Unknown",Unknown,IN_SERVICE
554b980e-7922-4d91-b982-fe1f09e552e4,101082,SS_194,Dhubri Substation 194,FD_UNKNOWN,Unknown Feeder,200.0,18,True,65.7261711811046,34.6114770941782,76,0.2388,healthy,89.8715609,26.0796899,65,ABB,ONAN,2008-05-12,False,False,"Ward No. 7, Substation 194, Dhubri",Dhubri,IN_SERVICE
555000ce-2601-48d8-a6d2-8233c32da9ca,100131,SS_102,Kamrup Metro Substation 102,FD_UNKNOWN,Unknown Feeder,250.0,23,True,63.623103684928,33.8379960317287,77,0.2277,healthy,91.726007,26.1414434,52,Crompton,ONAN,2003-10-24,False,False,"Ward No. 3, Substation 102, Kamrup Metro",Kamrup Metro,IN_SERVICE
55539064-c6bc-4e7c-a2d8-6b15963f92bc,101001,SS_191,Goalpara Substation 191,FD_UNKNOWN,Unknown Feeder,100.0,13,False,68.6748444171089,34.2258201633435,73,0.2602,healthy,90.6248474,26.1646874,83,Siemens,ONAF,2013-09-24,False,False,"Ward No. 13, Substation 191, Goalpara",Goalpara,IN_SERVICE
c8614144-b508-4c38-98c4-09f9abb1f385,101050,SS_192,Bongaigaon Substation 192,FD_UNKNOWN,Unknown Feeder,100.0,13,False,64.9169513781983,33.0201752201991,75,0.2446,healthy,90.2719637,26.4059703,120,Siemens,ONAN,2013-11-14,False,False,"Ward No. 13, Substation 192, Bongaigaon",Bongaigaon,IN_SERVICE
c8cff2fc-f253-4b15-ae46-1a790b891ab4,101249,SS_231,Dima Hasao Substation 231,FD_UNKNOWN,Unknown Feeder,63.0,10,True,64.6845743117995,33.1451104627691,74,0.259,healthy,93.0098019,25.180907,69,Crompton,ONAN,2016-09-17,False,False,"Ward No. 8, Substation 231, Dima Hasao",Dima Hasao,IN_SERVICE
c907cc89-558d-41d8-ae45-97693eb02388,101337,SS_251,Chirang Substation 251,FD_UNKNOWN,Unknown Feeder,315.0,10,False,64.4130204924112,32.5822198832735,73,0.2604,healthy,90.6180641,26.4896043,103,BHEL,ONAN,2016-04-13,False,True,"Ward No. 4, Substation 251, Chirang",Chirang,IN_SERVICE
cd200eff-0c12-4a64-8183-c6357301bed7,100582,SS_134,Cachar Substation 134,FD_UNKNOWN,Unknown Feeder,250.0,17,True,68.6518427276478,33.3190382631613,70,0.2943,healthy,92.7955799,24.7856047,22,BHEL,ONAN,2009-05-25,False,False,"Ward No. 6, Substation 134, Cachar",Cachar,IN_SERVICE
cd8b6db6-a192-4afe-92f9-f880ab17d95c,626,SS_133,Cachar Substation 133,FD_UNKNOWN,Unknown Feeder,63.0,7,True,63.1998529568526,32.7788534912803,74,0.2582,healthy,92.5680284,24.8974796,141,Siemens,ONAN,2019-02-23,False,True,"Ward No. 12, Substation 133, Unknown",Unknown,IN_SERVICE
5596610f-ba5b-4b51-8ece-a7883894e556,100329,SS_106,Kamrup Metro Substation 106,FD_UNKNOWN,Unknown Feeder,63.0,24,False,63.7537519929769,33.7009329037906,73,0.2606,healthy,91.6095382,26.1384696,106,Siemens,ONAF,2002-09-12,False,False,"Ward No. 4, Substation 106, Kamrup Metro",Kamrup Metro,IN_SERVICE
74046913-2580-4b21-b251-f77e7adfd810,100258,SS_104,Kamrup Metro Substation 104,FD_UNKNOWN,Unknown Feeder,250.0,9,True,67.6931804536802,33.5824760410091,76,0.2391,healthy,91.6966656,26.2275713,111,Voltamp,ONAF,2017-11-06,False,False,"Ward No. 3, Substation 104, Kamrup Metro",Kamrup Metro,IN_SERVICE
cfa23008-899c-4f98-8bf5-063c67ca3923,100260,SS_104,Kamrup Metro Substation 104,FD_UNKNOWN,Unknown Feeder,200.0,18,True,118.932880656794,91.8934317430632,27,0.727,warning,91.6817067,26.1581231,99,Crompton,ONAN,2008-08-16,False,False,"Ward No. 9, Substation 104, Kamrup Metro",Kamrup Metro,IN_SERVICE
cfb24b2f-cd72-49c9-acae-f6213a6c5f1a,101274,SS_241,Nalbari Substation 241,FD_UNKNOWN,Unknown Feeder,315.0,15,True,69.1067723596248,32.8865937434866,72,0.279,healthy,91.2715269,26.4766416,105,ABB,ONAN,2011-01-01,False,False,"Ward No. 7, Substation 241, Nalbari",Nalbari,IN_SERVICE
cfed11d9-c5c7-4e4c-9029-8f960e603e65,100745,SS_161,Dibrugarh Substation 161,FD_UNKNOWN,Unknown Feeder,100.0,28,False,65.0439542146963,33.4462555328528,74,0.253,healthy,94.9163573,27.4891852,144,Siemens,ONAF,1998-01-04,False,False,"Ward No. 4, Substation 161, Dibrugarh",Dibrugarh,IN_SERVICE
7422bef0-46fd-475f-9daf-308fd5de5404,101083,SS_194,Dhubri Substation 194,FD_UNKNOWN,Unknown Feeder,250.0,11,True,122.592247989163,93.410686070328,24,0.7587,warning,90.1416556,26.1982891,91,ABB,ONAF,2015-07-02,False,False,"Ward No. 14, Substation 194, Dhubri",Dhubri,IN_SERVICE
775698e2-2633-4f3a-9567-9bb6ca029840,100859,SS_164,Dibrugarh Substation 164,FD_UNKNOWN,Unknown Feeder,100.0,11,True,64.4084613896397,34.2272527035235,76,0.2384,healthy,95.3429761,27.4825947,133,ABB,ONAN,2015-01-15,False,False,"Ward No. 2, Substation 164, Dibrugarh",Dibrugarh,IN_SERVICE
79e4d989-b372-4d86-a7a9-d33c014184da,100539,SS_133,Cachar Substation 133,FD_UNKNOWN,Unknown Feeder,100.0,14,False,65.047565655874,33.1709202604693,76,0.233,healthy,93.0120159,25.1726021,78,Siemens,ONAN,2012-04-22,False,False,"Ward No. 5, Substation 133, Cachar",Cachar,IN_SERVICE
7b78cc7f-568d-4196-9ef9-8b7258a8ad4d,100070,SS_101,Kamrup Metro Substation 101,FD_UNKNOWN,Unknown Feeder,100.0,16,False,65.3280900163769,33.3816330842856,74,0.2597,healthy,91.7404117,26.1721356,149,Siemens,ONAN,2010-06-26,False,False,"Ward No. 3, Substation 101, Kamrup Metro",Kamrup Metro,IN_SERVICE
7b9faade-bafc-425c-a9e2-c09999bdf86d,101058,SS_193,Kokrajhar Substation 193,FD_UNKNOWN,Unknown Feeder,100.0,21,False,66.7894403616998,33.8450272372503,74,0.2533,healthy,90.2650944,26.3955934,131,BHEL,ONAN,2005-03-21,False,False,"Ward No. 8, Substation 193, Kokrajhar",Kokrajhar,IN_SERVICE
7bcf3f92-77e2-421f-9b72-95ee51ed1023,101057,SS_193,Kokrajhar Substation 193,FD_UNKNOWN,Unknown Feeder,100.0,18,True,65.0529381925701,34.2008468388078,74,0.2565,healthy,90.2643663,26.4029386,111,Crompton,ONAN,2008-08-13,False,False,"Ward No. 8, Substation 193, Kokrajhar",Kokrajhar,IN_SERVICE
7bde4c25-accb-4aae-a851-c0aee3c6b1b0,2238,SS_133,Cachar Substation 133,FD_UNKNOWN,Unknown Feeder,25.0,24,True,67.02687419157,33.9085457004842,70,0.2939,healthy,92.6026483,25.0075833,62,ABB,ONAN,2002-04-12,False,False,"Ward No. 1, Substation 133, Unknown",Unknown,IN_SERVICE
d01b3464-0e4e-451d-ab8a-c52fd9cf68c5,100272,SS_105,Kamrup Metro Substation 105,FD_UNKNOWN,Unknown Feeder,100.0,18,True,117.685523237779,91.2154098375518,26,0.7376,warning,91.7814441,26.1719851,90,Siemens,ONAN,2008-04-01,False,True,"Ward No. 4, Substation 105, Kamrup Metro",Kamrup Metro,IN_SERVICE
d058cda8-47cc-499a-87a7-ee9a1cd302c7,57,SS_133,Cachar Substation 133,FD_UNKNOWN,Unknown Feeder,100.0,10,True,67.058646904851,32.615403344493,74,0.2562,healthy,92.6751281,24.9056361,109,ABB,ONAF,2016-11-18,True,False,"Ward No. 10, Substation 133, Unknown",Unknown,IN_SERVICE
d0f5bcd6-85a2-4acf-bb4d-f34d3a5a5421,100155,SS_103,Kamrup Metro Substation 103,FD_UNKNOWN,Unknown Feeder,100.0,19,True,69.9039594307851,33.6445810954947,72,0.2794,healthy,91.7706942,26.1630268,126,Voltamp,ONAN,2007-08-15,False,True,"Ward No. 11, Substation 103, Kamrup Metro",Kamrup Metro,IN_SERVICE
d11eb395-f3c9-471c-86a6-985a809466b1,100509,SS_133,Cachar Substation 133,FD_UNKNOWN,Unknown Feeder,200.0,14,False,68.4644124232831,32.7174420992784,73,0.2672,healthy,92.6156299,24.8562143,147,Siemens,ONAN,2012-05-08,False,False,"Ward No. 2, Substation 133, Cachar",Cachar,IN_SERVICE
d13d0c58-9955-41fc-a1ae-6070ff71494b,100640,SS_141,Hailakandi Substation 141,FD_UNKNOWN,Unknown Feeder,100.0,8,False,65.719290281431,33.4064497407569,75,0.2424,healthy,92.4000862,24.6000164,123,Crompton,ONAN,2018-05-11,False,False,"Ward No. 12, Substation 141, Hailakandi",Hailakandi,IN_SERVICE
d15d0a93-d81a-43b7-af89-41be03b1717f,100408,SS_121,Nagaon Substation 121,FD_UNKNOWN,Unknown Feeder,100.0,11,False,119.983287169485,94.7270952495762,25,0.7455,warning,92.7974206,26.6302423,39,Siemens,ONAN,2015-06-03,False,True,"Ward No. 9, Substation 121, Nagaon",Nagaon,IN_SERVICE
8048bfad-7207-46da-ae1b-3a99f6ee6aa4,2077,SS_133,Cachar Substation 133,FD_UNKNOWN,Unknown Feeder,25.0,19,False,67.2593248308904,33.8502662254126,70,0.2935,healthy,92.497935,24.890085,139,Siemens,ONAN,2007-10-19,False,False,"Ward No. 12, Substation 133, Unknown",Unknown,IN_SERVICE
832f9883-88fe-4993-9b18-7f033226b644,100657,SS_142,Karimganj Substation 142,FD_UNKNOWN,Unknown Feeder,200.0,30,False,65.7004574542163,33.7363616939601,75,0.2481,healthy,92.3706032,24.8607814,122,BHEL,ONAN,1996-01-06,False,False,"Ward No. 11, Substation 142, Karimganj",Karimganj,IN_SERVICE
86bf9c58-a482-4a8f-a2f9-f055eb2fbae5,100146,SS_102,Kamrup Metro Substation 102,FD_UNKNOWN,Unknown Feeder,500.0,12,False,63.9893725802755,34.1524332224513,74,0.2577,healthy,91.754228,26.1770311,31,BHEL,ONAN,2014-05-20,False,False,"Ward No. 11, Substation 102, Kamrup Metro",Kamrup Metro,IN_SERVICE
d170fdf3-1087-4364-8046-5b402ba397df,101116,SS_201,Sivasagar Substation 201,FD_UNKNOWN,Unknown Feeder,315.0,18,True,66.3609891217948,33.3086477722951,74,0.2525,healthy,94.4514745,26.8378905,27,Voltamp,ONAN,2008-06-14,False,False,"Ward No. 2, Substation 201, Sivasagar",Sivasagar,IN_SERVICE
d1a145b5-5822-4a28-a151-5714d16f5475,101013,SS_191,Goalpara Substation 191,FD_UNKNOWN,Unknown Feeder,315.0,13,True,65.453170733716,33.2629177902313,72,0.2715,healthy,90.7895475,25.9829392,142,Voltamp,ONAF,2013-04-10,False,False,"Ward No. 5, Substation 191, Goalpara",Goalpara,IN_SERVICE
d2130fd9-3a74-4607-8b67-ad6c8abab836,100431,SS_122,Hojai Substation 122,FD_UNKNOWN,Unknown Feeder,63.0,22,False,65.9900929617584,33.6232248318734,74,0.2583,healthy,92.8472131,26.1254215,46,Crompton,ONAF,2004-10-21,False,False,"Ward No. 4, Substation 122, Hojai",Hojai,IN_SERVICE
d22a389d-14d8-4913-85b4-5784091fac1c,100165,SS_103,Kamrup Metro Substation 103,FD_UNKNOWN,Unknown Feeder,500.0,11,True,70.1968748083251,32.9470695217336,65,0.3478,healthy,91.7691153,26.1658526,126,ABB,ONAN,2015-07-04,True,False,"Ward No. 9, Substation 103, Kamrup Metro",Kamrup Metro,IN_SERVICE
d2606ef8-b640-4b26-8580-6d4ab7ddb810,100046,SS_101,Kamrup Metro Substation 101,FD_UNKNOWN,Unknown Feeder,315.0,11,True,67.5791615090342,33.4901734304179,75,0.2464,healthy,91.754228,26.1770311,130,Crompton,ONAF,2015-04-16,False,False,"Ward No. 11, Substation 101, Kamrup Metro",Kamrup Metro,IN_SERVICE
d2633d96-ecf2-49b8-a37f-4d47761eb867,100739,SS_153,Majuli Substation 153,FD_UNKNOWN,Unknown Feeder,315.0,19,True,63.7073981753421,32.767181619274,73,0.2695,healthy,94.220333,26.7515227,56,ABB,ONAN,2007-11-13,False,False,"Ward No. 2, Substation 153, Majuli",Majuli,IN_SERVICE
d2a2dcbb-f5be-4dad-88b7-aab4f06374bd,632,SS_133,Cachar Substation 133,FD_UNKNOWN,Unknown Feeder,63.0,49,False,66.0911755024719,33.1952374556007,70,0.2943,healthy,92.5251355,24.8835946,97,Siemens,ONAN,1977-01-19,False,False,"Ward No. 9, Substation 133, Unknown",Unknown,IN_SERVICE
d2c959ef-8520-4ee7-8ce7-272feb01adf2,100766,SS_161,Dibrugarh Substation 161,FD_UNKNOWN,Unknown Feeder,200.0,6,True,66.2068255158515,32.6909039692637,73,0.2644,healthy,94.8958927,27.3682068,59,Voltamp,ONAN,2020-03-24,False,False,"Ward No. 7, Substation 161, Dibrugarh",Dibrugarh,IN_SERVICE
e7c5ef90-a5cc-43ff-97d4-22aac187bbcd,100014,SS_101,Kamrup Metro Substation 101,FD_UNKNOWN,Unknown Feeder,250.0,32,True,64.8592891886904,32.9365482926004,75,0.2458,healthy,91.7867147,26.1496128,67,Crompton,ONAF,1994-11-07,False,False,"Ward No. 10, Substation 101, Kamrup Metro",Kamrup Metro,IN_SERVICE
ed118bee-f3db-4fed-8ce4-4e57e0256801,101340,SS_251,Chirang Substation 251,FD_UNKNOWN,Unknown Feeder,63.0,19,False,67.2306190013347,33.5090660191721,72,0.2756,healthy,90.6077992,26.596512,135,ABB,ONAF,2007-10-08,False,False,"Ward No. 14, Substation 251, Chirang",Chirang,IN_SERVICE
ef26edbb-f62f-48a4-b03c-d3063fa9660a,2091,SS_133,Cachar Substation 133,FD_UNKNOWN,Unknown Feeder,100.0,22,False,123.369353922357,91.7499127645737,25,0.7407,warning,92.578251,24.962372,89,Siemens,ONAN,2004-05-06,False,False,"Ward No. 5, Substation 133, Unknown",Unknown,IN_SERVICE
ef60d89e-4228-4075-9ecb-043f4b2a872a,100400,SS_121,Nagaon Substation 121,FD_UNKNOWN,Unknown Feeder,500.0,25,False,64.4324857991708,33.1491090103359,71,0.2814,healthy,92.8874642,26.5547738,46,ABB,ONAN,2001-02-15,False,False,"Ward No. 9, Substation 121, Nagaon",Nagaon,IN_SERVICE
f07bfb28-0d1f-4bb8-a516-069ee7213068,101069,SS_193,Kokrajhar Substation 193,FD_UNKNOWN,Unknown Feeder,63.0,13,False,65.0146946245062,32.7036966441738,72,0.2716,healthy,90.203123,26.3864423,85,Crompton,ONAN,2013-04-07,False,False,"Ward No. 5, Substation 193, Kokrajhar",Kokrajhar,IN_SERVICE
f0cbc4f3-9fa7-4589-b3cc-de615ca99a78,100475,SS_124,Nagaon Substation 124,FD_UNKNOWN,Unknown Feeder,100.0,9,False,67.7263781849666,32.7275543278065,73,0.2628,healthy,92.6537353,26.1671521,91,ABB,ONAF,2017-06-26,False,False,"Ward No. 14, Substation 124, Nagaon",Nagaon,IN_SERVICE
00bd04fc-4aee-4e2a-8ed8-bb6609aa3e89,100149,SS_102,Kamrup Metro Substation 102,FD_UNKNOWN,Unknown Feeder,200.0,20,False,65.6149502034544,33.4201338652553,76,0.2314,healthy,91.7788842,26.1443909,134,Voltamp,ONAN,2006-10-23,True,False,"Ward No. 2, Substation 102, Kamrup Metro",Kamrup Metro,IN_SERVICE
00e62736-ecab-475e-b776-2fbaf672ec10,100464,SS_123,Hojai Substation 123,FD_UNKNOWN,Unknown Feeder,200.0,13,True,119.681498872937,93.9712914164793,26,0.7362,warning,93.4372251,25.8439953,125,Siemens,ONAN,2013-03-13,True,False,"Ward No. 6, Substation 123, Hojai",Hojai,IN_SERVICE
01016e61-2df1-4108-9701-b32a6d856808,101273,SS_241,Nalbari Substation 241,FD_UNKNOWN,Unknown Feeder,100.0,13,True,66.5668297661571,32.9733354955937,74,0.2571,healthy,91.6065547,26.4396544,79,BHEL,ONAN,2013-06-03,False,False,"Ward No. 13, Substation 241, Nalbari",Nalbari,IN_SERVICE
02dae8f4-0410-4dc8-9746-b31e0a31521c,100447,SS_122,Hojai Substation 122,FD_UNKNOWN,Unknown Feeder,500.0,12,False,116.644657245414,92.4180077418347,19,0.8055,warning,92.689441,26.344804,130,Voltamp,ONAN,2014-09-22,False,False,"Ward No. 10, Substation 122, Hojai",Hojai,IN_SERVICE
030f8b81-772a-4635-a05e-adee4e055f84,101283,SS_242,Baksa Substation 242,FD_UNKNOWN,Unknown Feeder,25.0,19,True,67.6722832194588,33.0809049165894,69,0.3016,healthy,91.3915837,26.6513351,34,Crompton,ONAF,2007-05-24,False,True,"Ward No. 5, Substation 242, Baksa",Baksa,IN_SERVICE
046a46df-7649-46ef-9946-eb024949b139,101232,SS_221,Karbi Anglong Substation 221,FD_UNKNOWN,Unknown Feeder,315.0,11,True,65.2849458809991,33.2839412048899,73,0.2653,healthy,93.716553,25.908579,38,Voltamp,ONAN,2015-01-24,True,False,"Ward No. 12, Substation 221, Karbi Anglong",Karbi Anglong,IN_SERVICE
04caba8a-eb62-4920-b412-e43ca39cfb75,101185,SS_211,Darrang Substation 211,FD_UNKNOWN,Unknown Feeder,100.0,12,False,66.1144508852125,32.8550459861923,76,0.2361,healthy,92.193553,26.716299,140,Voltamp,ONAF,2014-11-07,False,False,"Ward No. 2, Substation 211, Darrang",Darrang,IN_SERVICE
04d8e7f8-080e-4e11-be7c-6a67ba267ea7,100061,SS_101,Kamrup Metro Substation 101,FD_UNKNOWN,Unknown Feeder,315.0,9,False,63.8726709465669,33.0918810513313,74,0.2585,healthy,91.7552994,26.1767552,146,BHEL,ONAN,2017-09-27,False,False,"Ward No. 13, Substation 101, Kamrup Metro",Kamrup Metro,IN_SERVICE
05ce703d-b6d6-440c-85ff-8cf923ebcb9f,100446,SS_122,Hojai Substation 122,FD_UNKNOWN,Unknown Feeder,500.0,25,False,118.750688950515,94.0923170252605,18,0.8118,warning,93.181519,25.7313533,101,Siemens,ONAN,2001-10-19,False,False,"Ward No. 4, Substation 122, Hojai",Hojai,IN_SERVICE
05f86144-e328-4924-9806-8b567cbcc0af,100649,SS_141,Hailakandi Substation 141,FD_UNKNOWN,Unknown Feeder,100.0,9,False,68.733578396889,32.8160102903501,71,0.2816,healthy,92.5920814,24.9220831,51,ABB,ONAF,2017-02-06,False,False,"Ward No. 4, Substation 141, Hailakandi",Hailakandi,IN_SERVICE
063d0139-a812-4631-bcbb-4ce3e80b4411,2034,SS_133,Cachar Substation 133,FD_UNKNOWN,Unknown Feeder,25.0,14,True,64.4026437894559,33.6952752991199,70,0.291,healthy,92.7173748,24.9449015,132,BHEL,ONAN,2012-08-03,True,False,"Ward No. 7, Substation 133, Unknown",Unknown,IN_SERVICE
9cc2f40d-72a6-4e70-a07d-9b1de4ca3d65,101218,SS_221,Karbi Anglong Substation 221,FD_UNKNOWN,Unknown Feeder,200.0,12,True,65.1265787493183,33.6044576346154,73,0.263,healthy,93.4457832,25.8483799,72,Voltamp,ONAN,2014-11-24,False,False,"Ward No. 6, Substation 221, Karbi Anglong",Karbi Anglong,IN_SERVICE
9cc74ff6-c7d9-4a65-8186-9628394146eb,520,SS_133,Cachar Substation 133,FD_UNKNOWN,Unknown Feeder,25.0,17,False,67.4591641759746,33.6704793355142,69,0.3081,healthy,92.6008619,24.922148,39,BHEL,ONAN,2009-09-16,False,False,"Ward No. 12, Substation 133, Unknown",Unknown,IN_SERVICE
9d16e330-0c9e-4de8-977d-dca7500faff8,101355,SS_252,Chirang Substation 252,FD_UNKNOWN,Unknown Feeder,500.0,17,False,64.8568397568954,33.9665778679832,70,0.298,healthy,90.5770438,26.4312897,111,Siemens,ONAF,2009-04-10,False,False,"Ward No. 5, Substation 252, Chirang",Chirang,IN_SERVICE
9d21b7b1-e690-4484-8f4a-c0359b55387a,524,SS_133,Cachar Substation 133,FD_UNKNOWN,Unknown Feeder,250.0,9,False,66.8479938405467,33.744992811759,73,0.2653,healthy,92.588204,24.9470206,64,Voltamp,ONAN,2017-09-10,False,False,"Ward No. 6, Substation 133, Unknown",Unknown,IN_SERVICE
9d75f40a-cda3-471b-90a4-df27fd1a831d,100451,SS_122,Hojai Substation 122,FD_UNKNOWN,Unknown Feeder,100.0,17,False,66.5804752226807,34.3497799619954,74,0.2534,healthy,92.6639524,26.347434,100,Siemens,ONAN,2009-06-01,False,False,"Ward No. 7, Substation 122, Hojai",Hojai,IN_SERVICE
9ddfbf53-a48f-4589-8ca6-2de605570629,100463,SS_123,Hojai Substation 123,FD_UNKNOWN,Unknown Feeder,63.0,13,False,66.6229956803191,33.9475290487725,73,0.2616,healthy,93.4350337,25.8482834,97,ABB,ONAF,2013-11-19,False,False,"Ward No. 14, Substation 123, Hojai",Hojai,IN_SERVICE
9e78c3c0-0f1e-4796-8df1-90e53f25e37d,101256,SS_231,Dima Hasao Substation 231,FD_UNKNOWN,Unknown Feeder,315.0,15,False,63.6743067158385,34.0250431890362,74,0.2546,healthy,92.8351285,24.90889,119,Siemens,ONAN,2011-09-22,False,False,"Ward No. 14, Substation 231, Dima Hasao",Dima Hasao,IN_SERVICE
9e930b7a-97d0-47ea-b471-72059cc3aa2f,368,SS_133,Cachar Substation 133,FD_UNKNOWN,Unknown Feeder,63.0,17,False,69.3543099241669,33.3531200094477,72,0.2799,healthy,92.6780843,24.899173,128,Siemens,ONAN,2009-05-11,False,False,"Ward No. 4, Substation 133, Unknown",Unknown,IN_SERVICE
b3fc1c9c-1834-4470-bb8a-f9dd75794205,101136,SS_202,Golaghat Substation 202,FD_UNKNOWN,Unknown Feeder,100.0,15,True,64.2136469760651,34.0114396626627,76,0.2313,healthy,94.0503797,26.5296204,88,BHEL,ONAF,2011-10-03,False,False,"Ward No. 14, Substation 202, Golaghat",Golaghat,IN_SERVICE
b4512876-c0cd-4546-90e8-b64b77287fe9,385,SS_133,Cachar Substation 133,FD_UNKNOWN,Unknown Feeder,100.0,11,True,68.2977676709906,33.5882163673612,73,0.2611,healthy,92.6677673,24.9055355,91,ABB,ONAF,2015-03-11,False,False,"Ward No. 11, Substation 133, Unknown",Unknown,IN_SERVICE
08125b1e-618a-4367-a36e-fd812679d8fd,101115,SS_201,Sivasagar Substation 201,FD_UNKNOWN,Unknown Feeder,200.0,10,True,66.2757888558633,33.4659781226574,76,0.2349,healthy,94.8036325,26.839865,96,Crompton,ONAN,2016-07-03,False,False,"Ward No. 12, Substation 201, Sivasagar",Sivasagar,IN_SERVICE
081638b9-77f1-41f1-a826-ff03e810472a,101031,SS_192,Bongaigaon Substation 192,FD_UNKNOWN,Unknown Feeder,250.0,7,False,67.6856356329222,33.282547466398,71,0.2818,healthy,90.5242498,26.4749824,37,BHEL,ONAN,2019-11-12,False,True,"Ward No. 9, Substation 192, Bongaigaon",Bongaigaon,IN_SERVICE
086ac255-af98-4988-aa3d-1fc435479b9f,220,SS_133,Cachar Substation 133,FD_UNKNOWN,Unknown Feeder,250.0,16,False,67.148397507549,33.5569284147188,73,0.269,healthy,92.5436405,24.9535133,87,BHEL,ONAN,2010-01-01,False,True,"Ward No. 5, Substation 133, Unknown",Unknown,IN_SERVICE
872e2094-9b27-459e-9cbd-35b52cd8d117,100213,SS_103,Kamrup Metro Substation 103,FD_UNKNOWN,Unknown Feeder,200.0,13,True,66.3866708123673,34.0632558787543,74,0.2533,healthy,91.7990456,26.1127337,117,ABB,ONAF,2013-04-12,False,False,"Ward No. 6, Substation 103, Kamrup Metro",Kamrup Metro,IN_SERVICE
892d51ba-a84b-4852-8888-4a8cd10e128e,512,SS_133,Cachar Substation 133,FD_UNKNOWN,Unknown Feeder,63.0,19,False,66.0199974724579,33.5727906547263,72,0.2764,healthy,92.6116583,24.9172384,98,ABB,ONAN,2007-07-23,False,False,"Ward No. 9, Substation 133, Unknown",Unknown,IN_SERVICE
8a27f3a2-f1d8-476f-bb68-1af4014e193d,101142,SS_202,Golaghat Substation 202,FD_UNKNOWN,Unknown Feeder,200.0,9,False,67.6186468277147,33.8664148961991,75,0.2407,healthy,94.1294188,26.4256728,96,BHEL,ONAN,2017-03-25,False,False,"Ward No. 4, Substation 202, Golaghat",Golaghat,IN_SERVICE
08a317db-d476-4579-a666-c1d65c2ccfb6,2105,SS_133,Cachar Substation 133,FD_UNKNOWN,Unknown Feeder,25.0,7,False,68.6259029456116,32.5467745987155,69,0.3034,healthy,92.476852,24.9482087,34,Voltamp,ONAF,2019-05-27,False,False,"Ward No. 1, Substation 133, Unknown",Unknown,IN_SERVICE
08d874c6-49fb-49b7-bd73-823dee94f62a,100672,SS_142,Karimganj Substation 142,FD_UNKNOWN,Unknown Feeder,500.0,15,False,67.8046533769504,33.3941633273066,69,0.3086,healthy,92.1620956,24.8298612,92,Siemens,ONAN,2011-10-15,False,False,"Ward No. 14, Substation 142, Karimganj",Karimganj,IN_SERVICE
8a299e10-fb3b-443f-a1bf-feb00abcbe44,101361,SS_252,Chirang Substation 252,FD_UNKNOWN,Unknown Feeder,200.0,8,True,61.1806197235927,33.7998209471416,80,0.1947,healthy,90.6180641,26.4896043,42,Voltamp,ONAN,2018-07-06,False,False,"Ward No. 14, Substation 252, Chirang",Chirang,IN_SERVICE
8a64b39a-fb18-46cc-bdb3-b14fa0879b1e,506,SS_133,Cachar Substation 133,FD_UNKNOWN,Unknown Feeder,250.0,18,False,65.8631039302268,33.3635726065521,73,0.2667,healthy,92.5869067,24.8813983,23,Crompton,ONAN,2008-04-26,False,False,"Ward No. 1, Substation 133, Unknown",Unknown,IN_SERVICE
8adfdc7e-d431-4c88-8ac2-319581ec9894,100546,SS_134,Cachar Substation 134,FD_UNKNOWN,Unknown Feeder,25.0,11,True,65.4543332818391,34.3312377790553,73,0.2663,healthy,92.5730321,24.8766476,67,BHEL,ONAN,2015-08-02,True,False,"Ward No. 4, Substation 134, Cachar",Cachar,IN_SERVICE
8af78dce-2d9d-41cb-8f4e-6899ba831697,101332,SS_244,Barpeta Substation 244,FD_UNKNOWN,Unknown Feeder,100.0,10,False,66.3142342886128,33.9010471674248,76,0.2362,healthy,91.2595742,26.4457506,30,ABB,ONAN,2016-08-27,False,False,"Ward No. 2, Substation 244, Barpeta",Barpeta,IN_SERVICE
8b12c842-8c67-4790-831c-778357793289,100142,SS_102,Kamrup Metro Substation 102,FD_UNKNOWN,Unknown Feeder,100.0,8,True,65.822193344729,34.1375302578673,74,0.2594,healthy,91.7798576,26.1617305,76,BHEL,ONAN,2018-06-22,False,False,"Ward No. 3, Substation 102, Kamrup Metro",Kamrup Metro,IN_SERVICE
0953fbe9-088b-46e8-8548-5fd306b271ac,100039,SS_101,Kamrup Metro Substation 101,FD_UNKNOWN,Unknown Feeder,100.0,5,False,66.0172006093277,33.2449285772405,75,0.2438,healthy,91.7788842,26.1443909,130,Siemens,ONAN,2021-05-25,False,False,"Ward No. 1, Substation 101, Kamrup Metro",Kamrup Metro,IN_SERVICE
0a458455-0123-4396-adff-0cc9b660bec4,100787,SS_161,Dibrugarh Substation 161,FD_UNKNOWN,Unknown Feeder,200.0,26,False,67.6192046281126,32.7895540767221,73,0.2651,healthy,94.5580985,27.4723298,140,ABB,ONAN,2000-08-06,False,False,"Ward No. 1, Substation 161, Dibrugarh",Dibrugarh,IN_SERVICE
0c96d0f0-db8b-418e-bc3c-1dfbc09b0241,100334,SS_106,Kamrup Metro Substation 106,FD_UNKNOWN,Unknown Feeder,100.0,14,False,119.682623561582,93.6665078790405,25,0.746,warning,91.7404117,26.1721356,79,Voltamp,ONAN,2012-10-09,False,False,"Ward No. 6, Substation 106, Kamrup Metro",Kamrup Metro,IN_SERVICE
0d2f8dfc-a225-480d-97b8-85966432658b,100556,SS_134,Cachar Substation 134,FD_UNKNOWN,Unknown Feeder,315.0,9,False,65.4248745662289,34.1136505267665,73,0.2623,healthy,92.5632382,24.6718333,54,Siemens,ONAF,2017-06-22,False,False,"Ward No. 11, Substation 134, Cachar",Cachar,IN_SERVICE
0d7fccc9-34a7-4a8f-87f2-7fd8f30d99dc,101223,SS_221,Karbi Anglong Substation 221,FD_UNKNOWN,Unknown Feeder,200.0,9,True,68.9231707941811,33.1087116189973,74,0.2556,healthy,93.7007122,25.8999432,34,Voltamp,ONAF,2017-03-11,False,False,"Ward No. 13, Substation 221, Karbi Anglong",Karbi Anglong,IN_SERVICE
0f0316dd-c382-420b-b551-8ee13712ce5c,100603,SS_135,Cachar Substation 135,FD_UNKNOWN,Unknown Feeder,100.0,14,False,68.2228075023493,33.7076733008741,75,0.2446,healthy,92.7664827,24.9294215,149,Crompton,ONAF,2012-07-18,False,False,"Ward No. 10, Substation 135, Cachar",Cachar,IN_SERVICE
158a5bff-74b2-42b8-829f-3642494be04e,100729,SS_152,Jorhat Substation 152,FD_UNKNOWN,Unknown Feeder,500.0,8,True,61.3594204913559,33.343212537525,75,0.2443,healthy,94.201555,26.7575886,108,Siemens,ONAF,2018-04-09,False,False,"Ward No. 6, Substation 152, Jorhat",Jorhat,IN_SERVICE
17878d15-d445-444c-9abd-5b983a74345e,100393,SS_121,Nagaon Substation 121,FD_UNKNOWN,Unknown Feeder,500.0,5,False,61.0121386073215,33.6627009485619,72,0.2793,healthy,92.5153287,26.2457146,74,ABB,ONAF,2021-10-26,False,True,"Ward No. 1, Substation 121, Nagaon",Nagaon,IN_SERVICE
1793aefb-c301-4aea-8279-89e23a864c65,100052,SS_101,Kamrup Metro Substation 101,FD_UNKNOWN,Unknown Feeder,100.0,8,True,67.487854791497,33.2703686030279,72,0.2724,healthy,91.8010202,26.1382811,119,BHEL,ONAN,2018-10-04,False,False,"Ward No. 6, Substation 101, Kamrup Metro",Kamrup Metro,IN_SERVICE
18bf12d4-4337-4786-a032-604b93d5f0a8,100976,SS_182,Sonitpur Substation 182,FD_UNKNOWN,Unknown Feeder,315.0,19,True,65.7756539872573,33.0391914092671,72,0.2779,healthy,92.7753873,26.6511503,30,Voltamp,ONAN,2007-05-19,False,False,"Ward No. 2, Substation 182, Sonitpur",Sonitpur,IN_SERVICE
1e79e9d5-260e-421f-ba5b-b7134e11f39e,100988,SS_183,Biswanath Substation 183,FD_UNKNOWN,Unknown Feeder,63.0,15,False,69.2068652612675,33.6664749807036,72,0.2727,healthy,93.1561416,26.742704,131,Crompton,ONAF,2011-02-15,False,False,"Ward No. 4, Substation 183, Biswanath",Biswanath,IN_SERVICE
1e971021-d58f-4187-9f42-9ec3b89b5be8,100925,SS_173,Lakhimpur Substation 173,FD_UNKNOWN,Unknown Feeder,100.0,10,True,120.039326044434,91.8193841508931,26,0.7394,warning,93.7673813,27.153219,142,ABB,ONAN,2016-11-17,False,False,"Ward No. 8, Substation 173, Lakhimpur",Lakhimpur,IN_SERVICE
1e99ecc1-ba17-4438-b911-3decf236af6d,437,SS_133,Cachar Substation 133,FD_UNKNOWN,Unknown Feeder,25.0,14,True,63.7618140218979,33.3209918726831,69,0.308,healthy,92.4820433,24.9881,50,Crompton,ONAF,2012-11-09,False,True,"Ward No. 3, Substation 133, Unknown",Unknown,IN_SERVICE
1ea40088-6d74-41cc-bc14-873564b3d3ab,100328,SS_106,Kamrup Metro Substation 106,FD_UNKNOWN,Unknown Feeder,100.0,18,False,68.55510494419,33.5588665558678,73,0.2616,healthy,91.617525,26.124633,141,ABB,ONAN,2008-11-18,False,False,"Ward No. 14, Substation 106, Kamrup Metro",Kamrup Metro,IN_SERVICE
1f491081-b7c9-4982-854a-a6fcedebeddf,100229,SS_104,Kamrup Metro Substation 104,FD_UNKNOWN,Unknown Feeder,100.0,28,True,65.5517752781336,33.464277752016,75,0.248,healthy,91.7400173,26.1760095,70,BHEL,ONAN,1998-02-27,True,False,"Ward No. 7, Substation 104, Kamrup Metro",Kamrup Metro,IN_SERVICE
21007b66-ef0c-4177-b7ec-9b87fcd3e967,100107,SS_102,Kamrup Metro Substation 102,FD_UNKNOWN,Unknown Feeder,315.0,23,False,65.3549255731637,33.8640348160098,74,0.2553,healthy,91.7463206,26.1390895,136,Siemens,ONAF,2003-05-22,False,False,"Ward No. 9, Substation 102, Kamrup Metro",Kamrup Metro,IN_SERVICE
301a4380-24f2-4ebd-9702-41bf0c1257f2,101349,SS_251,Chirang Substation 251,FD_UNKNOWN,Unknown Feeder,250.0,8,False,67.3845963654152,33.4037713902595,72,0.2786,healthy,90.5242498,26.4749824,91,BHEL,ONAN,2018-06-02,False,False,"Ward No. 9, Substation 251, Chirang",Chirang,IN_SERVICE
30ae2619-c02b-45ec-858d-c34642bc1447,100759,SS_161,Dibrugarh Substation 161,FD_UNKNOWN,Unknown Feeder,500.0,13,False,62.9196642222535,32.9098417312572,72,0.28,healthy,94.9328761,27.4793548,121,Voltamp,ONAN,2013-04-12,False,True,"Ward No. 13, Substation 161, Dibrugarh",Dibrugarh,IN_SERVICE
371cf229-c309-442c-9977-549c93027b4c,100396,SS_121,Nagaon Substation 121,FD_UNKNOWN,Unknown Feeder,200.0,16,False,66.2469518351082,33.7502952514463,76,0.232,healthy,92.4660018,26.2733932,122,Crompton,ONAN,2010-06-24,True,False,"Ward No. 13, Substation 121, Nagaon",Nagaon,IN_SERVICE
40c1acef-d43b-4139-8fcc-b4ad7478de2b,100414,SS_121,Nagaon Substation 121,FD_UNKNOWN,Unknown Feeder,100.0,14,False,64.5865797767515,32.4792102402487,73,0.2615,healthy,92.3635211,26.3070013,76,Voltamp,ONAN,2012-10-06,False,False,"Ward No. 12, Substation 121, Nagaon",Nagaon,IN_SERVICE
8b47d808-d53f-45e3-99ad-80374c07e49a,101170,SS_211,Darrang Substation 211,FD_UNKNOWN,Unknown Feeder,63.0,21,False,65.1854590206053,33.3034452916358,71,0.2823,healthy,92.0292256,26.4512331,94,Voltamp,ONAN,2005-07-26,False,False,"Ward No. 10, Substation 211, Darrang",Darrang,IN_SERVICE
8b704c10-c31b-4dfb-a682-7802153c7cf9,100611,SS_136,Cachar Substation 136,FD_UNKNOWN,Unknown Feeder,315.0,8,True,64.9543789790348,33.8448272214584,74,0.2536,healthy,93.0153112,24.8244991,91,Siemens,ONAF,2018-01-09,False,False,"Ward No. 4, Substation 136, Cachar",Cachar,IN_SERVICE
8b7dcb4e-0be4-476c-91c0-e9b217f58ba9,100647,SS_141,Hailakandi Substation 141,FD_UNKNOWN,Unknown Feeder,100.0,15,False,66.581069978423,33.3112881585096,77,0.2249,healthy,92.7452254,24.8295611,89,ABB,ONAF,2011-08-25,False,False,"Ward No. 1, Substation 141, Hailakandi",Hailakandi,IN_SERVICE
a8b3623b-a2a1-410b-81ca-e4139ea87ab3,100965,SS_181,Sonitpur Substation 181,FD_UNKNOWN,Unknown Feeder,100.0,13,False,121.804717453813,95.037185550925,25,0.7466,warning,92.6639524,26.347434,57,Siemens,ONAN,2013-03-02,False,True,"Ward No. 13, Substation 181, Sonitpur",Sonitpur,IN_SERVICE
a8c79c6f-0278-4d26-afd1-31fbb123f8db,100815,SS_162,Tinsukia Substation 162,FD_UNKNOWN,Unknown Feeder,315.0,19,True,65.7862432082055,34.2455625476079,74,0.2591,healthy,95.5348478,27.5521354,62,ABB,ONAN,2007-08-23,False,False,"Ward No. 6, Substation 162, Tinsukia",Tinsukia,IN_SERVICE
a8e15c94-ae48-4868-97c3-05947d301b8c,411,SS_133,Cachar Substation 133,FD_UNKNOWN,Unknown Feeder,25.0,11,True,66.8716978064412,34.3377298126501,70,0.2946,healthy,92.6306206,24.8797644,128,ABB,ONAN,2015-06-05,False,False,"Ward No. 2, Substation 133, Unknown",Unknown,IN_SERVICE
4103b6f8-068b-4ed1-ba88-66c9103d0d6d,101096,SS_194,Dhubri Substation 194,FD_UNKNOWN,Unknown Feeder,250.0,16,False,68.0292516517791,33.0962469663722,73,0.2666,healthy,90.1851471,26.36152,42,Voltamp,ONAN,2010-05-18,False,False,"Ward No. 13, Substation 194, Dhubri",Dhubri,IN_SERVICE
430cc1bb-5c6c-484c-93d5-3b5a1ba2d3b0,100216,SS_104,Kamrup Metro Substation 104,FD_UNKNOWN,Unknown Feeder,200.0,11,False,69.0355378451614,33.8240215589984,72,0.2748,healthy,91.7376155,26.1714995,54,Crompton,ONAN,2015-08-21,False,False,"Ward No. 4, Substation 104, Kamrup Metro",Kamrup Metro,IN_SERVICE
4324e7ec-3a26-4113-b623-b02d5f4b657d,100321,SS_106,Kamrup Metro Substation 106,FD_UNKNOWN,Unknown Feeder,500.0,8,True,63.1664544332667,33.6156537539025,70,0.2915,healthy,91.726007,26.1414434,28,BHEL,ONAF,2018-05-09,False,False,"Ward No. 14, Substation 106, Kamrup Metro",Kamrup Metro,IN_SERVICE
685a9a11-1ab2-4132-8958-d7478c574e46,412,SS_133,Cachar Substation 133,FD_UNKNOWN,Unknown Feeder,25.0,8,False,65.7798949642736,33.052996921974,69,0.3004,healthy,92.5346967,24.8998967,71,Siemens,ONAN,2018-02-13,False,False,"Ward No. 9, Substation 133, Unknown",Unknown,IN_SERVICE
6897aa38-65da-4dfd-acb8-516d245263ff,2176,SS_133,Cachar Substation 133,FD_UNKNOWN,Unknown Feeder,25.0,24,True,67.8354948709417,33.3285550360191,69,0.3084,healthy,92.49575,24.8844517,77,Siemens,ONAN,2002-09-09,False,True,"Ward No. 3, Substation 133, Unknown",Unknown,IN_SERVICE
68a765dc-9597-47dd-9f5c-4615a3127c1e,101296,SS_242,Baksa Substation 242,FD_UNKNOWN,Unknown Feeder,25.0,13,True,65.9867293882935,32.8459101525288,70,0.2936,healthy,91.4085688,26.4546178,29,Crompton,ONAN,2013-01-06,False,False,"Ward No. 2, Substation 242, Baksa",Baksa,IN_SERVICE
68addd7d-64c8-4b60-840c-76aa55e80ba4,100658,SS_142,Karimganj Substation 142,FD_UNKNOWN,Unknown Feeder,200.0,8,True,66.9497763798504,32.7220311608576,71,0.289,healthy,92.368921,24.8573379,43,Voltamp,ONAF,2018-09-01,False,True,"Ward No. 4, Substation 142, Karimganj",Karimganj,IN_SERVICE
68bd27e8-e25a-4bf5-8134-3c6a91e74d0f,100186,SS_103,Kamrup Metro Substation 103,FD_UNKNOWN,Unknown Feeder,200.0,15,False,116.135718372499,90.0415556954304,28,0.7194,warning,91.7867147,26.1496128,48,Crompton,ONAF,2011-11-15,False,False,"Ward No. 8, Substation 103, Kamrup Metro",Kamrup Metro,IN_SERVICE
68f62942-e488-4f60-a4c4-527afc7695bc,100030,SS_101,Kamrup Metro Substation 101,FD_UNKNOWN,Unknown Feeder,250.0,8,True,119.616932761776,92.8500564490066,24,0.7556,warning,91.6331289,26.1374254,46,Voltamp,ONAF,2018-02-07,False,False,"Ward No. 11, Substation 101, Kamrup Metro",Kamrup Metro,IN_SERVICE
69198da8-0db9-4237-8077-09f74ce1e604,100156,SS_103,Kamrup Metro Substation 103,FD_UNKNOWN,Unknown Feeder,100.0,16,True,65.5714781005243,32.365377194759,74,0.2572,healthy,91.7795015,26.1651971,137,Siemens,ONAF,2010-09-02,False,False,"Ward No. 12, Substation 103, Kamrup Metro",Kamrup Metro,IN_SERVICE
8ec8c9e9-cda4-4619-834c-31b3c6b0332e,100511,SS_133,Cachar Substation 133,FD_UNKNOWN,Unknown Feeder,25.0,9,True,65.3545454105165,33.0013151102135,69,0.3005,healthy,93.0153112,24.8244991,84,BHEL,ONAN,2017-02-02,False,False,"Ward No. 9, Substation 133, Cachar",Cachar,IN_SERVICE
b0481389-e979-452b-a2c9-d19a206fcfa1,611,SS_133,Cachar Substation 133,FD_UNKNOWN,Unknown Feeder,25.0,15,False,65.7160164719179,33.6184479626355,68,0.3139,healthy,92.51593,24.883685,42,Siemens,ONAF,2011-03-14,True,False,"Ward No. 4, Substation 133, Unknown",Unknown,IN_SERVICE
b062fe06-d862-4b57-a0ce-a30871d12f6d,101239,SS_222,Karbi Anglong Substation 222,FD_UNKNOWN,Unknown Feeder,100.0,14,False,68.7839076545481,33.517520917552,76,0.2349,healthy,92.7428996,26.4156418,56,ABB,ONAN,2012-08-02,True,False,"Ward No. 12, Substation 222, Karbi Anglong",Karbi Anglong,IN_SERVICE
b06af620-7381-498d-ae30-ed217e574fba,100786,SS_161,Dibrugarh Substation 161,FD_UNKNOWN,Unknown Feeder,200.0,6,False,63.1142303739161,33.979627197331,76,0.2365,healthy,94.936707,27.148293,118,Crompton,ONAN,2020-06-04,True,True,"Ward No. 11, Substation 161, Dibrugarh",Dibrugarh,IN_SERVICE
b0b22e70-adc9-4e68-85d5-f8175f6916d1,100470,SS_123,Hojai Substation 123,FD_UNKNOWN,Unknown Feeder,25.0,8,False,66.581881083017,34.15003651096,67,0.3294,healthy,93.0259084,26.1040401,74,Crompton,ONAN,2018-02-01,False,True,"Ward No. 6, Substation 123, Hojai",Hojai,IN_SERVICE
8f526d09-20a7-4ace-a344-18f7b5781415,100108,SS_102,Kamrup Metro Substation 102,FD_UNKNOWN,Unknown Feeder,315.0,13,True,64.3978705085792,32.9410539489759,70,0.2914,healthy,91.7638703,26.1908959,41,BHEL,ONAN,2013-11-25,False,False,"Ward No. 4, Substation 102, Kamrup Metro",Kamrup Metro,IN_SERVICE
8f657558-44c4-4493-9e97-3be52f0fd42a,100822,SS_162,Tinsukia Substation 162,FD_UNKNOWN,Unknown Feeder,25.0,16,True,65.9163038291467,33.3489629035437,69,0.3023,healthy,95.0850978,27.4603111,22,BHEL,ONAN,2010-01-11,False,True,"Ward No. 11, Substation 162, Tinsukia",Tinsukia,IN_SERVICE
9a0ffaf8-9761-4259-b362-040a057681d6,100169,SS_103,Kamrup Metro Substation 103,FD_UNKNOWN,Unknown Feeder,250.0,17,False,64.488648958891,33.1830756856684,75,0.2441,healthy,91.7821106,26.1504675,143,BHEL,ONAN,2009-02-20,False,False,"Ward No. 12, Substation 103, Kamrup Metro",Kamrup Metro,IN_SERVICE
9b927685-2f65-4069-b953-5af97326d069,100513,SS_133,Cachar Substation 133,FD_UNKNOWN,Unknown Feeder,63.0,8,True,65.9392180012541,33.4491621340028,72,0.2721,healthy,92.5920814,24.9220831,74,ABB,ONAN,2018-03-06,False,True,"Ward No. 12, Substation 133, Cachar",Cachar,IN_SERVICE
9b9a3a3b-63ac-4ab3-a5c8-9949fd347244,100810,SS_162,Tinsukia Substation 162,FD_UNKNOWN,Unknown Feeder,500.0,19,True,65.1632275747154,33.4863763405738,69,0.3002,healthy,95.3160574,27.3534419,31,Voltamp,ONAF,2007-07-08,False,True,"Ward No. 7, Substation 162, Tinsukia",Tinsukia,IN_SERVICE
a0e0d6cc-f42e-4819-a3da-8e0414114975,100664,SS_142,Karimganj Substation 142,FD_UNKNOWN,Unknown Feeder,200.0,24,False,69.042366138011,33.6117223267075,75,0.2475,healthy,92.3088844,24.7749955,105,Crompton,ONAN,2002-07-20,False,False,"Ward No. 8, Substation 142, Karimganj",Karimganj,IN_SERVICE
a0f6c0d9-1b7f-48f2-b2d6-a72fe37935d4,101181,SS_211,Darrang Substation 211,FD_UNKNOWN,Unknown Feeder,315.0,16,True,66.8366240000359,33.3150044383581,72,0.2764,healthy,92.0974002,26.7478202,148,BHEL,ONAN,2010-01-22,False,False,"Ward No. 2, Substation 211, Darrang",Darrang,IN_SERVICE
a0fae958-d243-477d-9c73-839aa984c2fe,100284,SS_105,Kamrup Metro Substation 105,FD_UNKNOWN,Unknown Feeder,200.0,13,True,64.8295103027423,33.0357333160436,76,0.2397,healthy,91.8040736,26.1781709,113,Siemens,ONAF,2013-03-09,False,False,"Ward No. 1, Substation 105, Kamrup Metro",Kamrup Metro,IN_SERVICE
a15872bd-47b4-4ada-9e5e-c67408e8c3eb,101159,SS_203,Golaghat Substation 203,FD_UNKNOWN,Unknown Feeder,63.0,24,True,67.9903935251885,32.7068629652409,72,0.2794,healthy,93.6244181,26.638152,32,Crompton,ONAF,2002-04-24,False,False,"Ward No. 5, Substation 203, Golaghat",Golaghat,IN_SERVICE
a2b76df8-733c-4d1b-bfd1-ec1beddecdea,100629,SS_136,Cachar Substation 136,FD_UNKNOWN,Unknown Feeder,25.0,9,False,63.1553571397198,33.7611704549093,71,0.2812,healthy,92.7928722,24.793674,48,BHEL,ONAN,2017-08-27,False,False,"Ward No. 11, Substation 136, Cachar",Cachar,IN_SERVICE
a3160068-751f-4f44-99f5-87d78c77b431,605,SS_133,Cachar Substation 133,FD_UNKNOWN,Unknown Feeder,250.0,9,True,65.1880862358961,32.7565300139322,72,0.2756,healthy,92.5687733,24.8776867,127,BHEL,ONAN,2017-10-06,False,True,"Ward No. 13, Substation 133, Unknown",Unknown,IN_SERVICE
a42e4888-548b-41e4-bcce-397b938b6cc6,100429,SS_122,Hojai Substation 122,FD_UNKNOWN,Unknown Feeder,250.0,6,False,67.3571959925663,33.3879878352641,74,0.2542,healthy,92.9551526,25.9175556,88,ABB,ONAF,2020-08-04,False,False,"Ward No. 9, Substation 122, Hojai",Hojai,IN_SERVICE
a46a5166-2bfc-479f-a905-96685a56b790,100626,SS_136,Cachar Substation 136,FD_UNKNOWN,Unknown Feeder,100.0,8,False,67.1978909272106,33.6662842052099,74,0.2514,healthy,92.7955799,24.7856047,34,Siemens,ONAN,2018-06-16,False,False,"Ward No. 5, Substation 136, Cachar",Cachar,IN_SERVICE
a4701c95-ff89-42c7-9330-5509c2bd23b4,2072,SS_133,Cachar Substation 133,FD_UNKNOWN,Unknown Feeder,25.0,25,False,69.6957249656787,32.8248603291953,67,0.3243,healthy,92.5036777,24.9609532,83,Crompton,ONAN,2001-03-06,False,False,"Ward No. 8, Substation 133, Unknown",Unknown,IN_SERVICE
a50535d2-37aa-4b49-bd28-d8c324fe0472,100615,SS_136,Cachar Substation 136,FD_UNKNOWN,Unknown Feeder,100.0,35,False,65.3563926940743,33.3391812068498,74,0.2573,healthy,93.1158562,24.806942,146,Siemens,ONAN,1991-05-03,False,False,"Ward No. 10, Substation 136, Cachar",Cachar,IN_SERVICE
ba65f0e1-e29b-4aa3-8e64-5cb82914ab7f,100716,SS_152,Jorhat Substation 152,FD_UNKNOWN,Unknown Feeder,100.0,33,False,64.7550144921834,34.5872037627142,76,0.2397,healthy,94.2235297,26.6077331,24,BHEL,ONAN,1993-10-15,False,False,"Ward No. 11, Substation 152, Jorhat",Jorhat,IN_SERVICE
bb9194d4-d2ca-4a78-85de-726f1e709591,101254,SS_231,Dima Hasao Substation 231,FD_UNKNOWN,Unknown Feeder,200.0,8,False,65.6503855998013,34.0780552302898,75,0.2413,healthy,93.0637604,24.8821819,61,Crompton,ONAN,2018-03-16,False,False,"Ward No. 12, Substation 231, Dima Hasao",Dima Hasao,IN_SERVICE
bbbb2b60-60dd-4b0a-b9ab-95df62428cad,100492,SS_133,Cachar Substation 133,FD_UNKNOWN,Unknown Feeder,100.0,11,True,69.995097342475,33.255190267906,75,0.2454,healthy,92.800264,24.83185,98,Crompton,ONAF,2015-04-17,False,False,"Ward No. 1, Substation 133, Cachar",Cachar,IN_SERVICE
bd46047b-2d35-4b34-a2db-08a5ef17e68f,100281,SS_105,Kamrup Metro Substation 105,FD_UNKNOWN,Unknown Feeder,500.0,13,True,68.207923445645,33.8529079511626,68,0.3178,healthy,91.7990456,26.1127337,92,Siemens,ONAN,2013-04-03,False,False,"Ward No. 9, Substation 105, Kamrup Metro",Kamrup Metro,IN_SERVICE
bf542ee6-a337-4d18-b048-7dd40337514d,101025,SS_192,Bongaigaon Substation 192,FD_UNKNOWN,Unknown Feeder,500.0,15,True,67.442431506434,34.317624267825,69,0.3002,healthy,90.5529092,26.4830828,21,ABB,ONAN,2011-01-07,False,False,"Ward No. 2, Substation 192, Bongaigaon",Bongaigaon,IN_SERVICE
bf74f36b-2fac-431c-9c6b-79b4712fbd42,100788,SS_161,Dibrugarh Substation 161,FD_UNKNOWN,Unknown Feeder,100.0,53,False,65.9434768404318,33.7068412520701,73,0.2626,healthy,94.5580656,27.4701787,31,Voltamp,ONAN,1973-10-11,False,False,"Ward No. 14, Substation 161, Dibrugarh",Dibrugarh,IN_SERVICE
c0788604-be6f-4db8-9e83-ace7ef79be64,2152,SS_133,Cachar Substation 133,FD_UNKNOWN,Unknown Feeder,25.0,32,False,66.3335369433292,33.8364424491795,70,0.2936,healthy,92.6481093,24.8495584,64,ABB,ONAN,1994-10-27,False,False,"Ward No. 9, Substation 133, Unknown",Unknown,IN_SERVICE
c0bfdc36-3516-4c58-a784-458f541a330b,100597,SS_135,Cachar Substation 135,FD_UNKNOWN,Unknown Feeder,200.0,10,False,67.9168436605307,34.0675899561975,76,0.2344,healthy,92.7926716,24.7919417,59,Voltamp,ONAN,2016-05-02,False,False,"Ward No. 11, Substation 135, Cachar",Cachar,IN_SERVICE
c0e8d344-8cb3-40b8-9031-1c3739cb031a,100022,SS_101,Kamrup Metro Substation 101,FD_UNKNOWN,Unknown Feeder,100.0,30,True,68.3892986008352,34.0051819122315,74,0.2532,healthy,91.7190636,26.1090489,107,Siemens,ONAF,1996-02-27,False,False,"Ward No. 14, Substation 101, Kamrup Metro",Kamrup Metro,IN_SERVICE
c319b1fb-04f2-4aeb-9bbf-5282ee083ae5,1017,SS_133,Cachar Substation 133,FD_UNKNOWN,Unknown Feeder,25.0,7,False,62.7870506432978,33.8138543567114,70,0.296,healthy,92.5290112,25.0056752,51,Siemens,ONAF,2019-01-15,False,False,"Ward No. 1, Substation 133, Unknown",Unknown,IN_SERVICE
c3955b7d-78ad-4afd-b0fd-c9c55a778311,2246,SS_133,Cachar Substation 133,FD_UNKNOWN,Unknown Feeder,25.0,11,True,68.4715080740613,33.7763451665034,69,0.3063,healthy,92.6528798,24.8758644,58,BHEL,ONAF,2015-11-09,False,False,"Ward No. 5, Substation 133, Unknown",Unknown,IN_SERVICE
c3bb2a56-c7c0-4f18-904e-f5388a5f8209,100282,SS_105,Kamrup Metro Substation 105,FD_UNKNOWN,Unknown Feeder,63.0,20,False,65.5787209620573,33.9108842416644,73,0.2607,healthy,91.8024706,26.1740008,22,ABB,ONAN,2006-09-02,False,False,"Ward No. 9, Substation 105, Kamrup Metro",Kamrup Metro,IN_SERVICE
d33ee3da-de7e-40fa-80cd-9d12601d984d,101123,SS_201,Sivasagar Substation 201,FD_UNKNOWN,Unknown Feeder,250.0,5,False,65.61000494451,33.9106410120744,74,0.2518,healthy,94.932164,27.1218951,144,Crompton,ONAN,2021-05-22,False,False,"Ward No. 5, Substation 201, Sivasagar",Sivasagar,IN_SERVICE
d3e0f565-ecc1-4d9f-9119-186aa0fc6713,203,SS_133,Cachar Substation 133,FD_UNKNOWN,Unknown Feeder,100.0,17,True,68.0441653000393,33.4102253467444,73,0.2647,healthy,92.5707701,24.9753902,24,BHEL,ONAN,2009-03-03,False,True,"Ward No. 2, Substation 133, Unknown",Unknown,IN_SERVICE
d3eb603d-9879-4273-a4d3-10f7b5211c5d,100417,SS_121,Nagaon Substation 121,FD_UNKNOWN,Unknown Feeder,200.0,25,True,64.3641641269406,33.5073676673456,77,0.2202,healthy,92.3715373,26.254477,79,ABB,ONAN,2001-04-22,False,False,"Ward No. 14, Substation 121, Nagaon",Nagaon,IN_SERVICE
d3f9118e-6268-4d7f-b702-e818ee7802cb,100646,SS_141,Hailakandi Substation 141,FD_UNKNOWN,Unknown Feeder,25.0,30,False,119.010350147567,91.7276390537276,22,0.7733,warning,92.432166,24.822849,101,ABB,ONAN,1996-01-27,False,False,"Ward No. 2, Substation 141, Hailakandi",Hailakandi,IN_SERVICE
d4069232-359e-4780-9d2a-2794161580e7,2108,SS_133,Cachar Substation 133,FD_UNKNOWN,Unknown Feeder,25.0,11,False,66.0231681965435,33.314266688364,70,0.3,healthy,92.6727785,24.9227016,135,Siemens,ONAN,2015-08-09,False,False,"Ward No. 3, Substation 133, Unknown",Unknown,IN_SERVICE
d408467a-7bd7-49c0-ace3-1d7c64a90f03,101127,SS_201,Sivasagar Substation 201,FD_UNKNOWN,Unknown Feeder,100.0,8,False,70.2382363102693,33.469969125261,73,0.2649,healthy,94.3729666,26.7685543,61,Voltamp,ONAN,2018-08-06,False,False,"Ward No. 9, Substation 201, Sivasagar",Sivasagar,IN_SERVICE
e0fff1b4-e0e2-422f-b917-5f6f62f5e1d4,100441,SS_122,Hojai Substation 122,FD_UNKNOWN,Unknown Feeder,200.0,15,False,64.8983507935541,34.2809642808056,74,0.251,healthy,92.7730114,26.226166,122,BHEL,ONAF,2011-05-16,False,False,"Ward No. 5, Substation 122, Hojai",Hojai,IN_SERVICE
e1abfb34-9db3-482e-961a-56fa80b84bfe,100816,SS_162,Tinsukia Substation 162,FD_UNKNOWN,Unknown Feeder,315.0,9,False,65.8779692647671,34.0676992906813,74,0.2548,healthy,95.54659,27.4621395,79,Voltamp,ONAN,2017-09-14,False,False,"Ward No. 9, Substation 162, Tinsukia",Tinsukia,IN_SERVICE
e1f497ee-5159-4c9e-afc9-3e76d2fde342,100896,SS_172,Dhemaji Substation 172,FD_UNKNOWN,Unknown Feeder,250.0,5,False,66.3686738444683,33.4855215465728,72,0.2722,healthy,94.5580656,27.4701787,86,BHEL,ONAN,2021-08-22,False,True,"Ward No. 14, Substation 172, Dhemaji",Dhemaji,IN_SERVICE
e281a43f-29ca-428e-833f-248086eada6b,101358,SS_252,Chirang Substation 252,FD_UNKNOWN,Unknown Feeder,100.0,21,False,69.8767616464747,34.2753292615651,73,0.269,healthy,90.5510893,26.4894843,85,ABB,ONAF,2005-06-08,False,False,"Ward No. 13, Substation 252, Chirang",Chirang,IN_SERVICE
e3d0ae13-51dd-4098-9fcd-e1b1f66b3b7c,100842,SS_163,Dibrugarh Substation 163,FD_UNKNOWN,Unknown Feeder,100.0,11,True,65.8673169895311,33.2049096959463,74,0.2595,healthy,95.3488317,27.4936184,96,ABB,ONAF,2015-06-16,False,False,"Ward No. 5, Substation 163, Dibrugarh",Dibrugarh,IN_SERVICE
eab9ab06-451f-4ad1-8cc2-ad0442b30a17,100897,SS_172,Dhemaji Substation 172,FD_UNKNOWN,Unknown Feeder,200.0,8,True,64.5964540333196,34.089117896362,75,0.2476,healthy,94.5743654,27.4580357,37,Siemens,ONAN,2018-07-25,False,False,"Ward No. 2, Substation 172, Dhemaji",Dhemaji,IN_SERVICE
ead6bf54-405f-4b60-afb0-fc4ca3688925,100794,SS_162,Tinsukia Substation 162,FD_UNKNOWN,Unknown Feeder,100.0,11,False,68.7206725701558,33.7888910455126,75,0.2411,healthy,95.3517164,27.4913069,23,Siemens,ONAN,2015-01-26,False,False,"Ward No. 1, Substation 162, Tinsukia",Tinsukia,IN_SERVICE
a598152f-aa88-4265-8627-659c93ba9a47,100315,SS_106,Kamrup Metro Substation 106,FD_UNKNOWN,Unknown Feeder,100.0,11,False,68.5367688245436,33.2064024884966,73,0.2663,healthy,91.6332054,26.1374246,110,Voltamp,ONAF,2015-08-17,False,False,"Ward No. 3, Substation 106, Kamrup Metro",Kamrup Metro,IN_SERVICE
eb37334b-2152-4a24-bbd2-7df9c4a46559,100035,SS_101,Kamrup Metro Substation 101,FD_UNKNOWN,Unknown Feeder,200.0,12,False,65.8934038895868,33.7270647288715,73,0.2628,healthy,91.6817067,26.1581231,135,ABB,ONAF,2014-02-23,False,False,"Ward No. 8, Substation 101, Kamrup Metro",Kamrup Metro,IN_SERVICE
eb964403-0a67-4367-8191-33111b330ea2,101353,SS_252,Chirang Substation 252,FD_UNKNOWN,Unknown Feeder,500.0,24,True,60.9402701323544,34.5385765760509,76,0.2327,healthy,90.5395532,26.4738215,81,Siemens,ONAF,2002-10-25,True,False,"Ward No. 6, Substation 252, Chirang",Chirang,IN_SERVICE
ebef4478-ada6-472e-b721-fd932aa75ec7,100273,SS_105,Kamrup Metro Substation 105,FD_UNKNOWN,Unknown Feeder,100.0,6,False,64.311478205951,33.4881802768938,76,0.237,healthy,91.7683697,26.1634946,61,ABB,ONAN,2020-03-08,False,False,"Ward No. 10, Substation 105, Kamrup Metro",Kamrup Metro,IN_SERVICE
ebef4fe4-4035-4591-a083-2d6ab549e847,100781,SS_161,Dibrugarh Substation 161,FD_UNKNOWN,Unknown Feeder,25.0,10,True,65.1243147874563,33.6086916861483,68,0.3184,healthy,94.913941,27.1857364,33,BHEL,ONAN,2016-02-01,False,False,"Ward No. 12, Substation 161, Dibrugarh",Dibrugarh,IN_SERVICE
a5da738e-5576-452d-a17a-9cec9c6f4978,101330,SS_244,Barpeta Substation 244,FD_UNKNOWN,Unknown Feeder,200.0,16,False,64.4689149317783,33.4997083986917,76,0.2394,healthy,91.1060119,26.7010611,127,BHEL,ONAF,2010-05-11,False,False,"Ward No. 14, Substation 244, Barpeta",Barpeta,IN_SERVICE
a62cb3d2-63e0-44a5-9f51-4d3e05dfb027,100397,SS_121,Nagaon Substation 121,FD_UNKNOWN,Unknown Feeder,100.0,13,False,67.2538145217093,33.7124718656183,76,0.2351,healthy,92.4988625,26.2104887,43,Voltamp,ONAN,2013-07-12,False,False,"Ward No. 14, Substation 121, Nagaon",Nagaon,IN_SERVICE
a75ad382-bf42-4685-9a95-cf7740ad5f12,100071,SS_101,Kamrup Metro Substation 101,FD_UNKNOWN,Unknown Feeder,100.0,6,False,67.506942322479,33.3683223209071,74,0.253,healthy,91.7706942,26.1630268,138,ABB,ONAN,2020-04-08,False,True,"Ward No. 2, Substation 101, Kamrup Metro",Kamrup Metro,IN_SERVICE
a836dd5e-2f7b-4ac5-b5c0-49bbe0aa8292,101171,SS_211,Darrang Substation 211,FD_UNKNOWN,Unknown Feeder,200.0,29,False,67.8177586291333,33.0930845944928,71,0.2881,healthy,92.0291326,26.4514842,124,Voltamp,ONAF,1997-01-17,False,False,"Ward No. 1, Substation 211, Darrang",Darrang,IN_SERVICE
bda09137-1436-431e-adf5-b311d00f5c06,100608,SS_135,Cachar Substation 135,FD_UNKNOWN,Unknown Feeder,500.0,8,True,66.9636069491775,33.199160796599,68,0.3145,healthy,92.8490692,24.6804648,107,ABB,ONAF,2018-11-09,False,False,"Ward No. 11, Substation 135, Cachar",Cachar,IN_SERVICE
bdde34b7-402c-49fa-a852-0d0232e378c6,100994,SS_183,Biswanath Substation 183,FD_UNKNOWN,Unknown Feeder,100.0,8,False,66.8231688423012,33.3372937207443,72,0.2785,healthy,92.9650646,26.7363291,118,Crompton,ONAF,2018-10-22,False,False,"Ward No. 6, Substation 183, Biswanath",Biswanath,IN_SERVICE
c2734b55-9056-44bf-946f-2bec8ba07b66,101074,SS_193,Kokrajhar Substation 193,FD_UNKNOWN,Unknown Feeder,100.0,13,True,68.1017512622603,32.912141209943,71,0.2889,healthy,90.3614872,26.4358949,123,ABB,ONAN,2013-11-20,False,False,"Ward No. 1, Substation 193, Kokrajhar",Kokrajhar,IN_SERVICE
c9efb94a-92dc-49b2-b739-f15cafe80201,100823,SS_162,Tinsukia Substation 162,FD_UNKNOWN,Unknown Feeder,63.0,20,True,65.8897259001874,34.217684431401,71,0.2896,healthy,95.0821294,27.4699353,133,Voltamp,ONAF,2006-08-23,False,False,"Ward No. 10, Substation 162, Tinsukia",Tinsukia,IN_SERVICE
d6a3be1e-eaa8-41c8-ae41-4822a5e9fe3a,100924,SS_173,Lakhimpur Substation 173,FD_UNKNOWN,Unknown Feeder,63.0,23,False,63.7435001809721,32.9240295503939,75,0.2453,healthy,94.1092315,27.1401547,98,Siemens,ONAN,2003-04-18,False,False,"Ward No. 14, Substation 173, Lakhimpur",Lakhimpur,IN_SERVICE
d6a696a6-cff3-45a4-bb15-f45b5f31f3cd,101154,SS_202,Golaghat Substation 202,FD_UNKNOWN,Unknown Feeder,100.0,24,True,63.4438121506176,33.489699008633,76,0.2332,healthy,94.0381837,26.2256969,38,Voltamp,ONAN,2002-08-16,False,False,"Ward No. 9, Substation 202, Golaghat",Golaghat,IN_SERVICE
e09cf8c0-a18a-45fc-9af2-5d01cf81011c,100689,SS_151,Jorhat Substation 151,FD_UNKNOWN,Unknown Feeder,250.0,18,False,64.6345815912778,33.4517145710096,76,0.2301,healthy,94.1409029,26.7274553,39,ABB,ONAF,2008-01-04,False,True,"Ward No. 5, Substation 151, Jorhat",Jorhat,IN_SERVICE
e51375f0-b5e6-4b88-94fc-aa3a46c435da,101151,SS_202,Golaghat Substation 202,FD_UNKNOWN,Unknown Feeder,25.0,13,False,64.5462360893372,33.434671245761,71,0.2878,healthy,94.2235297,26.6077331,115,BHEL,ONAF,2013-04-06,False,False,"Ward No. 7, Substation 202, Golaghat",Golaghat,IN_SERVICE
e539b96b-570f-440c-beae-118bb98aba74,100501,SS_133,Cachar Substation 133,FD_UNKNOWN,Unknown Feeder,200.0,18,True,67.0317749279097,33.6138915837436,74,0.2525,healthy,92.7452254,24.8295611,41,ABB,ONAN,2008-03-14,False,True,"Ward No. 7, Substation 133, Cachar",Cachar,IN_SERVICE
e53aa0dc-b66a-43a1-8a89-176f0875b3d5,100963,SS_181,Sonitpur Substation 181,FD_UNKNOWN,Unknown Feeder,315.0,13,True,66.4036521210445,33.2443157527058,71,0.2839,healthy,92.689441,26.344804,102,Voltamp,ONAN,2013-09-26,False,False,"Ward No. 10, Substation 181, Sonitpur",Sonitpur,IN_SERVICE
e5a84044-e7e9-4a10-b8fc-3853c8b88359,1042,SS_133,Cachar Substation 133,FD_UNKNOWN,Unknown Feeder,25.0,22,False,65.4716980230759,33.3811432306338,67,0.3296,healthy,92.6782089,24.8600232,101,Crompton,ONAF,2004-06-25,False,False,"Ward No. 14, Substation 133, Unknown",Unknown,IN_SERVICE
e5b45327-149e-4d70-8d70-a346a1a2a7d1,100954,SS_181,Sonitpur Substation 181,FD_UNKNOWN,Unknown Feeder,25.0,17,False,65.8730465550221,33.0486736843458,69,0.307,healthy,92.991403,26.734572,71,Siemens,ONAN,2009-07-26,False,True,"Ward No. 9, Substation 181, Sonitpur",Sonitpur,IN_SERVICE
f0568c2d-e273-41e5-ae3a-38443d40973f,624,SS_133,Cachar Substation 133,FD_UNKNOWN,Unknown Feeder,63.0,13,True,118.809038196358,91.6623532298031,26,0.7381,warning,92.5681629,24.8918896,99,Voltamp,ONAN,2013-11-18,False,False,"Ward No. 9, Substation 133, Unknown",Unknown,IN_SERVICE
f06bd9db-cc43-4bd5-b55f-2357a4927e3a,101070,SS_193,Kokrajhar Substation 193,FD_UNKNOWN,Unknown Feeder,250.0,28,False,68.1064074149518,33.0885951864622,71,0.2892,healthy,90.1851471,26.36152,56,Crompton,ONAN,1998-01-19,False,True,"Ward No. 3, Substation 193, Kokrajhar",Kokrajhar,IN_SERVICE
f6475310-88a6-4f2b-833d-5073ce93674a,100562,SS_134,Cachar Substation 134,FD_UNKNOWN,Unknown Feeder,25.0,21,False,62.9895417421771,32.7881567642868,71,0.2896,healthy,92.368921,24.8573379,85,Voltamp,ONAN,2005-10-21,False,True,"Ward No. 6, Substation 134, Cachar",Cachar,IN_SERVICE
f6cd7149-65e6-4e13-acd5-daaca0ad4401,100958,SS_181,Sonitpur Substation 181,FD_UNKNOWN,Unknown Feeder,500.0,8,True,65.162543570146,32.6209831133966,69,0.3059,healthy,92.5295109,26.704847,89,Siemens,ONAN,2018-06-08,False,False,"Ward No. 4, Substation 181, Sonitpur",Sonitpur,IN_SERVICE
f6d037ba-2299-4a76-aefc-27a24033a784,55,SS_133,Cachar Substation 133,FD_UNKNOWN,Unknown Feeder,63.0,54,False,66.7831572253632,33.2925479791409,72,0.2766,healthy,92.6523529,24.9283744,72,Crompton,ONAN,1972-11-03,True,True,"Ward No. 11, Substation 133, Unknown",Unknown,IN_SERVICE
f7cbe67b-fb88-41f5-9ada-23ce87286fa0,100600,SS_135,Cachar Substation 135,FD_UNKNOWN,Unknown Feeder,500.0,13,False,60.8650549989595,32.2784692190121,72,0.2727,healthy,92.7912446,24.7921663,34,ABB,ONAN,2013-08-19,False,False,"Ward No. 2, Substation 135, Cachar",Cachar,IN_SERVICE
f8546795-bbfd-4643-9725-676b503de0f2,101000,SS_191,Goalpara Substation 191,FD_UNKNOWN,Unknown Feeder,500.0,16,False,65.5239020383186,33.2225685604644,69,0.308,healthy,90.623914,26.1698607,57,ABB,ONAN,2010-07-23,False,False,"Ward No. 13, Substation 191, Goalpara",Goalpara,IN_SERVICE
f85a44eb-3886-4255-b3c4-c81bb478dfac,328,SS_133,Cachar Substation 133,FD_UNKNOWN,Unknown Feeder,25.0,9,True,70.5846742078183,33.5466566337012,67,0.3248,healthy,92.6124281,24.9158295,119,Voltamp,ONAF,2017-09-21,False,True,"Ward No. 10, Substation 133, Unknown",Unknown,IN_SERVICE
f87f64d8-82a8-48ae-8332-cf64cd96556b,100789,SS_161,Dibrugarh Substation 161,FD_UNKNOWN,Unknown Feeder,100.0,7,True,66.3123253838898,32.3080949011614,73,0.2678,healthy,95.2581409,27.3906614,144,BHEL,ONAF,2019-01-12,False,False,"Ward No. 6, Substation 161, Dibrugarh",Dibrugarh,IN_SERVICE
f8f59c15-d682-4743-a277-b74a253a4ef5,100728,SS_152,Jorhat Substation 152,FD_UNKNOWN,Unknown Feeder,100.0,9,False,66.1755631020336,33.6516213112104,74,0.2514,healthy,94.2029298,26.7538629,134,ABB,ONAF,2017-02-08,False,False,"Ward No. 9, Substation 152, Jorhat",Jorhat,IN_SERVICE
26939030-5f6b-47cd-8973-9c3fe8de31bb,100811,SS_162,Tinsukia Substation 162,FD_UNKNOWN,Unknown Feeder,100.0,28,True,64.2941005868966,32.8741396420773,74,0.2556,healthy,95.2875862,27.363996,87,Voltamp,ONAN,1998-07-04,False,False,"Ward No. 2, Substation 162, Tinsukia",Tinsukia,IN_SERVICE
27b4fcb0-4a2a-4b24-99fb-daa2134cbc1f,100828,SS_162,Tinsukia Substation 162,FD_UNKNOWN,Unknown Feeder,315.0,14,True,69.8722451029894,33.1543708521629,68,0.3108,healthy,95.017022,27.509819,53,Voltamp,ONAN,2012-03-10,False,False,"Ward No. 2, Substation 162, Tinsukia",Tinsukia,IN_SERVICE
2a4e3b6c-da86-43e8-b174-6eb235c7fe8e,100678,SS_151,Jorhat Substation 151,FD_UNKNOWN,Unknown Feeder,63.0,12,True,122.819168773389,90.1950467037751,27,0.73,warning,94.201555,26.7575886,95,Siemens,ONAN,2014-08-21,False,False,"Ward No. 13, Substation 151, Jorhat",Jorhat,IN_SERVICE
2af59397-fc0e-4df6-bc83-b57dfa455510,100314,SS_106,Kamrup Metro Substation 106,FD_UNKNOWN,Unknown Feeder,63.0,22,False,67.3179350336883,33.2655821699095,72,0.2723,healthy,91.6859333,26.1986973,121,BHEL,ONAN,2004-06-05,False,False,"Ward No. 12, Substation 106, Kamrup Metro",Kamrup Metro,IN_SERVICE
4208e3fc-34c9-4f7c-90e4-710b7d52150e,100302,SS_105,Kamrup Metro Substation 105,FD_UNKNOWN,Unknown Feeder,100.0,8,True,67.6068324971619,33.4635316849675,74,0.2569,healthy,91.8048236,26.1143482,27,Crompton,ONAF,2018-03-20,True,False,"Ward No. 1, Substation 105, Kamrup Metro",Kamrup Metro,IN_SERVICE
4214cf10-c3ba-4a2c-bb5e-4f9651872761,100461,SS_123,Hojai Substation 123,FD_UNKNOWN,Unknown Feeder,100.0,9,True,64.9617121298834,33.8159715933689,77,0.2226,healthy,93.4304437,25.8368818,70,ABB,ONAF,2017-09-04,False,False,"Ward No. 5, Substation 123, Hojai",Hojai,IN_SERVICE
424096f2-567d-4500-92cf-cedce90c2de9,100662,SS_142,Karimganj Substation 142,FD_UNKNOWN,Unknown Feeder,500.0,20,True,67.8165108530487,32.7756804414619,69,0.3085,healthy,92.334474,24.8017729,39,Crompton,ONAN,2006-01-02,True,False,"Ward No. 11, Substation 142, Karimganj",Karimganj,IN_SERVICE
42605058-7936-4640-80da-cd73914df634,100410,SS_121,Nagaon Substation 121,FD_UNKNOWN,Unknown Feeder,200.0,13,True,63.8772973018383,32.7967469259922,75,0.2429,healthy,92.7823228,26.6389941,112,BHEL,ONAN,2013-01-11,False,False,"Ward No. 8, Substation 121, Nagaon",Nagaon,IN_SERVICE
434208c3-69cf-4982-a198-8d59c4186edd,101084,SS_194,Dhubri Substation 194,FD_UNKNOWN,Unknown Feeder,100.0,6,True,67.1128603667916,32.9881741138956,77,0.2287,healthy,89.9047078,25.721206,92,ABB,ONAF,2020-06-26,False,False,"Ward No. 3, Substation 194, Dhubri",Dhubri,IN_SERVICE
43edc274-39a9-430d-b2bf-7c464fdb1303,100404,SS_121,Nagaon Substation 121,FD_UNKNOWN,Unknown Feeder,200.0,19,True,69.8340259057736,33.3324679465373,73,0.2633,healthy,92.8004099,26.6252346,127,BHEL,ONAN,2007-08-06,False,False,"Ward No. 5, Substation 121, Nagaon",Nagaon,IN_SERVICE
44364b2f-1b11-42ab-b5e0-78e670d76db9,2141,SS_133,Cachar Substation 133,FD_UNKNOWN,Unknown Feeder,250.0,10,False,62.4629320004491,33.0157181238845,76,0.2324,healthy,92.7054417,24.9030752,92,Voltamp,ONAF,2016-02-07,False,False,"Ward No. 8, Substation 133, Unknown",Unknown,IN_SERVICE
443faeb2-2330-45ea-a059-bc13dde45885,100050,SS_101,Kamrup Metro Substation 101,FD_UNKNOWN,Unknown Feeder,200.0,8,False,65.9646389523344,32.7766907402488,72,0.2797,healthy,91.7400173,26.1760095,54,ABB,ONAN,2018-11-25,False,False,"Ward No. 13, Substation 101, Kamrup Metro",Kamrup Metro,IN_SERVICE
44a1fcf4-9d04-4ee1-9fb1-f6d86441da8f,100628,SS_136,Cachar Substation 136,FD_UNKNOWN,Unknown Feeder,500.0,8,True,67.7023217522244,32.7803982501911,67,0.3214,healthy,92.7950697,24.8078658,127,Siemens,ONAN,2018-01-15,False,False,"Ward No. 9, Substation 136, Cachar",Cachar,IN_SERVICE
4508d764-d384-423c-b8e7-af5b31efd026,100363,SS_112,Kamrup Substation 112,FD_UNKNOWN,Unknown Feeder,25.0,8,False,65.4677457796808,33.1853300873193,69,0.3032,healthy,90.9986253,26.3254496,139,Voltamp,ONAN,2018-10-25,False,False,"Ward No. 7, Substation 112, Kamrup",Kamrup,IN_SERVICE
45316fd6-6847-41bd-a244-a44959e1a8e9,214,SS_133,Cachar Substation 133,FD_UNKNOWN,Unknown Feeder,100.0,19,True,65.5710307972299,33.3178619967339,73,0.2653,healthy,92.6202567,24.9509467,51,Siemens,ONAN,2007-06-17,False,False,"Ward No. 12, Substation 133, Unknown",Unknown,IN_SERVICE
ec0f21ad-698e-43c5-9ea9-5cd3144b1af2,101262,SS_241,Nalbari Substation 241,FD_UNKNOWN,Unknown Feeder,100.0,26,False,65.6534599918484,33.5809488143372,74,0.2573,healthy,91.4364392,26.4477049,107,Voltamp,ONAN,2000-10-03,False,True,"Ward No. 7, Substation 241, Nalbari",Nalbari,IN_SERVICE
eca957ee-0b31-4dc4-99dc-fcf0d18305bd,101281,SS_241,Nalbari Substation 241,FD_UNKNOWN,Unknown Feeder,315.0,9,False,67.4951966509338,33.5294562703581,72,0.2765,healthy,91.3915837,26.6513351,30,Voltamp,ONAN,2017-04-13,False,False,"Ward No. 1, Substation 241, Nalbari",Nalbari,IN_SERVICE
ed8e2b73-621a-4efd-ac05-785a60123c13,100804,SS_162,Tinsukia Substation 162,FD_UNKNOWN,Unknown Feeder,250.0,11,True,65.0345238252198,33.5863562616606,76,0.2395,healthy,95.3612101,27.4648038,125,ABB,ONAN,2015-01-23,True,False,"Ward No. 9, Substation 162, Tinsukia",Tinsukia,IN_SERVICE
eddb130b-8d88-42f7-95d8-3a00cce2a349,2213,SS_133,Cachar Substation 133,FD_UNKNOWN,Unknown Feeder,25.0,8,False,66.739580481607,33.0069135534496,68,0.315,healthy,92.715185,24.8675967,24,Siemens,ONAN,2018-02-24,False,True,"Ward No. 12, Substation 133, Unknown",Unknown,IN_SERVICE
f1c57f65-4db9-4eaa-b502-af7a20d3e6cc,100939,SS_181,Sonitpur Substation 181,FD_UNKNOWN,Unknown Feeder,100.0,22,False,121.063132466038,94.077621612775,25,0.7435,warning,92.7729652,26.6523508,73,Crompton,ONAN,2004-07-14,False,False,"Ward No. 10, Substation 181, Sonitpur",Sonitpur,IN_SERVICE
f7af3ae6-2383-47c8-a989-4e1f7e90ee73,100023,SS_101,Kamrup Metro Substation 101,FD_UNKNOWN,Unknown Feeder,250.0,18,True,69.1845553267084,34.2172604761566,74,0.2576,healthy,91.8018705,26.1360989,29,Siemens,ONAF,2008-04-04,False,False,"Ward No. 3, Substation 101, Kamrup Metro",Kamrup Metro,IN_SERVICE
f7bcee8a-e8e1-48b5-bd12-861a21aaed95,246,SS_133,Cachar Substation 133,FD_UNKNOWN,Unknown Feeder,63.0,18,False,71.002654540377,33.2218827988195,72,0.28,healthy,92.5360573,24.9869241,134,Siemens,ONAN,2008-11-26,False,False,"Ward No. 2, Substation 133, Unknown",Unknown,IN_SERVICE
468dfee2-f26a-4f0b-95ee-6cd4674866d7,100341,SS_111,Kamrup Substation 111,FD_UNKNOWN,Unknown Feeder,250.0,33,True,64.099583374965,33.7297874310591,75,0.2417,healthy,91.6406761,26.3902623,123,Voltamp,ONAN,1993-11-18,False,False,"Ward No. 3, Substation 111, Kamrup",Kamrup,IN_SERVICE
468eca21-9f23-4a17-a128-74f9a1c946c2,100369,SS_112,Kamrup Substation 112,FD_UNKNOWN,Unknown Feeder,200.0,21,True,65.5297650604379,33.0855959707462,73,0.2655,healthy,90.628695,25.912899,119,ABB,ONAF,2005-10-25,False,False,"Ward No. 11, Substation 112, Kamrup",Kamrup,IN_SERVICE
469c9721-ff18-43aa-9b54-ee51fd5c6255,247,SS_133,Cachar Substation 133,FD_UNKNOWN,Unknown Feeder,16.0,23,True,117.721298495038,93.326651804988,21,0.7823,warning,92.5492918,24.9925378,87,BHEL,ONAN,2003-07-19,False,True,"Ward No. 8, Substation 133, Unknown",Unknown,IN_SERVICE
f7e47718-d5fe-493c-adf7-6b616ac4b17b,100688,SS_151,Jorhat Substation 151,FD_UNKNOWN,Unknown Feeder,500.0,16,True,67.6727723684092,33.8628129638071,69,0.3027,healthy,94.1493425,26.7322441,100,BHEL,ONAN,2010-09-11,False,False,"Ward No. 13, Substation 151, Jorhat",Jorhat,IN_SERVICE
f7ede4b9-e22f-43b1-bfcc-0ff7d043943b,100785,SS_161,Dibrugarh Substation 161,FD_UNKNOWN,Unknown Feeder,100.0,20,False,65.4856076943079,33.8132441969342,74,0.2506,healthy,94.5743654,27.4580357,83,BHEL,ONAN,2006-01-09,False,False,"Ward No. 14, Substation 161, Dibrugarh",Dibrugarh,IN_SERVICE
f8260774-e6d3-45a1-bdd5-d795e00202ba,100190,SS_103,Kamrup Metro Substation 103,FD_UNKNOWN,Unknown Feeder,100.0,17,False,66.462030826033,34.1739514562468,74,0.2503,healthy,91.7994256,26.1392003,55,ABB,ONAF,2009-01-10,False,False,"Ward No. 1, Substation 103, Kamrup Metro",Kamrup Metro,IN_SERVICE
f827b48f-d1bd-44b2-9c5a-3ed36ca7c4dc,100666,SS_142,Karimganj Substation 142,FD_UNKNOWN,Unknown Feeder,25.0,15,False,64.1008292223437,33.6000333676902,70,0.2936,healthy,92.4823764,24.8538523,28,BHEL,ONAN,2011-06-07,False,False,"Ward No. 2, Substation 142, Karimganj",Karimganj,IN_SERVICE
f843abfb-83b7-4434-ae4f-0417e7cc7cea,101099,SS_194,Dhubri Substation 194,FD_UNKNOWN,Unknown Feeder,500.0,24,False,66.6505128220621,33.7166735229242,69,0.3016,healthy,90.0463854,26.417844,125,Siemens,ONAN,2002-11-09,False,False,"Ward No. 2, Substation 194, Dhubri",Dhubri,IN_SERVICE
f92839b7-1605-48a1-9881-99cdec33378a,100198,SS_103,Kamrup Metro Substation 103,FD_UNKNOWN,Unknown Feeder,100.0,9,False,65.2155317779179,33.3721617020681,75,0.2495,healthy,91.7608166,26.1717757,86,Crompton,ONAF,2017-11-08,False,False,"Ward No. 4, Substation 103, Kamrup Metro",Kamrup Metro,IN_SERVICE
0406f7e2-bb36-4546-a3be-daa55725fa9b,100982,SS_182,Sonitpur Substation 182,FD_UNKNOWN,Unknown Feeder,500.0,7,True,64.0311140951395,33.7293857619783,72,0.2737,healthy,92.7823228,26.6389941,47,BHEL,ONAN,2019-09-27,False,False,"Ward No. 2, Substation 182, Sonitpur",Sonitpur,IN_SERVICE
0463cffe-a886-4880-bd11-b2e96682f9fe,100312,SS_106,Kamrup Metro Substation 106,FD_UNKNOWN,Unknown Feeder,500.0,28,True,66.0662789289919,33.3714617285995,70,0.2942,healthy,91.7094281,26.160924,69,ABB,ONAN,1998-02-18,False,False,"Ward No. 9, Substation 106, Kamrup Metro",Kamrup Metro,IN_SERVICE
0595f822-6ed0-4d94-8aad-3426636c66c9,100544,SS_133,Cachar Substation 133,FD_UNKNOWN,Unknown Feeder,100.0,9,True,66.3781558154885,33.9662955509195,76,0.2322,healthy,92.371854,24.871633,131,Crompton,ONAN,2017-07-22,False,False,"Ward No. 14, Substation 133, Cachar",Cachar,IN_SERVICE
086d8290-e955-4106-9714-ad88ffa8a0e3,406,SS_133,Cachar Substation 133,FD_UNKNOWN,Unknown Feeder,25.0,12,False,64.8197923975312,34.1245195519363,70,0.2999,healthy,92.525155,24.87701,124,ABB,ONAN,2014-10-21,False,False,"Ward No. 6, Substation 133, Unknown",Unknown,IN_SERVICE
709b26c3-2ff6-4dde-96d3-c2ddb151b887,100675,SS_151,Jorhat Substation 151,FD_UNKNOWN,Unknown Feeder,200.0,14,False,64.1588470682168,34.7901303415978,75,0.2401,healthy,94.2029298,26.7538629,42,Siemens,ONAF,2012-09-26,False,False,"Ward No. 5, Substation 151, Jorhat",Jorhat,IN_SERVICE
70dfa58e-11a2-4e3c-b5ac-9a14d593d187,101202,SS_212,Morigaon Substation 212,FD_UNKNOWN,Unknown Feeder,25.0,7,True,119.801187960796,94.5424164046523,21,0.7828,warning,92.3970498,26.2646885,96,Crompton,ONAN,2019-08-10,False,False,"Ward No. 10, Substation 212, Morigaon",Morigaon,IN_SERVICE
469e5049-8351-4dbc-a2bf-212f5ef3b9c9,2214,SS_133,Cachar Substation 133,FD_UNKNOWN,Unknown Feeder,25.0,13,True,65.5067796909493,33.6656541023028,71,0.2878,healthy,92.618435,24.86611,32,BHEL,ONAN,2013-06-17,False,False,"Ward No. 3, Substation 133, Unknown",Unknown,IN_SERVICE
08ba87cb-9b05-48a6-9d61-493a64a9791f,100732,SS_153,Majuli Substation 153,FD_UNKNOWN,Unknown Feeder,100.0,20,False,66.0087049392993,33.4421705940857,75,0.25,healthy,94.1922981,26.7745174,145,ABB,ONAN,2006-11-11,False,False,"Ward No. 14, Substation 153, Majuli",Majuli,IN_SERVICE
46a9b18b-ea1b-48bf-b44b-ca84e3a5ba6d,100937,SS_181,Sonitpur Substation 181,FD_UNKNOWN,Unknown Feeder,100.0,12,False,67.8996450670935,32.6708608680123,73,0.2633,healthy,92.7876709,26.6555774,87,Crompton,ONAN,2014-07-27,False,False,"Ward No. 11, Substation 181, Sonitpur",Sonitpur,IN_SERVICE
1307e1ed-8c4d-477a-847d-5d3f2bb527fb,100047,SS_101,Kamrup Metro Substation 101,FD_UNKNOWN,Unknown Feeder,25.0,10,False,64.2565971017784,34.495224616446,70,0.2918,healthy,91.726007,26.1414434,112,ABB,ONAN,2016-03-14,False,True,"Ward No. 5, Substation 101, Kamrup Metro",Kamrup Metro,IN_SERVICE
139440c6-215e-479a-823c-b9b19fe0f6a2,100126,SS_102,Kamrup Metro Substation 102,FD_UNKNOWN,Unknown Feeder,25.0,7,False,64.9656292219149,33.3214078090386,71,0.2801,healthy,91.7843604,26.1509637,37,Crompton,ONAF,2019-08-03,False,True,"Ward No. 14, Substation 102, Kamrup Metro",Kamrup Metro,IN_SERVICE
46f06db7-a3ae-4e97-9ba7-80048414a5f8,100090,SS_102,Kamrup Metro Substation 102,FD_UNKNOWN,Unknown Feeder,100.0,8,False,65.0522016051031,33.2345196540619,74,0.2513,healthy,91.7257577,26.1713767,106,Crompton,ONAN,2018-05-12,True,False,"Ward No. 11, Substation 102, Kamrup Metro",Kamrup Metro,IN_SERVICE
47615f90-9b19-4e2d-a071-3e1bbbb84c12,100197,SS_103,Kamrup Metro Substation 103,FD_UNKNOWN,Unknown Feeder,315.0,20,True,119.981684433596,90.2539519516701,23,0.7671,warning,91.7552994,26.1767552,34,Siemens,ONAF,2006-03-14,False,False,"Ward No. 9, Substation 103, Kamrup Metro",Kamrup Metro,IN_SERVICE
477cdefe-e513-454b-8311-b71fb25fbf4a,101010,SS_191,Goalpara Substation 191,FD_UNKNOWN,Unknown Feeder,200.0,19,False,65.5566301311701,33.0789643119748,71,0.2819,healthy,90.6056206,25.9474414,56,Crompton,ONAN,2007-05-03,False,False,"Ward No. 5, Substation 191, Goalpara",Goalpara,IN_SERVICE
477f3e30-abb6-42cb-9fc0-db22b96b5331,100403,SS_121,Nagaon Substation 121,FD_UNKNOWN,Unknown Feeder,250.0,9,False,68.9954985975264,32.6517738059831,70,0.2958,healthy,92.3970498,26.2646885,88,Siemens,ONAN,2017-10-26,False,False,"Ward No. 14, Substation 121, Nagaon",Nagaon,IN_SERVICE
4863faaf-fffc-4c92-8667-ca7d4a1ffcc8,2244,SS_133,Cachar Substation 133,FD_UNKNOWN,Unknown Feeder,25.0,14,False,65.2247455774828,33.0142296800773,67,0.3263,healthy,92.5173493,24.9844583,98,ABB,ONAN,2012-07-07,False,False,"Ward No. 6, Substation 133, Unknown",Unknown,IN_SERVICE
48d316fd-7144-4715-a649-f43ddb182708,505,SS_133,Cachar Substation 133,FD_UNKNOWN,Unknown Feeder,250.0,12,False,67.4247030813738,33.4797109741528,72,0.2736,healthy,92.592355,24.8799917,98,BHEL,ONAF,2014-05-24,False,False,"Ward No. 12, Substation 133, Unknown",Unknown,IN_SERVICE
4992d50e-072c-49be-a6a7-8af887802eb2,100682,SS_151,Jorhat Substation 151,FD_UNKNOWN,Unknown Feeder,63.0,23,False,66.9171288427274,33.6867013173425,71,0.2831,healthy,94.2210406,26.7319159,20,BHEL,ONAN,2003-06-13,False,False,"Ward No. 11, Substation 151, Jorhat",Jorhat,IN_SERVICE
49dbc77c-f6fc-45ff-a468-afa38fa8e0cd,101250,SS_231,Dima Hasao Substation 231,FD_UNKNOWN,Unknown Feeder,250.0,33,False,68.1721139716006,32.6832547975988,71,0.2834,healthy,93.0111217,25.1821635,93,Crompton,ONAN,1993-02-22,False,False,"Ward No. 8, Substation 231, Dima Hasao",Dima Hasao,IN_SERVICE
4a05391c-7bd8-4631-aec8-31c6d962bea5,100057,SS_101,Kamrup Metro Substation 101,FD_UNKNOWN,Unknown Feeder,250.0,6,False,67.6176579902539,33.8548807610496,73,0.2624,healthy,91.786135,26.130908,90,Siemens,ONAF,2020-11-08,False,False,"Ward No. 10, Substation 101, Kamrup Metro",Kamrup Metro,IN_SERVICE
4a3105c2-ef70-4359-932d-e232d0099214,100432,SS_122,Hojai Substation 122,FD_UNKNOWN,Unknown Feeder,100.0,17,False,64.0294054572333,33.6837063895792,79,0.2044,healthy,92.8781343,25.849921,126,Voltamp,ONAF,2009-03-20,False,False,"Ward No. 7, Substation 122, Hojai",Hojai,IN_SERVICE
139693f3-ba8f-4f51-88e5-250116dab9f5,100245,SS_104,Kamrup Metro Substation 104,FD_UNKNOWN,Unknown Feeder,200.0,16,True,66.3493943177749,33.516074516164,73,0.2649,healthy,91.756084,26.1851882,107,BHEL,ONAN,2010-02-21,False,False,"Ward No. 7, Substation 104, Kamrup Metro",Kamrup Metro,IN_SERVICE
1396f0ae-97ba-4c07-8895-6d0b2a207f72,100710,SS_151,Jorhat Substation 151,FD_UNKNOWN,Unknown Feeder,500.0,26,True,68.3775541771981,34.5702081265118,68,0.3103,healthy,94.4130927,26.5068894,140,Crompton,ONAN,2000-06-16,False,False,"Ward No. 2, Substation 151, Jorhat",Jorhat,IN_SERVICE
1397583e-2fd4-47c2-a4c8-b7f7224cf6a1,100622,SS_136,Cachar Substation 136,FD_UNKNOWN,Unknown Feeder,315.0,29,True,64.5220082135937,33.0038120025698,72,0.2701,healthy,92.7997361,24.8284161,95,Voltamp,ONAN,1997-05-07,False,False,"Ward No. 10, Substation 136, Cachar",Cachar,IN_SERVICE
13fc3c95-5cd0-4995-a6cf-af01244952f9,100106,SS_102,Kamrup Metro Substation 102,FD_UNKNOWN,Unknown Feeder,63.0,8,False,62.7432527407908,33.8845533479914,73,0.2676,healthy,91.8062693,26.1221319,69,BHEL,ONAN,2018-01-21,False,True,"Ward No. 3, Substation 102, Kamrup Metro",Kamrup Metro,IN_SERVICE
140338f8-df5c-4f3f-8079-2a5b4cf830f0,100845,SS_163,Dibrugarh Substation 163,FD_UNKNOWN,Unknown Feeder,63.0,21,False,62.1750582151595,33.4972380210947,70,0.2951,healthy,95.3436268,27.4972877,143,Voltamp,ONAN,2005-07-07,False,False,"Ward No. 2, Substation 163, Dibrugarh",Dibrugarh,IN_SERVICE
14104917-e0bc-4ca5-a56a-45374c20879d,100667,SS_142,Karimganj Substation 142,FD_UNKNOWN,Unknown Feeder,100.0,16,False,66.2770826928328,34.2401303942456,75,0.2435,healthy,92.4933238,24.8588062,107,BHEL,ONAF,2010-05-06,False,False,"Ward No. 8, Substation 142, Karimganj",Karimganj,IN_SERVICE
141710ea-3f5a-4e0d-bbc7-d308f3273ec4,100772,SS_161,Dibrugarh Substation 161,FD_UNKNOWN,Unknown Feeder,315.0,10,False,63.777422375936,33.9970704745539,75,0.2422,healthy,95.0868214,27.4922491,31,Voltamp,ONAN,2016-05-04,False,False,"Ward No. 2, Substation 161, Dibrugarh",Dibrugarh,IN_SERVICE
143d31e9-b9a9-4e04-961b-bb18e23534bc,100498,SS_133,Cachar Substation 133,FD_UNKNOWN,Unknown Feeder,200.0,20,False,67.0220715942611,33.8717665144109,76,0.2336,healthy,92.7945484,24.7881269,38,Siemens,ONAN,2006-02-01,False,False,"Ward No. 9, Substation 133, Cachar",Cachar,IN_SERVICE
1482c998-9b03-4d5c-af4b-be854cbfa50d,101189,SS_211,Darrang Substation 211,FD_UNKNOWN,Unknown Feeder,315.0,10,True,63.0493666797808,34.2557966257861,74,0.2554,healthy,92.2325715,26.7008063,139,ABB,ONAN,2016-04-16,True,False,"Ward No. 10, Substation 211, Darrang",Darrang,IN_SERVICE
14f7e275-1e9e-4c6c-a0d5-ff7b66f6d3c2,100225,SS_104,Kamrup Metro Substation 104,FD_UNKNOWN,Unknown Feeder,25.0,15,False,120.493281620357,96.689444292514,21,0.7853,warning,91.6674002,26.1495333,94,Voltamp,ONAN,2011-02-05,False,False,"Ward No. 12, Substation 104, Kamrup Metro",Kamrup Metro,IN_SERVICE
14fa74f1-46b1-42f0-b7bb-c01c4da1e9ec,2015,SS_133,Cachar Substation 133,FD_UNKNOWN,Unknown Feeder,25.0,21,False,65.0126465449703,33.9528754528828,70,0.2946,healthy,92.586095,24.8947567,85,Voltamp,ONAF,2005-07-07,False,False,"Ward No. 3, Substation 133, Unknown",Unknown,IN_SERVICE
1615638c-1f3d-4edd-807c-53b4a9342957,100691,SS_151,Jorhat Substation 151,FD_UNKNOWN,Unknown Feeder,500.0,16,True,69.3136206904916,32.9396426863602,66,0.3345,healthy,94.3079145,26.6721971,144,Voltamp,ONAF,2010-05-26,True,False,"Ward No. 1, Substation 151, Jorhat",Jorhat,IN_SERVICE
4bf71370-4da5-43d6-9ba1-954a1fe72717,101226,SS_221,Karbi Anglong Substation 221,FD_UNKNOWN,Unknown Feeder,315.0,17,True,70.1424061396924,33.4966567299107,70,0.2905,healthy,93.1749268,25.7622761,129,Crompton,ONAN,2009-03-13,False,False,"Ward No. 10, Substation 221, Karbi Anglong",Karbi Anglong,IN_SERVICE
4c27d203-8899-4c38-b894-0e1e51a09a95,514,SS_133,Cachar Substation 133,FD_UNKNOWN,Unknown Feeder,25.0,20,True,67.3372773575108,33.3425857102307,70,0.2913,healthy,92.5946527,24.8898925,31,Crompton,ONAN,2006-10-01,False,False,"Ward No. 4, Substation 133, Unknown",Unknown,IN_SERVICE
4c777d28-3cea-46ce-af4a-42506422eafd,101071,SS_193,Kokrajhar Substation 193,FD_UNKNOWN,Unknown Feeder,100.0,19,True,61.0934555532458,32.601109953384,76,0.2341,healthy,90.188458,26.4457024,77,Crompton,ONAN,2007-04-12,False,False,"Ward No. 1, Substation 193, Kokrajhar",Kokrajhar,IN_SERVICE
4e541025-8552-4ed1-9200-cca280d7e539,100900,SS_172,Dhemaji Substation 172,FD_UNKNOWN,Unknown Feeder,315.0,10,False,64.4853099807286,32.8262994504087,73,0.2679,healthy,94.4223158,27.1958851,107,Siemens,ONAN,2016-11-11,False,False,"Ward No. 9, Substation 172, Dhemaji",Dhemaji,IN_SERVICE
4e5a0d99-268a-4fba-a118-eb5b247ca699,100160,SS_103,Kamrup Metro Substation 103,FD_UNKNOWN,Unknown Feeder,500.0,15,False,70.2544869150922,33.3006358330859,70,0.2982,healthy,91.8402395,26.1105477,44,Voltamp,ONAN,2011-02-22,False,False,"Ward No. 3, Substation 103, Kamrup Metro",Kamrup Metro,IN_SERVICE
4eeb42d4-a7d8-4a1a-b160-0006f26859c1,101192,SS_211,Darrang Substation 211,FD_UNKNOWN,Unknown Feeder,250.0,14,True,68.6407363920404,32.9766898387552,72,0.2782,healthy,91.9216418,26.1214769,42,ABB,ONAN,2012-02-27,False,False,"Ward No. 10, Substation 211, Darrang",Darrang,IN_SERVICE
4efb536e-7358-469e-84df-0471bc29e72f,100457,SS_123,Hojai Substation 123,FD_UNKNOWN,Unknown Feeder,200.0,11,False,67.1752358929109,32.8762107105199,74,0.255,healthy,92.9207982,25.7598149,76,ABB,ONAN,2015-05-23,False,True,"Ward No. 8, Substation 123, Hojai",Hojai,IN_SERVICE
4f1fea10-f039-4c84-8f0d-6b530fb2ee76,100941,SS_181,Sonitpur Substation 181,FD_UNKNOWN,Unknown Feeder,500.0,22,False,63.7668877887077,33.0276664239391,72,0.2794,healthy,92.8489715,26.6220224,47,Siemens,ONAN,2004-02-24,False,False,"Ward No. 10, Substation 181, Sonitpur",Sonitpur,IN_SERVICE
4f2c26fc-b873-46f4-8947-18ed4bbaa4e9,101017,SS_191,Goalpara Substation 191,FD_UNKNOWN,Unknown Feeder,100.0,19,False,67.21938252406,33.413117980759,73,0.2682,healthy,90.5629715,26.4656509,65,Crompton,ONAF,2007-05-25,False,True,"Ward No. 3, Substation 191, Goalpara",Goalpara,IN_SERVICE
5ddf5b98-263f-4b3e-9a6d-9cf7fee364c3,100505,SS_133,Cachar Substation 133,FD_UNKNOWN,Unknown Feeder,500.0,11,False,65.9338576224485,32.7618407481818,70,0.2914,healthy,92.7664827,24.9294215,37,ABB,ONAN,2015-04-24,False,False,"Ward No. 12, Substation 133, Cachar",Cachar,IN_SERVICE
5df639fc-c805-44f8-924b-4499dd776b94,101162,SS_203,Golaghat Substation 203,FD_UNKNOWN,Unknown Feeder,315.0,10,True,64.4925822100178,33.1266163882811,74,0.2546,healthy,93.4805042,26.6107236,102,ABB,ONAF,2016-06-08,False,False,"Ward No. 2, Substation 203, Golaghat",Golaghat,IN_SERVICE
170c9f36-fec2-47f4-a659-0212b1839b5c,101190,SS_211,Darrang Substation 211,FD_UNKNOWN,Unknown Feeder,315.0,9,False,67.8018987188037,33.5514872895195,72,0.2732,healthy,91.8913927,26.7449311,119,Crompton,ONAN,2017-09-07,False,False,"Ward No. 5, Substation 211, Darrang",Darrang,IN_SERVICE
174ae58d-e27e-4d12-99ad-875c5a9077aa,101126,SS_201,Sivasagar Substation 201,FD_UNKNOWN,Unknown Feeder,500.0,10,False,67.4792756718834,33.7843615000892,68,0.3161,healthy,94.913941,27.1857364,112,BHEL,ONAN,2016-07-05,True,False,"Ward No. 13, Substation 201, Sivasagar",Sivasagar,IN_SERVICE
18dc195b-0621-459b-921d-e523c442c942,101051,SS_192,Bongaigaon Substation 192,FD_UNKNOWN,Unknown Feeder,315.0,10,True,65.2784203186913,34.2450615573304,73,0.2677,healthy,90.2673231,26.4151405,86,Voltamp,ONAN,2016-05-03,False,False,"Ward No. 12, Substation 192, Bongaigaon",Bongaigaon,IN_SERVICE
1d755a10-8305-4ddd-bcf2-04fac3909435,100009,SS_101,Kamrup Metro Substation 101,FD_UNKNOWN,Unknown Feeder,200.0,23,False,66.9139175150644,33.6351859873001,73,0.2675,healthy,91.7539031,26.1854327,30,ABB,ONAN,2003-04-06,False,False,"Ward No. 5, Substation 101, Kamrup Metro",Kamrup Metro,IN_SERVICE
1d77fc9f-52bf-4ea1-beb2-0362f7a2f653,100684,SS_151,Jorhat Substation 151,FD_UNKNOWN,Unknown Feeder,100.0,15,False,66.6659704062533,34.2053733642006,75,0.2491,healthy,94.1829647,26.7591198,44,Siemens,ONAF,2011-03-19,False,False,"Ward No. 1, Substation 151, Jorhat",Jorhat,IN_SERVICE
1d7f8fa1-9889-4069-a142-47112d3e2edd,100043,SS_101,Kamrup Metro Substation 101,FD_UNKNOWN,Unknown Feeder,315.0,7,False,120.949404218305,92.6806121439946,23,0.7692,warning,91.7073624,26.1603733,93,ABB,ONAN,2019-06-16,False,False,"Ward No. 14, Substation 101, Kamrup Metro",Kamrup Metro,IN_SERVICE
1de6f47f-b10c-4f2f-af59-e7d5a6a817c1,100934,SS_181,Sonitpur Substation 181,FD_UNKNOWN,Unknown Feeder,100.0,26,False,66.5271771104236,33.5537870316574,75,0.2434,healthy,92.7839754,26.6351609,100,BHEL,ONAN,2000-04-16,False,False,"Ward No. 2, Substation 181, Sonitpur",Sonitpur,IN_SERVICE
1e0c52f1-3b95-43c1-9ae8-f2a85f25f927,101016,SS_191,Goalpara Substation 191,FD_UNKNOWN,Unknown Feeder,200.0,6,True,118.3615263152,92.6487340669419,26,0.7324,warning,90.5770438,26.4312897,148,Voltamp,ONAN,2020-02-12,False,False,"Ward No. 11, Substation 191, Goalpara",Goalpara,IN_SERVICE
1e118036-46d6-457b-a907-c7f510ef0e15,100081,SS_102,Kamrup Metro Substation 102,FD_UNKNOWN,Unknown Feeder,315.0,25,False,119.212316406338,93.1488613257581,22,0.7725,warning,91.7400173,26.1760095,102,BHEL,ONAN,2001-06-01,False,False,"Ward No. 4, Substation 102, Kamrup Metro",Kamrup Metro,IN_SERVICE
1e51f569-c2b5-44f1-8516-5d2bc5774881,324,SS_133,Cachar Substation 133,FD_UNKNOWN,Unknown Feeder,25.0,19,True,118.330481919094,92.7415247713121,22,0.7776,warning,92.4990599,24.9182855,39,Voltamp,ONAN,2007-10-17,False,False,"Ward No. 10, Substation 133, Unknown",Unknown,IN_SERVICE
1f0360ca-06d5-4f53-9f04-fb67e6fb83ec,100167,SS_103,Kamrup Metro Substation 103,FD_UNKNOWN,Unknown Feeder,250.0,21,True,65.1681654891158,34.4197812026138,72,0.2731,healthy,91.7400173,26.1760095,119,Voltamp,ONAN,2005-09-24,False,False,"Ward No. 13, Substation 103, Kamrup Metro",Kamrup Metro,IN_SERVICE
2066f342-e29b-445b-a52e-c1ba9d102aab,128,SS_133,Cachar Substation 133,FD_UNKNOWN,Unknown Feeder,25.0,27,False,63.8700655092312,33.5815203031402,70,0.2906,healthy,92.47223,24.946875,114,Crompton,ONAF,1999-09-03,False,False,"Ward No. 13, Substation 133, Unknown",Unknown,IN_SERVICE
211f9d99-ae17-49b8-a5e0-673f912cb08b,354,SS_133,Cachar Substation 133,FD_UNKNOWN,Unknown Feeder,100.0,9,True,65.8371156696596,33.5607521934274,75,0.2469,healthy,92.4730373,25.0214017,36,Siemens,ONAN,2017-02-11,False,False,"Ward No. 8, Substation 133, Unknown",Unknown,IN_SERVICE
215d0d9b-9b87-4274-9d89-0f13371224a9,260,SS_133,Cachar Substation 133,FD_UNKNOWN,Unknown Feeder,16.0,24,False,68.1791878507139,33.8445513233625,70,0.2925,healthy,92.6950907,24.8692375,145,ABB,ONAN,2002-07-01,False,False,"Ward No. 1, Substation 133, Unknown",Unknown,IN_SERVICE
8ee567f8-663b-4afa-bbd3-dc32ea16dc3d,100249,SS_104,Kamrup Metro Substation 104,FD_UNKNOWN,Unknown Feeder,200.0,17,True,65.6540502580694,33.6214430132313,71,0.2843,healthy,91.6814189,26.1280003,45,Siemens,ONAF,2009-02-21,False,False,"Ward No. 2, Substation 104, Kamrup Metro",Kamrup Metro,IN_SERVICE
91ccb002-1063-4906-aa2d-5a1b5e73de88,100868,SS_171,Lakhimpur Substation 171,FD_UNKNOWN,Unknown Feeder,315.0,11,True,66.6413678114014,33.9710397051068,74,0.2527,healthy,94.1003308,27.2613471,48,ABB,ONAN,2015-11-27,False,False,"Ward No. 1, Substation 171, Lakhimpur",Lakhimpur,IN_SERVICE
7331af1b-44a1-4de2-ac70-309f3c291e94,100402,SS_121,Nagaon Substation 121,FD_UNKNOWN,Unknown Feeder,250.0,16,True,67.3111103597578,32.6424358846738,73,0.262,healthy,92.7955672,26.6218315,99,ABB,ONAF,2010-11-18,False,False,"Ward No. 3, Substation 121, Nagaon",Nagaon,IN_SERVICE
73376f1a-cd49-4c75-b7f9-15131726a9b8,101287,SS_242,Baksa Substation 242,FD_UNKNOWN,Unknown Feeder,100.0,28,True,68.8702758101472,32.8290351492921,75,0.2491,healthy,91.2715269,26.4766416,110,Voltamp,ONAN,1998-02-16,True,False,"Ward No. 8, Substation 242, Baksa",Baksa,IN_SERVICE
73ed010f-89e3-4978-b8ad-205c546537ec,100595,SS_135,Cachar Substation 135,FD_UNKNOWN,Unknown Feeder,315.0,30,False,67.5794512223359,33.3960009031465,73,0.2679,healthy,92.7950697,24.8078658,64,Siemens,ONAN,1996-08-05,False,False,"Ward No. 8, Substation 135, Cachar",Cachar,IN_SERVICE
9303b248-979f-451f-bfc5-771807b568fd,508,SS_133,Cachar Substation 133,FD_UNKNOWN,Unknown Feeder,250.0,20,False,70.1038101296072,33.6623617736258,71,0.2818,healthy,92.5906833,24.895545,55,Crompton,ONAF,2006-08-02,False,False,"Ward No. 14, Substation 133, Unknown",Unknown,IN_SERVICE
94135d7e-d95e-4e9e-91c5-8de6c1cd2c38,100444,SS_122,Hojai Substation 122,FD_UNKNOWN,Unknown Feeder,100.0,8,False,66.9957626554532,33.6560271011913,74,0.2516,healthy,92.5721848,25.8447155,107,ABB,ONAN,2018-03-09,False,False,"Ward No. 5, Substation 122, Hojai",Hojai,IN_SERVICE
941bd67c-f698-438e-a3bc-a16ffaef4ee5,361,SS_133,Cachar Substation 133,FD_UNKNOWN,Unknown Feeder,16.0,26,False,67.5893907219537,33.8494097028451,67,0.3236,healthy,92.6716817,24.8894184,149,ABB,ONAN,2000-03-05,False,False,"Ward No. 7, Substation 133, Unknown",Unknown,IN_SERVICE
9451dd55-cdff-4e6a-ae81-f00a53ae6ec6,100412,SS_121,Nagaon Substation 121,FD_UNKNOWN,Unknown Feeder,250.0,12,True,69.1495251381698,33.7032046797637,73,0.264,healthy,92.7753873,26.6511503,108,Siemens,ONAN,2014-08-03,False,False,"Ward No. 8, Substation 121, Nagaon",Nagaon,IN_SERVICE
73fd73b2-280c-4dbb-822d-cb114418201e,125,SS_133,Cachar Substation 133,FD_UNKNOWN,Unknown Feeder,25.0,45,False,122.005049410918,93.3736538378161,22,0.778,warning,92.527886,24.9386353,24,BHEL,ONAN,1981-05-08,False,False,"Ward No. 7, Substation 133, Unknown",Unknown,IN_SERVICE
74bd0024-b106-4d3e-bf1d-c2f0720e73e8,101219,SS_221,Karbi Anglong Substation 221,FD_UNKNOWN,Unknown Feeder,250.0,15,False,66.1465066292266,33.2256436429093,73,0.2649,healthy,93.4301196,25.8319306,43,Crompton,ONAF,2011-01-17,False,False,"Ward No. 10, Substation 221, Karbi Anglong",Karbi Anglong,IN_SERVICE
74f567ad-923e-474a-9cb6-d07a6b18df65,358,SS_133,Cachar Substation 133,FD_UNKNOWN,Unknown Feeder,16.0,11,False,65.326306998923,33.0861827869374,70,0.2915,healthy,92.4527822,25.0063696,134,BHEL,ONAN,2015-05-26,False,False,"Ward No. 9, Substation 133, Unknown",Unknown,IN_SERVICE
75176865-8309-4580-aceb-34963b6fff53,100476,SS_124,Nagaon Substation 124,FD_UNKNOWN,Unknown Feeder,100.0,9,False,64.1484304742175,33.056439254766,76,0.2386,healthy,92.4988625,26.2104887,131,Siemens,ONAF,2017-07-05,False,True,"Ward No. 4, Substation 124, Nagaon",Nagaon,IN_SERVICE
990631b0-755a-4981-a12a-79864564a5d2,604,SS_133,Cachar Substation 133,FD_UNKNOWN,Unknown Feeder,63.0,7,True,67.4866947554338,33.7429948077612,69,0.3013,healthy,92.5567267,24.8851333,36,Crompton,ONAN,2019-03-15,False,False,"Ward No. 6, Substation 133, Unknown",Unknown,IN_SERVICE
99e04eaa-a230-4fc4-9b37-30cc579b45b7,101042,SS_192,Bongaigaon Substation 192,FD_UNKNOWN,Unknown Feeder,315.0,19,False,66.3365547082451,34.0721002843781,73,0.2635,healthy,90.8027602,26.4709474,23,Siemens,ONAN,2007-08-19,False,False,"Ward No. 12, Substation 192, Bongaigaon",Bongaigaon,IN_SERVICE
9a04b353-7638-4c5e-803d-a8f27751cfbe,100793,SS_162,Tinsukia Substation 162,FD_UNKNOWN,Unknown Feeder,63.0,5,True,65.7778110624694,33.7835902162717,73,0.2697,healthy,95.3533053,27.4858861,136,Siemens,ONAN,2021-04-16,False,False,"Ward No. 9, Substation 162, Tinsukia",Tinsukia,IN_SERVICE
a3c35d47-5e92-4da7-a3d7-e6480305046b,101188,SS_211,Darrang Substation 211,FD_UNKNOWN,Unknown Feeder,250.0,14,True,66.2936149679085,33.8118581593306,74,0.2575,healthy,91.9653732,26.1183012,132,Voltamp,ONAN,2012-05-19,False,False,"Ward No. 8, Substation 211, Darrang",Darrang,IN_SERVICE
a8203eb7-c1e0-4ec2-8cd7-d3c7bb890556,100250,SS_104,Kamrup Metro Substation 104,FD_UNKNOWN,Unknown Feeder,63.0,28,False,64.3511980127764,33.5608875412484,73,0.2602,healthy,91.6918153,26.2521637,92,BHEL,ONAN,1998-05-21,False,False,"Ward No. 9, Substation 104, Kamrup Metro",Kamrup Metro,IN_SERVICE
b13006d8-2adc-4bef-b081-b10c73cb71b9,101293,SS_242,Baksa Substation 242,FD_UNKNOWN,Unknown Feeder,250.0,21,False,65.1600574023603,33.9343863489512,75,0.2432,healthy,91.1605175,26.5039894,131,Siemens,ONAF,2005-08-01,False,False,"Ward No. 12, Substation 242, Baksa",Baksa,IN_SERVICE
b19361be-14ae-4168-aaf7-ac05fb1d022c,100297,SS_105,Kamrup Metro Substation 105,FD_UNKNOWN,Unknown Feeder,250.0,13,False,67.0625000332704,33.9472332666262,73,0.2664,healthy,91.8199646,26.1788619,23,BHEL,ONAN,2013-04-25,False,False,"Ward No. 14, Substation 105, Kamrup Metro",Kamrup Metro,IN_SERVICE
bd4244b2-3063-467e-9e40-ac2b8d88b7f9,101148,SS_202,Golaghat Substation 202,FD_UNKNOWN,Unknown Feeder,315.0,24,True,67.8459005199184,33.3280328817091,72,0.2738,healthy,93.8703686,26.3042308,101,Voltamp,ONAN,2002-02-07,False,False,"Ward No. 10, Substation 202, Golaghat",Golaghat,IN_SERVICE
7526d0d9-0556-4c22-9035-d0040e9c9ede,100227,SS_104,Kamrup Metro Substation 104,FD_UNKNOWN,Unknown Feeder,100.0,16,False,61.2466255264453,33.0423574517662,77,0.2273,healthy,91.7463206,26.1390895,72,Crompton,ONAN,2010-10-21,True,False,"Ward No. 7, Substation 104, Kamrup Metro",Kamrup Metro,IN_SERVICE
756e918a-dd2c-4d11-813f-ab33569df19b,100643,SS_141,Hailakandi Substation 141,FD_UNKNOWN,Unknown Feeder,100.0,16,False,65.4719337336523,33.4128771678393,72,0.2715,healthy,92.4823764,24.8538523,38,Siemens,ONAF,2010-03-12,False,False,"Ward No. 3, Substation 141, Hailakandi",Hailakandi,IN_SERVICE
7589de49-f8d2-4bd5-8521-19918389864f,100775,SS_161,Dibrugarh Substation 161,FD_UNKNOWN,Unknown Feeder,100.0,12,False,68.6766471749735,33.2704612235804,75,0.245,healthy,94.898399,27.2619233,123,Siemens,ONAF,2014-08-06,False,False,"Ward No. 9, Substation 161, Dibrugarh",Dibrugarh,IN_SERVICE
7960dbe3-211a-48b0-b93a-5e5472d5f576,1005,SS_133,Cachar Substation 133,FD_UNKNOWN,Unknown Feeder,25.0,16,False,64.5485426607964,33.3042564209217,69,0.3037,healthy,92.656414,24.8866357,108,Siemens,ONAN,2010-11-17,True,True,"Ward No. 13, Substation 133, Unknown",Unknown,IN_SERVICE
79bc46d0-7b87-43ed-9752-21cd7827a1b9,100494,SS_133,Cachar Substation 133,FD_UNKNOWN,Unknown Feeder,200.0,27,False,64.5640562216308,32.9207455529537,73,0.2624,healthy,92.7922131,24.8309519,103,ABB,ONAF,1999-11-22,False,False,"Ward No. 11, Substation 133, Cachar",Cachar,IN_SERVICE
7a6cdd45-c54c-4224-9a3b-ff20515c58c1,100040,SS_101,Kamrup Metro Substation 101,FD_UNKNOWN,Unknown Feeder,100.0,11,False,66.9290827550887,32.9167136375618,74,0.2593,healthy,91.8085923,26.1313723,140,Siemens,ONAF,2015-10-10,False,False,"Ward No. 10, Substation 101, Kamrup Metro",Kamrup Metro,IN_SERVICE
be15620d-acac-4610-9f97-5a9c0f0863c3,101075,SS_193,Kokrajhar Substation 193,FD_UNKNOWN,Unknown Feeder,100.0,24,False,62.9281524441282,34.080366421118,74,0.2549,healthy,90.1761948,26.3659427,137,Siemens,ONAF,2002-07-02,False,False,"Ward No. 8, Substation 193, Kokrajhar",Kokrajhar,IN_SERVICE
be174e8e-ae4a-4729-baba-c956a6a306c4,100486,SS_124,Nagaon Substation 124,FD_UNKNOWN,Unknown Feeder,315.0,18,True,67.8565691500477,34.0972036067252,74,0.2502,healthy,92.3746357,26.2164285,127,Crompton,ONAN,2008-10-26,False,False,"Ward No. 10, Substation 124, Nagaon",Nagaon,IN_SERVICE
bf01ec9b-8554-476e-88f8-d86af0bb758a,101030,SS_192,Bongaigaon Substation 192,FD_UNKNOWN,Unknown Feeder,25.0,13,True,68.5818925667169,34.1506804051559,70,0.2954,healthy,90.5395532,26.4738215,124,Crompton,ONAN,2013-06-23,False,False,"Ward No. 7, Substation 192, Bongaigaon",Bongaigaon,IN_SERVICE
bf332975-db0b-4bd2-b78c-b27cd041ecc9,100305,SS_106,Kamrup Metro Substation 106,FD_UNKNOWN,Unknown Feeder,315.0,8,False,64.8404677083594,33.8184817730818,73,0.2635,healthy,91.6660347,26.1548233,47,Voltamp,ONAN,2018-07-19,False,False,"Ward No. 1, Substation 106, Kamrup Metro",Kamrup Metro,IN_SERVICE
bf3db7a7-c94c-480f-8953-13d8e071e4ff,100642,SS_141,Hailakandi Substation 141,FD_UNKNOWN,Unknown Feeder,315.0,19,False,66.7329004065016,33.5696755413724,72,0.2719,healthy,92.4933238,24.8588062,79,ABB,ONAF,2007-02-24,False,True,"Ward No. 14, Substation 141, Hailakandi",Hailakandi,IN_SERVICE
c1421341-33f6-481e-8f8e-35a209276f7e,100812,SS_162,Tinsukia Substation 162,FD_UNKNOWN,Unknown Feeder,200.0,19,False,66.9668287982365,33.6525517413153,71,0.2836,healthy,95.3173479,27.3486058,34,BHEL,ONAN,2007-06-14,False,False,"Ward No. 2, Substation 162, Tinsukia",Tinsukia,IN_SERVICE
c1779aaf-0acb-4507-a22c-97eb515e942b,101291,SS_242,Baksa Substation 242,FD_UNKNOWN,Unknown Feeder,25.0,28,False,65.4017013786852,33.9521676122369,70,0.2928,healthy,91.2595742,26.4457506,37,Siemens,ONAN,1998-03-07,False,False,"Ward No. 14, Substation 242, Baksa",Baksa,IN_SERVICE
c17d7766-cf71-45ea-a7d5-5a10c26a18ff,100635,SS_141,Hailakandi Substation 141,FD_UNKNOWN,Unknown Feeder,500.0,7,True,66.9468663959845,33.5350032113042,71,0.2836,healthy,92.4660981,24.581089,93,BHEL,ONAN,2019-06-05,True,False,"Ward No. 1, Substation 141, Hailakandi",Hailakandi,IN_SERVICE
c185198c-4e3a-4d73-b9f5-f0868bc8f54d,101007,SS_191,Goalpara Substation 191,FD_UNKNOWN,Unknown Feeder,315.0,11,True,63.8074121553249,33.933315943986,74,0.2558,healthy,90.5695134,26.1271169,80,Crompton,ONAF,2015-10-03,True,False,"Ward No. 3, Substation 191, Goalpara",Goalpara,IN_SERVICE
d716686a-20da-4ef6-a5ae-70b891730fae,100620,SS_136,Cachar Substation 136,FD_UNKNOWN,Unknown Feeder,100.0,8,False,63.2489732766715,34.0723271213367,76,0.2322,healthy,92.8490692,24.6804648,147,BHEL,ONAN,2018-05-08,False,False,"Ward No. 2, Substation 136, Cachar",Cachar,IN_SERVICE
e70fa743-3191-41e6-8fb5-5dc84d373b5d,100356,SS_111,Kamrup Substation 111,FD_UNKNOWN,Unknown Feeder,250.0,35,False,65.2790683459695,34.2589940013206,73,0.2614,healthy,91.4364392,26.4477049,136,ABB,ONAF,1991-10-25,False,False,"Ward No. 12, Substation 111, Kamrup",Kamrup,IN_SERVICE
e71d039c-787a-4fbf-acd4-d0cace061f07,100134,SS_102,Kamrup Metro Substation 102,FD_UNKNOWN,Unknown Feeder,63.0,25,True,68.2752055782738,33.6580719948441,71,0.2808,healthy,91.7793794,26.1665774,83,ABB,ONAN,2001-08-05,False,False,"Ward No. 2, Substation 102, Kamrup Metro",Kamrup Metro,IN_SERVICE
ea4144ce-52e4-482f-ab1b-6c0b4c64fbdd,100163,SS_103,Kamrup Metro Substation 103,FD_UNKNOWN,Unknown Feeder,100.0,7,False,67.1119358007443,34.3626710902762,75,0.2455,healthy,91.7603695,26.1851019,59,ABB,ONAF,2019-11-01,False,False,"Ward No. 14, Substation 103, Kamrup Metro",Kamrup Metro,IN_SERVICE
ead8bb93-7ec2-4747-a4b7-4e8021e4b7c0,2161,SS_133,Cachar Substation 133,FD_UNKNOWN,Unknown Feeder,25.0,7,True,67.9508144808542,33.5530361263345,66,0.3334,healthy,92.5073947,24.9862174,108,Crompton,ONAN,2019-02-06,False,False,"Ward No. 2, Substation 133, Unknown",Unknown,IN_SERVICE
ebce177c-9ef7-4fc8-a7df-df62e3b13d5a,155,SS_133,Cachar Substation 133,FD_UNKNOWN,Unknown Feeder,100.0,10,True,69.5746469873717,33.8961502238863,74,0.2531,healthy,92.4918183,24.9889367,91,Crompton,ONAF,2016-10-22,False,True,"Ward No. 13, Substation 133, Unknown",Unknown,IN_SERVICE
ebdc358e-43eb-4858-b64a-fafeb451e2cf,2252,SS_133,Cachar Substation 133,FD_UNKNOWN,Unknown Feeder,63.0,18,False,67.1343293127088,33.6788713140007,71,0.2801,healthy,92.4736794,25.0175626,95,Voltamp,ONAN,2008-07-15,False,False,"Ward No. 13, Substation 133, Unknown",Unknown,IN_SERVICE
ee9b961b-8c00-40e0-aa3c-7094954ba7ae,100566,SS_134,Cachar Substation 134,FD_UNKNOWN,Unknown Feeder,250.0,34,True,66.9689091649246,33.2308247135343,73,0.2624,healthy,92.3624667,24.8677918,130,Crompton,ONAN,1992-09-10,False,True,"Ward No. 12, Substation 134, Cachar",Cachar,IN_SERVICE
eebd7ffe-f1b6-4a4c-81e0-daa43e556591,258,SS_133,Cachar Substation 133,FD_UNKNOWN,Unknown Feeder,25.0,31,False,119.851760060674,93.3913185747336,21,0.7808,warning,92.6800705,24.8565724,90,Voltamp,ONAN,1995-05-23,False,False,"Ward No. 4, Substation 133, Unknown",Unknown,IN_SERVICE
eebdb663-ffe8-4ffe-8026-2a2be43e0264,101024,SS_191,Goalpara Substation 191,FD_UNKNOWN,Unknown Feeder,63.0,11,True,64.0491625688645,33.9685630819733,75,0.2479,healthy,90.5150881,26.4815876,84,BHEL,ONAF,2015-10-11,False,False,"Ward No. 10, Substation 191, Goalpara",Goalpara,IN_SERVICE
f079aca3-f113-4dee-b1ea-2cb6c12eb206,100551,SS_134,Cachar Substation 134,FD_UNKNOWN,Unknown Feeder,25.0,7,True,67.4045427342097,33.8920273208589,68,0.3196,healthy,92.6621686,24.824249,50,BHEL,ONAF,2019-08-07,False,False,"Ward No. 13, Substation 134, Cachar",Cachar,IN_SERVICE
f0a1d2b0-f1d1-48bc-9f7b-3d4a231d829d,101178,SS_211,Darrang Substation 211,FD_UNKNOWN,Unknown Feeder,200.0,19,True,65.7266716434196,34.2620308712179,73,0.2614,healthy,91.7553079,26.3471848,47,Voltamp,ONAN,2007-01-26,False,False,"Ward No. 14, Substation 211, Darrang",Darrang,IN_SERVICE
f1707d52-7b74-43dc-a6a3-2024913ae842,357,SS_133,Cachar Substation 133,FD_UNKNOWN,Unknown Feeder,10.0,14,False,120.730815754937,94.2029139883908,21,0.7827,warning,92.491598,25.0167264,66,Crompton,ONAN,2012-09-17,True,False,"Ward No. 7, Substation 133, Unknown",Unknown,IN_SERVICE
f179a4bb-5e38-4988-8aa8-fdbfceb53dad,100919,SS_173,Lakhimpur Substation 173,FD_UNKNOWN,Unknown Feeder,315.0,15,False,68.1928516281832,34.2982372683751,74,0.2531,healthy,94.1045107,27.2482332,120,Crompton,ONAN,2011-03-17,False,False,"Ward No. 8, Substation 173, Lakhimpur",Lakhimpur,IN_SERVICE
f1c5d240-3cc3-4c6e-bb72-5f58130c2e7b,100821,SS_162,Tinsukia Substation 162,FD_UNKNOWN,Unknown Feeder,100.0,28,False,63.9663142483548,33.7661921469853,77,0.2219,healthy,95.0868214,27.4922491,25,Voltamp,ONAN,1998-06-13,False,False,"Ward No. 7, Substation 162, Tinsukia",Tinsukia,IN_SERVICE
f1f6203b-3da9-4687-871b-23617e9b62a3,100945,SS_181,Sonitpur Substation 181,FD_UNKNOWN,Unknown Feeder,500.0,23,False,66.0304551436458,34.1773831182259,71,0.2892,healthy,92.8924446,26.5505338,88,ABB,ONAN,2003-10-20,False,False,"Ward No. 5, Substation 181, Sonitpur",Sonitpur,IN_SERVICE
f480d9dc-5a61-4ce0-9e04-20f8f7508b6c,459,SS_133,Cachar Substation 133,FD_UNKNOWN,Unknown Feeder,16.0,14,True,64.0954584486266,34.1901567507533,71,0.2847,healthy,92.56394,24.9395733,68,BHEL,ONAN,2012-05-19,False,False,"Ward No. 10, Substation 133, Unknown",Unknown,IN_SERVICE
f493f12e-42b8-45a8-b2d4-dc83883decb2,100031,SS_101,Kamrup Metro Substation 101,FD_UNKNOWN,Unknown Feeder,100.0,13,False,122.073490558783,92.8389232727611,25,0.7423,warning,91.7990456,26.1127337,96,Siemens,ONAF,2013-10-25,False,False,"Ward No. 12, Substation 101, Kamrup Metro",Kamrup Metro,IN_SERVICE
f4a99764-be79-40d9-86b2-780485873a3a,100316,SS_106,Kamrup Metro Substation 106,FD_UNKNOWN,Unknown Feeder,63.0,38,True,67.6651021606027,33.9488566213095,74,0.2581,healthy,91.6331289,26.1374254,53,Voltamp,ONAF,1988-08-08,False,True,"Ward No. 4, Substation 106, Kamrup Metro",Kamrup Metro,IN_SERVICE
f5216699-a91c-435a-8458-49d48dad9a22,101072,SS_193,Kokrajhar Substation 193,FD_UNKNOWN,Unknown Feeder,250.0,9,True,64.9342965053855,33.8189164202196,76,0.2393,healthy,90.1792256,26.3657967,82,ABB,ONAN,2017-05-14,False,False,"Ward No. 13, Substation 193, Kokrajhar",Kokrajhar,IN_SERVICE
8298a47c-26bf-4ecd-9a61-d08323bd1e70,101352,SS_252,Chirang Substation 252,FD_UNKNOWN,Unknown Feeder,100.0,25,False,66.8053434584586,33.1340276759642,73,0.2664,healthy,90.5629715,26.4656509,33,Siemens,ONAN,2001-08-26,False,False,"Ward No. 10, Substation 252, Chirang",Chirang,IN_SERVICE
829bfb4b-94b7-4b55-b8b7-fe944ab11454,100358,SS_111,Kamrup Substation 111,FD_UNKNOWN,Unknown Feeder,200.0,11,False,65.7418234182184,33.2311478439828,74,0.2587,healthy,91.4322423,26.44448,38,Crompton,ONAF,2015-05-20,False,False,"Ward No. 11, Substation 111, Kamrup",Kamrup,IN_SERVICE
82d3d795-3f2d-4546-999c-431799c04339,140,SS_133,Cachar Substation 133,FD_UNKNOWN,Unknown Feeder,63.0,19,False,65.9583436253597,33.378916743928,72,0.2709,healthy,92.5161298,24.9730496,60,Siemens,ONAF,2007-02-23,False,False,"Ward No. 5, Substation 133, Unknown",Unknown,IN_SERVICE
82fe8cd0-1fe8-426d-a7b2-8929e2e3ef54,100708,SS_151,Jorhat Substation 151,FD_UNKNOWN,Unknown Feeder,500.0,13,False,121.395538585444,93.0362021415786,18,0.8112,warning,94.4944172,26.8555297,101,Voltamp,ONAF,2013-04-21,False,True,"Ward No. 5, Substation 151, Jorhat",Jorhat,IN_SERVICE
831d0067-3b2d-417e-899d-43cac1db6903,2090,SS_133,Cachar Substation 133,FD_UNKNOWN,Unknown Feeder,25.0,29,False,67.5170066371726,33.6866525982948,66,0.3319,healthy,92.5740704,24.959521,82,Voltamp,ONAN,1997-06-03,False,False,"Ward No. 14, Substation 133, Unknown",Unknown,IN_SERVICE
832bf770-9165-4fe1-a984-5ffc2ef698b6,100006,SS_101,Kamrup Metro Substation 101,FD_UNKNOWN,Unknown Feeder,315.0,15,False,66.4850165531607,33.2097153225564,72,0.2738,healthy,91.6966656,26.2275713,87,Siemens,ONAN,2011-03-27,False,False,"Ward No. 2, Substation 101, Kamrup Metro",Kamrup Metro,IN_SERVICE
833c5a25-c100-4021-8fdd-edf64bd4b7da,100115,SS_102,Kamrup Metro Substation 102,FD_UNKNOWN,Unknown Feeder,315.0,15,True,64.799664491821,32.8738385605407,71,0.2828,healthy,91.7852575,26.1450407,23,BHEL,ONAN,2011-02-22,False,False,"Ward No. 14, Substation 102, Kamrup Metro",Kamrup Metro,IN_SERVICE
8355c704-56c8-48a1-a973-271c10c44c32,101261,SS_241,Nalbari Substation 241,FD_UNKNOWN,Unknown Feeder,250.0,11,False,63.038028481293,32.7680686527826,77,0.2279,healthy,91.447095,26.4371946,64,Voltamp,ONAF,2015-10-27,True,False,"Ward No. 1, Substation 241, Nalbari",Nalbari,IN_SERVICE
8a400de0-92c1-4261-9da3-089a7de3e138,2166,SS_133,Cachar Substation 133,FD_UNKNOWN,Unknown Feeder,63.0,8,False,64.3169938854459,33.4855700162175,71,0.2882,healthy,92.6420833,24.9124983,91,Siemens,ONAF,2018-07-11,False,False,"Ward No. 9, Substation 133, Unknown",Unknown,IN_SERVICE
911be440-22e1-4140-b9c6-f15c9d33e9ee,530,SS_133,Cachar Substation 133,FD_UNKNOWN,Unknown Feeder,16.0,10,False,115.799822594509,93.8707939625924,21,0.7834,warning,92.5743585,24.9609735,88,Siemens,ONAN,2016-07-12,True,False,"Ward No. 4, Substation 133, Unknown",Unknown,IN_SERVICE
f5334d24-9a82-4342-bad8-fb8cd6564d1e,101034,SS_192,Bongaigaon Substation 192,FD_UNKNOWN,Unknown Feeder,100.0,9,False,68.9360208294882,33.9681223879674,75,0.247,healthy,90.6180641,26.4896043,113,ABB,ONAF,2017-08-18,False,False,"Ward No. 6, Substation 192, Bongaigaon",Bongaigaon,IN_SERVICE
f53efbf2-19c9-48d6-b195-5a88927d9ff8,100172,SS_103,Kamrup Metro Substation 103,FD_UNKNOWN,Unknown Feeder,315.0,14,True,65.7035833545892,33.8804446976782,74,0.2535,healthy,91.8062693,26.1221319,50,Crompton,ONAN,2012-03-22,False,False,"Ward No. 2, Substation 103, Kamrup Metro",Kamrup Metro,IN_SERVICE
f558bac6-e151-48e7-8119-39b7d5953c46,100857,SS_164,Dibrugarh Substation 164,FD_UNKNOWN,Unknown Feeder,63.0,8,True,66.4470359277075,33.6171019555492,71,0.2851,healthy,95.362283,27.463452,96,Crompton,ONAN,2018-04-08,False,False,"Ward No. 5, Substation 164, Dibrugarh",Dibrugarh,IN_SERVICE
f55fc4a8-550b-4a2e-ab4b-1047ea6f7f59,100185,SS_103,Kamrup Metro Substation 103,FD_UNKNOWN,Unknown Feeder,25.0,13,True,66.7289553712453,33.9464653269161,69,0.3072,healthy,91.7843604,26.1509637,38,Siemens,ONAN,2013-07-24,False,False,"Ward No. 14, Substation 103, Kamrup Metro",Kamrup Metro,IN_SERVICE
f5a2ff95-6df9-4583-a961-4f45ab9861b5,100797,SS_162,Tinsukia Substation 162,FD_UNKNOWN,Unknown Feeder,200.0,41,False,67.2811987455694,33.8544326673541,75,0.2428,healthy,95.3488317,27.4936184,74,Voltamp,ONAF,1985-09-17,False,False,"Ward No. 9, Substation 162, Tinsukia",Tinsukia,IN_SERVICE
f5bc8c9f-954d-42d2-a29a-5dad1c93635a,100805,SS_162,Tinsukia Substation 162,FD_UNKNOWN,Unknown Feeder,315.0,30,False,67.398925195947,34.8187339800385,74,0.2503,healthy,95.362283,27.463452,114,BHEL,ONAN,1996-01-07,False,True,"Ward No. 13, Substation 162, Tinsukia",Tinsukia,IN_SERVICE
f5bf6b16-a7ac-47d3-8681-b6e48bea5179,509,SS_133,Cachar Substation 133,FD_UNKNOWN,Unknown Feeder,25.0,20,True,62.6372263672236,33.9558031872006,74,0.2542,healthy,92.6071119,24.9204385,23,Crompton,ONAF,2006-02-11,False,False,"Ward No. 2, Substation 133, Unknown",Unknown,IN_SERVICE
f5ef5f9f-6d10-43db-9998-a97338e8fc2c,100247,SS_104,Kamrup Metro Substation 104,FD_UNKNOWN,Unknown Feeder,315.0,15,False,118.260219480502,91.4268525921887,23,0.7671,warning,91.737574,26.1713661,98,BHEL,ONAF,2011-03-18,False,False,"Ward No. 9, Substation 104, Kamrup Metro",Kamrup Metro,IN_SERVICE
f9a6ab89-f25c-47dc-8048-81bd1361e3c0,101292,SS_242,Baksa Substation 242,FD_UNKNOWN,Unknown Feeder,500.0,11,False,66.5625948428676,34.0076623891248,69,0.3088,healthy,91.3570502,26.8358571,58,Voltamp,ONAN,2015-01-21,True,False,"Ward No. 7, Substation 242, Baksa",Baksa,IN_SERVICE
91ccdfee-9e86-4657-9a90-765a1e5c9115,101105,SS_201,Sivasagar Substation 201,FD_UNKNOWN,Unknown Feeder,100.0,40,True,65.7507084318999,33.3509645190825,76,0.2357,healthy,94.6198744,26.9977983,29,Crompton,ONAN,1986-11-03,False,False,"Ward No. 14, Substation 201, Sivasagar",Sivasagar,IN_SERVICE
91f96796-b066-4a90-aa2b-36960a82f8ca,101053,SS_192,Bongaigaon Substation 192,FD_UNKNOWN,Unknown Feeder,100.0,8,False,66.4930609183418,33.1894046408033,76,0.2332,healthy,90.2634833,26.4079568,88,Siemens,ONAF,2018-10-10,False,False,"Ward No. 12, Substation 192, Bongaigaon",Bongaigaon,IN_SERVICE
9220db69-1a0f-486f-8a76-209e44e7e5f0,100049,SS_101,Kamrup Metro Substation 101,FD_UNKNOWN,Unknown Feeder,25.0,8,False,120.533504481342,91.0674529933923,22,0.7743,warning,91.7463206,26.1390895,145,Siemens,ONAN,2018-02-09,False,False,"Ward No. 3, Substation 101, Kamrup Metro",Kamrup Metro,IN_SERVICE
92391ab1-462a-4744-b8cd-05f6ba877d5b,100817,SS_162,Tinsukia Substation 162,FD_UNKNOWN,Unknown Feeder,315.0,12,True,68.7946196101194,33.6569018473148,73,0.2689,healthy,95.1650112,27.4765764,149,BHEL,ONAN,2014-01-27,False,False,"Ward No. 3, Substation 162, Tinsukia",Tinsukia,IN_SERVICE
923aa6bb-b699-4adf-b7c1-a7df5fc596a1,101344,SS_251,Chirang Substation 251,FD_UNKNOWN,Unknown Feeder,200.0,11,False,69.6834447508217,32.5956674177978,71,0.2802,healthy,90.5515413,26.4929099,35,Voltamp,ONAN,2015-08-21,False,False,"Ward No. 6, Substation 251, Chirang",Chirang,IN_SERVICE
92574262-838f-4ed7-bd2a-9725e0a5d394,100602,SS_135,Cachar Substation 135,FD_UNKNOWN,Unknown Feeder,500.0,23,True,68.0357346067449,32.8533910387484,69,0.3053,healthy,92.7775079,24.9167936,73,BHEL,ONAN,2003-08-14,False,False,"Ward No. 4, Substation 135, Cachar",Cachar,IN_SERVICE
9319a256-411e-488b-8000-0d6f423547f4,101245,SS_231,Dima Hasao Substation 231,FD_UNKNOWN,Unknown Feeder,250.0,11,False,66.7114092029492,33.272899909186,72,0.2766,healthy,93.0128173,25.1672497,62,Siemens,ONAF,2015-02-13,False,False,"Ward No. 14, Substation 231, Dima Hasao",Dima Hasao,IN_SERVICE
f9c323c2-9a98-4847-b4bc-eb89d04d321e,101325,SS_244,Barpeta Substation 244,FD_UNKNOWN,Unknown Feeder,100.0,8,False,68.6985701329111,34.320776908928,73,0.2699,healthy,91.1672137,26.5078672,55,BHEL,ONAN,2018-03-07,False,False,"Ward No. 4, Substation 244, Barpeta",Barpeta,IN_SERVICE
f9ded651-58df-4c2b-9537-9e1aa36a1cc2,100918,SS_173,Lakhimpur Substation 173,FD_UNKNOWN,Unknown Feeder,250.0,17,False,66.0866164623374,34.1847385255415,72,0.2793,healthy,94.1003308,27.2613471,42,ABB,ONAN,2009-06-03,False,False,"Ward No. 14, Substation 173, Lakhimpur",Lakhimpur,IN_SERVICE
fa0a159c-84ac-4098-b1bf-9483a94de6e5,100702,SS_151,Jorhat Substation 151,FD_UNKNOWN,Unknown Feeder,63.0,13,True,65.8016377538199,33.9142855871907,72,0.2704,healthy,94.4514745,26.8378905,133,ABB,ONAN,2013-09-11,False,True,"Ward No. 4, Substation 151, Jorhat",Jorhat,IN_SERVICE
fa4d5b56-a35f-4475-b629-e307ac4d0a6f,100790,SS_162,Tinsukia Substation 162,FD_UNKNOWN,Unknown Feeder,100.0,31,True,66.7393904169547,34.0322479136599,77,0.2259,healthy,95.3614383,27.4882355,59,ABB,ONAN,1995-10-06,False,False,"Ward No. 2, Substation 162, Tinsukia",Tinsukia,IN_SERVICE
fcfcb92a-85c3-4860-a860-c37e3b206c1e,100251,SS_104,Kamrup Metro Substation 104,FD_UNKNOWN,Unknown Feeder,200.0,7,True,65.6420297923935,34.0478073372291,73,0.2614,healthy,91.7552994,26.1767552,97,Crompton,ONAN,2019-02-21,True,False,"Ward No. 4, Substation 104, Kamrup Metro",Kamrup Metro,IN_SERVICE
fd5943e7-ea7a-4d2f-9ad5-d262ddc5105c,2113,SS_133,Cachar Substation 133,FD_UNKNOWN,Unknown Feeder,25.0,15,False,70.7304591492912,33.4763918234116,65,0.3413,healthy,92.5485232,24.9454595,64,Voltamp,ONAF,2011-03-01,False,False,"Ward No. 2, Substation 133, Unknown",Unknown,IN_SERVICE
fdcbfd78-6065-4b5a-92fb-40f08bcc35fa,46,SS_133,Cachar Substation 133,FD_UNKNOWN,Unknown Feeder,63.0,20,True,62.5712544095035,34.0002873464675,72,0.2716,healthy,92.5257821,25.008613,81,Crompton,ONAN,2006-08-14,False,False,"Ward No. 11, Substation 133, Unknown",Unknown,IN_SERVICE
064227f3-d106-4e66-99d9-84e5525ac4fa,101277,SS_241,Nalbari Substation 241,FD_UNKNOWN,Unknown Feeder,250.0,8,True,117.473364572845,92.7635796887876,24,0.7523,warning,91.6290284,26.4282202,92,Voltamp,ONAN,2018-06-03,False,False,"Ward No. 12, Substation 241, Nalbari",Nalbari,IN_SERVICE
091cf1a7-11b3-488b-a95c-07bd6df5bcd8,100437,SS_122,Hojai Substation 122,FD_UNKNOWN,Unknown Feeder,100.0,9,False,67.4047153650443,34.0297774752435,76,0.2383,healthy,92.8058454,26.1393568,27,Voltamp,ONAN,2017-05-03,False,False,"Ward No. 9, Substation 122, Hojai",Hojai,IN_SERVICE
0921e63f-52c2-4cc6-86cc-c0e53aef8e83,100223,SS_104,Kamrup Metro Substation 104,FD_UNKNOWN,Unknown Feeder,25.0,12,False,119.384630161299,89.8928203058321,23,0.7686,warning,91.7468667,26.1805557,30,ABB,ONAN,2014-11-24,False,False,"Ward No. 9, Substation 104, Kamrup Metro",Kamrup Metro,IN_SERVICE
09366509-c42f-4d12-be6d-6437df72db1a,101298,SS_243,Barpeta Substation 243,FD_UNKNOWN,Unknown Feeder,100.0,15,False,69.7730930620698,34.2006343135495,72,0.2713,healthy,91.1605175,26.5039894,84,Voltamp,ONAN,2011-10-14,False,False,"Ward No. 12, Substation 243, Barpeta",Barpeta,IN_SERVICE
11fdc435-550a-4d04-8794-3ed84295666c,100212,SS_103,Kamrup Metro Substation 103,FD_UNKNOWN,Unknown Feeder,100.0,13,True,63.6186424077693,33.1513294691604,78,0.2133,healthy,91.7793794,26.1665774,127,Crompton,ONAN,2013-05-19,False,False,"Ward No. 14, Substation 103, Kamrup Metro",Kamrup Metro,IN_SERVICE
133fd767-3d02-4db1-a69a-288561254e43,100735,SS_153,Majuli Substation 153,FD_UNKNOWN,Unknown Feeder,500.0,11,False,67.2262649554362,33.797836035534,70,0.2965,healthy,94.208063,26.7621573,84,Crompton,ONAF,2015-10-09,False,False,"Ward No. 2, Substation 153, Majuli",Majuli,IN_SERVICE
1355cb5e-1975-43a7-b075-b8a31f1fec21,1057,SS_133,Cachar Substation 133,FD_UNKNOWN,Unknown Feeder,25.0,15,False,68.9469766589772,33.5447570629122,68,0.317,healthy,92.723572,24.870244,137,Voltamp,ONAF,2011-05-02,False,False,"Ward No. 11, Substation 133, Unknown",Unknown,IN_SERVICE
1c8b7639-8ae8-41c2-b1cf-077b4679f5be,100450,SS_122,Hojai Substation 122,FD_UNKNOWN,Unknown Feeder,100.0,7,True,68.4602520006199,33.3485231308039,73,0.264,healthy,92.714374,26.3666002,131,Voltamp,ONAN,2019-02-15,False,False,"Ward No. 2, Substation 122, Hojai",Hojai,IN_SERVICE
1d0966d3-3d30-44ed-8947-ed078853bb58,100831,SS_163,Dibrugarh Substation 163,FD_UNKNOWN,Unknown Feeder,250.0,15,True,64.5012387117966,33.4131645797646,73,0.2669,healthy,95.3160574,27.3534419,63,BHEL,ONAF,2011-11-13,True,False,"Ward No. 11, Substation 163, Dibrugarh",Dibrugarh,IN_SERVICE
2ad62388-497c-4673-8a29-1f15e079de04,101360,SS_252,Chirang Substation 252,FD_UNKNOWN,Unknown Feeder,100.0,36,False,67.4507029678796,33.9694661425549,76,0.2395,healthy,90.5150881,26.4815876,84,Voltamp,ONAF,1990-08-16,False,False,"Ward No. 9, Substation 252, Chirang",Chirang,IN_SERVICE
2c7e79d1-caf6-463b-bb54-d8c3907dbb7b,100983,SS_182,Sonitpur Substation 182,FD_UNKNOWN,Unknown Feeder,25.0,23,True,68.9966790400916,33.6251411191822,70,0.2969,healthy,92.477102,26.7042538,47,Siemens,ONAF,2003-09-12,False,False,"Ward No. 14, Substation 182, Sonitpur",Sonitpur,IN_SERVICE
2c984da0-aa5a-48fb-a809-7d3c6ce8bc61,100679,SS_151,Jorhat Substation 151,FD_UNKNOWN,Unknown Feeder,315.0,17,True,64.4390034900913,34.7667061270367,73,0.2636,healthy,94.208063,26.7621573,114,BHEL,ONAN,2009-06-18,False,True,"Ward No. 3, Substation 151, Jorhat",Jorhat,IN_SERVICE
2da91934-8299-4139-9745-ff04f70f62a0,100270,SS_105,Kamrup Metro Substation 105,FD_UNKNOWN,Unknown Feeder,200.0,13,False,65.1448252546498,33.9116410187511,75,0.2497,healthy,91.8118054,26.158658,25,ABB,ONAN,2013-11-16,False,False,"Ward No. 5, Substation 105, Kamrup Metro",Kamrup Metro,IN_SERVICE
2dc35fc0-6471-406b-aa70-ae5eb122a824,100743,SS_153,Majuli Substation 153,FD_UNKNOWN,Unknown Feeder,100.0,8,True,67.4398264705868,33.6231352159598,75,0.2466,healthy,94.1092315,27.1401547,145,Siemens,ONAF,2018-07-05,False,False,"Ward No. 12, Substation 153, Majuli",Majuli,IN_SERVICE
2ddc18fb-3841-4872-9fd0-82014dc67a41,101357,SS_252,Chirang Substation 252,FD_UNKNOWN,Unknown Feeder,63.0,12,True,63.5843989826191,34.1956480787289,72,0.2713,healthy,90.5242498,26.4749824,54,Crompton,ONAF,2014-08-25,False,False,"Ward No. 2, Substation 252, Chirang",Chirang,IN_SERVICE
2e24b1c7-fa3d-4a9f-8254-f56892046ef5,100347,SS_111,Kamrup Substation 111,FD_UNKNOWN,Unknown Feeder,500.0,8,False,64.3312770733374,33.2744927007959,70,0.2927,healthy,91.460925,26.4579424,130,Crompton,ONAN,2018-10-04,True,False,"Ward No. 6, Substation 111, Kamrup",Kamrup,IN_SERVICE
2e3e8667-b6b6-4f01-b56d-78d9d4af20e1,100083,SS_102,Kamrup Metro Substation 102,FD_UNKNOWN,Unknown Feeder,25.0,14,False,63.6814555499949,33.7806463233383,73,0.2685,healthy,91.7403051,26.171787,67,Siemens,ONAN,2012-02-18,False,False,"Ward No. 7, Substation 102, Kamrup Metro",Kamrup Metro,IN_SERVICE
2e9451b7-90ab-4d9a-8b7e-2d1ed78ae5c6,101222,SS_221,Karbi Anglong Substation 221,FD_UNKNOWN,Unknown Feeder,200.0,19,False,67.2233195843476,34.1579525647322,71,0.2835,healthy,93.6997341,25.9027127,66,Crompton,ONAN,2007-01-23,False,False,"Ward No. 9, Substation 221, Karbi Anglong",Karbi Anglong,IN_SERVICE
2eae18bf-5351-4d5a-bdf8-73a10d14b625,100892,SS_171,Lakhimpur Substation 171,FD_UNKNOWN,Unknown Feeder,250.0,34,True,121.621696367964,91.9567484004274,24,0.7542,warning,94.208063,26.7621573,120,Voltamp,ONAF,1992-07-04,False,False,"Ward No. 5, Substation 171, Lakhimpur",Lakhimpur,IN_SERVICE
2ec08bdf-108d-4af7-b251-f6cb014aa31b,100711,SS_151,Jorhat Substation 151,FD_UNKNOWN,Unknown Feeder,315.0,12,False,67.5252428322924,34.3042104258677,75,0.2437,healthy,94.5231699,26.8090845,44,Crompton,ONAN,2014-01-16,False,False,"Ward No. 9, Substation 151, Jorhat",Jorhat,IN_SERVICE
2f04c70a-138f-48e5-af9e-dda333b0d49b,100830,SS_163,Dibrugarh Substation 163,FD_UNKNOWN,Unknown Feeder,250.0,4,False,68.7456565659344,33.788847100382,73,0.2646,healthy,95.2875862,27.363996,104,Siemens,ONAN,2022-11-11,False,False,"Ward No. 4, Substation 163, Dibrugarh",Dibrugarh,IN_SERVICE
2f0a19f8-7946-4a31-a3a1-b0ae741726e0,100445,SS_122,Hojai Substation 122,FD_UNKNOWN,Unknown Feeder,100.0,12,False,67.1634361320269,33.6819358738448,75,0.2448,healthy,93.1749268,25.7622761,59,Crompton,ONAN,2014-11-07,False,False,"Ward No. 10, Substation 122, Hojai",Hojai,IN_SERVICE
2f2c4f48-1648-43c0-9134-c8fd7bfd06d7,101021,SS_191,Goalpara Substation 191,FD_UNKNOWN,Unknown Feeder,500.0,40,True,120.812991179133,93.5882491616764,18,0.812,warning,90.5242498,26.4749824,107,Crompton,ONAN,1986-05-14,False,False,"Ward No. 4, Substation 191, Goalpara",Goalpara,IN_SERVICE
ac9ddb37-6b03-4348-b4e9-7f3177dde618,101248,SS_231,Dima Hasao Substation 231,FD_UNKNOWN,Unknown Feeder,100.0,39,False,66.8457450730568,33.519791040926,75,0.2465,healthy,93.0115688,25.1797324,92,Siemens,ONAN,1987-01-27,False,False,"Ward No. 12, Substation 231, Dima Hasao",Dima Hasao,IN_SERVICE
2f8df345-b3fb-4b81-a689-ce47acf8219d,100001,SS_101,Kamrup Metro Substation 101,FD_UNKNOWN,Unknown Feeder,63.0,16,False,67.0166638792209,33.1133580047659,70,0.293,healthy,91.7539039,26.1852961,28,Siemens,ONAN,2010-01-14,False,False,"Ward No. 13, Substation 101, Kamrup Metro",Kamrup Metro,IN_SERVICE
ae23be07-a36f-4920-89b1-7cf396de43e9,100339,SS_111,Kamrup Substation 111,FD_UNKNOWN,Unknown Feeder,200.0,10,True,65.8374470305901,33.0827964276327,74,0.2545,healthy,91.5759267,26.4406198,28,Crompton,ONAF,2016-11-25,False,True,"Ward No. 8, Substation 111, Kamrup",Kamrup,IN_SERVICE
3112eeea-a6a4-4c27-bd4f-98884651dfa0,100913,SS_172,Dhemaji Substation 172,FD_UNKNOWN,Unknown Feeder,250.0,23,False,68.5311765485186,33.5080603335427,72,0.2714,healthy,94.9275696,27.4777155,28,ABB,ONAF,2003-10-01,False,False,"Ward No. 13, Substation 172, Dhemaji",Dhemaji,IN_SERVICE
347abf14-e581-4569-a7e9-cb0300a14335,101351,SS_251,Chirang Substation 251,FD_UNKNOWN,Unknown Feeder,200.0,29,False,63.9932583919201,33.9799344954562,77,0.2253,healthy,90.4903363,26.5254284,47,Siemens,ONAF,1997-10-08,False,False,"Ward No. 2, Substation 251, Chirang",Chirang,IN_SERVICE
b0e6b3dc-b53c-41f7-b268-7c5405ced25a,112,SS_133,Cachar Substation 133,FD_UNKNOWN,Unknown Feeder,16.0,21,False,66.0399373978021,33.0817927437093,67,0.3295,healthy,92.5581733,24.964695,63,Siemens,ONAN,2005-07-05,False,False,"Ward No. 7, Substation 133, Unknown",Unknown,IN_SERVICE
b194a0f3-603f-4369-b7f9-b4e3203c9936,100235,SS_104,Kamrup Metro Substation 104,FD_UNKNOWN,Unknown Feeder,500.0,26,True,66.9121581837225,33.0356053978451,69,0.302,healthy,91.7470568,26.1653519,61,Siemens,ONAF,2000-07-05,False,False,"Ward No. 10, Substation 104, Kamrup Metro",Kamrup Metro,IN_SERVICE
b4e2e541-4110-46f3-a3dd-5c4c9efac1e8,100261,SS_104,Kamrup Metro Substation 104,FD_UNKNOWN,Unknown Feeder,63.0,10,True,67.6501239881951,33.3866074730907,70,0.2942,healthy,91.7691448,26.1641904,65,Voltamp,ONAN,2016-03-25,False,False,"Ward No. 12, Substation 104, Kamrup Metro",Kamrup Metro,IN_SERVICE
b4e6347f-d450-4289-be99-47edf221fab9,100538,SS_133,Cachar Substation 133,FD_UNKNOWN,Unknown Feeder,100.0,11,False,63.660640609653,33.0130128763453,75,0.2402,healthy,92.4660981,24.581089,22,BHEL,ONAN,2015-09-20,False,False,"Ward No. 11, Substation 133, Cachar",Cachar,IN_SERVICE
b76945b5-45c8-4ca9-81a2-0b0f611a6826,100376,SS_112,Kamrup Substation 112,FD_UNKNOWN,Unknown Feeder,100.0,23,False,65.5387769755848,33.0367438179903,72,0.2763,healthy,90.624388,26.176516,90,Voltamp,ONAF,2003-10-09,False,False,"Ward No. 10, Substation 112, Kamrup",Kamrup,IN_SERVICE
3741cea4-405d-419e-a492-bb80d6c06a2f,101121,SS_201,Sivasagar Substation 201,FD_UNKNOWN,Unknown Feeder,25.0,27,True,65.4011376635893,33.8475672752445,71,0.2855,healthy,94.3929407,26.8190657,141,Siemens,ONAN,1999-09-20,False,False,"Ward No. 11, Substation 201, Sivasagar",Sivasagar,IN_SERVICE
38399dc7-bb40-4614-a9ad-c6c1cfe5c834,100800,SS_162,Tinsukia Substation 162,FD_UNKNOWN,Unknown Feeder,25.0,15,False,66.6873257745606,33.920393933324,68,0.3117,healthy,95.3429761,27.4825947,135,BHEL,ONAF,2011-10-23,False,True,"Ward No. 2, Substation 162, Tinsukia",Tinsukia,IN_SERVICE
385c71d5-f3bb-4cca-8497-a12d03175b88,101211,SS_212,Morigaon Substation 212,FD_UNKNOWN,Unknown Feeder,200.0,11,True,64.4361696479148,33.4932745983168,73,0.264,healthy,92.3923023,26.4524994,100,Siemens,ONAF,2015-11-02,False,False,"Ward No. 3, Substation 212, Morigaon",Morigaon,IN_SERVICE
38889880-b477-4252-a8cf-3020f698c5e1,100872,SS_171,Lakhimpur Substation 171,FD_UNKNOWN,Unknown Feeder,100.0,9,False,68.3339624120083,33.9987780968097,77,0.2258,healthy,93.969945,27.3041101,90,ABB,ONAN,2017-09-16,False,False,"Ward No. 7, Substation 171, Lakhimpur",Lakhimpur,IN_SERVICE
388b2bac-4ce2-430b-8564-81bac07b8a01,101140,SS_202,Golaghat Substation 202,FD_UNKNOWN,Unknown Feeder,250.0,16,False,65.9637799491724,33.327017337416,74,0.2585,healthy,94.1326737,26.449904,93,Crompton,ONAN,2010-09-07,False,True,"Ward No. 5, Substation 202, Golaghat",Golaghat,IN_SERVICE
388fb673-1580-4150-947f-76b5cad42b9c,2138,SS_133,Cachar Substation 133,FD_UNKNOWN,Unknown Feeder,63.0,15,True,64.4032004173619,33.6412850005581,73,0.2617,healthy,92.471702,24.9622032,76,Voltamp,ONAN,2011-03-27,False,False,"Ward No. 1, Substation 133, Unknown",Unknown,IN_SERVICE
48e045e2-54a5-413f-bcf2-e22f6ff2c4f6,100563,SS_134,Cachar Substation 134,FD_UNKNOWN,Unknown Feeder,250.0,12,False,63.5625988686488,34.2064295544508,76,0.2356,healthy,92.3699007,24.8620579,92,Siemens,ONAN,2014-07-07,False,False,"Ward No. 2, Substation 134, Cachar",Cachar,IN_SERVICE
4914b646-c999-438c-9e35-50d28f9606f3,100502,SS_133,Cachar Substation 133,FD_UNKNOWN,Unknown Feeder,100.0,7,True,65.1754735866634,33.5638860989318,77,0.2264,healthy,92.8351285,24.90889,93,ABB,ONAF,2019-02-23,False,True,"Ward No. 13, Substation 133, Cachar",Cachar,IN_SERVICE
49882c8e-a27f-4f99-ab3b-62b878801b8b,100005,SS_101,Kamrup Metro Substation 101,FD_UNKNOWN,Unknown Feeder,100.0,34,True,67.2715625293698,33.9012972054222,73,0.2653,healthy,91.7618154,26.1713757,77,Siemens,ONAN,1992-07-25,False,False,"Ward No. 12, Substation 101, Kamrup Metro",Kamrup Metro,IN_SERVICE
4a35bbc0-5ab6-46d0-9e91-ec8781086b4a,100136,SS_102,Kamrup Metro Substation 102,FD_UNKNOWN,Unknown Feeder,25.0,8,False,63.5856690804707,33.9765939697221,73,0.2642,healthy,91.7676438,26.1773154,110,Crompton,ONAF,2018-02-12,False,False,"Ward No. 3, Substation 102, Kamrup Metro",Kamrup Metro,IN_SERVICE
4a71dafb-640d-4c71-b454-165fa370d4c3,2140,SS_133,Cachar Substation 133,FD_UNKNOWN,Unknown Feeder,63.0,6,False,66.8790812671804,33.8116061542188,72,0.2774,healthy,92.6922736,24.9024318,34,Crompton,ONAN,2020-07-22,False,False,"Ward No. 14, Substation 133, Unknown",Unknown,IN_SERVICE
4ac4b20a-d2e3-419e-a991-7b0f157728b2,100717,SS_152,Jorhat Substation 152,FD_UNKNOWN,Unknown Feeder,250.0,6,False,119.91505322522,91.735024679325,24,0.7511,warning,94.1876136,26.6456268,29,Crompton,ONAF,2020-06-03,False,False,"Ward No. 1, Substation 152, Jorhat",Jorhat,IN_SERVICE
b837b304-0ba9-496c-b52d-7e1141a64759,100964,SS_181,Sonitpur Substation 181,FD_UNKNOWN,Unknown Feeder,63.0,29,False,63.7455886493986,33.1112407107917,70,0.2913,healthy,93.1126221,26.5791344,29,Voltamp,ONAN,1997-01-23,True,False,"Ward No. 6, Substation 181, Sonitpur",Sonitpur,IN_SERVICE
b93a21b1-f56c-4f5b-a6c3-ea9fbec2f14c,100846,SS_163,Dibrugarh Substation 163,FD_UNKNOWN,Unknown Feeder,200.0,14,False,68.8134975564611,33.2637445854782,73,0.2665,healthy,95.343233,27.4981589,72,BHEL,ONAF,2012-10-19,False,False,"Ward No. 12, Substation 163, Dibrugarh",Dibrugarh,IN_SERVICE
b9633971-6e3a-45dd-85d6-32c6c3bdebf5,461,SS_133,Cachar Substation 133,FD_UNKNOWN,Unknown Feeder,25.0,16,False,67.1768290947107,33.6562940864047,66,0.3371,healthy,92.4782,24.9882,111,Voltamp,ONAN,2010-11-16,True,True,"Ward No. 5, Substation 133, Unknown",Unknown,IN_SERVICE
ba6bb93d-b0dd-4e37-80c7-46a1253da254,100113,SS_102,Kamrup Metro Substation 102,FD_UNKNOWN,Unknown Feeder,315.0,10,False,65.2721687171573,33.1796271042586,73,0.2622,healthy,91.7190636,26.1090489,54,Crompton,ONAN,2016-10-13,True,False,"Ward No. 8, Substation 102, Kamrup Metro",Kamrup Metro,IN_SERVICE
bbead474-e469-4bb7-9fb3-38cd5c7eb6f9,462,SS_133,Cachar Substation 133,FD_UNKNOWN,Unknown Feeder,25.0,10,True,65.1873610159811,33.9392683429935,70,0.2924,healthy,92.5999867,24.9542733,70,Crompton,ONAF,2016-10-08,False,False,"Ward No. 7, Substation 133, Unknown",Unknown,IN_SERVICE
bc390714-5515-4183-a50f-693a81259691,100459,SS_123,Hojai Substation 123,FD_UNKNOWN,Unknown Feeder,200.0,21,False,69.3508045733616,32.9735225847422,70,0.2957,healthy,92.9551526,25.9175556,22,Siemens,ONAF,2005-06-03,False,False,"Ward No. 13, Substation 123, Hojai",Hojai,IN_SERVICE
4acc5282-04c6-4650-9922-8c23ff25b79a,100564,SS_134,Cachar Substation 134,FD_UNKNOWN,Unknown Feeder,200.0,22,False,64.6387039990064,34.3676410163849,74,0.258,healthy,92.371854,24.871633,129,BHEL,ONAF,2004-02-11,False,False,"Ward No. 10, Substation 134, Cachar",Cachar,IN_SERVICE
5091fc23-d72b-4324-b0b1-40d8ecfad636,101011,SS_191,Goalpara Substation 191,FD_UNKNOWN,Unknown Feeder,315.0,21,True,69.4952383934815,33.8745589064737,72,0.2719,healthy,90.3944379,26.1020669,83,Siemens,ONAF,2005-01-21,False,False,"Ward No. 4, Substation 191, Goalpara",Goalpara,IN_SERVICE
52c5fc24-d5b9-4e30-9d61-59a49180dab2,2191,SS_133,Cachar Substation 133,FD_UNKNOWN,Unknown Feeder,25.0,7,True,65.8191572902306,34.8490744881117,69,0.3007,healthy,92.6476307,24.875515,118,ABB,ONAN,2019-01-18,False,False,"Ward No. 11, Substation 133, Unknown",Unknown,IN_SERVICE
52e7c327-f44c-4f7f-9947-29ef0a1148eb,100000,SS_101,Kamrup Metro Substation 101,FD_UNKNOWN,Unknown Feeder,100.0,24,True,62.6252654949556,34.5376999373578,76,0.2328,healthy,91.8040736,26.1781709,113,BHEL,ONAF,2002-11-12,False,False,"Ward No. 5, Substation 101, Kamrup Metro",Kamrup Metro,IN_SERVICE
530619d2-1dd2-404e-befe-a029514104c3,100443,SS_122,Hojai Substation 122,FD_UNKNOWN,Unknown Feeder,200.0,15,False,65.2335561717889,33.6359366934574,78,0.2137,healthy,93.1341127,26.2015666,61,Crompton,ONAN,2011-03-15,False,False,"Ward No. 12, Substation 122, Hojai",Hojai,IN_SERVICE
532303bd-35e2-4a0b-ba6a-314e0e646582,471,SS_133,Cachar Substation 133,FD_UNKNOWN,Unknown Feeder,25.0,21,True,66.7257429273712,34.1682643111338,72,0.2711,healthy,92.4497036,24.9887397,76,BHEL,ONAN,2005-04-11,False,False,"Ward No. 2, Substation 133, Unknown",Unknown,IN_SERVICE
533dce0d-c428-4ab1-a127-ac73a0739b5e,100991,SS_183,Biswanath Substation 183,FD_UNKNOWN,Unknown Feeder,200.0,16,True,65.1031155781844,33.3246791085333,72,0.271,healthy,93.1564826,26.5893714,103,Crompton,ONAF,2010-10-18,False,False,"Ward No. 12, Substation 183, Biswanath",Biswanath,IN_SERVICE
55dd4209-bddd-4418-ba0b-ece1ebf34637,2014,SS_133,Cachar Substation 133,FD_UNKNOWN,Unknown Feeder,25.0,12,False,64.1599389267658,33.6763556316981,69,0.3099,healthy,92.5928227,24.8912615,103,Voltamp,ONAN,2014-05-12,False,True,"Ward No. 6, Substation 133, Unknown",Unknown,IN_SERVICE
58b4ed1c-2a00-4e38-9209-898547c085c4,100731,SS_153,Majuli Substation 153,FD_UNKNOWN,Unknown Feeder,500.0,37,False,65.6296023469465,34.3029731207328,69,0.3003,healthy,94.1580672,26.9764157,82,Crompton,ONAF,1989-01-14,False,False,"Ward No. 3, Substation 153, Majuli",Majuli,IN_SERVICE
5a24a20b-c9f3-49a5-a427-0fdab1f1041a,100384,SS_121,Nagaon Substation 121,FD_UNKNOWN,Unknown Feeder,63.0,15,True,64.2470201022748,34.2201956732643,73,0.2615,healthy,92.7130899,26.3658031,78,BHEL,ONAF,2011-05-13,False,True,"Ward No. 13, Substation 121, Nagaon",Nagaon,IN_SERVICE
5c7f18d9-2e06-4914-a757-2aa5498ca4e8,100253,SS_104,Kamrup Metro Substation 104,FD_UNKNOWN,Unknown Feeder,100.0,16,True,69.5019834131423,33.8825253671411,73,0.2699,healthy,91.7560047,26.1854972,109,ABB,ONAN,2010-11-16,False,True,"Ward No. 9, Substation 104, Kamrup Metro",Kamrup Metro,IN_SERVICE
5ce4f1ec-34b3-4c35-b3dc-1490853e69d3,100474,SS_123,Hojai Substation 123,FD_UNKNOWN,Unknown Feeder,100.0,8,False,68.1633010908221,33.7833262935748,72,0.2709,healthy,93.038688,26.1128743,148,ABB,ONAN,2018-03-12,False,False,"Ward No. 6, Substation 123, Hojai",Hojai,IN_SERVICE
5dd9b000-c376-453e-a7ea-39becce39086,100967,SS_182,Sonitpur Substation 182,FD_UNKNOWN,Unknown Feeder,250.0,13,False,121.545816679345,90.7939259229718,24,0.752,warning,92.5577894,26.8602879,92,Voltamp,ONAN,2013-06-01,False,True,"Ward No. 7, Substation 182, Sonitpur",Sonitpur,IN_SERVICE
c195b659-71a7-4343-8d9b-638789af87bf,101191,SS_211,Darrang Substation 211,FD_UNKNOWN,Unknown Feeder,100.0,21,False,66.9286229887037,33.1467386505713,73,0.2688,healthy,91.8199646,26.1788619,120,Siemens,ONAN,2005-08-04,False,False,"Ward No. 1, Substation 211, Darrang",Darrang,IN_SERVICE
c1cd517f-606b-4289-b24f-5d9eadb0d9ef,100243,SS_104,Kamrup Metro Substation 104,FD_UNKNOWN,Unknown Feeder,500.0,12,False,65.3475616778465,33.8800043160733,71,0.2899,healthy,91.6112114,26.0986418,44,Voltamp,ONAF,2014-04-07,False,False,"Ward No. 4, Substation 104, Kamrup Metro",Kamrup Metro,IN_SERVICE
c1ed15ea-af41-40f5-b1d0-ddfe68b01880,100010,SS_101,Kamrup Metro Substation 101,FD_UNKNOWN,Unknown Feeder,100.0,19,False,67.5717046711759,33.1665636089055,74,0.2502,healthy,91.7994256,26.1392003,138,Siemens,ONAF,2007-03-21,False,False,"Ward No. 4, Substation 101, Kamrup Metro",Kamrup Metro,IN_SERVICE
c2bea4ef-a6f5-40a1-88dd-eef6faa45941,1025,SS_133,Cachar Substation 133,FD_UNKNOWN,Unknown Feeder,25.0,8,False,64.6848064360031,33.9101776987567,69,0.3006,healthy,92.4918628,24.9330799,63,Siemens,ONAF,2018-03-09,False,False,"Ward No. 8, Substation 133, Unknown",Unknown,IN_SERVICE
c2bf642b-3d6a-49f5-86d9-5493c65b1585,100690,SS_151,Jorhat Substation 151,FD_UNKNOWN,Unknown Feeder,500.0,14,False,67.8591401007149,33.6948779347073,70,0.2953,healthy,94.1876136,26.6456268,28,Voltamp,ONAF,2012-08-09,False,True,"Ward No. 3, Substation 151, Jorhat",Jorhat,IN_SERVICE
c2d5fb6c-0782-4910-a204-12415878425e,101243,SS_222,Karbi Anglong Substation 222,FD_UNKNOWN,Unknown Feeder,100.0,6,False,66.4988679917915,33.8893346847174,73,0.2638,healthy,92.6537353,26.1671521,102,Siemens,ONAN,2020-09-25,False,False,"Ward No. 3, Substation 222, Karbi Anglong",Karbi Anglong,IN_SERVICE
c769dc14-102b-4d12-b515-dc434c8d6fed,100390,SS_121,Nagaon Substation 121,FD_UNKNOWN,Unknown Feeder,100.0,8,False,64.7284243209074,34.1231096818624,75,0.2477,healthy,92.8179123,26.4671094,92,Siemens,ONAN,2018-03-07,False,False,"Ward No. 6, Substation 121, Nagaon",Nagaon,IN_SERVICE
c7926eab-5662-4853-bb79-f82b05c16738,101317,SS_244,Barpeta Substation 244,FD_UNKNOWN,Unknown Feeder,25.0,9,False,67.5825818375452,33.5957869862561,67,0.33,healthy,90.9669256,26.4709812,116,Crompton,ONAN,2017-03-14,False,False,"Ward No. 14, Substation 244, Barpeta",Barpeta,IN_SERVICE
c835c73a-5476-4f8c-bcfd-1866e7169349,100089,SS_102,Kamrup Metro Substation 102,FD_UNKNOWN,Unknown Feeder,63.0,22,True,66.4782435055516,33.7415405553939,71,0.2879,healthy,91.709909,26.1610218,49,BHEL,ONAF,2004-01-07,False,False,"Ward No. 1, Substation 102, Kamrup Metro",Kamrup Metro,IN_SERVICE
c990bf41-0060-4977-b9f7-718331ab8667,101215,SS_221,Karbi Anglong Substation 221,FD_UNKNOWN,Unknown Feeder,100.0,23,False,65.9359137868163,34.0443346758434,75,0.25,healthy,93.4331672,25.8429968,139,Siemens,ONAN,2003-10-11,True,False,"Ward No. 14, Substation 221, Karbi Anglong",Karbi Anglong,IN_SERVICE
ca2e8c49-0bae-4892-89dd-bbd73cc7d738,2144,SS_133,Cachar Substation 133,FD_UNKNOWN,Unknown Feeder,25.0,10,False,67.0865227468648,33.7108598098999,70,0.2953,healthy,92.5022417,25.0098,81,Siemens,ONAN,2016-09-09,False,False,"Ward No. 2, Substation 133, Unknown",Unknown,IN_SERVICE
bc8811da-42ed-45a8-9703-7493a48805de,100638,SS_141,Hailakandi Substation 141,FD_UNKNOWN,Unknown Feeder,63.0,8,False,64.8678270488385,33.784756718234,73,0.2683,healthy,92.6156299,24.8562143,114,Voltamp,ONAF,2018-04-11,False,False,"Ward No. 11, Substation 141, Hailakandi",Hailakandi,IN_SERVICE
bd96b718-354f-4094-8529-b3a4269798c0,101054,SS_192,Bongaigaon Substation 192,FD_UNKNOWN,Unknown Feeder,250.0,10,False,68.1091710158929,32.9670975850179,70,0.2901,healthy,90.2643663,26.4029386,68,ABB,ONAN,2016-08-24,False,False,"Ward No. 5, Substation 192, Bongaigaon",Bongaigaon,IN_SERVICE
bec7eac9-8156-49f4-bc26-6977074e8940,2121,SS_133,Cachar Substation 133,FD_UNKNOWN,Unknown Feeder,25.0,11,False,68.4243350262492,33.3923238607881,70,0.2998,healthy,92.4866441,24.9576266,62,Voltamp,ONAN,2015-04-18,False,False,"Ward No. 3, Substation 133, Unknown",Unknown,IN_SERVICE
bfb4bf7b-802b-445c-bbb0-9d54f7174ee4,100420,SS_121,Nagaon Substation 121,FD_UNKNOWN,Unknown Feeder,25.0,6,False,67.1551641185524,33.5886316505131,69,0.3077,healthy,92.7876709,26.6555774,135,ABB,ONAN,2020-02-20,False,False,"Ward No. 1, Substation 121, Nagaon",Nagaon,IN_SERVICE
d4d4f342-6584-4593-be8a-0e237f0c1cb7,100853,SS_164,Dibrugarh Substation 164,FD_UNKNOWN,Unknown Feeder,200.0,16,True,65.7984629886882,33.1330640816846,71,0.2804,healthy,95.2875862,27.363996,75,BHEL,ONAF,2010-04-14,False,False,"Ward No. 6, Substation 164, Dibrugarh",Dibrugarh,IN_SERVICE
d51d4d51-80ae-4ed5-851e-76d4cf44a9ff,2198,SS_133,Cachar Substation 133,FD_UNKNOWN,Unknown Feeder,63.0,7,False,68.5751722777349,33.8105041026312,70,0.2913,healthy,92.6142721,24.917309,34,BHEL,ONAF,2019-07-10,True,False,"Ward No. 11, Substation 133, Unknown",Unknown,IN_SERVICE
d91f35a1-6b98-4767-b63f-c79f01d2c52f,100206,SS_103,Kamrup Metro Substation 103,FD_UNKNOWN,Unknown Feeder,100.0,12,False,65.223250595659,34.354120731886,74,0.2559,healthy,91.7539031,26.1854327,50,ABB,ONAN,2014-01-03,False,False,"Ward No. 3, Substation 103, Kamrup Metro",Kamrup Metro,IN_SERVICE
e0c8c410-5222-4229-9d8d-423aacd43d10,521,SS_133,Cachar Substation 133,FD_UNKNOWN,Unknown Feeder,63.0,20,True,66.9498290979537,33.7644942294611,71,0.29,healthy,92.5910217,24.9252267,33,ABB,ONAN,2006-02-07,True,False,"Ward No. 13, Substation 133, Unknown",Unknown,IN_SERVICE
e2343920-4526-494b-b7a4-42c00f53a1e4,241,SS_133,Cachar Substation 133,FD_UNKNOWN,Unknown Feeder,25.0,9,False,119.074626625351,93.650412044979,22,0.7763,warning,92.4609219,24.9997139,52,Crompton,ONAN,2017-10-09,False,False,"Ward No. 8, Substation 133, Unknown",Unknown,IN_SERVICE
e41d2e31-32c1-4d0d-a5fc-d52a99435edc,101147,SS_202,Golaghat Substation 202,FD_UNKNOWN,Unknown Feeder,315.0,11,False,67.7686751756437,33.7019046015923,72,0.2701,healthy,94.1924442,26.594792,135,Crompton,ONAN,2015-05-21,False,False,"Ward No. 11, Substation 202, Golaghat",Golaghat,IN_SERVICE
e435e336-233f-479a-954b-ea47922ed102,100879,SS_171,Lakhimpur Substation 171,FD_UNKNOWN,Unknown Feeder,200.0,45,True,66.6270037161782,34.0714957299165,75,0.247,healthy,93.8661852,26.9666701,30,ABB,ONAF,1981-01-20,False,False,"Ward No. 8, Substation 171, Lakhimpur",Lakhimpur,IN_SERVICE
e5d80598-ba6d-450c-b192-353cf9b15bde,100592,SS_135,Cachar Substation 135,FD_UNKNOWN,Unknown Feeder,200.0,19,False,65.5831735294485,34.3941886241891,74,0.2504,healthy,93.0637604,24.8821819,98,Crompton,ONAN,2007-08-27,False,False,"Ward No. 3, Substation 135, Cachar",Cachar,IN_SERVICE
e7433d86-2f76-4a6d-9669-f5734bf041c3,101285,SS_242,Baksa Substation 242,FD_UNKNOWN,Unknown Feeder,25.0,15,False,68.5308880473975,33.3871018513445,68,0.3117,healthy,91.1744098,26.6362219,134,Siemens,ONAN,2011-09-03,False,False,"Ward No. 12, Substation 242, Baksa",Baksa,IN_SERVICE
e7eba2d4-dab3-47ed-83f9-a0657079050e,190,SS_133,Cachar Substation 133,FD_UNKNOWN,Unknown Feeder,16.0,18,False,68.1237743817646,34.0370540136974,70,0.2951,healthy,92.4374547,24.96872,98,BHEL,ONAN,2008-01-01,True,False,"Ward No. 1, Substation 133, Unknown",Unknown,IN_SERVICE
e82bf980-c2cc-42f1-95a3-ff90805a625d,100534,SS_133,Cachar Substation 133,FD_UNKNOWN,Unknown Feeder,25.0,17,True,65.7427238465065,34.3895817139883,70,0.2906,healthy,92.6140897,24.5163595,130,Voltamp,ONAF,2009-09-16,False,False,"Ward No. 7, Substation 133, Cachar",Cachar,IN_SERVICE
e82c3836-694e-4398-8eb5-7fb2f8db3397,101107,SS_201,Sivasagar Substation 201,FD_UNKNOWN,Unknown Feeder,100.0,12,True,66.4876910534519,33.8120443991622,74,0.2594,healthy,94.8284735,27.0258483,58,ABB,ONAN,2014-07-16,False,True,"Ward No. 3, Substation 201, Sivasagar",Sivasagar,IN_SERVICE
e879caa2-8a25-49d4-aed9-385b63fb426f,101346,SS_251,Chirang Substation 251,FD_UNKNOWN,Unknown Feeder,200.0,9,False,67.5788885059439,33.9847759273543,73,0.2694,healthy,90.764245,26.374117,147,Siemens,ONAN,2017-06-06,False,False,"Ward No. 11, Substation 251, Chirang",Chirang,IN_SERVICE
e8d16644-58d2-4fdd-a9ad-d64f48d78d97,100763,SS_161,Dibrugarh Substation 161,FD_UNKNOWN,Unknown Feeder,100.0,13,True,66.4941366969789,33.7779340295055,77,0.2284,healthy,94.9771994,27.45783,147,Siemens,ONAF,2013-11-24,False,True,"Ward No. 14, Substation 161, Dibrugarh",Dibrugarh,IN_SERVICE
e9019309-ae94-4370-9f5e-979c62ccadc6,100916,SS_173,Lakhimpur Substation 173,FD_UNKNOWN,Unknown Feeder,100.0,30,True,67.6923413846879,34.8803353604547,77,0.2237,healthy,94.0174109,27.2727496,83,ABB,ONAN,1996-03-24,False,False,"Ward No. 10, Substation 173, Lakhimpur",Lakhimpur,IN_SERVICE
e92b4037-791f-481f-8676-15b35cbc5b4c,100077,SS_101,Kamrup Metro Substation 101,FD_UNKNOWN,Unknown Feeder,100.0,17,True,63.5980131656453,33.8671127094839,76,0.238,healthy,91.6674002,26.1495333,132,ABB,ONAN,2009-10-12,False,False,"Ward No. 12, Substation 101, Kamrup Metro",Kamrup Metro,IN_SERVICE
e959db59-904d-4e36-bffb-6415fb238c97,101109,SS_201,Sivasagar Substation 201,FD_UNKNOWN,Unknown Feeder,100.0,9,False,120.946511574344,94.1011790106396,25,0.7423,warning,94.4944172,26.8555297,46,Siemens,ONAN,2017-11-21,False,False,"Ward No. 8, Substation 201, Sivasagar",Sivasagar,IN_SERVICE
bfb81f70-bae0-4907-bf3c-f7d89a6942c9,100895,SS_172,Dhemaji Substation 172,FD_UNKNOWN,Unknown Feeder,100.0,8,False,120.270365756733,92.8220949046488,25,0.7431,warning,94.5580985,27.4723298,23,Siemens,ONAN,2018-01-17,False,False,"Ward No. 10, Substation 172, Dhemaji",Dhemaji,IN_SERVICE
c00d648e-d514-462f-b49f-e5f7f5d779a1,100141,SS_102,Kamrup Metro Substation 102,FD_UNKNOWN,Unknown Feeder,25.0,12,False,67.4435480265762,33.6478724623045,70,0.2967,healthy,91.7994256,26.1392003,148,Voltamp,ONAN,2014-01-08,False,False,"Ward No. 7, Substation 102, Kamrup Metro",Kamrup Metro,IN_SERVICE
e95f7909-4c25-407e-801c-a43b70628bbf,100187,SS_103,Kamrup Metro Substation 103,FD_UNKNOWN,Unknown Feeder,100.0,17,True,65.2351881615434,34.0617099538514,77,0.2284,healthy,91.7701374,26.1602914,91,ABB,ONAF,2009-04-27,False,False,"Ward No. 8, Substation 103, Kamrup Metro",Kamrup Metro,IN_SERVICE
e9fc182e-3b2f-461d-ae37-5b81aa188a29,100496,SS_133,Cachar Substation 133,FD_UNKNOWN,Unknown Feeder,100.0,22,False,71.1149286806588,33.6993627986854,73,0.2611,healthy,92.7926716,24.7919417,112,BHEL,ONAF,2004-07-21,False,False,"Ward No. 5, Substation 133, Cachar",Cachar,IN_SERVICE
ea240b63-8aff-41d5-a155-59731cdb9233,100695,SS_151,Jorhat Substation 151,FD_UNKNOWN,Unknown Feeder,100.0,14,True,66.9889648185732,33.9547970766331,73,0.2638,healthy,94.3929407,26.8190657,25,BHEL,ONAN,2012-11-12,False,False,"Ward No. 7, Substation 151, Jorhat",Jorhat,IN_SERVICE
eef3c15e-b286-4ea9-98cb-4419e59eb855,100940,SS_181,Sonitpur Substation 181,FD_UNKNOWN,Unknown Feeder,500.0,18,False,64.6205134232175,33.915983104923,71,0.2897,healthy,92.8477442,26.6228908,144,Crompton,ONAF,2008-10-16,False,False,"Ward No. 3, Substation 181, Sonitpur",Sonitpur,IN_SERVICE
c039ee19-1120-4b1e-8cdf-28192c8f9300,100718,SS_152,Jorhat Substation 152,FD_UNKNOWN,Unknown Feeder,315.0,38,False,65.7496671182874,33.4849709336149,74,0.2547,healthy,94.2126605,26.7246485,23,BHEL,ONAF,1988-06-21,False,False,"Ward No. 13, Substation 152, Jorhat",Jorhat,IN_SERVICE
cd749026-dd6b-4bfd-84fb-6eccf953c1a9,103,SS_133,Cachar Substation 133,FD_UNKNOWN,Unknown Feeder,100.0,9,False,65.7570814617587,32.9869269826491,75,0.2472,healthy,92.5757561,24.965162,136,Siemens,ONAN,2017-08-19,False,False,"Ward No. 3, Substation 133, Unknown",Unknown,IN_SERVICE
cf98b0b7-ed20-429a-a24f-b31b980643b9,100266,SS_104,Kamrup Metro Substation 104,FD_UNKNOWN,Unknown Feeder,25.0,17,False,66.6959732208589,33.3298988946875,70,0.2956,healthy,91.726007,26.1414434,104,ABB,ONAN,2009-05-15,False,False,"Ward No. 6, Substation 104, Kamrup Metro",Kamrup Metro,IN_SERVICE
e2ef05d2-90e0-4f1d-9f99-982c6c1a2d7f,100442,SS_122,Hojai Substation 122,FD_UNKNOWN,Unknown Feeder,100.0,13,False,63.2111666773108,33.4822472051056,76,0.2383,healthy,92.6537353,26.1671521,38,Crompton,ONAF,2013-06-15,False,False,"Ward No. 9, Substation 122, Hojai",Hojai,IN_SERVICE
e35d7c5d-5c9e-4b86-b1d3-2b3bc1a2caa5,614,SS_133,Cachar Substation 133,FD_UNKNOWN,Unknown Feeder,100.0,3,False,70.5845785650044,33.3068395326027,74,0.2538,healthy,92.5796577,24.9087452,78,Siemens,ONAN,2023-09-06,False,False,"Ward No. 8, Substation 133, Unknown",Unknown,IN_SERVICE
e39c4794-dfd1-4c7d-bab1-b356918b41ec,100827,SS_162,Tinsukia Substation 162,FD_UNKNOWN,Unknown Feeder,25.0,15,False,119.276790665806,93.1927910272593,22,0.7766,warning,95.6926,27.550876,75,Crompton,ONAN,2011-03-16,False,False,"Ward No. 11, Substation 162, Tinsukia",Tinsukia,IN_SERVICE
e3b0139e-c77d-4d7c-b6d4-cdb69660572b,100075,SS_101,Kamrup Metro Substation 101,FD_UNKNOWN,Unknown Feeder,200.0,9,False,66.9056798573173,33.2619802286436,73,0.2692,healthy,91.709909,26.1610218,77,Crompton,ONAN,2017-03-10,False,False,"Ward No. 3, Substation 101, Kamrup Metro",Kamrup Metro,IN_SERVICE
ef14db81-c5c1-4026-9e6f-acf2736b2478,101064,SS_193,Kokrajhar Substation 193,FD_UNKNOWN,Unknown Feeder,63.0,9,False,65.8376667328912,34.1362329739755,73,0.264,healthy,90.2775222,26.4176535,102,BHEL,ONAF,2017-04-09,False,True,"Ward No. 8, Substation 193, Kokrajhar",Kokrajhar,IN_SERVICE
f7ae9b0c-0f56-45b6-b584-8f0dce23c8d4,100048,SS_101,Kamrup Metro Substation 101,FD_UNKNOWN,Unknown Feeder,200.0,25,True,65.267035072004,34.0607355025845,73,0.2633,healthy,91.6859333,26.1986973,59,BHEL,ONAN,2001-11-14,False,False,"Ward No. 14, Substation 101, Kamrup Metro",Kamrup Metro,IN_SERVICE
fbb87f5c-0cb3-4a81-9f6d-bd4abd91c36e,100516,SS_133,Cachar Substation 133,FD_UNKNOWN,Unknown Feeder,200.0,19,False,70.6951804340137,33.7558730964425,74,0.2567,healthy,93.0637604,24.8821819,62,ABB,ONAN,2007-08-16,False,True,"Ward No. 11, Substation 133, Cachar",Cachar,IN_SERVICE
fc195a58-a871-4ea2-b7a9-0c5a29425093,100219,SS_104,Kamrup Metro Substation 104,FD_UNKNOWN,Unknown Feeder,250.0,10,False,68.6116993968067,33.6517128586237,74,0.2547,healthy,91.7641704,26.1688102,138,Siemens,ONAN,2016-11-14,False,False,"Ward No. 10, Substation 104, Kamrup Metro",Kamrup Metro,IN_SERVICE
fc23e381-21fe-4cba-ba4b-3e5d5d383f12,100814,SS_162,Tinsukia Substation 162,FD_UNKNOWN,Unknown Feeder,200.0,21,False,67.2497128841805,34.1207297443483,75,0.2422,healthy,95.5056087,27.538728,127,Crompton,ONAN,2005-09-20,False,False,"Ward No. 8, Substation 162, Tinsukia",Tinsukia,IN_SERVICE
fc58dea0-1070-4093-9031-05687d86ee3c,101112,SS_201,Sivasagar Substation 201,FD_UNKNOWN,Unknown Feeder,500.0,18,True,67.9392287952959,33.1260587072833,67,0.3282,healthy,94.8001268,26.8480305,133,BHEL,ONAN,2008-04-14,False,True,"Ward No. 14, Substation 201, Sivasagar",Sivasagar,IN_SERVICE
c3c2787a-a5a9-4abc-b779-dae822d32074,1049,SS_133,Cachar Substation 133,FD_UNKNOWN,Unknown Feeder,25.0,14,True,67.12008446092,33.6726452674816,68,0.3108,healthy,92.660075,24.91478,134,Voltamp,ONAN,2012-11-23,False,True,"Ward No. 14, Substation 133, Unknown",Unknown,IN_SERVICE
c4893825-1042-4372-bb24-ac68e41d670c,101120,SS_201,Sivasagar Substation 201,FD_UNKNOWN,Unknown Feeder,200.0,5,False,67.843082827427,33.9667155108728,72,0.2748,healthy,94.4223158,27.1958851,130,Siemens,ONAF,2021-04-03,False,False,"Ward No. 12, Substation 201, Sivasagar",Sivasagar,IN_SERVICE
c4f85157-8366-4368-9768-f5e78470cd91,100110,SS_102,Kamrup Metro Substation 102,FD_UNKNOWN,Unknown Feeder,63.0,13,True,66.0683018918929,33.9203823432048,72,0.2708,healthy,91.7714274,26.1724967,33,Crompton,ONAN,2013-07-09,False,False,"Ward No. 5, Substation 102, Kamrup Metro",Kamrup Metro,IN_SERVICE
c571f904-8db4-41c1-8ad7-aa4140574a7b,101029,SS_192,Bongaigaon Substation 192,FD_UNKNOWN,Unknown Feeder,100.0,21,False,66.3550544083294,33.2839371462087,74,0.254,healthy,90.5398884,26.475591,71,Crompton,ONAF,2005-11-24,False,False,"Ward No. 10, Substation 192, Bongaigaon",Bongaigaon,IN_SERVICE
c6d4cf57-dbf7-47a1-b448-6491954e84c8,100762,SS_161,Dibrugarh Substation 161,FD_UNKNOWN,Unknown Feeder,100.0,15,False,116.143071990557,95.2486412954775,24,0.7501,warning,94.9757439,27.5094432,95,ABB,ONAN,2011-01-20,False,True,"Ward No. 12, Substation 161, Dibrugarh",Dibrugarh,IN_SERVICE
c93455b8-81aa-4871-a5bb-74c6a07eb0b6,100096,SS_102,Kamrup Metro Substation 102,FD_UNKNOWN,Unknown Feeder,500.0,16,False,68.4991619038664,34.1805235205969,71,0.2899,healthy,91.7858925,26.1310276,44,Voltamp,ONAN,2010-10-07,True,False,"Ward No. 8, Substation 102, Kamrup Metro",Kamrup Metro,IN_SERVICE
c9fc5c04-2466-49b2-b46b-753e080befe2,100880,SS_171,Lakhimpur Substation 171,FD_UNKNOWN,Unknown Feeder,63.0,30,True,64.2212486937074,34.0854440664998,73,0.2663,healthy,93.7474761,27.1301214,35,ABB,ONAF,1996-05-15,True,False,"Ward No. 13, Substation 171, Lakhimpur",Lakhimpur,IN_SERVICE
e8d5db30-78f0-4fa8-812d-6bdd8c6610e8,341,SS_133,Cachar Substation 133,FD_UNKNOWN,Unknown Feeder,100.0,22,False,63.6778178944715,33.7842467919763,77,0.2289,healthy,92.6591983,24.9221483,101,Crompton,ONAN,2004-09-10,False,False,"Ward No. 6, Substation 133, Unknown",Unknown,IN_SERVICE
e8ded2f2-bdc6-4d74-ae3b-25423b983ce0,267,SS_133,Cachar Substation 133,FD_UNKNOWN,Unknown Feeder,25.0,8,True,68.3685871440248,33.7052116220138,69,0.309,healthy,92.6329332,24.8717246,89,Crompton,ONAN,2018-04-27,False,False,"Ward No. 2, Substation 133, Unknown",Unknown,IN_SERVICE
e8deed57-612d-47ab-8610-77de3bdd6138,2211,SS_133,Cachar Substation 133,FD_UNKNOWN,Unknown Feeder,25.0,20,True,66.5424688231194,34.1555517731229,69,0.3047,healthy,92.6323873,24.9297974,43,Crompton,ONAF,2006-03-21,False,False,"Ward No. 7, Substation 133, Unknown",Unknown,IN_SERVICE
0f0ed66f-b0b1-4d02-a75f-7b9c62f64dc8,2110,SS_133,Cachar Substation 133,FD_UNKNOWN,Unknown Feeder,63.0,10,True,65.5930459670859,34.3296637197077,74,0.2536,healthy,92.4521483,24.9768917,76,ABB,ONAF,2016-05-25,False,False,"Ward No. 14, Substation 133, Unknown",Unknown,IN_SERVICE
0f772504-150e-443c-8cc1-10eb3368de91,100033,SS_101,Kamrup Metro Substation 101,FD_UNKNOWN,Unknown Feeder,63.0,11,True,68.0956287233981,34.0405181755278,72,0.2705,healthy,91.756084,26.1851882,146,BHEL,ONAN,2015-08-02,True,False,"Ward No. 3, Substation 101, Kamrup Metro",Kamrup Metro,IN_SERVICE
0ffffc61-de15-4262-a48b-af4638832e7a,100313,SS_106,Kamrup Metro Substation 106,FD_UNKNOWN,Unknown Feeder,25.0,8,False,63.7697725420875,33.7160573074395,68,0.3156,healthy,91.709909,26.1610218,142,BHEL,ONAF,2018-05-16,False,False,"Ward No. 7, Substation 106, Kamrup Metro",Kamrup Metro,IN_SERVICE
109d4ec4-502c-4e84-90f4-65324af85982,202,SS_133,Cachar Substation 133,FD_UNKNOWN,Unknown Feeder,16.0,11,False,67.4846595192311,33.5034118030515,67,0.3248,healthy,92.5705834,24.9854924,64,BHEL,ONAN,2015-06-17,False,False,"Ward No. 3, Substation 133, Unknown",Unknown,IN_SERVICE
150a9939-dfed-40bf-955a-6927e95bb0d1,101093,SS_194,Dhubri Substation 194,FD_UNKNOWN,Unknown Feeder,25.0,24,True,62.5994057625992,34.1511669628166,74,0.2586,healthy,90.0714514,26.3937858,100,Voltamp,ONAN,2002-01-15,False,False,"Ward No. 11, Substation 194, Dhubri",Dhubri,IN_SERVICE
1553b02f-e11f-433d-983a-41c559ce3a1d,100175,SS_103,Kamrup Metro Substation 103,FD_UNKNOWN,Unknown Feeder,100.0,10,False,68.1929109223431,33.498985131062,74,0.2576,healthy,91.7404117,26.1721356,34,ABB,ONAN,2016-04-12,False,False,"Ward No. 11, Substation 103, Kamrup Metro",Kamrup Metro,IN_SERVICE
19ff9f70-a4f6-472b-91a2-5f23e8e2c4af,100264,SS_104,Kamrup Metro Substation 104,FD_UNKNOWN,Unknown Feeder,500.0,29,True,70.1183869790173,33.6845288065048,68,0.3139,healthy,91.6187995,26.1257437,79,Voltamp,ONAF,1997-06-09,False,False,"Ward No. 4, Substation 104, Kamrup Metro",Kamrup Metro,IN_SERVICE
1a07ff09-0d78-42e2-b882-6436fad30f8e,100488,SS_124,Nagaon Substation 124,FD_UNKNOWN,Unknown Feeder,100.0,22,False,68.431953563677,33.3100253950025,73,0.2681,healthy,92.8472131,26.1254215,73,Siemens,ONAN,2004-11-09,False,False,"Ward No. 9, Substation 124, Nagaon",Nagaon,IN_SERVICE
1bd7bad0-860c-491e-ac1b-1c2074bb2cf8,1037,SS_133,Cachar Substation 133,FD_UNKNOWN,Unknown Feeder,63.0,27,True,65.235366041223,33.6170927908666,73,0.2636,healthy,92.6451983,24.9076933,126,Voltamp,ONAN,1999-04-07,False,False,"Ward No. 11, Substation 133, Unknown",Unknown,IN_SERVICE
1e5adf44-f102-4e13-b636-0fbaff400549,100267,SS_104,Kamrup Metro Substation 104,FD_UNKNOWN,Unknown Feeder,200.0,7,False,65.0314654128914,33.8622827899821,74,0.2568,healthy,91.7073624,26.1603733,67,Voltamp,ONAN,2019-09-23,False,False,"Ward No. 1, Substation 104, Kamrup Metro",Kamrup Metro,IN_SERVICE
2a6f95e6-6228-475d-8fdb-a2dbb1f76405,100627,SS_136,Cachar Substation 136,FD_UNKNOWN,Unknown Feeder,200.0,13,True,66.2176907155408,33.5605918582673,74,0.2529,healthy,92.7945484,24.7881269,146,ABB,ONAN,2013-04-14,False,False,"Ward No. 3, Substation 136, Cachar",Cachar,IN_SERVICE
2ae903d4-43be-4d2e-9df2-bb865ba9828a,100933,SS_181,Sonitpur Substation 181,FD_UNKNOWN,Unknown Feeder,100.0,11,False,68.5901061422812,32.8825175161568,72,0.2783,healthy,92.8004099,26.6252346,132,ABB,ONAN,2015-03-26,False,False,"Ward No. 9, Substation 181, Sonitpur",Sonitpur,IN_SERVICE
2aeb0756-bcfd-43fb-9aeb-8fe401eeffd5,100891,SS_171,Lakhimpur Substation 171,FD_UNKNOWN,Unknown Feeder,500.0,16,False,117.340419973173,94.6736816721337,18,0.8135,warning,94.1829647,26.7591198,20,BHEL,ONAN,2010-02-17,False,False,"Ward No. 4, Substation 171, Lakhimpur",Lakhimpur,IN_SERVICE
2b12dfd2-bcff-4b2a-aa6b-3c32e03de60d,100419,SS_121,Nagaon Substation 121,FD_UNKNOWN,Unknown Feeder,315.0,15,False,65.6925243184874,34.3635527027877,73,0.2625,healthy,92.7943335,26.6529164,20,ABB,ONAN,2011-02-10,False,False,"Ward No. 13, Substation 121, Nagaon",Nagaon,IN_SERVICE
2b339178-f41f-4021-8186-74112da577a6,157,SS_133,Cachar Substation 133,FD_UNKNOWN,Unknown Feeder,25.0,14,True,63.9986995528389,33.4837445337509,70,0.2917,healthy,92.4644123,24.9730315,116,Crompton,ONAN,2012-09-26,False,True,"Ward No. 12, Substation 133, Unknown",Unknown,IN_SERVICE
2badc1d3-1353-4b31-9ed7-b376920c10ef,100593,SS_135,Cachar Substation 135,FD_UNKNOWN,Unknown Feeder,315.0,10,True,65.4173473298738,33.9172266283879,71,0.2828,healthy,92.793007,24.82903,108,Siemens,ONAN,2016-09-06,False,False,"Ward No. 1, Substation 135, Cachar",Cachar,IN_SERVICE
2bc5ba32-2952-46ff-a10f-979ec28d2ce3,100585,SS_135,Cachar Substation 135,FD_UNKNOWN,Unknown Feeder,200.0,11,False,64.6277690439034,33.3502838859698,75,0.244,healthy,92.928747,24.944708,132,Siemens,ONAN,2015-01-16,False,False,"Ward No. 4, Substation 135, Cachar",Cachar,IN_SERVICE
2c2fdd4d-97a0-406d-90cb-02c63d9fdad0,101258,SS_241,Nalbari Substation 241,FD_UNKNOWN,Unknown Feeder,100.0,14,False,63.3041041421159,34.0811722058896,77,0.2255,healthy,91.43806,26.443121,111,ABB,ONAF,2012-05-14,False,False,"Ward No. 11, Substation 241, Nalbari",Nalbari,IN_SERVICE
2c5a39f8-b0eb-4a10-bddb-642846935bcc,100493,SS_133,Cachar Substation 133,FD_UNKNOWN,Unknown Feeder,200.0,13,False,67.6304161688024,34.3429188347419,73,0.2602,healthy,92.7950697,24.8078658,131,BHEL,ONAN,2013-06-07,False,False,"Ward No. 4, Substation 133, Cachar",Cachar,IN_SERVICE
2c5e5049-a59c-4ce6-ae37-58a2b8b66a15,333,SS_133,Cachar Substation 133,FD_UNKNOWN,Unknown Feeder,100.0,8,False,64.917972529044,33.5297419296999,76,0.2369,healthy,92.5071962,25.0121931,134,Crompton,ONAF,2018-05-22,False,False,"Ward No. 6, Substation 133, Unknown",Unknown,IN_SERVICE
30b6ef6e-b002-4b30-879d-6ff608991b7f,415,SS_133,Cachar Substation 133,FD_UNKNOWN,Unknown Feeder,25.0,11,False,119.636201947537,94.161199720327,21,0.7818,warning,92.6127752,24.9216062,43,Siemens,ONAN,2015-10-26,True,False,"Ward No. 2, Substation 133, Unknown",Unknown,IN_SERVICE
32b42b36-2362-4b71-bc53-dcbecbe021a9,100125,SS_102,Kamrup Metro Substation 102,FD_UNKNOWN,Unknown Feeder,250.0,35,False,117.752205066137,94.6883618166599,23,0.7601,warning,91.7645922,26.1424488,147,BHEL,ONAN,1991-01-10,False,True,"Ward No. 5, Substation 102, Kamrup Metro",Kamrup Metro,IN_SERVICE
33084800-507d-4945-9807-649af94f80c8,100849,SS_163,Dibrugarh Substation 163,FD_UNKNOWN,Unknown Feeder,250.0,33,False,68.3573575867491,34.0788299601191,72,0.2705,healthy,95.379983,27.485901,137,Voltamp,ONAN,1993-08-07,False,False,"Ward No. 2, Substation 163, Dibrugarh",Dibrugarh,IN_SERVICE
330ded61-de56-4381-b2aa-e1a51a0108c5,100791,SS_162,Tinsukia Substation 162,FD_UNKNOWN,Unknown Feeder,250.0,12,True,63.530870775763,34.4952683551988,78,0.2191,healthy,95.3609741,27.4925976,148,Crompton,ONAF,2014-05-13,False,False,"Ward No. 2, Substation 162, Tinsukia",Tinsukia,IN_SERVICE
34a18e4e-e332-4411-a638-bca8818c3677,101117,SS_201,Sivasagar Substation 201,FD_UNKNOWN,Unknown Feeder,63.0,9,False,65.5345416315925,33.5540427276745,72,0.2788,healthy,94.566161,26.759156,74,ABB,ONAN,2017-10-16,False,False,"Ward No. 12, Substation 201, Sivasagar",Sivasagar,IN_SERVICE
354ef242-8434-49ba-bf0a-466a0beff92b,263,SS_133,Cachar Substation 133,FD_UNKNOWN,Unknown Feeder,25.0,12,True,68.3439315977359,33.5692156281884,65,0.3417,healthy,92.5935917,24.9238133,70,Voltamp,ONAN,2014-08-12,False,False,"Ward No. 1, Substation 133, Unknown",Unknown,IN_SERVICE
35bd23de-d58e-4ee1-ad8b-2ef5a13b68d9,100456,SS_123,Hojai Substation 123,FD_UNKNOWN,Unknown Feeder,63.0,6,False,68.9005131325471,33.9846594178921,70,0.2921,healthy,93.181519,25.7313533,117,ABB,ONAN,2020-07-24,False,False,"Ward No. 7, Substation 123, Hojai",Hojai,IN_SERVICE
35bf8d34-6b27-4333-a44e-d62b9851701a,2204,SS_133,Cachar Substation 133,FD_UNKNOWN,Unknown Feeder,63.0,17,False,68.0375067366513,33.9484063456923,73,0.2689,healthy,92.5956047,25.0015966,116,ABB,ONAN,2009-05-22,False,True,"Ward No. 8, Substation 133, Unknown",Unknown,IN_SERVICE
35e271a0-1f70-44cc-96cd-baa3f636cc28,100232,SS_104,Kamrup Metro Substation 104,FD_UNKNOWN,Unknown Feeder,500.0,22,True,64.6481012087065,34.0205615146565,69,0.3006,healthy,91.6136366,26.1389271,60,Crompton,ONAN,2004-06-11,False,False,"Ward No. 3, Substation 104, Kamrup Metro",Kamrup Metro,IN_SERVICE
35e3e18f-85a3-4117-87ab-9792d726d773,206,SS_133,Cachar Substation 133,FD_UNKNOWN,Unknown Feeder,25.0,16,False,66.1842875599955,33.767844811424,68,0.3118,healthy,92.5761275,24.9969822,126,Voltamp,ONAN,2010-11-19,False,False,"Ward No. 2, Substation 133, Unknown",Unknown,IN_SERVICE
35e867f2-dcb9-4dde-b672-7ba8d5e475e0,100607,SS_135,Cachar Substation 135,FD_UNKNOWN,Unknown Feeder,63.0,30,False,66.367560457427,33.7372228430663,72,0.2707,healthy,93.1158562,24.806942,126,ABB,ONAN,1996-10-12,False,False,"Ward No. 6, Substation 135, Cachar",Cachar,IN_SERVICE
3653fb70-babd-4426-8236-9144448c195f,100103,SS_102,Kamrup Metro Substation 102,FD_UNKNOWN,Unknown Feeder,200.0,14,True,69.1273033134819,33.9281261731342,74,0.2553,healthy,91.7094281,26.160924,126,BHEL,ONAN,2012-09-04,False,False,"Ward No. 8, Substation 102, Kamrup Metro",Kamrup Metro,IN_SERVICE
36553b80-f53c-4bd5-94db-b3aa9d4851b9,187,SS_133,Cachar Substation 133,FD_UNKNOWN,Unknown Feeder,63.0,15,True,65.5302969900332,33.4730528847816,76,0.235,healthy,92.5561959,24.9596713,126,BHEL,ONAN,2011-02-15,False,False,"Ward No. 8, Substation 133, Unknown",Unknown,IN_SERVICE
368a70db-a6d5-4838-9e5e-fc2316556501,100122,SS_102,Kamrup Metro Substation 102,FD_UNKNOWN,Unknown Feeder,500.0,16,False,63.0009094092456,34.3020300960787,75,0.2466,healthy,91.7821106,26.1504675,108,Voltamp,ONAN,2010-10-01,False,False,"Ward No. 14, Substation 102, Kamrup Metro",Kamrup Metro,IN_SERVICE
36ea9859-801b-4b41-8ace-2c29a70692ad,100979,SS_182,Sonitpur Substation 182,FD_UNKNOWN,Unknown Feeder,63.0,25,True,63.5651286990796,34.398748721891,74,0.2589,healthy,92.7943335,26.6529164,125,ABB,ONAN,2001-01-20,False,False,"Ward No. 14, Substation 182, Sonitpur",Sonitpur,IN_SERVICE
37cd3676-b16b-4553-88ba-2b353699ac07,101334,SS_244,Barpeta Substation 244,FD_UNKNOWN,Unknown Feeder,100.0,13,True,67.5746038108991,34.1143103776527,76,0.2335,healthy,90.778365,26.282504,44,Siemens,ONAF,2013-07-12,True,False,"Ward No. 4, Substation 244, Barpeta",Barpeta,IN_SERVICE
37f1312e-b540-4d00-9869-1d317ab1fd85,100652,SS_142,Karimganj Substation 142,FD_UNKNOWN,Unknown Feeder,200.0,12,False,65.2834329976306,33.4028125360186,76,0.2391,healthy,92.362293,24.8680876,136,Crompton,ONAN,2014-04-08,False,True,"Ward No. 4, Substation 142, Karimganj",Karimganj,IN_SERVICE
6f7baf54-8517-4e54-972e-d865c9855670,100387,SS_121,Nagaon Substation 121,FD_UNKNOWN,Unknown Feeder,100.0,27,False,64.9417490729209,33.4744600250266,73,0.2653,healthy,92.613613,26.441283,47,Voltamp,ONAN,1999-06-06,False,True,"Ward No. 5, Substation 121, Nagaon",Nagaon,IN_SERVICE
704ee1b0-7baf-432e-95c9-c0033c25aad0,222,SS_133,Cachar Substation 133,FD_UNKNOWN,Unknown Feeder,100.0,11,True,69.9723167569242,33.9306682807501,72,0.2703,healthy,92.5116168,24.9717386,24,Voltamp,ONAN,2015-09-01,False,False,"Ward No. 9, Substation 133, Unknown",Unknown,IN_SERVICE
37f576a7-e34f-4a9d-bd49-7ce59165b8cf,109,SS_133,Cachar Substation 133,FD_UNKNOWN,Unknown Feeder,63.0,9,True,61.6433203151651,33.7583292260699,76,0.2357,healthy,92.563359,24.9703105,26,Siemens,ONAF,2017-02-23,False,False,"Ward No. 10, Substation 133, Unknown",Unknown,IN_SERVICE
3a162a16-e282-4f5c-8d09-9da76c627f19,308,SS_133,Cachar Substation 133,FD_UNKNOWN,Unknown Feeder,100.0,12,True,119.879775628958,93.8040981915886,25,0.7422,warning,92.5768837,24.980374,142,Siemens,ONAN,2014-08-27,False,False,"Ward No. 10, Substation 133, Unknown",Unknown,IN_SERVICE
42a7cd6f-2528-479f-ac63-51c84db7e9fa,101237,SS_222,Karbi Anglong Substation 222,FD_UNKNOWN,Unknown Feeder,200.0,25,True,65.5858548021772,33.5287564020254,74,0.2577,healthy,92.7130899,26.3658031,119,Siemens,ONAN,2001-05-05,False,False,"Ward No. 5, Substation 222, Karbi Anglong",Karbi Anglong,IN_SERVICE
42aacc22-4465-4b0b-903a-92eace7ab8ec,101345,SS_251,Chirang Substation 251,FD_UNKNOWN,Unknown Feeder,500.0,19,False,68.3618700242885,33.6026724030604,69,0.3019,healthy,90.5510893,26.4894843,21,Siemens,ONAF,2007-01-11,False,False,"Ward No. 8, Substation 251, Chirang",Chirang,IN_SERVICE
42bef899-beb0-4f0f-9c0f-83dde283cec6,100882,SS_171,Lakhimpur Substation 171,FD_UNKNOWN,Unknown Feeder,200.0,19,True,65.8637816433514,32.9972727563725,73,0.2693,healthy,93.7365723,27.1298566,66,ABB,ONAN,2007-10-23,False,False,"Ward No. 1, Substation 171, Lakhimpur",Lakhimpur,IN_SERVICE
45a5c1ad-a3ad-4dc7-8df5-3ab8009f875c,100552,SS_134,Cachar Substation 134,FD_UNKNOWN,Unknown Feeder,200.0,20,True,65.8394164522316,34.3792749803814,74,0.2533,healthy,92.4911566,24.7006224,105,Voltamp,ONAN,2006-01-20,False,True,"Ward No. 2, Substation 134, Cachar",Cachar,IN_SERVICE
4fa867ff-86b3-41fb-8889-d6d6c292aa44,2119,SS_133,Cachar Substation 133,FD_UNKNOWN,Unknown Feeder,25.0,17,False,122.222257183354,91.4351085286858,22,0.7732,warning,92.4865513,24.963094,68,Crompton,ONAF,2009-05-20,False,False,"Ward No. 11, Substation 133, Unknown",Unknown,IN_SERVICE
4fccaa93-7d69-43b0-b1d3-969b53e137a6,100926,SS_173,Lakhimpur Substation 173,FD_UNKNOWN,Unknown Feeder,100.0,13,True,64.568270055751,34.4162280490205,75,0.2408,healthy,93.8264146,27.5942488,66,Siemens,ONAN,2013-03-17,False,False,"Ward No. 3, Substation 173, Lakhimpur",Lakhimpur,IN_SERVICE
5038c316-3ef3-4216-9d23-9d196424ad19,101259,SS_241,Nalbari Substation 241,FD_UNKNOWN,Unknown Feeder,315.0,17,True,67.0749045427099,34.1167895741618,73,0.2674,healthy,91.4429223,26.4423588,77,Voltamp,ONAN,2009-04-06,False,False,"Ward No. 2, Substation 241, Nalbari",Nalbari,IN_SERVICE
504100ab-ac8a-4b53-9a76-3bbbe0d2588c,100351,SS_111,Kamrup Substation 111,FD_UNKNOWN,Unknown Feeder,250.0,23,False,65.6306289688127,33.6487326682095,75,0.2414,healthy,91.447095,26.4371946,96,Crompton,ONAF,2003-08-14,False,False,"Ward No. 8, Substation 111, Kamrup",Kamrup,IN_SERVICE
522b46d8-3934-4eb9-8933-5bf6fd3378e2,306,SS_133,Cachar Substation 133,FD_UNKNOWN,Unknown Feeder,100.0,20,True,67.2882965823477,33.5615903244263,74,0.2587,healthy,92.595415,24.9568633,113,Voltamp,ONAN,2006-06-10,False,False,"Ward No. 13, Substation 133, Unknown",Unknown,IN_SERVICE
52307036-8c34-4123-974f-a4e5be69086d,101156,SS_203,Golaghat Substation 203,FD_UNKNOWN,Unknown Feeder,250.0,8,False,64.3444043274659,33.5732946057615,76,0.237,healthy,93.606859,26.6406645,120,Voltamp,ONAF,2018-03-07,False,False,"Ward No. 4, Substation 203, Golaghat",Golaghat,IN_SERVICE
524e06ac-43c1-4db2-8620-f5b68c8a3389,101198,SS_212,Morigaon Substation 212,FD_UNKNOWN,Unknown Feeder,100.0,17,True,67.3633467947882,33.3078066160933,72,0.2725,healthy,92.3715373,26.254477,25,Voltamp,ONAN,2009-02-13,False,False,"Ward No. 9, Substation 212, Morigaon",Morigaon,IN_SERVICE
535589dc-e915-43a4-8deb-1acee32630d8,392,SS_133,Cachar Substation 133,FD_UNKNOWN,Unknown Feeder,63.0,17,True,63.7310482368477,33.9675086279481,71,0.2862,healthy,92.6487085,24.9167167,83,ABB,ONAF,2009-02-17,False,False,"Ward No. 2, Substation 133, Unknown",Unknown,IN_SERVICE
535bd13f-191a-4185-b4e4-f8d1666d6a97,100927,SS_181,Sonitpur Substation 181,FD_UNKNOWN,Unknown Feeder,200.0,15,True,64.0162913078649,33.8362667231261,75,0.2494,healthy,92.7974206,26.6302423,94,Voltamp,ONAN,2011-01-09,False,True,"Ward No. 5, Substation 181, Sonitpur",Sonitpur,IN_SERVICE
536b4c06-0d8e-4b76-9f1f-ee9b303ead07,100038,SS_101,Kamrup Metro Substation 101,FD_UNKNOWN,Unknown Feeder,25.0,19,False,121.288794660647,91.143589588671,22,0.7723,warning,91.8118054,26.158658,114,Crompton,ONAF,2007-11-24,False,False,"Ward No. 10, Substation 101, Kamrup Metro",Kamrup Metro,IN_SERVICE
5378d6c7-534e-45e4-a81d-5519bc082cdd,101242,SS_222,Karbi Anglong Substation 222,FD_UNKNOWN,Unknown Feeder,25.0,27,True,65.5872403842263,33.5986137679504,71,0.2849,healthy,92.6644501,26.3564691,76,BHEL,ONAN,1999-11-12,False,True,"Ward No. 12, Substation 222, Karbi Anglong",Karbi Anglong,IN_SERVICE
552b6ef5-8942-4799-8c65-2cd2bd72a871,101018,SS_191,Goalpara Substation 191,FD_UNKNOWN,Unknown Feeder,200.0,13,True,64.1476139057477,34.2098599555246,77,0.2295,healthy,90.5395532,26.4738215,53,ABB,ONAN,2013-09-13,False,False,"Ward No. 4, Substation 191, Goalpara",Goalpara,IN_SERVICE
55471523-d8b4-46ea-a77e-15640ecb8888,100977,SS_182,Sonitpur Substation 182,FD_UNKNOWN,Unknown Feeder,250.0,11,False,67.0782096482804,33.5855541247463,74,0.2541,healthy,92.7876709,26.6555774,28,BHEL,ONAN,2015-09-19,False,False,"Ward No. 3, Substation 182, Sonitpur",Sonitpur,IN_SERVICE
55cda8d0-cf0e-47d7-997b-63e088247b33,100421,SS_121,Nagaon Substation 121,FD_UNKNOWN,Unknown Feeder,100.0,5,True,68.4595223339751,33.5343363749491,76,0.2396,healthy,92.7952152,26.6530733,123,Crompton,ONAN,2021-10-04,False,False,"Ward No. 1, Substation 121, Nagaon",Nagaon,IN_SERVICE
573d043b-44e0-4af3-918b-104f69bc5a95,100930,SS_181,Sonitpur Substation 181,FD_UNKNOWN,Unknown Feeder,63.0,11,True,66.4280372561399,33.6776744887227,71,0.2852,healthy,92.7965838,26.6277119,33,Crompton,ONAF,2015-11-23,False,False,"Ward No. 14, Substation 181, Sonitpur",Sonitpur,IN_SERVICE
5763c8f3-9ddf-4542-b7c8-272362db2652,101313,SS_243,Barpeta Substation 243,FD_UNKNOWN,Unknown Feeder,25.0,13,True,65.756420542844,33.993954053585,72,0.2773,healthy,90.9986253,26.3254496,97,Voltamp,ONAF,2013-03-18,False,True,"Ward No. 9, Substation 243, Barpeta",Barpeta,IN_SERVICE
57964d96-449e-465f-8ed0-cc0961b1156d,100767,SS_161,Dibrugarh Substation 161,FD_UNKNOWN,Unknown Feeder,315.0,16,True,64.1366555559335,33.2434129044123,71,0.2815,healthy,95.0527014,27.4861949,90,BHEL,ONAF,2010-05-16,False,False,"Ward No. 4, Substation 161, Dibrugarh",Dibrugarh,IN_SERVICE
57c4d282-8d56-4b1b-9e22-db515dd5c123,100318,SS_106,Kamrup Metro Substation 106,FD_UNKNOWN,Unknown Feeder,315.0,19,True,65.7414084805716,34.5262807909025,74,0.2507,healthy,91.6776942,26.2075432,99,Siemens,ONAN,2007-01-25,False,False,"Ward No. 8, Substation 106, Kamrup Metro",Kamrup Metro,IN_SERVICE
581c906f-0203-4c08-ae08-227919b5e28c,453,SS_133,Cachar Substation 133,FD_UNKNOWN,Unknown Feeder,25.0,12,False,68.3212653332992,34.2491311424019,68,0.3186,healthy,92.4800435,25.0205482,67,BHEL,ONAN,2014-09-05,False,False,"Ward No. 7, Substation 133, Unknown",Unknown,IN_SERVICE
595faa00-bb69-4d73-864c-4e99611e5560,100173,SS_103,Kamrup Metro Substation 103,FD_UNKNOWN,Unknown Feeder,500.0,19,False,67.6058517771218,33.360982746782,69,0.303,healthy,91.781511,26.1723864,80,Crompton,ONAF,2007-03-21,True,False,"Ward No. 4, Substation 103, Kamrup Metro",Kamrup Metro,IN_SERVICE
596e05b4-7295-4aa3-b298-a3e28ab875c7,100025,SS_101,Kamrup Metro Substation 101,FD_UNKNOWN,Unknown Feeder,100.0,20,True,64.3729445909684,34.5814928342995,77,0.2273,healthy,91.6887221,26.1606497,41,BHEL,ONAN,2006-09-08,False,False,"Ward No. 14, Substation 101, Kamrup Metro",Kamrup Metro,IN_SERVICE
5979a711-cccd-4061-b08c-6397a2758165,101356,SS_252,Chirang Substation 252,FD_UNKNOWN,Unknown Feeder,100.0,18,False,67.871370434038,33.4887540417188,73,0.2697,healthy,90.5529092,26.4830828,100,BHEL,ONAN,2008-07-01,False,True,"Ward No. 6, Substation 252, Chirang",Chirang,IN_SERVICE
598809d2-7e72-4ae8-84d8-6a6ebdf37c54,100995,SS_183,Biswanath Substation 183,FD_UNKNOWN,Unknown Feeder,315.0,9,False,64.3688038336363,33.1105650468728,75,0.2454,healthy,93.2919997,26.8361293,131,Siemens,ONAF,2017-05-20,False,False,"Ward No. 12, Substation 183, Biswanath",Biswanath,IN_SERVICE
5992d820-0456-4718-9b60-9f77d3eec603,100438,SS_122,Hojai Substation 122,FD_UNKNOWN,Unknown Feeder,25.0,17,False,67.0977418575294,33.8661755339631,71,0.2808,healthy,93.0355876,26.1146348,79,Voltamp,ONAN,2009-09-04,False,False,"Ward No. 14, Substation 122, Hojai",Hojai,IN_SERVICE
599cf7cb-038f-4152-ba59-aeaae2c46a9d,229,SS_133,Cachar Substation 133,FD_UNKNOWN,Unknown Feeder,16.0,27,False,68.4112380018919,33.5172051491153,68,0.3122,healthy,92.4835377,24.9917735,92,Voltamp,ONAF,1999-06-07,False,False,"Ward No. 10, Substation 133, Unknown",Unknown,IN_SERVICE
599f055a-0e51-4676-a071-cc227ad7b575,101044,SS_192,Bongaigaon Substation 192,FD_UNKNOWN,Unknown Feeder,25.0,26,False,64.5548622117697,34.5807775921275,69,0.3079,healthy,90.2902749,26.446074,122,Voltamp,ONAN,2000-09-17,True,False,"Ward No. 9, Substation 192, Bongaigaon",Bongaigaon,IN_SERVICE
59d65960-3a80-4245-8ef9-7b021698d2e7,100631,SS_141,Hailakandi Substation 141,FD_UNKNOWN,Unknown Feeder,25.0,40,False,69.8089297765578,33.8005543829623,68,0.3172,healthy,92.5632382,24.6718333,95,Voltamp,ONAN,1986-08-25,False,False,"Ward No. 14, Substation 141, Hailakandi",Hailakandi,IN_SERVICE
59d69931-2de7-405c-9db5-75e5a9bd22a7,441,SS_133,Cachar Substation 133,FD_UNKNOWN,Unknown Feeder,25.0,10,True,65.6969017474835,33.8710805895511,70,0.2938,healthy,92.6755052,24.8879282,26,BHEL,ONAF,2016-10-22,False,False,"Ward No. 13, Substation 133, Unknown",Unknown,IN_SERVICE
5a069605-12d9-469f-9882-a9a39d94ad1a,100617,SS_136,Cachar Substation 136,FD_UNKNOWN,Unknown Feeder,100.0,15,False,66.4654863639309,34.2635940876758,76,0.2339,healthy,93.1396322,24.7793336,76,Siemens,ONAF,2011-06-09,False,False,"Ward No. 2, Substation 136, Cachar",Cachar,IN_SERVICE
5b365f87-5b35-4585-a847-663636bb576d,100885,SS_171,Lakhimpur Substation 171,FD_UNKNOWN,Unknown Feeder,63.0,7,False,66.2640348930493,33.7190241305883,72,0.2753,healthy,93.6782125,27.0952799,65,Crompton,ONAF,2019-05-25,False,False,"Ward No. 6, Substation 171, Lakhimpur",Lakhimpur,IN_SERVICE
5b5d4ee8-b158-41a1-9fb8-e0a317e6f5a7,634,SS_133,Cachar Substation 133,FD_UNKNOWN,Unknown Feeder,16.0,20,False,64.0402169914775,33.9323411830295,71,0.2873,healthy,92.4971552,24.9244727,125,Siemens,ONAF,2006-10-07,False,True,"Ward No. 2, Substation 133, Unknown",Unknown,IN_SERVICE
5c023cd7-ddbc-487f-acc7-d5cf10224fe7,100262,SS_104,Kamrup Metro Substation 104,FD_UNKNOWN,Unknown Feeder,250.0,10,False,62.6625935677348,34.4104681163003,76,0.2393,healthy,91.7403051,26.171787,81,Siemens,ONAF,2016-06-19,False,False,"Ward No. 6, Substation 104, Kamrup Metro",Kamrup Metro,IN_SERVICE
5c0f9687-dcc6-4cf2-8d9a-e60e192ad76a,106,SS_133,Cachar Substation 133,FD_UNKNOWN,Unknown Feeder,100.0,25,False,65.9882646424668,33.6933592660494,75,0.245,healthy,92.5686026,24.9664166,32,Crompton,ONAN,2001-03-22,False,False,"Ward No. 2, Substation 133, Unknown",Unknown,IN_SERVICE
5c50e345-bfe1-4058-a350-e2727fa23ecf,100236,SS_104,Kamrup Metro Substation 104,FD_UNKNOWN,Unknown Feeder,100.0,22,True,67.3480635864965,33.7038834412914,77,0.2256,healthy,91.7539031,26.1854327,91,Crompton,ONAN,2004-01-21,False,False,"Ward No. 8, Substation 104, Kamrup Metro",Kamrup Metro,IN_SERVICE
5c5515f7-3ecd-4865-88f8-228bc1cf2f57,642,SS_133,Cachar Substation 133,FD_UNKNOWN,Unknown Feeder,63.0,14,True,67.2541684833859,32.9919194191636,72,0.2772,healthy,92.5028967,24.8816267,76,Voltamp,ONAF,2012-02-13,False,False,"Ward No. 13, Substation 133, Unknown",Unknown,IN_SERVICE
5c5a8eaf-4202-47f4-95d2-f60ffcec9d99,100372,SS_112,Kamrup Substation 112,FD_UNKNOWN,Unknown Feeder,250.0,10,False,67.5476607231498,33.9614181546833,73,0.2644,healthy,90.6181942,26.1508208,111,Voltamp,ONAN,2016-08-19,False,False,"Ward No. 8, Substation 112, Kamrup",Kamrup,IN_SERVICE
5c6abf26-1449-4b14-a442-c899c3be810b,100910,SS_172,Dhemaji Substation 172,FD_UNKNOWN,Unknown Feeder,100.0,9,False,65.6677084328885,33.2409651505926,75,0.2461,healthy,94.9258202,27.4898148,26,ABB,ONAN,2017-01-27,False,True,"Ward No. 9, Substation 172, Dhemaji",Dhemaji,IN_SERVICE
5e1b3360-421f-4934-9b3e-5213d8bb49c2,100754,SS_161,Dibrugarh Substation 161,FD_UNKNOWN,Unknown Feeder,100.0,18,False,64.5084223949458,33.9800416430164,73,0.2613,healthy,94.9298835,27.4891115,59,ABB,ONAN,2008-05-26,False,False,"Ward No. 12, Substation 161, Dibrugarh",Dibrugarh,IN_SERVICE
5f294aa2-e8e1-4e5b-914e-6e00cbe3c854,101180,SS_211,Darrang Substation 211,FD_UNKNOWN,Unknown Feeder,63.0,17,True,66.2616213928803,33.5462316360407,69,0.3006,healthy,92.1971248,26.6968871,113,Voltamp,ONAN,2009-06-08,False,False,"Ward No. 13, Substation 211, Darrang",Darrang,IN_SERVICE
6dd6bce1-5372-41f0-b2ec-c7764c96fcd8,101279,SS_241,Nalbari Substation 241,FD_UNKNOWN,Unknown Feeder,200.0,15,True,65.5569977451312,33.9303398830695,75,0.2496,healthy,91.6332286,26.4074926,101,Crompton,ONAN,2011-11-07,False,False,"Ward No. 13, Substation 241, Nalbari",Nalbari,IN_SERVICE
6ddc7d4c-e94c-41b0-93a4-2d5f30ba5dd0,101041,SS_192,Bongaigaon Substation 192,FD_UNKNOWN,Unknown Feeder,100.0,39,False,120.20549046356,93.574099314191,25,0.748,warning,90.7979143,26.4681936,134,BHEL,ONAF,1987-11-27,False,False,"Ward No. 4, Substation 192, Bongaigaon",Bongaigaon,IN_SERVICE
6ec20da3-4df1-4e5b-8aa2-9aeeb6ca60c1,2237,SS_133,Cachar Substation 133,FD_UNKNOWN,Unknown Feeder,25.0,21,True,67.0103161729217,33.8217445468711,68,0.3141,healthy,92.509835,24.8823417,24,Siemens,ONAN,2005-10-12,False,False,"Ward No. 1, Substation 133, Unknown",Unknown,IN_SERVICE
77795bd9-f7a3-4a1e-a8bb-f54517e2d46d,100981,SS_182,Sonitpur Substation 182,FD_UNKNOWN,Unknown Feeder,100.0,15,True,66.3842593374828,34.3025502530096,75,0.2442,healthy,92.7961644,26.6514037,54,Voltamp,ONAF,2011-10-08,False,False,"Ward No. 10, Substation 182, Sonitpur",Sonitpur,IN_SERVICE
778e8816-aafd-4077-9285-d6a5c967a548,100068,SS_101,Kamrup Metro Substation 101,FD_UNKNOWN,Unknown Feeder,200.0,25,True,65.4238191251234,33.5111949785035,75,0.2457,healthy,91.7788063,26.1676312,27,Voltamp,ONAN,2001-03-19,False,False,"Ward No. 3, Substation 101, Kamrup Metro",Kamrup Metro,IN_SERVICE
77c7361a-5844-4390-bcf9-2177cd3c0e39,100246,SS_104,Kamrup Metro Substation 104,FD_UNKNOWN,Unknown Feeder,200.0,24,False,65.1618881505437,33.9502305451657,76,0.2374,healthy,91.7312439,26.1669226,107,BHEL,ONAN,2002-05-23,False,False,"Ward No. 11, Substation 104, Kamrup Metro",Kamrup Metro,IN_SERVICE
9f252193-7b23-4d14-b0e4-4e08ac50e525,531,SS_133,Cachar Substation 133,FD_UNKNOWN,Unknown Feeder,100.0,14,True,69.0236734071824,34.3445132890836,74,0.2567,healthy,92.5909925,24.9403662,142,ABB,ONAN,2012-05-13,False,True,"Ward No. 1, Substation 133, Unknown",Unknown,IN_SERVICE
9f55cd00-1caf-441b-98b5-ae7a9bb0a5e8,100092,SS_102,Kamrup Metro Substation 102,FD_UNKNOWN,Unknown Feeder,100.0,8,True,66.1916821047095,34.7213988690751,74,0.2514,healthy,91.7459328,26.1121563,119,Crompton,ONAN,2018-10-24,True,False,"Ward No. 2, Substation 102, Kamrup Metro",Kamrup Metro,IN_SERVICE
a6f139a1-e387-455a-9f3a-b2e613fe1a7f,100533,SS_133,Cachar Substation 133,FD_UNKNOWN,Unknown Feeder,500.0,17,False,66.4552182821838,34.1074865414258,69,0.3044,healthy,93.143353,24.7781476,21,BHEL,ONAN,2009-06-10,False,True,"Ward No. 8, Substation 133, Cachar",Cachar,IN_SERVICE
a90ae57e-e793-4fa9-ba03-a45ad4e99fc1,100858,SS_164,Dibrugarh Substation 164,FD_UNKNOWN,Unknown Feeder,200.0,24,False,64.9989663029873,33.9784802999052,72,0.2754,healthy,95.3612101,27.4648038,37,Crompton,ONAN,2002-11-20,False,False,"Ward No. 6, Substation 164, Dibrugarh",Dibrugarh,IN_SERVICE
aa594660-0b79-48ee-b569-b7dfb9e5a695,101359,SS_252,Chirang Substation 252,FD_UNKNOWN,Unknown Feeder,200.0,19,True,67.571428195843,33.3996121526516,72,0.2794,healthy,90.5515413,26.4929099,123,Siemens,ONAN,2007-10-10,False,False,"Ward No. 2, Substation 252, Chirang",Chirang,IN_SERVICE
aaaf372f-12f9-4761-91dd-d1acf5b82dfd,100524,SS_133,Cachar Substation 133,FD_UNKNOWN,Unknown Feeder,250.0,14,False,70.8428039955948,33.4856697402387,73,0.2616,healthy,93.1142523,24.8072194,105,Siemens,ONAN,2012-06-20,False,False,"Ward No. 5, Substation 133, Cachar",Cachar,IN_SERVICE
aae99f52-a69f-4630-b55a-ebb0b875947c,390,SS_133,Cachar Substation 133,FD_UNKNOWN,Unknown Feeder,63.0,9,False,68.515881218215,33.1945017115432,71,0.2871,healthy,92.6500117,24.9150517,26,ABB,ONAN,2017-08-12,False,False,"Ward No. 8, Substation 133, Unknown",Unknown,IN_SERVICE
aaee7d92-fe55-41ea-ae61-70631ce20b37,100850,SS_164,Dibrugarh Substation 164,FD_UNKNOWN,Unknown Feeder,250.0,14,True,62.5639679958083,33.2762882853192,76,0.2319,healthy,95.3173479,27.3486058,141,Voltamp,ONAN,2012-07-04,False,False,"Ward No. 12, Substation 164, Dibrugarh",Dibrugarh,IN_SERVICE
aafa5070-113e-4e45-a95d-02549c0dff65,101289,SS_242,Baksa Substation 242,FD_UNKNOWN,Unknown Feeder,100.0,6,False,65.1268441952028,33.859232202777,74,0.257,healthy,91.3416544,26.8294352,77,ABB,ONAF,2020-06-17,False,False,"Ward No. 4, Substation 242, Baksa",Baksa,IN_SERVICE
376496ef-8dce-4557-970d-cac76ad0eacf,100757,SS_161,Dibrugarh Substation 161,FD_UNKNOWN,Unknown Feeder,200.0,13,False,65.4247332451542,34.3087605297023,74,0.2574,healthy,94.9275696,27.4777155,28,BHEL,ONAN,2013-09-18,False,False,"Ward No. 9, Substation 161, Dibrugarh",Dibrugarh,IN_SERVICE
37f15fd2-09b6-48b8-9a4f-15eb88f9b99d,1014,SS_133,Cachar Substation 133,FD_UNKNOWN,Unknown Feeder,63.0,24,False,65.8549439941243,33.3950887928284,73,0.2676,healthy,92.5064162,24.9632297,89,Voltamp,ONAF,2002-01-08,False,False,"Ward No. 11, Substation 133, Unknown",Unknown,IN_SERVICE
3a41cde5-c772-4958-b604-3c6bc63e2a6c,148,SS_133,Cachar Substation 133,FD_UNKNOWN,Unknown Feeder,16.0,13,True,67.4712584892492,33.5321849871031,69,0.3055,healthy,92.4661563,24.945659,87,Siemens,ONAN,2013-01-10,False,False,"Ward No. 6, Substation 133, Unknown",Unknown,IN_SERVICE
3c97e345-778f-4989-8130-7e00102fe101,147,SS_133,Cachar Substation 133,FD_UNKNOWN,Unknown Feeder,16.0,32,False,65.9962970577912,34.4873760546586,69,0.307,healthy,92.4432209,24.9917083,50,ABB,ONAN,1994-10-23,False,False,"Ward No. 10, Substation 133, Unknown",Unknown,IN_SERVICE
3cfc73e1-7aab-491a-9b2d-6d516e6d63f0,100128,SS_102,Kamrup Metro Substation 102,FD_UNKNOWN,Unknown Feeder,25.0,7,True,65.6652835641548,34.3951417769582,71,0.2833,healthy,91.7706942,26.1630268,31,Siemens,ONAN,2019-09-23,False,False,"Ward No. 2, Substation 102, Kamrup Metro",Kamrup Metro,IN_SERVICE
3cff124a-bb90-453f-be50-98c25c6dbe80,100286,SS_105,Kamrup Metro Substation 105,FD_UNKNOWN,Unknown Feeder,315.0,24,True,121.245149898678,93.9969086511489,22,0.7748,warning,91.7706942,26.1630268,99,Crompton,ONAN,2002-05-01,False,False,"Ward No. 2, Substation 105, Kamrup Metro",Kamrup Metro,IN_SERVICE
3d7139f5-0817-4155-99ec-f5641761053b,101179,SS_211,Darrang Substation 211,FD_UNKNOWN,Unknown Feeder,200.0,15,True,67.7402858819958,33.569581943019,75,0.2476,healthy,91.7467346,26.3463682,89,ABB,ONAN,2011-11-15,False,False,"Ward No. 2, Substation 211, Darrang",Darrang,IN_SERVICE
3da438e9-21fb-49de-8d7e-742565338afd,100217,SS_104,Kamrup Metro Substation 104,FD_UNKNOWN,Unknown Feeder,100.0,14,False,67.9332241429997,33.9278526488356,73,0.2678,healthy,91.6887221,26.1606497,49,Voltamp,ONAF,2012-04-05,True,True,"Ward No. 4, Substation 104, Kamrup Metro",Kamrup Metro,IN_SERVICE
3dff5d67-ae21-474a-a63f-ea71c08b1164,100064,SS_101,Kamrup Metro Substation 101,FD_UNKNOWN,Unknown Feeder,200.0,8,False,69.3058437065584,34.4878582965881,74,0.2551,healthy,91.8199646,26.1788619,60,Siemens,ONAN,2018-06-19,False,False,"Ward No. 13, Substation 101, Kamrup Metro",Kamrup Metro,IN_SERVICE
3e6dacc3-0cc5-4404-be73-ee557cb085d5,100912,SS_172,Dhemaji Substation 172,FD_UNKNOWN,Unknown Feeder,100.0,6,True,65.9780055109465,33.2819778280807,78,0.2169,healthy,94.9272823,27.4704798,74,ABB,ONAF,2020-07-21,False,True,"Ward No. 14, Substation 172, Dhemaji",Dhemaji,IN_SERVICE
3e9b569d-e77a-4c32-ad13-6f5af78c97d1,101110,SS_201,Sivasagar Substation 201,FD_UNKNOWN,Unknown Feeder,100.0,17,False,69.2796512125904,34.3274122524186,74,0.2526,healthy,94.6148137,26.783763,41,Crompton,ONAF,2009-10-26,False,True,"Ward No. 10, Substation 201, Sivasagar",Sivasagar,IN_SERVICE
3ec21e4d-5132-4010-9c24-6cf88b63c37c,100632,SS_141,Hailakandi Substation 141,FD_UNKNOWN,Unknown Feeder,63.0,15,False,63.9817136499043,33.3605783139819,77,0.2274,healthy,92.4911566,24.7006224,36,Siemens,ONAN,2011-11-21,False,False,"Ward No. 14, Substation 141, Hailakandi",Hailakandi,IN_SERVICE
3f5bbdf5-c3f4-4864-81d9-0ee6c6a21a7c,2177,SS_133,Cachar Substation 133,FD_UNKNOWN,Unknown Feeder,25.0,21,False,63.0560674208774,33.5635558738403,69,0.3086,healthy,92.50572,24.8828417,114,ABB,ONAN,2005-05-22,False,False,"Ward No. 11, Substation 133, Unknown",Unknown,IN_SERVICE
486c74de-b8e4-46e0-8e21-17b68164c101,101203,SS_212,Morigaon Substation 212,FD_UNKNOWN,Unknown Feeder,25.0,18,True,67.0317907064088,33.5622093142407,71,0.2827,healthy,92.3635211,26.3070013,135,Crompton,ONAN,2008-02-10,False,False,"Ward No. 13, Substation 212, Morigaon",Morigaon,IN_SERVICE
4bec8671-721a-4018-98e7-82719532f89e,101086,SS_194,Dhubri Substation 194,FD_UNKNOWN,Unknown Feeder,200.0,18,False,65.9275220907055,33.4817079125541,76,0.2399,healthy,90.0910608,26.3501254,137,BHEL,ONAN,2008-02-02,False,True,"Ward No. 4, Substation 194, Dhubri",Dhubri,IN_SERVICE
4f5c7fc3-6390-4adf-b6a1-042eff22b76a,101241,SS_222,Karbi Anglong Substation 222,FD_UNKNOWN,Unknown Feeder,500.0,10,False,66.9741718427811,34.3598816160807,71,0.2801,healthy,92.6639524,26.347434,138,ABB,ONAF,2016-08-19,False,False,"Ward No. 8, Substation 222, Karbi Anglong",Karbi Anglong,IN_SERVICE
4fd39782-79f7-431c-b606-18e3c4e4c0dd,162,SS_133,Cachar Substation 133,FD_UNKNOWN,Unknown Feeder,25.0,12,True,67.0022065901869,33.5423690208719,67,0.3251,healthy,92.4790336,24.958411,73,ABB,ONAN,2014-10-04,False,False,"Ward No. 5, Substation 133, Unknown",Unknown,IN_SERVICE
5048cba9-2a0f-4fb6-957b-790e8a7d748d,100503,SS_133,Cachar Substation 133,FD_UNKNOWN,Unknown Feeder,25.0,14,True,67.6856931407352,33.1293500825141,68,0.3173,healthy,92.7775079,24.9167936,144,BHEL,ONAF,2012-08-19,False,False,"Ward No. 7, Substation 133, Cachar",Cachar,IN_SERVICE
507d4725-f698-4ddb-8abd-149911da6a01,526,SS_133,Cachar Substation 133,FD_UNKNOWN,Unknown Feeder,25.0,10,False,66.139103921991,34.0171159609353,68,0.3175,healthy,92.5863767,24.9285067,135,Crompton,ONAF,2016-08-10,False,False,"Ward No. 13, Substation 133, Unknown",Unknown,IN_SERVICE
51418c19-1893-4c24-82fa-d16f8faf36c8,100972,SS_182,Sonitpur Substation 182,FD_UNKNOWN,Unknown Feeder,100.0,18,True,61.8967784827884,33.6169126321391,76,0.2376,healthy,92.765946,26.680182,52,Voltamp,ONAN,2008-10-26,False,False,"Ward No. 8, Substation 182, Sonitpur",Sonitpur,IN_SERVICE
5165614d-e350-4b9d-acfb-531995a22cf3,100875,SS_171,Lakhimpur Substation 171,FD_UNKNOWN,Unknown Feeder,200.0,7,False,67.8373092115354,34.2937405512314,74,0.2586,healthy,94.1580672,26.9764157,140,Crompton,ONAN,2019-04-22,True,False,"Ward No. 14, Substation 171, Lakhimpur",Lakhimpur,IN_SERVICE
51884a8e-90e2-4ac8-b086-66bd88aec224,101032,SS_192,Bongaigaon Substation 192,FD_UNKNOWN,Unknown Feeder,315.0,13,True,65.1806373622039,34.5007671142019,74,0.2588,healthy,90.5150881,26.4815876,37,Crompton,ONAF,2013-03-18,False,True,"Ward No. 2, Substation 192, Bongaigaon",Bongaigaon,IN_SERVICE
51dff27f-0f13-4786-8a01-ef0bab42feae,100971,SS_182,Sonitpur Substation 182,FD_UNKNOWN,Unknown Feeder,200.0,13,False,64.5945655470003,33.6497736798138,74,0.2509,healthy,92.866517,26.8196533,39,ABB,ONAF,2013-11-12,False,False,"Ward No. 10, Substation 182, Sonitpur",Sonitpur,IN_SERVICE
51e98c26-b135-4987-aced-9ad949dc2ce4,101326,SS_244,Barpeta Substation 244,FD_UNKNOWN,Unknown Feeder,63.0,15,True,66.9049641075037,33.7153714297426,71,0.2841,healthy,90.8027602,26.4709474,58,Voltamp,ONAF,2011-09-02,False,False,"Ward No. 8, Substation 244, Barpeta",Barpeta,IN_SERVICE
566d0ce8-6305-4a8d-8fd4-59f033c9fbbd,2128,SS_133,Cachar Substation 133,FD_UNKNOWN,Unknown Feeder,25.0,33,True,60.0674823850305,33.8029228007204,73,0.2674,healthy,92.620134,24.8712812,91,BHEL,ONAF,1993-04-12,False,False,"Ward No. 14, Substation 133, Unknown",Unknown,IN_SERVICE
56908331-6d9b-46cb-9e3c-ede0ebd7f921,100573,SS_134,Cachar Substation 134,FD_UNKNOWN,Unknown Feeder,500.0,21,False,119.210164406364,92.7838390976327,19,0.8074,warning,92.5950633,24.5662035,108,BHEL,ONAN,2005-09-10,False,False,"Ward No. 13, Substation 134, Cachar",Cachar,IN_SERVICE
56eabe9a-e234-478e-8ab1-71fe068bc551,100124,SS_102,Kamrup Metro Substation 102,FD_UNKNOWN,Unknown Feeder,100.0,25,True,66.037972050468,33.5720831299162,75,0.2487,healthy,91.7618154,26.1713757,25,BHEL,ONAN,2001-02-01,False,True,"Ward No. 6, Substation 102, Kamrup Metro",Kamrup Metro,IN_SERVICE
573fa856-6ca0-4349-b3a3-a7e4c5e8af80,100618,SS_136,Cachar Substation 136,FD_UNKNOWN,Unknown Feeder,500.0,18,False,66.1677815123476,34.4045741882109,69,0.3017,healthy,93.143353,24.7781476,28,BHEL,ONAN,2008-04-24,False,False,"Ward No. 5, Substation 136, Cachar",Cachar,IN_SERVICE
5885ed71-9d84-482f-92c8-1cf7e45c0e4a,100625,SS_136,Cachar Substation 136,FD_UNKNOWN,Unknown Feeder,100.0,9,True,68.6498662005752,33.8624650111526,75,0.2401,healthy,92.795832,24.783285,67,Voltamp,ONAN,2017-09-04,False,False,"Ward No. 12, Substation 136, Cachar",Cachar,IN_SERVICE
5a70f27e-1ebb-4045-84b0-51f3ff3f6fec,100365,SS_112,Kamrup Substation 112,FD_UNKNOWN,Unknown Feeder,100.0,10,True,64.0810344996358,34.0264793979532,78,0.215,healthy,91.0019536,26.3353589,53,ABB,ONAN,2016-05-01,False,False,"Ward No. 2, Substation 112, Kamrup",Kamrup,IN_SERVICE
5b0bf4ad-f8bd-434a-9398-cffc1f43ddbe,100135,SS_102,Kamrup Metro Substation 102,FD_UNKNOWN,Unknown Feeder,100.0,19,False,64.5286648574251,33.8349619234792,75,0.2443,healthy,91.8095034,26.1350283,120,Voltamp,ONAN,2007-06-22,False,False,"Ward No. 12, Substation 102, Kamrup Metro",Kamrup Metro,IN_SERVICE
7b1f6c86-4f7a-4350-b021-39f8e24652ad,100818,SS_162,Tinsukia Substation 162,FD_UNKNOWN,Unknown Feeder,200.0,29,True,119.741329266407,93.8821285392588,26,0.7353,warning,95.156457,27.387463,37,Voltamp,ONAN,1997-03-22,False,False,"Ward No. 11, Substation 162, Tinsukia",Tinsukia,IN_SERVICE
7b367378-b12b-4971-8377-b6546e229023,100367,SS_112,Kamrup Substation 112,FD_UNKNOWN,Unknown Feeder,315.0,6,False,68.4300380917878,33.6479034720749,71,0.2867,healthy,90.6493529,25.9165611,71,ABB,ONAN,2020-03-11,False,False,"Ward No. 2, Substation 112, Kamrup",Kamrup,IN_SERVICE
7b5da86e-beb0-4739-bd3f-338e1321d771,100854,SS_164,Dibrugarh Substation 164,FD_UNKNOWN,Unknown Feeder,200.0,18,True,65.849318383061,34.1818543020595,73,0.2628,healthy,95.3663889,27.1843094,68,Crompton,ONAF,2008-11-25,False,False,"Ward No. 13, Substation 164, Dibrugarh",Dibrugarh,IN_SERVICE
26711d80-c900-4d0a-9b95-5aabe0613642,100349,SS_111,Kamrup Substation 111,FD_UNKNOWN,Unknown Feeder,100.0,17,False,68.6549599213728,33.8350177076674,76,0.2305,healthy,91.7467346,26.3463682,74,Siemens,ONAN,2009-10-14,False,False,"Ward No. 5, Substation 111, Kamrup",Kamrup,IN_SERVICE
269e8f40-7fe6-41f6-851e-a11e01d40eeb,101280,SS_241,Nalbari Substation 241,FD_UNKNOWN,Unknown Feeder,100.0,27,True,67.8175606713412,33.4299169432607,75,0.2466,healthy,91.6406761,26.3902623,81,Siemens,ONAN,1999-09-27,False,False,"Ward No. 2, Substation 241, Nalbari",Nalbari,IN_SERVICE
26b76b71-3bff-41a0-8fdc-515580ea4b73,101128,SS_201,Sivasagar Substation 201,FD_UNKNOWN,Unknown Feeder,200.0,14,False,63.8152452985408,33.6722345938656,77,0.2285,healthy,94.9448362,27.1763415,114,BHEL,ONAN,2012-08-05,False,False,"Ward No. 4, Substation 201, Sivasagar",Sivasagar,IN_SERVICE
27b1d53e-41a5-4842-a14a-a5c9747f66a2,100055,SS_101,Kamrup Metro Substation 101,FD_UNKNOWN,Unknown Feeder,315.0,5,True,65.1406325502903,33.3088084932981,76,0.2314,healthy,91.7603695,26.1851019,125,Voltamp,ONAF,2021-11-11,False,True,"Ward No. 13, Substation 101, Kamrup Metro",Kamrup Metro,IN_SERVICE
27d56518-0cf4-4ee6-9874-9b79d2a22a1c,394,SS_133,Cachar Substation 133,FD_UNKNOWN,Unknown Feeder,25.0,30,True,63.3567251750204,34.0095786528776,71,0.2861,healthy,92.69898,24.8945492,26,ABB,ONAN,1996-03-18,False,False,"Ward No. 14, Substation 133, Unknown",Unknown,IN_SERVICE
2828dc03-cd7f-4790-b2bd-15069bf3f021,101104,SS_201,Sivasagar Substation 201,FD_UNKNOWN,Unknown Feeder,315.0,11,False,63.0487224386428,34.6657957741714,73,0.2678,healthy,94.6507171,26.9857955,85,Crompton,ONAF,2015-11-19,False,False,"Ward No. 1, Substation 201, Sivasagar",Sivasagar,IN_SERVICE
2853e252-a059-4701-97b0-40f2bd796fca,100980,SS_182,Sonitpur Substation 182,FD_UNKNOWN,Unknown Feeder,315.0,9,True,66.2318571655018,34.6304976719503,71,0.2877,healthy,92.7952152,26.6530733,24,Siemens,ONAN,2017-01-06,False,False,"Ward No. 8, Substation 182, Sonitpur",Sonitpur,IN_SERVICE
287068a9-53c9-443e-985c-539e54db83b3,100323,SS_106,Kamrup Metro Substation 106,FD_UNKNOWN,Unknown Feeder,100.0,21,False,65.9063644693322,34.3701681438687,75,0.2454,healthy,91.7274383,26.1458262,51,BHEL,ONAN,2005-03-21,True,False,"Ward No. 10, Substation 106, Kamrup Metro",Kamrup Metro,IN_SERVICE
29025d65-644f-4af4-88b0-cff261e0ac96,177,SS_133,Cachar Substation 133,FD_UNKNOWN,Unknown Feeder,63.0,23,False,66.7236943795228,33.7136867012698,73,0.2687,healthy,92.4418817,24.9688283,137,Siemens,ONAN,2003-10-22,False,True,"Ward No. 3, Substation 133, Unknown",Unknown,IN_SERVICE
380610c8-126c-45e5-b43a-3129030546a4,101221,SS_221,Karbi Anglong Substation 221,FD_UNKNOWN,Unknown Feeder,200.0,32,True,64.9062727321534,33.6470108371199,76,0.2399,healthy,93.4412065,25.9178545,109,Siemens,ONAN,1994-05-14,False,True,"Ward No. 1, Substation 221, Karbi Anglong",Karbi Anglong,IN_SERVICE
38349339-c099-4837-95f1-6efe5e303776,100154,SS_103,Kamrup Metro Substation 103,FD_UNKNOWN,Unknown Feeder,200.0,13,True,68.9174880723341,34.1987909086118,73,0.2698,healthy,91.7725385,26.1739391,73,ABB,ONAN,2013-01-05,False,True,"Ward No. 8, Substation 103, Kamrup Metro",Kamrup Metro,IN_SERVICE
427b0cee-799e-4a38-8506-d4de48c73cfa,100053,SS_101,Kamrup Metro Substation 101,FD_UNKNOWN,Unknown Feeder,63.0,17,False,63.9787238793314,33.1344907158594,73,0.2688,healthy,91.7663061,26.1848065,69,BHEL,ONAN,2009-10-04,False,True,"Ward No. 1, Substation 101, Kamrup Metro",Kamrup Metro,IN_SERVICE
436bf739-019d-4183-a60e-42be46fb4994,101056,SS_193,Kokrajhar Substation 193,FD_UNKNOWN,Unknown Feeder,315.0,9,False,68.6865416480509,33.9261478739942,71,0.2899,healthy,90.2719637,26.4059703,92,ABB,ONAF,2017-04-13,False,True,"Ward No. 3, Substation 193, Kokrajhar",Kokrajhar,IN_SERVICE
593a3779-3d91-4417-94e7-7c95c408df99,100696,SS_151,Jorhat Substation 151,FD_UNKNOWN,Unknown Feeder,500.0,7,False,67.964174097663,33.9743582100714,69,0.3014,healthy,94.1659316,26.9476959,68,Siemens,ONAF,2019-07-08,False,False,"Ward No. 13, Substation 151, Jorhat",Jorhat,IN_SERVICE
593f65e2-a5e4-4514-9d94-7f6821236ec2,100962,SS_181,Sonitpur Substation 181,FD_UNKNOWN,Unknown Feeder,100.0,40,True,66.2734835622193,33.3922280377493,74,0.2533,healthy,92.6644501,26.3564691,87,Siemens,ONAF,1986-02-22,True,False,"Ward No. 6, Substation 181, Sonitpur",Sonitpur,IN_SERVICE
5940b80f-328e-4cb1-9b80-2ece3fd34958,101236,SS_222,Karbi Anglong Substation 222,FD_UNKNOWN,Unknown Feeder,63.0,39,True,64.4315800553021,34.0946235007627,72,0.277,healthy,92.714374,26.3666002,100,BHEL,ONAN,1987-03-23,False,False,"Ward No. 1, Substation 222, Karbi Anglong",Karbi Anglong,IN_SERVICE
5b28e9b6-290d-4595-b6f4-c4b30db09af4,2165,SS_133,Cachar Substation 133,FD_UNKNOWN,Unknown Feeder,63.0,10,True,117.70126551015,93.8061053554966,25,0.7456,warning,92.655665,24.9443043,42,Crompton,ONAF,2016-08-23,False,False,"Ward No. 8, Substation 133, Unknown",Unknown,IN_SERVICE
5b2b28db-2826-4d6c-a188-ba9150530259,377,SS_133,Cachar Substation 133,FD_UNKNOWN,Unknown Feeder,63.0,13,False,65.9731016642506,33.3516192778776,71,0.2828,healthy,92.668865,24.9114717,55,BHEL,ONAF,2013-10-13,False,False,"Ward No. 6, Substation 133, Unknown",Unknown,IN_SERVICE
5b4b1b1f-9ba4-4ecf-800f-03a02c0f7bab,100771,SS_161,Dibrugarh Substation 161,FD_UNKNOWN,Unknown Feeder,250.0,24,False,63.5352715668816,34.3063710823428,76,0.2349,healthy,95.0821294,27.4699353,95,Crompton,ONAN,2002-11-03,False,False,"Ward No. 7, Substation 161, Dibrugarh",Dibrugarh,IN_SERVICE
5f3ca43b-5dd5-4836-817e-663c96ae1114,100434,SS_122,Hojai Substation 122,FD_UNKNOWN,Unknown Feeder,63.0,19,True,67.1571554792155,33.177035086922,74,0.2594,healthy,93.0282789,26.1056779,143,ABB,ONAF,2007-02-25,True,False,"Ward No. 4, Substation 122, Hojai",Hojai,IN_SERVICE
5f46c341-c75a-4e09-bc51-2922b6e0b547,100344,SS_111,Kamrup Substation 111,FD_UNKNOWN,Unknown Feeder,200.0,13,False,63.7942320454839,34.1074062595494,77,0.2207,healthy,91.6859766,26.3474087,26,Siemens,ONAF,2013-05-16,False,False,"Ward No. 13, Substation 111, Kamrup",Kamrup,IN_SERVICE
e137ce2d-b487-4ea1-8d95-d033d5889e99,100655,SS_142,Karimganj Substation 142,FD_UNKNOWN,Unknown Feeder,100.0,18,False,63.1077584154404,33.7708296221275,77,0.2208,healthy,92.3699007,24.8620579,116,ABB,ONAN,2008-11-13,False,False,"Ward No. 6, Substation 142, Karimganj",Karimganj,IN_SERVICE
e155ea5d-c731-46d6-b34e-3b4a4c707fe7,100504,SS_133,Cachar Substation 133,FD_UNKNOWN,Unknown Feeder,315.0,12,True,67.4578643081237,33.794459121134,72,0.2749,healthy,92.8367163,24.9154435,34,Crompton,ONAF,2014-09-11,False,False,"Ward No. 1, Substation 133, Cachar",Cachar,IN_SERVICE
e3516a12-1438-45f7-bb36-6490f7443490,100020,SS_101,Kamrup Metro Substation 101,FD_UNKNOWN,Unknown Feeder,500.0,23,False,65.7231647271551,33.5534061582637,70,0.2931,healthy,91.7608166,26.1717757,38,Voltamp,ONAF,2003-04-27,False,False,"Ward No. 8, Substation 101, Kamrup Metro",Kamrup Metro,IN_SERVICE
e3d9b39c-44d9-4067-a523-25961696326e,2084,SS_133,Cachar Substation 133,FD_UNKNOWN,Unknown Feeder,25.0,8,True,68.6187230959763,33.7547375809289,68,0.3178,healthy,92.4947131,24.9218404,95,Siemens,ONAF,2018-07-12,False,False,"Ward No. 10, Substation 133, Unknown",Unknown,IN_SERVICE
e47339b2-1dbf-4226-9e94-3a3729e94434,100989,SS_183,Biswanath Substation 183,FD_UNKNOWN,Unknown Feeder,100.0,19,False,63.5828562541233,33.7237798239402,75,0.2459,healthy,93.1439,26.768397,136,Siemens,ONAN,2007-03-04,False,False,"Ward No. 4, Substation 183, Biswanath",Biswanath,IN_SERVICE
e56f4865-afd9-4890-bc63-80adfaae5285,150,SS_133,Cachar Substation 133,FD_UNKNOWN,Unknown Feeder,100.0,9,False,63.8955901266051,33.9360340303211,78,0.2186,healthy,92.6737717,24.8731221,126,Crompton,ONAN,2017-03-26,False,False,"Ward No. 4, Substation 133, Unknown",Unknown,IN_SERVICE
e5739440-03a6-4d65-a0e0-8422da451c42,503,SS_133,Cachar Substation 133,FD_UNKNOWN,Unknown Feeder,63.0,5,False,66.5104028554529,33.815300240733,71,0.2829,healthy,92.5889313,24.8791867,149,Siemens,ONAN,2021-03-20,False,False,"Ward No. 12, Substation 133, Unknown",Unknown,IN_SERVICE
e6746fce-7103-46d0-92c2-f712a09fe147,616,SS_133,Cachar Substation 133,FD_UNKNOWN,Unknown Feeder,63.0,12,False,68.9976563465688,33.9785522783504,73,0.2636,healthy,92.5788033,24.9072967,23,Voltamp,ONAN,2014-09-05,False,False,"Ward No. 7, Substation 133, Unknown",Unknown,IN_SERVICE
e6766d04-763d-4e4f-9dca-485287bfece4,101091,SS_194,Dhubri Substation 194,FD_UNKNOWN,Unknown Feeder,500.0,17,False,67.3076427935066,33.9741168678881,70,0.2949,healthy,90.0795312,26.386114,62,Siemens,ONAN,2009-02-23,False,False,"Ward No. 5, Substation 194, Dhubri",Dhubri,IN_SERVICE
e6ba9930-b563-4af6-b748-73443cdab1c5,100337,SS_111,Kamrup Substation 111,FD_UNKNOWN,Unknown Feeder,250.0,16,False,64.4028948009257,34.3733856288702,73,0.2647,healthy,91.6290284,26.4282202,76,Voltamp,ONAN,2010-11-04,False,True,"Ward No. 4, Substation 111, Kamrup",Kamrup,IN_SERVICE
e738e997-6bf6-4743-8f18-390bb0281d33,100748,SS_161,Dibrugarh Substation 161,FD_UNKNOWN,Unknown Feeder,63.0,7,False,66.8871863610249,33.9888109484444,73,0.2667,healthy,94.9235326,27.4896615,129,BHEL,ONAF,2019-05-04,False,False,"Ward No. 12, Substation 161, Dibrugarh",Dibrugarh,IN_SERVICE
fa4e16a5-5ea1-4046-8fbb-43ac7453862b,142,SS_133,Cachar Substation 133,FD_UNKNOWN,Unknown Feeder,250.0,7,False,66.6868157152361,33.8246501840344,71,0.2838,healthy,92.5192671,24.9785554,137,Siemens,ONAF,2019-06-26,False,False,"Ward No. 14, Substation 133, Unknown",Unknown,IN_SERVICE
41f8218a-f644-441c-ad7c-dcf76f1c20f7,100482,SS_124,Nagaon Substation 124,FD_UNKNOWN,Unknown Feeder,100.0,22,True,69.9277451131412,33.7681656381669,73,0.2659,healthy,92.6621693,26.3344145,70,ABB,ONAF,2004-01-01,False,False,"Ward No. 5, Substation 124, Nagaon",Nagaon,IN_SERVICE
54c0b7a1-16d2-4c8a-b0fb-b3de2bc4032f,100153,SS_103,Kamrup Metro Substation 103,FD_UNKNOWN,Unknown Feeder,200.0,19,True,63.68142742575,33.2270242353339,73,0.2606,healthy,91.7257577,26.1713767,90,Siemens,ONAN,2007-08-12,False,False,"Ward No. 13, Substation 103, Kamrup Metro",Kamrup Metro,IN_SERVICE
61421eb7-a1c5-4b4d-b80a-75002adb095a,101089,SS_194,Dhubri Substation 194,FD_UNKNOWN,Unknown Feeder,200.0,22,True,66.6849448710798,34.3994430378965,73,0.2641,healthy,90.0835123,26.3797461,85,BHEL,ONAF,2004-06-17,False,False,"Ward No. 2, Substation 194, Dhubri",Dhubri,IN_SERVICE
61a49ecd-cf48-4835-8405-21a72f105a73,100575,SS_134,Cachar Substation 134,FD_UNKNOWN,Unknown Feeder,315.0,14,True,119.183905439483,91.0950336100453,23,0.7681,warning,92.3088844,24.7749955,27,Crompton,ONAN,2012-05-09,False,False,"Ward No. 10, Substation 134, Cachar",Cachar,IN_SERVICE
62c7a5a9-8ae2-41a5-91fb-c5e6be0c631d,100240,SS_104,Kamrup Metro Substation 104,FD_UNKNOWN,Unknown Feeder,100.0,14,False,66.6278101733415,33.491671088371,75,0.2407,healthy,91.754228,26.1770311,34,Crompton,ONAN,2012-07-20,False,False,"Ward No. 10, Substation 104, Kamrup Metro",Kamrup Metro,IN_SERVICE
6375231f-47af-4187-88dd-5dde965dfe21,101263,SS_241,Nalbari Substation 241,FD_UNKNOWN,Unknown Feeder,200.0,6,True,70.9703839229312,33.3342712188071,70,0.294,healthy,91.4322423,26.44448,73,Voltamp,ONAN,2020-08-09,False,True,"Ward No. 11, Substation 241, Nalbari",Nalbari,IN_SERVICE
63df8cfe-7bcb-47eb-8773-1ae71c2c494b,100579,SS_134,Cachar Substation 134,FD_UNKNOWN,Unknown Feeder,100.0,8,True,67.0081479286365,34.0729520006381,75,0.2413,healthy,92.793007,24.82903,114,Crompton,ONAF,2018-05-27,False,False,"Ward No. 12, Substation 134, Cachar",Cachar,IN_SERVICE
9dea734f-7e16-4c9c-a2ac-85428bfc49a3,2228,SS_133,Cachar Substation 133,FD_UNKNOWN,Unknown Feeder,25.0,16,True,66.6916308800675,34.3420502210392,70,0.2989,healthy,92.5037911,25.0085243,115,ABB,ONAF,2010-02-20,False,False,"Ward No. 3, Substation 133, Unknown",Unknown,IN_SERVICE
9df05a06-49c4-477a-b936-f1fb4f3e5eed,100062,SS_101,Kamrup Metro Substation 101,FD_UNKNOWN,Unknown Feeder,100.0,10,False,64.4700656042947,34.3677663237607,75,0.2434,healthy,91.7629128,26.1702447,66,ABB,ONAN,2016-05-27,True,False,"Ward No. 8, Substation 101, Kamrup Metro",Kamrup Metro,IN_SERVICE
9e4b9e63-9a00-4aad-8960-2d618a00a470,101272,SS_241,Nalbari Substation 241,FD_UNKNOWN,Unknown Feeder,200.0,18,False,70.1901764082235,34.0476598247775,73,0.2657,healthy,91.5759267,26.4406198,81,Siemens,ONAF,2008-08-13,False,False,"Ward No. 11, Substation 241, Nalbari",Nalbari,IN_SERVICE
9e525636-84a5-4857-aa17-830831d719bb,100406,SS_121,Nagaon Substation 121,FD_UNKNOWN,Unknown Feeder,250.0,21,False,65.0086640409846,34.0694937671263,75,0.2412,healthy,92.796941,26.628821,143,BHEL,ONAN,2005-06-06,False,False,"Ward No. 11, Substation 121, Nagaon",Nagaon,IN_SERVICE
a8685461-4186-41a0-87e3-c052e486e878,100587,SS_135,Cachar Substation 135,FD_UNKNOWN,Unknown Feeder,100.0,12,True,117.954572976181,95.4326216088292,25,0.7472,warning,92.8351285,24.90889,46,Siemens,ONAN,2014-01-01,False,False,"Ward No. 5, Substation 135, Cachar",Cachar,IN_SERVICE
a8ac6f18-5291-496c-a821-a4f605b2662b,100121,SS_102,Kamrup Metro Substation 102,FD_UNKNOWN,Unknown Feeder,100.0,33,False,65.5153981110583,34.0318701452206,76,0.2372,healthy,91.7539039,26.1852961,130,BHEL,ONAN,1993-06-04,False,False,"Ward No. 2, Substation 102, Kamrup Metro",Kamrup Metro,IN_SERVICE
c5aac4f6-3c32-4a17-939b-560ec8b95e1f,101270,SS_241,Nalbari Substation 241,FD_UNKNOWN,Unknown Feeder,100.0,12,True,66.4221963344493,32.9429251086952,75,0.2443,healthy,91.3702479,26.4880406,120,BHEL,ONAN,2014-06-09,False,False,"Ward No. 12, Substation 241, Nalbari",Nalbari,IN_SERVICE
c5c4b1ad-bda6-405d-a06d-1b5101b85c2e,100283,SS_105,Kamrup Metro Substation 105,FD_UNKNOWN,Unknown Feeder,100.0,11,True,118.28342915531,91.3522723394399,26,0.7362,warning,91.7691153,26.1658526,52,ABB,ONAN,2015-01-12,True,False,"Ward No. 6, Substation 105, Kamrup Metro",Kamrup Metro,IN_SERVICE
c63f0b55-8352-4f28-848a-acde99713e5a,100333,SS_106,Kamrup Metro Substation 106,FD_UNKNOWN,Unknown Feeder,25.0,13,False,66.1047432323619,33.7734668579682,66,0.332,healthy,91.7403051,26.171787,94,BHEL,ONAN,2013-11-25,False,False,"Ward No. 8, Substation 106, Kamrup Metro",Kamrup Metro,IN_SERVICE
c66c65b2-717e-4dec-823a-5c60a29b7121,100477,SS_124,Nagaon Substation 124,FD_UNKNOWN,Unknown Feeder,63.0,9,False,68.4671228900803,33.6521229789454,70,0.2925,healthy,92.5160085,26.2310759,144,BHEL,ONAN,2017-04-05,True,False,"Ward No. 14, Substation 124, Nagaon",Nagaon,IN_SERVICE
c6c5f3dc-37e6-41f8-9cad-e13d48b417af,100589,SS_135,Cachar Substation 135,FD_UNKNOWN,Unknown Feeder,63.0,12,True,64.4263540277978,33.1309565526592,71,0.2898,healthy,93.0243811,24.7933481,106,BHEL,ONAN,2014-11-13,False,False,"Ward No. 7, Substation 135, Cachar",Cachar,IN_SERVICE
cd5ab914-f467-4f3e-8fd9-727427d9b0eb,1010,SS_133,Cachar Substation 133,FD_UNKNOWN,Unknown Feeder,25.0,8,False,69.116731533552,33.5554423295553,67,0.3296,healthy,92.6348132,24.9022079,135,ABB,ONAN,2018-05-08,False,False,"Ward No. 12, Substation 133, Unknown",Unknown,IN_SERVICE
cd8a7725-b3d4-49bb-936d-dce3e27d759e,101206,SS_212,Morigaon Substation 212,FD_UNKNOWN,Unknown Feeder,25.0,15,False,67.9114563957408,34.3710415967344,69,0.3039,healthy,92.4988625,26.2104887,102,Siemens,ONAN,2011-02-16,True,False,"Ward No. 13, Substation 212, Morigaon",Morigaon,IN_SERVICE
cdf05f6c-42db-472b-9273-d98edea1cf84,100686,SS_151,Jorhat Substation 151,FD_UNKNOWN,Unknown Feeder,63.0,22,False,68.2215453060986,33.8706385176751,72,0.2713,healthy,94.1774577,26.7490914,49,ABB,ONAN,2004-02-07,False,False,"Ward No. 1, Substation 151, Jorhat",Jorhat,IN_SERVICE
ce042467-2785-474a-9cc5-adcd37e3e14a,100003,SS_101,Kamrup Metro Substation 101,FD_UNKNOWN,Unknown Feeder,100.0,24,False,71.5055147698271,33.946224779937,75,0.2488,healthy,91.7981044,26.1206886,91,Voltamp,ONAN,2002-10-01,False,False,"Ward No. 7, Substation 101, Kamrup Metro",Kamrup Metro,IN_SERVICE
ce242296-cd24-4889-9bbd-9e7f88951fa9,100166,SS_103,Kamrup Metro Substation 103,FD_UNKNOWN,Unknown Feeder,200.0,17,True,65.1496181548047,33.7999905402435,74,0.2539,healthy,91.7815068,26.1442034,83,BHEL,ONAN,2009-11-01,False,False,"Ward No. 4, Substation 103, Kamrup Metro",Kamrup Metro,IN_SERVICE
ce2a2839-9849-4e92-9a62-676ce62e0c28,100176,SS_103,Kamrup Metro Substation 103,FD_UNKNOWN,Unknown Feeder,100.0,14,False,64.1280898035051,34.0751002319234,76,0.2333,healthy,91.786135,26.130908,144,BHEL,ONAN,2012-10-09,False,True,"Ward No. 13, Substation 103, Kamrup Metro",Kamrup Metro,IN_SERVICE
ce455898-a193-4476-9adc-0b55983c742a,100510,SS_133,Cachar Substation 133,FD_UNKNOWN,Unknown Feeder,100.0,16,False,62.32157844539,33.7192135399315,79,0.208,healthy,92.6269676,24.9461789,140,Siemens,ONAN,2010-03-16,False,False,"Ward No. 1, Substation 133, Cachar",Cachar,IN_SERVICE
ce5da3d8-5475-46c4-bbb9-76b0ac48c048,100413,SS_121,Nagaon Substation 121,FD_UNKNOWN,Unknown Feeder,200.0,16,False,66.4127465179951,34.1454753242967,72,0.2712,healthy,92.7729652,26.6523508,147,Siemens,ONAN,2010-05-13,False,False,"Ward No. 1, Substation 121, Nagaon",Nagaon,IN_SERVICE
cea04e18-d6a0-41b4-8787-599235f99ad0,100633,SS_141,Hailakandi Substation 141,FD_UNKNOWN,Unknown Feeder,250.0,14,True,62.6774119320219,33.551568996359,75,0.2455,healthy,92.4906322,24.7006224,72,Voltamp,ONAN,2012-09-11,False,False,"Ward No. 3, Substation 141, Hailakandi",Hailakandi,IN_SERVICE
cebd86e1-314a-4935-86a3-a92dd101c23a,100218,SS_104,Kamrup Metro Substation 104,FD_UNKNOWN,Unknown Feeder,100.0,9,False,69.860850909409,34.0052619909418,75,0.249,healthy,91.6776942,26.2075432,144,Siemens,ONAF,2017-08-25,False,True,"Ward No. 6, Substation 104, Kamrup Metro",Kamrup Metro,IN_SERVICE
cec4f4ca-2ebd-405d-9535-72e29368910e,100352,SS_111,Kamrup Substation 111,FD_UNKNOWN,Unknown Feeder,250.0,34,True,64.0485345557124,33.6935764028372,74,0.2544,healthy,91.7553079,26.3471848,23,BHEL,ONAN,1992-11-01,False,True,"Ward No. 4, Substation 111, Kamrup",Kamrup,IN_SERVICE
cec6c76c-b203-4122-a52b-66debc43a4b0,101214,SS_221,Karbi Anglong Substation 221,FD_UNKNOWN,Unknown Feeder,200.0,5,True,68.6945506911907,34.1675314912458,74,0.2555,healthy,93.4376378,25.8447901,54,BHEL,ONAN,2021-07-05,False,False,"Ward No. 7, Substation 221, Karbi Anglong",Karbi Anglong,IN_SERVICE
cef763b6-a50e-4268-9577-76ae534805f6,120,SS_133,Cachar Substation 133,FD_UNKNOWN,Unknown Feeder,100.0,22,False,61.9836288823202,34.0210650141291,77,0.2258,healthy,92.5540773,24.9669217,68,Siemens,ONAN,2004-01-04,False,True,"Ward No. 7, Substation 133, Unknown",Unknown,IN_SERVICE
2abce79c-3bce-48f1-b0e6-87fb2c17d1ab,100530,SS_133,Cachar Substation 133,FD_UNKNOWN,Unknown Feeder,100.0,16,True,66.9345684599996,33.3401688918218,75,0.2457,healthy,92.4906322,24.7006224,43,Crompton,ONAN,2010-05-01,False,False,"Ward No. 3, Substation 133, Cachar",Cachar,IN_SERVICE
2ccc7a6d-32e6-44ff-94e7-70c15f289f3a,176,SS_133,Cachar Substation 133,FD_UNKNOWN,Unknown Feeder,100.0,18,True,63.1784250392,33.9557939290227,77,0.2245,healthy,92.4455317,24.9690184,137,Voltamp,ONAN,2008-03-21,False,False,"Ward No. 13, Substation 133, Unknown",Unknown,IN_SERVICE
2f7c2b9a-a42a-4de7-9002-6bb7b610c150,100237,SS_104,Kamrup Metro Substation 104,FD_UNKNOWN,Unknown Feeder,200.0,16,False,65.9974011810647,33.9155368900353,75,0.247,healthy,91.7525876,26.1746258,139,ABB,ONAN,2010-03-04,False,False,"Ward No. 3, Substation 104, Kamrup Metro",Kamrup Metro,IN_SERVICE
2f7f7aa1-85a3-492b-bca8-78e9d8d87b66,121,SS_133,Cachar Substation 133,FD_UNKNOWN,Unknown Feeder,16.0,5,False,69.0038840807398,33.5482509538321,68,0.3145,healthy,92.539665,24.93532,129,Crompton,ONAN,2021-09-03,False,False,"Ward No. 11, Substation 133, Unknown",Unknown,IN_SERVICE
2f9ecc37-cc69-402d-a0ee-1bafae38dc63,364,SS_133,Cachar Substation 133,FD_UNKNOWN,Unknown Feeder,16.0,15,False,67.2583133023365,33.0607755736801,70,0.3,healthy,92.663215,24.90004,22,Voltamp,ONAN,2011-09-07,False,True,"Ward No. 11, Substation 133, Unknown",Unknown,IN_SERVICE
2fea49c7-cee9-4b7e-9ed4-be5b94f66090,100485,SS_124,Nagaon Substation 124,FD_UNKNOWN,Unknown Feeder,315.0,10,False,67.2275051346819,33.7662547291171,72,0.2755,healthy,92.6644501,26.3564691,66,Voltamp,ONAN,2016-10-17,True,False,"Ward No. 10, Substation 124, Nagaon",Nagaon,IN_SERVICE
300ed6d2-1a05-4151-b654-f33d89c43c58,100996,SS_183,Biswanath Substation 183,FD_UNKNOWN,Unknown Feeder,63.0,13,True,65.7046097644748,33.3689154737679,71,0.285,healthy,93.25887,26.5786614,60,ABB,ONAN,2013-01-24,False,False,"Ward No. 4, Substation 183, Biswanath",Biswanath,IN_SERVICE
7b3eb7c0-f611-4242-80b2-cb98d06e126c,100545,SS_134,Cachar Substation 134,FD_UNKNOWN,Unknown Feeder,63.0,30,True,121.173478620491,92.3103528308493,25,0.7408,warning,92.5204243,24.8616184,96,ABB,ONAN,1996-11-08,False,False,"Ward No. 2, Substation 134, Cachar",Cachar,IN_SERVICE
cf93d505-bad6-4142-b02a-99e314c17836,101043,SS_192,Bongaigaon Substation 192,FD_UNKNOWN,Unknown Feeder,250.0,16,False,64.355341708352,34.3223746058283,74,0.2526,healthy,90.2920309,26.4501194,20,Voltamp,ONAN,2010-04-21,False,False,"Ward No. 2, Substation 192, Bongaigaon",Bongaigaon,IN_SERVICE
f457ff95-03f6-425b-be5a-189f313902d7,100999,SS_183,Biswanath Substation 183,FD_UNKNOWN,Unknown Feeder,500.0,14,False,64.7716099176455,34.2053878466798,72,0.2779,healthy,93.348082,26.801021,50,ABB,ONAN,2012-01-19,True,False,"Ward No. 5, Substation 183, Biswanath",Biswanath,IN_SERVICE
f45a3283-4336-40de-ad19-85827230cbc5,100532,SS_133,Cachar Substation 133,FD_UNKNOWN,Unknown Feeder,100.0,29,False,67.3027429500268,33.2640403974681,73,0.2601,healthy,93.1396322,24.7793336,53,Crompton,ONAF,1997-09-20,False,False,"Ward No. 8, Substation 133, Cachar",Cachar,IN_SERVICE
eb6b97cb-5333-48af-a3bd-e5c3014127bf,110,SS_133,Cachar Substation 133,FD_UNKNOWN,Unknown Feeder,63.0,10,True,66.0984473690691,34.3966668112718,75,0.2478,healthy,92.5651117,24.976445,70,BHEL,ONAN,2016-01-09,False,False,"Ward No. 9, Substation 133, Unknown",Unknown,IN_SERVICE
e25359b5-f787-4877-ade1-3f88a4d0be62,101186,SS_211,Darrang Substation 211,FD_UNKNOWN,Unknown Feeder,100.0,7,False,64.4296385426806,34.0641347781069,76,0.2302,healthy,91.9761266,26.1212135,93,Crompton,ONAN,2019-08-05,False,True,"Ward No. 4, Substation 211, Darrang",Darrang,IN_SERVICE
a10bb29d-0bf0-40d9-b4ee-28bc1d196959,100455,SS_123,Hojai Substation 123,FD_UNKNOWN,Unknown Feeder,315.0,11,False,66.4740748066069,33.7146864575863,75,0.2422,healthy,93.1749268,25.7622761,22,Crompton,ONAN,2015-04-01,False,False,"Ward No. 4, Substation 123, Hojai",Hojai,IN_SERVICE
a1d0db19-f009-4849-a9cf-95b5dd39acb1,100700,SS_151,Jorhat Substation 151,FD_UNKNOWN,Unknown Feeder,25.0,35,False,118.00350093611,93.4373278547418,22,0.7791,warning,93.9744517,26.7031515,129,Crompton,ONAN,1991-11-02,False,False,"Ward No. 4, Substation 151, Jorhat",Jorhat,IN_SERVICE
a3e79ae5-1a7f-49e9-98f0-52fc6b0a426c,100293,SS_105,Kamrup Metro Substation 105,FD_UNKNOWN,Unknown Feeder,100.0,52,True,68.9138261426679,33.2689830305655,72,0.272,healthy,91.7977525,26.1165465,74,Crompton,ONAN,1974-02-06,False,False,"Ward No. 9, Substation 105, Kamrup Metro",Kamrup Metro,IN_SERVICE
a4467587-a5b6-4f86-a283-fbb85ac5a9ec,100439,SS_122,Hojai Substation 122,FD_UNKNOWN,Unknown Feeder,25.0,17,False,66.2782681391276,34.2440323620776,69,0.3075,healthy,93.038688,26.1128743,70,BHEL,ONAF,2009-04-06,False,False,"Ward No. 11, Substation 122, Hojai",Hojai,IN_SERVICE
a4730075-66bd-4b4e-8c9d-bf8a20f7171e,100490,SS_133,Cachar Substation 133,FD_UNKNOWN,Unknown Feeder,200.0,16,False,121.040014116458,96.8948806793077,25,0.7441,warning,92.7997361,24.8284161,95,Crompton,ONAN,2010-05-17,True,False,"Ward No. 12, Substation 133, Cachar",Cachar,IN_SERVICE
a5a89e80-272b-454f-a279-2f43ff76914b,100975,SS_182,Sonitpur Substation 182,FD_UNKNOWN,Unknown Feeder,100.0,14,False,66.8436845124573,33.90219323733,74,0.2578,healthy,92.7729652,26.6523508,53,ABB,ONAN,2012-09-09,False,False,"Ward No. 14, Substation 182, Sonitpur",Sonitpur,IN_SERVICE
a5bb9d8d-e222-4551-a90c-3dd366ca6723,100650,SS_142,Karimganj Substation 142,FD_UNKNOWN,Unknown Feeder,63.0,7,True,65.6941063199073,33.3384956813115,71,0.2863,healthy,92.3583703,24.8694259,93,Voltamp,ONAF,2019-08-02,False,False,"Ward No. 8, Substation 142, Karimganj",Karimganj,IN_SERVICE
d613f582-c357-4f78-9ba0-00da8f4dfd0d,101342,SS_251,Chirang Substation 251,FD_UNKNOWN,Unknown Feeder,63.0,17,True,68.0118040921712,33.8395848847759,71,0.2875,healthy,90.5770438,26.4312897,143,Siemens,ONAF,2009-09-27,False,True,"Ward No. 12, Substation 251, Chirang",Chirang,IN_SERVICE
dcfa5356-3dbb-4e6d-a6e8-e75864b231b7,101066,SS_193,Kokrajhar Substation 193,FD_UNKNOWN,Unknown Feeder,200.0,15,True,65.4673808816896,33.8338988934021,74,0.2567,healthy,90.2680148,26.346415,146,Voltamp,ONAN,2011-05-23,False,False,"Ward No. 7, Substation 193, Kokrajhar",Kokrajhar,IN_SERVICE
debe61aa-683e-4a21-accf-c0b8b13d1421,101037,SS_192,Bongaigaon Substation 192,FD_UNKNOWN,Unknown Feeder,63.0,23,False,69.2039647639246,34.1173244619824,71,0.2843,healthy,90.5154491,26.3435674,63,Siemens,ONAN,2003-11-15,False,False,"Ward No. 2, Substation 192, Bongaigaon",Bongaigaon,IN_SERVICE
ee792e5f-3aa5-4a35-bedf-1fc652a77706,117,SS_133,Cachar Substation 133,FD_UNKNOWN,Unknown Feeder,16.0,18,False,66.4301553472625,34.523660665694,69,0.3035,healthy,92.5645731,24.948529,46,Siemens,ONAF,2008-11-23,False,False,"Ward No. 1, Substation 133, Unknown",Unknown,IN_SERVICE
ee8599d8-d7e6-4144-b021-7b7d8894ba1e,100324,SS_106,Kamrup Metro Substation 106,FD_UNKNOWN,Unknown Feeder,100.0,19,True,64.1591398426351,33.9651723108009,77,0.2287,healthy,91.6136366,26.1389271,53,ABB,ONAN,2007-07-07,False,False,"Ward No. 5, Substation 106, Kamrup Metro",Kamrup Metro,IN_SERVICE
a6ff750e-a519-49a8-935d-46992f17a7dc,101005,SS_191,Goalpara Substation 191,FD_UNKNOWN,Unknown Feeder,100.0,28,False,62.4078805302978,33.9114335053528,75,0.2486,healthy,90.6181942,26.1508208,142,Voltamp,ONAN,1998-01-22,False,False,"Ward No. 4, Substation 191, Goalpara",Goalpara,IN_SERVICE
ae3ba546-2b90-4f2b-ade9-7d6fac8ec4f5,100644,SS_141,Hailakandi Substation 141,FD_UNKNOWN,Unknown Feeder,100.0,29,False,64.7952149161697,33.9547565173318,74,0.2519,healthy,92.481215,24.8542028,110,BHEL,ONAN,1997-11-03,False,False,"Ward No. 12, Substation 141, Hailakandi",Hailakandi,IN_SERVICE
b1aae876-a810-4164-9a8e-a5518fb521df,100548,SS_134,Cachar Substation 134,FD_UNKNOWN,Unknown Feeder,100.0,11,False,64.5593989874498,33.7543546761181,74,0.2599,healthy,92.6156299,24.8562143,128,BHEL,ONAN,2015-05-11,False,False,"Ward No. 2, Substation 134, Cachar",Cachar,IN_SERVICE
b5211c4c-6ff3-4c1d-a316-584f614d556f,101157,SS_203,Golaghat Substation 203,FD_UNKNOWN,Unknown Feeder,100.0,21,False,69.0590159453724,34.2909016070832,78,0.2152,healthy,93.6115274,26.6396324,117,Voltamp,ONAF,2005-08-20,False,False,"Ward No. 3, Substation 203, Golaghat",Golaghat,IN_SERVICE
b52295bd-fd7c-4476-b4fb-791ea189ec0f,100877,SS_171,Lakhimpur Substation 171,FD_UNKNOWN,Unknown Feeder,100.0,8,False,64.9823272082931,33.3942690672457,76,0.2369,healthy,94.4223158,27.1958851,141,Siemens,ONAN,2018-08-17,False,False,"Ward No. 1, Substation 171, Lakhimpur",Lakhimpur,IN_SERVICE
b5766f91-97b8-454e-a8fd-0b8dff22d835,100648,SS_141,Hailakandi Substation 141,FD_UNKNOWN,Unknown Feeder,100.0,23,False,64.4516852784294,34.0527006699726,78,0.2134,healthy,92.5084823,24.4535077,112,Voltamp,ONAN,2003-08-25,False,False,"Ward No. 3, Substation 141, Hailakandi",Hailakandi,IN_SERVICE
b66a98d4-4722-49d9-ba37-1fe8470e5b2b,101275,SS_241,Nalbari Substation 241,FD_UNKNOWN,Unknown Feeder,200.0,32,False,65.5707360014123,33.3644380056238,74,0.2507,healthy,91.2595742,26.4457506,109,ABB,ONAF,1994-01-16,False,False,"Ward No. 6, Substation 241, Nalbari",Nalbari,IN_SERVICE
b76635a7-8047-47d2-a080-c0762836b5c9,100296,SS_105,Kamrup Metro Substation 105,FD_UNKNOWN,Unknown Feeder,25.0,11,False,66.3592112261046,34.2990314246109,69,0.3029,healthy,91.7641704,26.1688102,133,Siemens,ONAF,2015-01-26,False,True,"Ward No. 11, Substation 105, Kamrup Metro",Kamrup Metro,IN_SERVICE
b80d08f4-cb56-4e09-bd30-2b72f2aaa2fe,100465,SS_123,Hojai Substation 123,FD_UNKNOWN,Unknown Feeder,200.0,13,False,66.6949019888712,33.7579875206955,73,0.2684,healthy,93.4376378,25.8447901,125,Crompton,ONAN,2013-03-25,False,False,"Ward No. 12, Substation 123, Hojai",Hojai,IN_SERVICE
b8cd3e46-cc2f-4c7e-b2f6-8a05b5685795,100268,SS_104,Kamrup Metro Substation 104,FD_UNKNOWN,Unknown Feeder,250.0,14,False,66.2514056637162,33.7186409115825,72,0.2713,healthy,91.7404117,26.1721356,49,ABB,ONAN,2012-07-22,False,False,"Ward No. 11, Substation 104, Kamrup Metro",Kamrup Metro,IN_SERVICE
b8d81fd7-900c-4ccf-9b80-e259d33bc4fd,100466,SS_123,Hojai Substation 123,FD_UNKNOWN,Unknown Feeder,100.0,7,True,62.859996120725,34.0595673956613,76,0.2306,healthy,93.4457832,25.8483799,90,ABB,ONAF,2019-09-11,False,False,"Ward No. 3, Substation 123, Hojai",Hojai,IN_SERVICE
b996ac94-bb17-4cd8-93f9-e13e363461a6,100207,SS_103,Kamrup Metro Substation 103,FD_UNKNOWN,Unknown Feeder,200.0,5,True,66.3468684106702,33.9324425933371,74,0.2559,healthy,91.8079674,26.1304526,80,Voltamp,ONAN,2021-04-11,False,True,"Ward No. 13, Substation 103, Kamrup Metro",Kamrup Metro,IN_SERVICE
b9ab0d79-fdc3-4965-a3db-8df1a9d53ab3,100306,SS_106,Kamrup Metro Substation 106,FD_UNKNOWN,Unknown Feeder,500.0,15,True,122.063670294258,93.6677222914931,18,0.8142,warning,91.6674002,26.1495333,71,Siemens,ONAN,2011-04-07,False,False,"Ward No. 4, Substation 106, Kamrup Metro",Kamrup Metro,IN_SERVICE
ba5b3ad3-fdf2-485e-8f1b-15d340e96c97,100987,SS_183,Biswanath Substation 183,FD_UNKNOWN,Unknown Feeder,315.0,11,False,66.6097523211934,33.3357277642569,71,0.285,healthy,93.1550986,26.7427548,116,BHEL,ONAN,2015-08-20,False,False,"Ward No. 6, Substation 183, Biswanath",Biswanath,IN_SERVICE
bbddf4f1-f556-46de-99f5-a42cd3f6e836,101246,SS_231,Dima Hasao Substation 231,FD_UNKNOWN,Unknown Feeder,200.0,20,True,63.5429404236121,33.8817483746938,76,0.2321,healthy,93.0120159,25.1726021,103,ABB,ONAN,2006-08-21,False,False,"Ward No. 11, Substation 231, Dima Hasao",Dima Hasao,IN_SERVICE
be1b4d66-ff8f-4271-a18b-adfced7d94e1,101146,SS_202,Golaghat Substation 202,FD_UNKNOWN,Unknown Feeder,500.0,17,False,68.2853231366508,33.646413707962,71,0.2804,healthy,93.7494734,26.5914174,64,Voltamp,ONAN,2009-05-01,False,False,"Ward No. 8, Substation 202, Golaghat",Golaghat,IN_SERVICE
c2d3a6ab-f77e-4f5e-a84d-c22d42f3f6b8,100598,SS_135,Cachar Substation 135,FD_UNKNOWN,Unknown Feeder,200.0,13,True,67.592882412857,33.950889009024,72,0.271,healthy,92.7945484,24.7881269,106,Voltamp,ONAN,2013-05-04,True,False,"Ward No. 10, Substation 135, Cachar",Cachar,IN_SERVICE
c4b2f223-663c-4ce6-ba9f-df825a0dc422,100764,SS_161,Dibrugarh Substation 161,FD_UNKNOWN,Unknown Feeder,500.0,8,False,63.2759025155694,34.4400395142432,73,0.2674,healthy,95.0100526,27.4557574,125,ABB,ONAN,2018-08-03,False,False,"Ward No. 6, Substation 161, Dibrugarh",Dibrugarh,IN_SERVICE
c91f5567-1d2f-457c-8fad-26be4d5b9f00,100139,SS_102,Kamrup Metro Substation 102,FD_UNKNOWN,Unknown Feeder,100.0,26,False,65.6960619176086,33.7357759682692,76,0.2318,healthy,91.7725385,26.1739391,39,Voltamp,ONAF,2000-09-03,False,False,"Ward No. 10, Substation 102, Kamrup Metro",Kamrup Metro,IN_SERVICE
c95e898c-5afa-4722-ab3a-afe3e646da35,100606,SS_135,Cachar Substation 135,FD_UNKNOWN,Unknown Feeder,315.0,10,True,119.532906215358,89.5885937507023,23,0.7609,warning,93.1142523,24.8072194,141,Voltamp,ONAN,2016-01-02,False,False,"Ward No. 9, Substation 135, Cachar",Cachar,IN_SERVICE
c96a67f5-5084-4f50-bb7a-8508c248006a,100024,SS_101,Kamrup Metro Substation 101,FD_UNKNOWN,Unknown Feeder,25.0,22,False,65.7173246707985,33.5287028645326,70,0.2984,healthy,91.7821106,26.1504675,125,Crompton,ONAF,2004-08-16,True,True,"Ward No. 2, Substation 101, Kamrup Metro",Kamrup Metro,IN_SERVICE
ca1b9523-c7fc-461f-91cb-35c5a25a56ff,100668,SS_142,Karimganj Substation 142,FD_UNKNOWN,Unknown Feeder,250.0,21,True,66.0153981677191,33.9390824493858,73,0.2655,healthy,92.2558595,25.0120631,113,Crompton,ONAF,2005-05-24,False,False,"Ward No. 11, Substation 142, Karimganj",Karimganj,IN_SERVICE
cab001f3-d486-408b-ba83-e2a9496e0030,101173,SS_211,Darrang Substation 211,FD_UNKNOWN,Unknown Feeder,25.0,10,True,64.84703514519,33.8268403325335,72,0.2766,healthy,92.216719,26.498934,123,ABB,ONAN,2016-01-04,False,False,"Ward No. 11, Substation 211, Darrang",Darrang,IN_SERVICE
caf11d47-522d-4064-9964-ce96f64c56c3,101100,SS_201,Sivasagar Substation 201,FD_UNKNOWN,Unknown Feeder,63.0,26,False,67.0838899957279,33.5867113021304,71,0.285,healthy,94.642705,26.993236,58,Crompton,ONAN,2000-04-15,False,False,"Ward No. 13, Substation 201, Sivasagar",Sivasagar,IN_SERVICE
caf43487-4291-44d1-8dd9-47b5bf71c775,100871,SS_171,Lakhimpur Substation 171,FD_UNKNOWN,Unknown Feeder,250.0,28,False,66.0988389774679,34.2276994555903,74,0.2555,healthy,94.1092315,27.1401547,94,BHEL,ONAN,1998-04-02,False,False,"Ward No. 7, Substation 171, Lakhimpur",Lakhimpur,IN_SERVICE
caf9add2-65db-49ed-9637-32a717df2268,101197,SS_212,Morigaon Substation 212,FD_UNKNOWN,Unknown Feeder,25.0,12,True,70.3752579778075,33.490609295801,70,0.2982,healthy,92.3220062,26.2479455,128,Voltamp,ONAN,2014-01-25,False,True,"Ward No. 2, Substation 212, Morigaon",Morigaon,IN_SERVICE
cb9f0e66-1d2a-4c69-ae05-45f34359ba74,100950,SS_181,Sonitpur Substation 181,FD_UNKNOWN,Unknown Feeder,100.0,15,False,66.9678686078191,34.2398845386216,74,0.2514,healthy,92.8538766,26.4657206,48,Voltamp,ONAN,2011-08-03,True,False,"Ward No. 5, Substation 181, Sonitpur",Sonitpur,IN_SERVICE
cbc644b9-8587-47ed-9c70-4e44a6633892,100852,SS_164,Dibrugarh Substation 164,FD_UNKNOWN,Unknown Feeder,63.0,17,True,121.10697430662,93.5245026710511,25,0.7411,warning,95.3130304,27.2236641,58,Siemens,ONAN,2009-05-24,False,False,"Ward No. 3, Substation 164, Dibrugarh",Dibrugarh,IN_SERVICE
cbc67559-e0f6-4cb9-b66a-e6db15515135,101164,SS_203,Golaghat Substation 203,FD_UNKNOWN,Unknown Feeder,25.0,12,False,69.9114338577354,33.2653422208265,67,0.3218,healthy,93.3754086,26.6172797,83,Voltamp,ONAN,2014-10-02,False,False,"Ward No. 14, Substation 203, Golaghat",Golaghat,IN_SERVICE
cc1b377e-da6a-4166-8d86-20e3a2c89efd,100343,SS_111,Kamrup Substation 111,FD_UNKNOWN,Unknown Feeder,25.0,8,False,67.6450642157957,33.723041174348,67,0.3282,healthy,91.5113527,26.4107888,74,ABB,ONAN,2018-06-22,False,True,"Ward No. 7, Substation 111, Kamrup",Kamrup,IN_SERVICE
cc54d20f-edd0-4428-a56e-bc8fa9d0718d,100867,SS_171,Lakhimpur Substation 171,FD_UNKNOWN,Unknown Feeder,200.0,21,False,63.9373299515109,33.4898068083882,74,0.2503,healthy,94.1058905,27.2236817,123,Voltamp,ONAF,2005-11-23,False,False,"Ward No. 14, Substation 171, Lakhimpur",Lakhimpur,IN_SERVICE
cee08790-4566-4b2c-9226-6ffd851a3ac2,101299,SS_243,Barpeta Substation 243,FD_UNKNOWN,Unknown Feeder,100.0,18,False,67.6336459637424,33.8576995160808,75,0.2441,healthy,91.1672137,26.5078672,82,BHEL,ONAN,2008-01-19,False,False,"Ward No. 6, Substation 243, Barpeta",Barpeta,IN_SERVICE
d39f14eb-137b-4d4c-a1a4-859faafce21f,100641,SS_141,Hailakandi Substation 141,FD_UNKNOWN,Unknown Feeder,500.0,20,False,64.1559742192951,33.5811667500469,72,0.2798,healthy,92.5204243,24.8616184,116,ABB,ONAF,2006-02-19,False,False,"Ward No. 13, Substation 141, Hailakandi",Hailakandi,IN_SERVICE
d60036ff-184d-4fa0-ad2d-1c1a373657ab,100274,SS_105,Kamrup Metro Substation 105,FD_UNKNOWN,Unknown Feeder,100.0,25,False,64.0447812975935,33.7389055622686,74,0.2587,healthy,91.7727582,26.1745848,106,Voltamp,ONAF,2001-09-05,False,False,"Ward No. 14, Substation 105, Kamrup Metro",Kamrup Metro,IN_SERVICE
dc02a7b7-c469-4047-a3c0-731150cc0e58,100903,SS_172,Dhemaji Substation 172,FD_UNKNOWN,Unknown Feeder,315.0,14,True,66.6569210870998,33.5527214780656,72,0.2787,healthy,94.8674266,27.3325337,97,Crompton,ONAN,2012-02-03,False,False,"Ward No. 8, Substation 172, Dhemaji",Dhemaji,IN_SERVICE
df507316-72ab-4987-89bd-70c89a2e6c43,100663,SS_142,Karimganj Substation 142,FD_UNKNOWN,Unknown Feeder,500.0,8,False,65.4318680854614,33.9354033885538,71,0.2885,healthy,92.432166,24.822849,137,ABB,ONAN,2018-06-21,False,False,"Ward No. 1, Substation 142, Karimganj",Karimganj,IN_SERVICE
dfe04c99-3f87-4cf5-a0c6-7c4ec7e1a847,101329,SS_244,Barpeta Substation 244,FD_UNKNOWN,Unknown Feeder,25.0,16,False,67.7142980369389,34.124276034384,68,0.3127,healthy,91.1744098,26.6362219,104,Voltamp,ONAF,2010-07-09,False,False,"Ward No. 13, Substation 244, Barpeta",Barpeta,IN_SERVICE
e070aaad-726a-46eb-8fff-15b769e12574,100557,SS_134,Cachar Substation 134,FD_UNKNOWN,Unknown Feeder,63.0,11,False,66.2782743939068,33.6951944137186,71,0.2839,healthy,92.5920814,24.9220831,55,Siemens,ONAN,2015-01-23,False,False,"Ward No. 10, Substation 134, Cachar",Cachar,IN_SERVICE
e0810f20-a694-4966-8cf8-643624c1f441,100094,SS_102,Kamrup Metro Substation 102,FD_UNKNOWN,Unknown Feeder,500.0,15,True,64.5513781392087,33.0758035190866,73,0.2665,healthy,91.7073624,26.1603733,109,Siemens,ONAN,2011-07-23,True,False,"Ward No. 3, Substation 102, Kamrup Metro",Kamrup Metro,IN_SERVICE
e0ce5bd3-6592-4ee1-84b2-989953f376ec,100713,SS_151,Jorhat Substation 151,FD_UNKNOWN,Unknown Feeder,63.0,7,False,66.7167439050778,33.6919176945746,71,0.2893,healthy,93.9748279,26.5159925,73,Voltamp,ONAF,2019-11-05,False,False,"Ward No. 11, Substation 151, Jorhat",Jorhat,IN_SERVICE
e0eae6b2-4aa0-436e-bb86-805f9de561d2,100707,SS_151,Jorhat Substation 151,FD_UNKNOWN,Unknown Feeder,25.0,15,False,62.6317859190928,34.1168940307351,74,0.2521,healthy,93.9488146,26.6003726,113,Siemens,ONAN,2011-07-09,False,False,"Ward No. 8, Substation 151, Jorhat",Jorhat,IN_SERVICE
e16a2702-6276-4cfb-b639-33affee6db26,100210,SS_103,Kamrup Metro Substation 103,FD_UNKNOWN,Unknown Feeder,200.0,16,False,66.0003918302305,33.5377431692992,74,0.2539,healthy,91.7989576,26.1128719,99,Voltamp,ONAN,2010-03-18,False,False,"Ward No. 2, Substation 103, Kamrup Metro",Kamrup Metro,IN_SERVICE
e17c22d9-9ec2-4023-bf66-af581e9f5668,100610,SS_136,Cachar Substation 136,FD_UNKNOWN,Unknown Feeder,500.0,12,False,66.915178364039,34.67675613889,68,0.3172,healthy,93.0243811,24.7933481,34,Voltamp,ONAF,2014-02-05,True,False,"Ward No. 8, Substation 136, Cachar",Cachar,IN_SERVICE
e200a0c5-69df-4f6a-b489-db9eea0ddf75,100943,SS_181,Sonitpur Substation 181,FD_UNKNOWN,Unknown Feeder,25.0,12,True,63.5278892922759,33.9143607055411,71,0.2819,healthy,92.7403561,26.6883632,85,Crompton,ONAN,2014-02-07,False,False,"Ward No. 13, Substation 181, Sonitpur",Sonitpur,IN_SERVICE
e267d383-45e9-4c60-9e2a-91a8421f28b3,101255,SS_231,Dima Hasao Substation 231,FD_UNKNOWN,Unknown Feeder,200.0,16,False,65.3179992446487,33.3742420770737,75,0.243,healthy,92.8367163,24.9154435,53,Siemens,ONAN,2010-03-07,False,False,"Ward No. 8, Substation 231, Dima Hasao",Dima Hasao,IN_SERVICE
e2896ee6-fab2-40f7-96f7-3e6f6143e4ff,100935,SS_181,Sonitpur Substation 181,FD_UNKNOWN,Unknown Feeder,315.0,59,False,68.2148937474767,34.0872922000426,73,0.2685,healthy,92.7823228,26.6389941,66,Crompton,ONAN,1967-11-01,False,False,"Ward No. 4, Substation 181, Sonitpur",Sonitpur,IN_SERVICE
e43a5130-7fed-4217-a339-53c1a3b1af2f,101229,SS_221,Karbi Anglong Substation 221,FD_UNKNOWN,Unknown Feeder,100.0,24,True,67.9596714608638,33.1094152911674,74,0.2519,healthy,93.712297,25.909739,109,Crompton,ONAN,2002-10-25,False,False,"Ward No. 9, Substation 221, Karbi Anglong",Karbi Anglong,IN_SERVICE
e940d1ae-80d5-4ab1-aa5f-10817390322e,100239,SS_104,Kamrup Metro Substation 104,FD_UNKNOWN,Unknown Feeder,500.0,12,False,68.9719675615802,33.8116465048203,68,0.316,healthy,91.7411135,26.1454737,115,Voltamp,ONAF,2014-07-18,True,True,"Ward No. 5, Substation 104, Kamrup Metro",Kamrup Metro,IN_SERVICE
ec729510-c185-4021-aeb1-39bfa809d827,100529,SS_133,Cachar Substation 133,FD_UNKNOWN,Unknown Feeder,200.0,16,True,66.3801080684208,34.2496338192791,73,0.2624,healthy,92.4911566,24.7006224,73,Voltamp,ONAF,2010-07-03,False,False,"Ward No. 4, Substation 133, Cachar",Cachar,IN_SERVICE
f172fa06-8e13-4f47-95ff-b150a4320bef,1003,SS_133,Cachar Substation 133,FD_UNKNOWN,Unknown Feeder,25.0,25,False,64.8714000759782,33.6241024320281,72,0.2771,healthy,92.6517365,24.8881058,70,Voltamp,ONAF,2001-10-16,False,True,"Ward No. 8, Substation 133, Unknown",Unknown,IN_SERVICE
f1c07a9f-4054-4e01-82d0-59780ecdf750,100099,SS_102,Kamrup Metro Substation 102,FD_UNKNOWN,Unknown Feeder,200.0,14,False,118.661109499118,92.7156904237665,26,0.7307,warning,91.7552994,26.1767552,110,Siemens,ONAN,2012-05-18,False,False,"Ward No. 2, Substation 102, Kamrup Metro",Kamrup Metro,IN_SERVICE
f210cf3e-ef69-4fa3-9be2-45e3e9be9121,101176,SS_211,Darrang Substation 211,FD_UNKNOWN,Unknown Feeder,100.0,12,False,66.9025583224257,33.6221597267259,75,0.2437,healthy,92.078817,26.719912,39,ABB,ONAN,2014-06-09,False,False,"Ward No. 6, Substation 211, Darrang",Darrang,IN_SERVICE
f21363fa-a937-4efe-b026-2e0d4713a2fb,100949,SS_181,Sonitpur Substation 181,FD_UNKNOWN,Unknown Feeder,315.0,11,False,67.3602108895767,33.9874029762471,71,0.2844,healthy,92.6484096,26.7270612,73,Crompton,ONAF,2015-11-15,True,False,"Ward No. 8, Substation 181, Sonitpur",Sonitpur,IN_SERVICE
f22ba7d8-3a81-4c4a-a138-01f36c05c2f7,100966,SS_181,Sonitpur Substation 181,FD_UNKNOWN,Unknown Feeder,63.0,22,False,64.1108963439292,34.2221621125552,74,0.2587,healthy,92.5577894,26.8602879,84,Siemens,ONAN,2004-11-20,True,True,"Ward No. 12, Substation 181, Sonitpur",Sonitpur,IN_SERVICE
f32a7701-fb5e-4572-a519-ebb7f8bc78b1,100656,SS_142,Karimganj Substation 142,FD_UNKNOWN,Unknown Feeder,315.0,78,False,66.0538111001683,33.7705918300289,75,0.2445,healthy,92.371854,24.871633,50,Siemens,ONAN,1948-07-14,False,False,"Ward No. 1, Substation 142, Karimganj",Karimganj,IN_SERVICE
f34e13fc-5217-49e4-9db5-6f0b2b339f63,101265,SS_241,Nalbari Substation 241,FD_UNKNOWN,Unknown Feeder,100.0,9,False,66.2491770696855,33.5647929484383,74,0.2542,healthy,91.4607436,26.4571725,93,BHEL,ONAN,2017-03-22,False,True,"Ward No. 7, Substation 241, Nalbari",Nalbari,IN_SERVICE
f5bcef1a-51ec-4810-b4f6-f2e12386d3e6,100019,SS_101,Kamrup Metro Substation 101,FD_UNKNOWN,Unknown Feeder,500.0,10,False,65.2315728193207,33.846738953596,70,0.2917,healthy,91.6800645,26.208197,130,Siemens,ONAN,2016-10-17,False,False,"Ward No. 2, Substation 101, Kamrup Metro",Kamrup Metro,IN_SERVICE
fa91ccf4-190f-44ff-a4c1-023af059a7b8,100677,SS_151,Jorhat Substation 151,FD_UNKNOWN,Unknown Feeder,63.0,10,False,64.7258462908905,33.5725539966763,73,0.2624,healthy,94.220333,26.7515227,60,Crompton,ONAF,2016-11-12,False,False,"Ward No. 4, Substation 151, Jorhat",Jorhat,IN_SERVICE
fdcf4e6e-5f62-4615-8aee-6ecfebb8bd34,2142,SS_133,Cachar Substation 133,FD_UNKNOWN,Unknown Feeder,25.0,30,False,61.5086501244159,33.5032427084882,71,0.2812,healthy,92.4271217,24.9994617,82,Crompton,ONAN,1996-07-06,False,False,"Ward No. 4, Substation 133, Unknown",Unknown,IN_SERVICE
feb55969-be79-4e00-94a0-2f03aa4b3342,231,SS_133,Cachar Substation 133,FD_UNKNOWN,Unknown Feeder,25.0,13,False,68.470574196575,33.4709422391266,70,0.2987,healthy,92.5048747,25.0121901,25,Crompton,ONAN,2013-07-08,False,False,"Ward No. 9, Substation 133, Unknown",Unknown,IN_SERVICE
fec4144a-a664-4ead-8a0e-f8182e53291a,101269,SS_241,Nalbari Substation 241,FD_UNKNOWN,Unknown Feeder,200.0,25,True,62.8211229726404,34.0888036677104,78,0.2128,healthy,91.512999,26.412844,144,Siemens,ONAN,2001-01-20,True,False,"Ward No. 1, Substation 241, Nalbari",Nalbari,IN_SERVICE
ff10b048-ca23-4729-a74b-cc7d74257545,245,SS_133,Cachar Substation 133,FD_UNKNOWN,Unknown Feeder,250.0,23,False,64.2556557404883,34.280453185283,74,0.2535,healthy,92.4550533,25.0009083,75,ABB,ONAF,2003-06-07,False,False,"Ward No. 2, Substation 133, Unknown",Unknown,IN_SERVICE
ff34ea8c-6562-48a3-bea6-42398b6f6341,100209,SS_103,Kamrup Metro Substation 103,FD_UNKNOWN,Unknown Feeder,100.0,58,False,63.7806573272714,33.1720550478191,75,0.2405,healthy,91.754228,26.1770311,36,BHEL,ONAN,1968-09-16,False,False,"Ward No. 8, Substation 103, Kamrup Metro",Kamrup Metro,IN_SERVICE
ff3f6a61-048a-41d3-933d-d0eb01b0d16d,101338,SS_251,Chirang Substation 251,FD_UNKNOWN,Unknown Feeder,200.0,9,False,64.0709185110114,34.3803797744923,75,0.2489,healthy,90.7979143,26.4681936,40,Siemens,ONAN,2017-01-20,False,False,"Ward No. 2, Substation 251, Chirang",Chirang,IN_SERVICE
ff5f2d79-f7b7-4ec8-af8a-884f68f46759,417,SS_133,Cachar Substation 133,FD_UNKNOWN,Unknown Feeder,25.0,10,False,64.1287990653131,33.9534873120586,68,0.3112,healthy,92.5676464,24.9868137,124,Siemens,ONAF,2016-03-04,False,False,"Ward No. 9, Substation 133, Unknown",Unknown,IN_SERVICE
ff6ad87e-f1be-4293-854e-302c36c9c0d2,100676,SS_151,Jorhat Substation 151,FD_UNKNOWN,Unknown Feeder,200.0,12,False,65.8993656057454,33.6736838109135,73,0.2642,healthy,94.2021123,26.7466487,99,ABB,ONAF,2014-03-24,False,False,"Ward No. 3, Substation 151, Jorhat",Jorhat,IN_SERVICE
ffc4fcd3-c8b4-404d-aeaf-bccafdf228c2,205,SS_133,Cachar Substation 133,FD_UNKNOWN,Unknown Feeder,25.0,12,True,119.140033907131,91.4530951768761,22,0.7741,warning,92.5256959,24.9976379,107,Siemens,ONAN,2014-11-02,False,True,"Ward No. 7, Substation 133, Unknown",Unknown,IN_SERVICE
ffc7d5da-da70-40a4-8321-63f0865c0031,100079,SS_101,Kamrup Metro Substation 101,FD_UNKNOWN,Unknown Feeder,315.0,10,False,63.7491848339537,33.7260559315589,78,0.2187,healthy,91.7470568,26.1653519,136,ABB,ONAN,2016-05-26,False,False,"Ward No. 8, Substation 101, Kamrup Metro",Kamrup Metro,IN_SERVICE
ffded911-275b-4123-8e67-c970ff89afbc,100303,SS_105,Kamrup Metro Substation 105,FD_UNKNOWN,Unknown Feeder,100.0,22,False,66.7024442937952,34.3559889924472,73,0.2658,healthy,91.786135,26.130908,74,Voltamp,ONAN,2004-06-01,False,True,"Ward No. 8, Substation 105, Kamrup Metro",Kamrup Metro,IN_SERVICE
ffdff60c-5746-46d3-8f8a-d452a369b352,100840,SS_163,Dibrugarh Substation 163,FD_UNKNOWN,Unknown Feeder,250.0,13,False,68.2584295281714,33.942000351892,73,0.2674,healthy,95.3522515,27.4889906,62,BHEL,ONAN,2013-06-20,False,False,"Ward No. 1, Substation 163, Dibrugarh",Dibrugarh,IN_SERVICE
