transformer_id,transformer_code,timestamp,load_percentage,voltage_lv,current_a,temperature_c
d15d0a93-d81a-43b7-af89-41be03b1717f,100408,2026-07-30T21:11:04.978728+00:00,74.09,405.9,103.9,44.5
d15d0a93-d81a-43b7-af89-41be03b1717f,100408,2026-07-30T22:11:04.978728+00:00,62.11,405.8,88.3,42.7
d15d0a93-d81a-43b7-af89-41be03b1717f,100408,2026-07-30T23:11:04.978728+00:00,39.58,407.1,54.8,35.2
d15d0a93-d81a-43b7-af89-41be03b1717f,100408,2026-07-31T00:11:04.978728+00:00,34.76,410.3,48.2,34.6
d15d0a93-d81a-43b7-af89-41be03b1717f,100408,2026-07-31T01:11:04.978728+00:00,50.99,406.9,73.6,38.1
d15d0a93-d81a-43b7-af89-41be03b1717f,100408,2026-07-31T02:11:04.978728+00:00,40.99,408.0,56.8,38.3
d15d0a93-d81a-43b7-af89-41be03b1717f,100408,2026-07-31T03:11:04.978728+00:00,39.54,410.0,53.7,35.5
d15d0a93-d81a-43b7-af89-41be03b1717f,100408,2026-07-31T04:11:04.978728+00:00,35.82,408.4,48.9,35.5
d15d0a93-d81a-43b7-af89-41be03b1717f,100408,2026-07-31T05:11:04.978728+00:00,31.64,409.0,46.1,34.1
d15d0a93-d81a-43b7-af89-41be03b1717f,100408,2026-07-31T06:11:04.978728+00:00,46.61,407.1,64.2,37.6
d15d0a93-d81a-43b7-af89-41be03b1717f,100408,2026-07-31T07:11:04.978728+00:00,47.86,407.7,67.2,38.7
d15d0a93-d81a-43b7-af89-41be03b1717f,100408,2026-07-31T08:11:04.978728+00:00,43.6,408.4,60.2,35.6
d15d0a93-d81a-43b7-af89-41be03b1717f,100408,2026-07-31T09:11:04.978728+00:00,46.82,407.3,65.7,37.1
d15d0a93-d81a-43b7-af89-41be03b1717f,100408,2026-07-31T10:11:04.978728+00:00,52.49,408.0,74.3,38.4
d15d0a93-d81a-43b7-af89-41be03b1717f,100408,2026-07-31T11:11:04.978728+00:00,55.59,405.4,77.7,45.8
d15d0a93-d81a-43b7-af89-41be03b1717f,100408,2026-07-31T12:11:04.978728+00:00,29.15,409.6,39.6,43.7
d15d0a93-d81a-43b7-af89-41be03b1717f,100408,2026-07-31T13:11:04.978728+00:00,47.36,407.3,68.8,45.2
d15d0a93-d81a-43b7-af89-41be03b1717f,100408,2026-07-31T14:11:04.978728+00:00,55.19,408.1,79.7,42.4
d15d0a93-d81a-43b7-af89-41be03b1717f,100408,2026-07-31T15:11:04.978728+00:00,49.13,407.1,68.9,41.9
d15d0a93-d81a-43b7-af89-41be03b1717f,100408,2026-07-31T16:11:04.978728+00:00,38.94,410.0,56.7,46.6
d15d0a93-d81a-43b7-af89-41be03b1717f,100408,2026-07-31T17:11:04.978728+00:00,49.07,409.3,68.5,37.4
d15d0a93-d81a-43b7-af89-41be03b1717f,100408,2026-07-31T18:11:04.978728+00:00,73.04,404.6,102.3,44.6
d15d0a93-d81a-43b7-af89-41be03b1717f,100408,2026-07-31T19:11:04.978728+00:00,56.61,408.3,80.6,39.9
d15d0a93-d81a-43b7-af89-41be03b1717f,100408,2026-07-31T20:11:04.978728+00:00,55.71,408.3,77.4,38.3
d1a145b5-5822-4a28-a151-5714d16f5475,101013,2026-07-30T21:11:04.978728+00:00,65.89,406.5,293.6,41.1
d1a145b5-5822-4a28-a151-5714d16f5475,101013,2026-07-30T22:11:04.978728+00:00,71.96,406.2,323.5,46.4
d1a145b5-5822-4a28-a151-5714d16f5475,101013,2026-07-30T23:11:04.978728+00:00,28.62,409.7,126.3,36.0
d1a145b5-5822-4a28-a151-5714d16f5475,101013,2026-07-31T00:11:04.978728+00:00,42.08,408.3,186.8,36.4
d1a145b5-5822-4a28-a151-5714d16f5475,101013,2026-07-31T01:11:04.978728+00:00,50.86,406.4,227.4,37.3
d1a145b5-5822-4a28-a151-5714d16f5475,101013,2026-07-31T02:11:04.978728+00:00,36.48,410.8,162.4,35.5
d1a145b5-5822-4a28-a151-5714d16f5475,101013,2026-07-31T03:11:04.978728+00:00,53.35,407.3,239.3,39.3
d1a145b5-5822-4a28-a151-5714d16f5475,101013,2026-07-31T04:11:04.978728+00:00,54.51,405.3,246.5,41.7
d1a145b5-5822-4a28-a151-5714d16f5475,101013,2026-07-31T05:11:04.978728+00:00,26.46,411.2,117.9,36.4
d1a145b5-5822-4a28-a151-5714d16f5475,101013,2026-07-31T06:11:04.978728+00:00,40.31,410.6,180.5,37.6
d1a145b5-5822-4a28-a151-5714d16f5475,101013,2026-07-31T07:11:04.978728+00:00,50.28,408.0,225.4,37.7
d1a145b5-5822-4a28-a151-5714d16f5475,101013,2026-07-31T08:11:04.978728+00:00,43.19,407.9,193.2,36.8
d1a145b5-5822-4a28-a151-5714d16f5475,101013,2026-07-31T09:11:04.978728+00:00,48.2,408.0,213.6,39.4
d1a145b5-5822-4a28-a151-5714d16f5475,101013,2026-07-31T10:11:04.978728+00:00,59.47,406.9,266.2,42.0
d1a145b5-5822-4a28-a151-5714d16f5475,101013,2026-07-31T11:11:04.978728+00:00,48.16,406.5,215.8,46.1
d1a145b5-5822-4a28-a151-5714d16f5475,101013,2026-07-31T12:11:04.978728+00:00,56.34,407.6,250.5,47.0
d1a145b5-5822-4a28-a151-5714d16f5475,101013,2026-07-31T13:11:04.978728+00:00,33.11,411.4,144.6,42.2
d1a145b5-5822-4a28-a151-5714d16f5475,101013,2026-07-31T14:11:04.978728+00:00,38.54,408.9,171.5,44.3
d1a145b5-5822-4a28-a151-5714d16f5475,101013,2026-07-31T15:11:04.978728+00:00,46.51,408.7,205.8,46.2
d1a145b5-5822-4a28-a151-5714d16f5475,101013,2026-07-31T16:11:04.978728+00:00,41.36,409.2,185.8,44.7
d1a145b5-5822-4a28-a151-5714d16f5475,101013,2026-07-31T17:11:04.978728+00:00,59.75,404.1,267.3,41.6
d1a145b5-5822-4a28-a151-5714d16f5475,101013,2026-07-31T18:11:04.978728+00:00,77.22,401.6,347.9,45.6
d1a145b5-5822-4a28-a151-5714d16f5475,101013,2026-07-31T19:11:04.978728+00:00,78.01,402.6,351.5,47.2
d1a145b5-5822-4a28-a151-5714d16f5475,101013,2026-07-31T20:11:04.978728+00:00,52.04,406.3,231.4,38.6
d22a389d-14d8-4913-85b4-5784091fac1c,100165,2026-07-30T21:11:04.978728+00:00,73.34,406.0,523.4,46.2
d22a389d-14d8-4913-85b4-5784091fac1c,100165,2026-07-30T22:11:04.978728+00:00,62.75,406.1,446.3,41.8
d22a389d-14d8-4913-85b4-5784091fac1c,100165,2026-07-30T23:11:04.978728+00:00,37.06,409.1,263.1,35.1
d22a389d-14d8-4913-85b4-5784091fac1c,100165,2026-07-31T00:11:04.978728+00:00,40.02,409.8,280.4,38.2
d22a389d-14d8-4913-85b4-5784091fac1c,100165,2026-07-31T01:11:04.978728+00:00,34.89,407.8,246.4,36.5
d22a389d-14d8-4913-85b4-5784091fac1c,100165,2026-07-31T02:11:04.978728+00:00,35.77,408.6,251.3,34.7
d22a389d-14d8-4913-85b4-5784091fac1c,100165,2026-07-31T03:11:04.978728+00:00,37.89,410.2,267.8,37.9
d22a389d-14d8-4913-85b4-5784091fac1c,100165,2026-07-31T04:11:04.978728+00:00,40.6,409.9,287.1,38.1
d22a389d-14d8-4913-85b4-5784091fac1c,100165,2026-07-31T05:11:04.978728+00:00,32.82,408.8,232.3,36.8
d22a389d-14d8-4913-85b4-5784091fac1c,100165,2026-07-31T06:11:04.978728+00:00,49.13,406.1,349.9,36.5
d22a389d-14d8-4913-85b4-5784091fac1c,100165,2026-07-31T07:11:04.978728+00:00,43.24,408.7,303.7,38.3
d22a389d-14d8-4913-85b4-5784091fac1c,100165,2026-07-31T08:11:04.978728+00:00,41.6,408.0,293.5,36.5
d22a389d-14d8-4913-85b4-5784091fac1c,100165,2026-07-31T09:11:04.978728+00:00,63.06,406.6,447.5,42.3
d22a389d-14d8-4913-85b4-5784091fac1c,100165,2026-07-31T10:11:04.978728+00:00,45.76,406.5,324.6,37.9
d22a389d-14d8-4913-85b4-5784091fac1c,100165,2026-07-31T11:11:04.978728+00:00,44.78,407.1,318.1,42.6
d22a389d-14d8-4913-85b4-5784091fac1c,100165,2026-07-31T12:11:04.978728+00:00,54.22,406.6,384.9,47.6
d22a389d-14d8-4913-85b4-5784091fac1c,100165,2026-07-31T13:11:04.978728+00:00,47.9,408.6,336.9,47.5
d22a389d-14d8-4913-85b4-5784091fac1c,100165,2026-07-31T14:11:04.978728+00:00,34.49,408.9,241.7,41.1
d22a389d-14d8-4913-85b4-5784091fac1c,100165,2026-07-31T15:11:04.978728+00:00,61.98,404.4,442.8,44.6
d22a389d-14d8-4913-85b4-5784091fac1c,100165,2026-07-31T16:11:04.978728+00:00,55.22,408.2,390.4,48.0
d22a389d-14d8-4913-85b4-5784091fac1c,100165,2026-07-31T17:11:04.978728+00:00,34.77,409.8,244.4,36.9
d22a389d-14d8-4913-85b4-5784091fac1c,100165,2026-07-31T18:11:04.978728+00:00,65.08,403.6,465.8,42.1
d22a389d-14d8-4913-85b4-5784091fac1c,100165,2026-07-31T19:11:04.978728+00:00,70.97,405.5,504.7,43.5
d22a389d-14d8-4913-85b4-5784091fac1c,100165,2026-07-31T20:11:04.978728+00:00,71.39,406.1,508.6,44.8
d2606ef8-b640-4b26-8580-6d4ab7ddb810,100046,2026-07-30T21:11:04.978728+00:00,76.25,404.7,343.9,44.4
d2606ef8-b640-4b26-8580-6d4ab7ddb810,100046,2026-07-30T22:11:04.978728+00:00,69.96,402.9,317.0,46.0
d2606ef8-b640-4b26-8580-6d4ab7ddb810,100046,2026-07-30T23:11:04.978728+00:00,35.5,407.9,158.9,34.5
d2606ef8-b640-4b26-8580-6d4ab7ddb810,100046,2026-07-31T00:11:04.978728+00:00,53.16,405.6,237.2,37.4
d2606ef8-b640-4b26-8580-6d4ab7ddb810,100046,2026-07-31T01:11:04.978728+00:00,29.08,412.3,129.6,35.4
d2606ef8-b640-4b26-8580-6d4ab7ddb810,100046,2026-07-31T02:11:04.978728+00:00,54.46,407.2,244.7,38.9
d2606ef8-b640-4b26-8580-6d4ab7ddb810,100046,2026-07-31T03:11:04.978728+00:00,31.26,408.6,140.3,37.2
d2606ef8-b640-4b26-8580-6d4ab7ddb810,100046,2026-07-31T04:11:04.978728+00:00,50.36,408.1,226.1,36.9
d2606ef8-b640-4b26-8580-6d4ab7ddb810,100046,2026-07-31T05:11:04.978728+00:00,40.84,409.6,179.6,38.3
d2606ef8-b640-4b26-8580-6d4ab7ddb810,100046,2026-07-31T06:11:04.978728+00:00,59.61,407.6,265.8,40.4
d2606ef8-b640-4b26-8580-6d4ab7ddb810,100046,2026-07-31T07:11:04.978728+00:00,35.31,411.1,156.3,37.4
d2606ef8-b640-4b26-8580-6d4ab7ddb810,100046,2026-07-31T08:11:04.978728+00:00,41.91,406.9,188.5,38.2
d2606ef8-b640-4b26-8580-6d4ab7ddb810,100046,2026-07-31T09:11:04.978728+00:00,36.74,407.6,164.0,35.9
d2606ef8-b640-4b26-8580-6d4ab7ddb810,100046,2026-07-31T10:11:04.978728+00:00,53.08,408.1,234.8,38.3
d2606ef8-b640-4b26-8580-6d4ab7ddb810,100046,2026-07-31T11:11:04.978728+00:00,48.65,407.9,215.0,45.0
d2606ef8-b640-4b26-8580-6d4ab7ddb810,100046,2026-07-31T12:11:04.978728+00:00,36.05,408.8,160.8,42.7
d2606ef8-b640-4b26-8580-6d4ab7ddb810,100046,2026-07-31T13:11:04.978728+00:00,48.52,409.3,214.4,42.9
d2606ef8-b640-4b26-8580-6d4ab7ddb810,100046,2026-07-31T14:11:04.978728+00:00,60.57,407.8,269.7,46.4
d2606ef8-b640-4b26-8580-6d4ab7ddb810,100046,2026-07-31T15:11:04.978728+00:00,39.41,409.5,173.1,42.8
d2606ef8-b640-4b26-8580-6d4ab7ddb810,100046,2026-07-31T16:11:04.978728+00:00,40.53,409.0,180.8,45.0
d2606ef8-b640-4b26-8580-6d4ab7ddb810,100046,2026-07-31T17:11:04.978728+00:00,56.33,404.8,254.1,38.6
d2606ef8-b640-4b26-8580-6d4ab7ddb810,100046,2026-07-31T18:11:04.978728+00:00,67.2,404.9,302.6,43.9
d2606ef8-b640-4b26-8580-6d4ab7ddb810,100046,2026-07-31T19:11:04.978728+00:00,53.42,407.5,238.3,39.6
d2606ef8-b640-4b26-8580-6d4ab7ddb810,100046,2026-07-31T20:11:04.978728+00:00,74.86,403.1,338.4,44.7
d2633d96-ecf2-49b8-a37f-4d47761eb867,100739,2026-07-30T21:11:04.978728+00:00,57.6,405.0,258.3,44.2
d2633d96-ecf2-49b8-a37f-4d47761eb867,100739,2026-07-30T22:11:04.978728+00:00,50.59,406.8,225.1,43.8
d2633d96-ecf2-49b8-a37f-4d47761eb867,100739,2026-07-30T23:11:04.978728+00:00,38.61,410.6,172.4,42.2
d2633d96-ecf2-49b8-a37f-4d47761eb867,100739,2026-07-31T00:11:04.978728+00:00,53.21,405.9,237.5,42.3
d2633d96-ecf2-49b8-a37f-4d47761eb867,100739,2026-07-31T01:11:04.978728+00:00,51.67,408.6,230.1,41.3
d2633d96-ecf2-49b8-a37f-4d47761eb867,100739,2026-07-31T02:11:04.978728+00:00,39.69,409.1,174.7,40.7
d2633d96-ecf2-49b8-a37f-4d47761eb867,100739,2026-07-31T03:11:04.978728+00:00,52.26,408.3,234.0,40.4
d2633d96-ecf2-49b8-a37f-4d47761eb867,100739,2026-07-31T04:11:04.978728+00:00,49.47,408.1,220.3,42.7
d2633d96-ecf2-49b8-a37f-4d47761eb867,100739,2026-07-31T05:11:04.978728+00:00,53.54,408.0,238.3,45.0
d2633d96-ecf2-49b8-a37f-4d47761eb867,100739,2026-07-31T06:11:04.978728+00:00,56.17,405.9,251.4,41.1
d2633d96-ecf2-49b8-a37f-4d47761eb867,100739,2026-07-31T07:11:04.978728+00:00,30.41,411.0,135.2,40.4
d2633d96-ecf2-49b8-a37f-4d47761eb867,100739,2026-07-31T08:11:04.978728+00:00,36.6,408.1,162.5,42.6
d2633d96-ecf2-49b8-a37f-4d47761eb867,100739,2026-07-31T09:11:04.978728+00:00,31.04,410.8,137.8,39.5
d2633d96-ecf2-49b8-a37f-4d47761eb867,100739,2026-07-31T10:11:04.978728+00:00,33.49,409.6,150.5,37.0
d2633d96-ecf2-49b8-a37f-4d47761eb867,100739,2026-07-31T11:11:04.978728+00:00,34.36,409.0,151.2,43.4
d2633d96-ecf2-49b8-a37f-4d47761eb867,100739,2026-07-31T12:11:04.978728+00:00,29.12,412.5,127.7,42.5
d2633d96-ecf2-49b8-a37f-4d47761eb867,100739,2026-07-31T13:11:04.978728+00:00,35.42,408.7,156.5,43.6
d2633d96-ecf2-49b8-a37f-4d47761eb867,100739,2026-07-31T14:11:04.978728+00:00,36.32,410.9,160.7,48.0
d2633d96-ecf2-49b8-a37f-4d47761eb867,100739,2026-07-31T15:11:04.978728+00:00,45.07,410.0,198.6,45.5
d2633d96-ecf2-49b8-a37f-4d47761eb867,100739,2026-07-31T16:11:04.978728+00:00,42.12,407.6,188.1,45.5
d2633d96-ecf2-49b8-a37f-4d47761eb867,100739,2026-07-31T17:11:04.978728+00:00,44.85,410.0,198.4,39.0
d2633d96-ecf2-49b8-a37f-4d47761eb867,100739,2026-07-31T18:11:04.978728+00:00,59.35,406.9,265.1,42.5
d2633d96-ecf2-49b8-a37f-4d47761eb867,100739,2026-07-31T19:11:04.978728+00:00,72.19,403.7,324.3,48.6
d2633d96-ecf2-49b8-a37f-4d47761eb867,100739,2026-07-31T20:11:04.978728+00:00,75.46,405.4,336.6,50.4
d2c959ef-8520-4ee7-8ce7-272feb01adf2,100766,2026-07-30T21:11:04.978728+00:00,53.51,408.2,152.4,36.9
d2c959ef-8520-4ee7-8ce7-272feb01adf2,100766,2026-07-30T22:11:04.978728+00:00,68.45,403.2,197.6,41.1
d2c959ef-8520-4ee7-8ce7-272feb01adf2,100766,2026-07-30T23:11:04.978728+00:00,42.72,410.5,121.8,35.6
d2c959ef-8520-4ee7-8ce7-272feb01adf2,100766,2026-07-31T00:11:04.978728+00:00,57.6,407.9,162.5,38.1
d2c959ef-8520-4ee7-8ce7-272feb01adf2,100766,2026-07-31T01:11:04.978728+00:00,34.77,408.6,99.2,33.3
d2c959ef-8520-4ee7-8ce7-272feb01adf2,100766,2026-07-31T02:11:04.978728+00:00,54.46,405.0,155.4,34.9
d2c959ef-8520-4ee7-8ce7-272feb01adf2,100766,2026-07-31T03:11:04.978728+00:00,35.38,410.5,97.9,33.4
d2c959ef-8520-4ee7-8ce7-272feb01adf2,100766,2026-07-31T04:11:04.978728+00:00,37.31,411.4,106.5,33.4
d2c959ef-8520-4ee7-8ce7-272feb01adf2,100766,2026-07-31T05:11:04.978728+00:00,43.93,407.9,124.0,32.2
d2c959ef-8520-4ee7-8ce7-272feb01adf2,100766,2026-07-31T06:11:04.978728+00:00,45.46,407.7,128.4,35.7
d2c959ef-8520-4ee7-8ce7-272feb01adf2,100766,2026-07-31T07:11:04.978728+00:00,52.11,406.6,147.2,34.1
d2c959ef-8520-4ee7-8ce7-272feb01adf2,100766,2026-07-31T08:11:04.978728+00:00,50.33,408.5,142.3,36.3
d2c959ef-8520-4ee7-8ce7-272feb01adf2,100766,2026-07-31T09:11:04.978728+00:00,52.55,408.8,148.1,36.7
d2c959ef-8520-4ee7-8ce7-272feb01adf2,100766,2026-07-31T10:11:04.978728+00:00,59.68,407.1,169.2,36.3
d2c959ef-8520-4ee7-8ce7-272feb01adf2,100766,2026-07-31T11:11:04.978728+00:00,52.86,407.2,151.6,38.4
d2c959ef-8520-4ee7-8ce7-272feb01adf2,100766,2026-07-31T12:11:04.978728+00:00,44.11,408.9,125.7,40.4
d2c959ef-8520-4ee7-8ce7-272feb01adf2,100766,2026-07-31T13:11:04.978728+00:00,44.63,407.7,126.8,38.2
d2c959ef-8520-4ee7-8ce7-272feb01adf2,100766,2026-07-31T14:11:04.978728+00:00,39.74,410.4,113.4,38.0
d2c959ef-8520-4ee7-8ce7-272feb01adf2,100766,2026-07-31T15:11:04.978728+00:00,38.16,408.2,106.9,40.2
d2c959ef-8520-4ee7-8ce7-272feb01adf2,100766,2026-07-31T16:11:04.978728+00:00,34.09,411.3,94.8,40.1
d2c959ef-8520-4ee7-8ce7-272feb01adf2,100766,2026-07-31T17:11:04.978728+00:00,49.91,408.9,142.7,35.4
d2c959ef-8520-4ee7-8ce7-272feb01adf2,100766,2026-07-31T18:11:04.978728+00:00,76.12,403.2,218.1,44.0
d2c959ef-8520-4ee7-8ce7-272feb01adf2,100766,2026-07-31T19:11:04.978728+00:00,74.51,402.4,215.0,40.2
d2c959ef-8520-4ee7-8ce7-272feb01adf2,100766,2026-07-31T20:11:04.978728+00:00,66.3,405.4,187.7,37.5
d30ec0f4-53f3-4403-b1c7-e40221a3e8e0,2163,2026-07-30T21:11:04.978728+00:00,83.02,403.8,30.4,43.0
d30ec0f4-53f3-4403-b1c7-e40221a3e8e0,2163,2026-07-30T22:11:04.978728+00:00,80.19,402.3,28.4,41.8
d30ec0f4-53f3-4403-b1c7-e40221a3e8e0,2163,2026-07-30T23:11:04.978728+00:00,41.86,409.4,15.8,33.9
d30ec0f4-53f3-4403-b1c7-e40221a3e8e0,2163,2026-07-31T00:11:04.978728+00:00,49.78,407.3,18.7,35.8
d30ec0f4-53f3-4403-b1c7-e40221a3e8e0,2163,2026-07-31T01:11:04.978728+00:00,36.96,409.3,11.6,35.9
d30ec0f4-53f3-4403-b1c7-e40221a3e8e0,2163,2026-07-31T02:11:04.978728+00:00,34.11,408.9,13.7,35.3
d30ec0f4-53f3-4403-b1c7-e40221a3e8e0,2163,2026-07-31T03:11:04.978728+00:00,55.68,406.8,21.4,38.0
d30ec0f4-53f3-4403-b1c7-e40221a3e8e0,2163,2026-07-31T04:11:04.978728+00:00,44.95,407.5,14.3,34.7
d30ec0f4-53f3-4403-b1c7-e40221a3e8e0,2163,2026-07-31T05:11:04.978728+00:00,39.99,407.5,15.0,34.2
d30ec0f4-53f3-4403-b1c7-e40221a3e8e0,2163,2026-07-31T06:11:04.978728+00:00,30.87,410.9,9.1,32.5
d30ec0f4-53f3-4403-b1c7-e40221a3e8e0,2163,2026-07-31T07:11:04.978728+00:00,41.88,409.1,15.1,34.1
d30ec0f4-53f3-4403-b1c7-e40221a3e8e0,2163,2026-07-31T08:11:04.978728+00:00,43.73,407.9,17.3,36.1
d30ec0f4-53f3-4403-b1c7-e40221a3e8e0,2163,2026-07-31T09:11:04.978728+00:00,37.54,410.3,14.4,31.1
d30ec0f4-53f3-4403-b1c7-e40221a3e8e0,2163,2026-07-31T10:11:04.978728+00:00,51.75,407.8,17.4,35.1
d30ec0f4-53f3-4403-b1c7-e40221a3e8e0,2163,2026-07-31T11:11:04.978728+00:00,32.71,411.9,13.4,39.4
d30ec0f4-53f3-4403-b1c7-e40221a3e8e0,2163,2026-07-31T12:11:04.978728+00:00,41.74,408.6,14.9,38.8
d30ec0f4-53f3-4403-b1c7-e40221a3e8e0,2163,2026-07-31T13:11:04.978728+00:00,38.52,410.0,13.2,37.6
d30ec0f4-53f3-4403-b1c7-e40221a3e8e0,2163,2026-07-31T14:11:04.978728+00:00,44.06,406.8,16.9,37.5
d30ec0f4-53f3-4403-b1c7-e40221a3e8e0,2163,2026-07-31T15:11:04.978728+00:00,39.32,408.4,15.6,44.6
d30ec0f4-53f3-4403-b1c7-e40221a3e8e0,2163,2026-07-31T16:11:04.978728+00:00,39.24,410.2,14.4,44.1
d30ec0f4-53f3-4403-b1c7-e40221a3e8e0,2163,2026-07-31T17:11:04.978728+00:00,54.81,407.9,19.4,39.6
d30ec0f4-53f3-4403-b1c7-e40221a3e8e0,2163,2026-07-31T18:11:04.978728+00:00,80.12,403.3,29.8,46.2
d30ec0f4-53f3-4403-b1c7-e40221a3e8e0,2163,2026-07-31T19:11:04.978728+00:00,76.71,402.2,27.6,41.6
d30ec0f4-53f3-4403-b1c7-e40221a3e8e0,2163,2026-07-31T20:11:04.978728+00:00,64.39,405.4,23.8,40.8
d3190e88-94e2-43c0-abde-61425a9430df,100932,2026-07-30T21:11:04.978728+00:00,62.46,406.6,279.5,42.2
d3190e88-94e2-43c0-abde-61425a9430df,100932,2026-07-30T22:11:04.978728+00:00,73.08,402.7,329.3,46.2
d3190e88-94e2-43c0-abde-61425a9430df,100932,2026-07-30T23:11:04.978728+00:00,57.06,408.2,256.1,39.4
d3190e88-94e2-43c0-abde-61425a9430df,100932,2026-07-31T00:11:04.978728+00:00,53.51,406.7,238.9,40.8
d3190e88-94e2-43c0-abde-61425a9430df,100932,2026-07-31T01:11:04.978728+00:00,43.39,410.4,190.9,40.5
d3190e88-94e2-43c0-abde-61425a9430df,100932,2026-07-31T02:11:04.978728+00:00,46.47,407.7,205.4,40.4
d3190e88-94e2-43c0-abde-61425a9430df,100932,2026-07-31T03:11:04.978728+00:00,55.27,404.8,248.2,41.1
d3190e88-94e2-43c0-abde-61425a9430df,100932,2026-07-31T04:11:04.978728+00:00,54.8,404.8,244.9,41.4
d3190e88-94e2-43c0-abde-61425a9430df,100932,2026-07-31T05:11:04.978728+00:00,32.8,409.0,146.0,38.9
d3190e88-94e2-43c0-abde-61425a9430df,100932,2026-07-31T06:11:04.978728+00:00,38.34,407.8,172.1,39.8
d3190e88-94e2-43c0-abde-61425a9430df,100932,2026-07-31T07:11:04.978728+00:00,59.48,405.1,267.0,43.9
d3190e88-94e2-43c0-abde-61425a9430df,100932,2026-07-31T08:11:04.978728+00:00,50.2,406.5,223.1,39.5
d3190e88-94e2-43c0-abde-61425a9430df,100932,2026-07-31T09:11:04.978728+00:00,58.14,405.0,261.0,41.2
d3190e88-94e2-43c0-abde-61425a9430df,100932,2026-07-31T10:11:04.978728+00:00,43.9,408.0,194.5,38.5
d3190e88-94e2-43c0-abde-61425a9430df,100932,2026-07-31T11:11:04.978728+00:00,46.08,408.4,205.6,42.7
d3190e88-94e2-43c0-abde-61425a9430df,100932,2026-07-31T12:11:04.978728+00:00,53.69,408.4,238.1,48.0
d3190e88-94e2-43c0-abde-61425a9430df,100932,2026-07-31T13:11:04.978728+00:00,41.76,409.9,184.1,45.9
d3190e88-94e2-43c0-abde-61425a9430df,100932,2026-07-31T14:11:04.978728+00:00,60.74,407.8,272.2,53.0
d3190e88-94e2-43c0-abde-61425a9430df,100932,2026-07-31T15:11:04.978728+00:00,33.48,408.0,147.9,44.4
d3190e88-94e2-43c0-abde-61425a9430df,100932,2026-07-31T16:11:04.978728+00:00,42.43,409.4,189.1,46.3
d3190e88-94e2-43c0-abde-61425a9430df,100932,2026-07-31T17:11:04.978728+00:00,39.14,410.7,172.8,39.4
d3190e88-94e2-43c0-abde-61425a9430df,100932,2026-07-31T18:11:04.978728+00:00,62.49,403.7,280.7,44.9
d3190e88-94e2-43c0-abde-61425a9430df,100932,2026-07-31T19:11:04.978728+00:00,73.42,403.7,330.1,47.5
d3190e88-94e2-43c0-abde-61425a9430df,100932,2026-07-31T20:11:04.978728+00:00,61.31,406.9,275.5,42.2
d3397d8a-b865-4520-85f3-b5418af82edf,101205,2026-07-30T21:11:04.978728+00:00,71.83,403.9,322.6,42.6
d3397d8a-b865-4520-85f3-b5418af82edf,101205,2026-07-30T22:11:04.978728+00:00,79.34,403.8,356.7,44.0
d3397d8a-b865-4520-85f3-b5418af82edf,101205,2026-07-30T23:11:04.978728+00:00,51.22,407.8,229.6,35.6
d3397d8a-b865-4520-85f3-b5418af82edf,101205,2026-07-31T00:11:04.978728+00:00,51.7,405.6,232.4,37.3
d3397d8a-b865-4520-85f3-b5418af82edf,101205,2026-07-31T01:11:04.978728+00:00,50.72,409.0,225.5,36.3
d3397d8a-b865-4520-85f3-b5418af82edf,101205,2026-07-31T02:11:04.978728+00:00,50.04,408.4,223.6,36.6
d3397d8a-b865-4520-85f3-b5418af82edf,101205,2026-07-31T03:11:04.978728+00:00,43.08,410.4,190.7,34.4
d3397d8a-b865-4520-85f3-b5418af82edf,101205,2026-07-31T04:11:04.978728+00:00,36.5,409.4,160.4,35.2
d3397d8a-b865-4520-85f3-b5418af82edf,101205,2026-07-31T05:11:04.978728+00:00,41.79,410.3,186.6,37.0
d3397d8a-b865-4520-85f3-b5418af82edf,101205,2026-07-31T06:11:04.978728+00:00,37.53,407.7,168.9,36.4
d3397d8a-b865-4520-85f3-b5418af82edf,101205,2026-07-31T07:11:04.978728+00:00,55.51,406.4,250.2,40.4
d3397d8a-b865-4520-85f3-b5418af82edf,101205,2026-07-31T08:11:04.978728+00:00,53.45,407.3,237.8,38.3
d3397d8a-b865-4520-85f3-b5418af82edf,101205,2026-07-31T09:11:04.978728+00:00,50.7,407.7,224.5,35.6
d3397d8a-b865-4520-85f3-b5418af82edf,101205,2026-07-31T10:11:04.978728+00:00,43.98,408.1,197.6,36.6
d3397d8a-b865-4520-85f3-b5418af82edf,101205,2026-07-31T11:11:04.978728+00:00,43.21,407.3,191.9,45.5
d3397d8a-b865-4520-85f3-b5418af82edf,101205,2026-07-31T12:11:04.978728+00:00,48.48,407.6,215.7,41.6
d3397d8a-b865-4520-85f3-b5418af82edf,101205,2026-07-31T13:11:04.978728+00:00,40.92,407.9,182.1,39.5
d3397d8a-b865-4520-85f3-b5418af82edf,101205,2026-07-31T14:11:04.978728+00:00,54.01,407.2,241.1,47.3
d3397d8a-b865-4520-85f3-b5418af82edf,101205,2026-07-31T15:11:04.978728+00:00,34.56,409.4,155.0,41.6
d3397d8a-b865-4520-85f3-b5418af82edf,101205,2026-07-31T16:11:04.978728+00:00,58.33,405.9,263.3,43.9
d3397d8a-b865-4520-85f3-b5418af82edf,101205,2026-07-31T17:11:04.978728+00:00,54.65,407.6,243.5,36.5
d3397d8a-b865-4520-85f3-b5418af82edf,101205,2026-07-31T18:11:04.978728+00:00,72.5,403.9,327.2,41.2
d3397d8a-b865-4520-85f3-b5418af82edf,101205,2026-07-31T19:11:04.978728+00:00,53.93,408.2,238.6,38.7
d3397d8a-b865-4520-85f3-b5418af82edf,101205,2026-07-31T20:11:04.978728+00:00,52.52,405.6,236.9,36.2
d3446156-5c0c-477d-b7ba-cc37e9634830,100021,2026-07-30T21:11:04.978728+00:00,65.96,403.4,187.3,39.2
d3446156-5c0c-477d-b7ba-cc37e9634830,100021,2026-07-30T22:11:04.978728+00:00,56.24,404.6,159.6,38.3
d3446156-5c0c-477d-b7ba-cc37e9634830,100021,2026-07-30T23:11:04.978728+00:00,57.63,404.4,166.3,39.6
d3446156-5c0c-477d-b7ba-cc37e9634830,100021,2026-07-31T00:11:04.978728+00:00,49.13,407.0,139.1,38.5
d3446156-5c0c-477d-b7ba-cc37e9634830,100021,2026-07-31T01:11:04.978728+00:00,50.29,408.2,141.4,33.9
d3446156-5c0c-477d-b7ba-cc37e9634830,100021,2026-07-31T02:11:04.978728+00:00,54.13,407.8,151.8,36.1
d3446156-5c0c-477d-b7ba-cc37e9634830,100021,2026-07-31T03:11:04.978728+00:00,56.96,407.0,163.4,37.6
d3446156-5c0c-477d-b7ba-cc37e9634830,100021,2026-07-31T04:11:04.978728+00:00,46.08,409.7,131.1,34.4
d3446156-5c0c-477d-b7ba-cc37e9634830,100021,2026-07-31T05:11:04.978728+00:00,36.43,410.3,102.6,32.6
d3446156-5c0c-477d-b7ba-cc37e9634830,100021,2026-07-31T06:11:04.978728+00:00,46.44,407.4,131.7,36.9
d3446156-5c0c-477d-b7ba-cc37e9634830,100021,2026-07-31T07:11:04.978728+00:00,44.45,406.6,128.1,36.2
d3446156-5c0c-477d-b7ba-cc37e9634830,100021,2026-07-31T08:11:04.978728+00:00,35.67,408.0,99.4,32.6
d3446156-5c0c-477d-b7ba-cc37e9634830,100021,2026-07-31T09:11:04.978728+00:00,45.13,407.3,128.4,38.1
d3446156-5c0c-477d-b7ba-cc37e9634830,100021,2026-07-31T10:11:04.978728+00:00,36.93,409.6,103.7,34.7
d3446156-5c0c-477d-b7ba-cc37e9634830,100021,2026-07-31T11:11:04.978728+00:00,38.21,407.5,108.6,37.2
d3446156-5c0c-477d-b7ba-cc37e9634830,100021,2026-07-31T12:11:04.978728+00:00,34.87,411.4,97.1,43.8
d3446156-5c0c-477d-b7ba-cc37e9634830,100021,2026-07-31T13:11:04.978728+00:00,42.78,407.9,121.9,41.7
d3446156-5c0c-477d-b7ba-cc37e9634830,100021,2026-07-31T14:11:04.978728+00:00,56.27,405.8,159.4,41.5
d3446156-5c0c-477d-b7ba-cc37e9634830,100021,2026-07-31T15:11:04.978728+00:00,54.93,406.9,156.0,47.1
d3446156-5c0c-477d-b7ba-cc37e9634830,100021,2026-07-31T16:11:04.978728+00:00,32.04,411.8,89.1,41.4
d3446156-5c0c-477d-b7ba-cc37e9634830,100021,2026-07-31T17:11:04.978728+00:00,51.34,408.2,146.2,37.4
d3446156-5c0c-477d-b7ba-cc37e9634830,100021,2026-07-31T18:11:04.978728+00:00,72.04,404.1,204.2,43.8
d3446156-5c0c-477d-b7ba-cc37e9634830,100021,2026-07-31T19:11:04.978728+00:00,67.98,405.6,192.8,41.0
d3446156-5c0c-477d-b7ba-cc37e9634830,100021,2026-07-31T20:11:04.978728+00:00,59.9,405.8,169.8,38.1
d39f14eb-137b-4d4c-a1a4-859faafce21f,100641,2026-07-30T21:11:04.978728+00:00,55.82,406.1,398.3,42.3
d39f14eb-137b-4d4c-a1a4-859faafce21f,100641,2026-07-30T22:11:04.978728+00:00,57.39,407.2,406.0,43.5
d39f14eb-137b-4d4c-a1a4-859faafce21f,100641,2026-07-30T23:11:04.978728+00:00,52.96,408.4,372.5,44.9
d39f14eb-137b-4d4c-a1a4-859faafce21f,100641,2026-07-31T00:11:04.978728+00:00,40.15,408.2,282.8,39.1
d39f14eb-137b-4d4c-a1a4-859faafce21f,100641,2026-07-31T01:11:04.978728+00:00,49.9,408.6,353.3,42.2
d39f14eb-137b-4d4c-a1a4-859faafce21f,100641,2026-07-31T02:11:04.978728+00:00,39.98,407.9,283.8,42.8
d39f14eb-137b-4d4c-a1a4-859faafce21f,100641,2026-07-31T03:11:04.978728+00:00,40.08,408.8,282.0,38.8
d39f14eb-137b-4d4c-a1a4-859faafce21f,100641,2026-07-31T04:11:04.978728+00:00,45.05,408.3,320.4,42.4
d39f14eb-137b-4d4c-a1a4-859faafce21f,100641,2026-07-31T05:11:04.978728+00:00,34.52,410.4,241.5,38.6
d39f14eb-137b-4d4c-a1a4-859faafce21f,100641,2026-07-31T06:11:04.978728+00:00,30.68,410.6,217.6,39.9
d39f14eb-137b-4d4c-a1a4-859faafce21f,100641,2026-07-31T07:11:04.978728+00:00,39.24,408.0,276.6,38.6
d39f14eb-137b-4d4c-a1a4-859faafce21f,100641,2026-07-31T08:11:04.978728+00:00,59.93,404.9,426.1,43.8
d39f14eb-137b-4d4c-a1a4-859faafce21f,100641,2026-07-31T09:11:04.978728+00:00,48.21,408.8,339.2,41.8
d39f14eb-137b-4d4c-a1a4-859faafce21f,100641,2026-07-31T10:11:04.978728+00:00,35.78,411.1,250.5,38.2
d39f14eb-137b-4d4c-a1a4-859faafce21f,100641,2026-07-31T11:11:04.978728+00:00,53.41,408.9,377.4,47.5
d39f14eb-137b-4d4c-a1a4-859faafce21f,100641,2026-07-31T12:11:04.978728+00:00,52.48,407.0,373.6,51.4
d39f14eb-137b-4d4c-a1a4-859faafce21f,100641,2026-07-31T13:11:04.978728+00:00,45.29,407.3,321.2,50.1
d39f14eb-137b-4d4c-a1a4-859faafce21f,100641,2026-07-31T14:11:04.978728+00:00,38.19,407.9,271.4,49.0
d39f14eb-137b-4d4c-a1a4-859faafce21f,100641,2026-07-31T15:11:04.978728+00:00,46.02,408.1,325.0,45.0
d39f14eb-137b-4d4c-a1a4-859faafce21f,100641,2026-07-31T16:11:04.978728+00:00,35.41,408.6,251.3,47.7
d39f14eb-137b-4d4c-a1a4-859faafce21f,100641,2026-07-31T17:11:04.978728+00:00,53.69,406.4,379.9,44.6
d39f14eb-137b-4d4c-a1a4-859faafce21f,100641,2026-07-31T18:11:04.978728+00:00,72.07,405.4,512.9,48.7
d39f14eb-137b-4d4c-a1a4-859faafce21f,100641,2026-07-31T19:11:04.978728+00:00,66.1,405.1,470.4,46.0
d39f14eb-137b-4d4c-a1a4-859faafce21f,100641,2026-07-31T20:11:04.978728+00:00,69.76,406.2,495.8,46.7
d5117851-d259-493e-b112-8b10f402ace1,101328,2026-07-30T21:11:04.978728+00:00,72.71,406.1,517.9,43.9
d5117851-d259-493e-b112-8b10f402ace1,101328,2026-07-30T22:11:04.978728+00:00,52.78,405.1,378.0,41.0
d5117851-d259-493e-b112-8b10f402ace1,101328,2026-07-30T23:11:04.978728+00:00,44.34,409.4,312.2,37.6
d5117851-d259-493e-b112-8b10f402ace1,101328,2026-07-31T00:11:04.978728+00:00,56.73,407.6,403.2,41.9
d5117851-d259-493e-b112-8b10f402ace1,101328,2026-07-31T01:11:04.978728+00:00,32.27,411.3,226.9,34.7
d5117851-d259-493e-b112-8b10f402ace1,101328,2026-07-31T02:11:04.978728+00:00,53.48,405.2,380.9,40.1
d5117851-d259-493e-b112-8b10f402ace1,101328,2026-07-31T03:11:04.978728+00:00,36.54,408.5,258.5,37.5
d5117851-d259-493e-b112-8b10f402ace1,101328,2026-07-31T04:11:04.978728+00:00,59.51,405.1,425.2,38.3
d5117851-d259-493e-b112-8b10f402ace1,101328,2026-07-31T05:11:04.978728+00:00,34.46,408.7,243.4,35.2
d5117851-d259-493e-b112-8b10f402ace1,101328,2026-07-31T06:11:04.978728+00:00,34.68,410.1,245.6,38.6
d5117851-d259-493e-b112-8b10f402ace1,101328,2026-07-31T07:11:04.978728+00:00,33.65,409.3,237.4,35.1
d5117851-d259-493e-b112-8b10f402ace1,101328,2026-07-31T08:11:04.978728+00:00,57.88,407.8,411.7,40.1
d5117851-d259-493e-b112-8b10f402ace1,101328,2026-07-31T09:11:04.978728+00:00,29.71,410.4,209.0,36.1
d5117851-d259-493e-b112-8b10f402ace1,101328,2026-07-31T10:11:04.978728+00:00,49.1,406.6,347.2,40.2
d5117851-d259-493e-b112-8b10f402ace1,101328,2026-07-31T11:11:04.978728+00:00,33.21,408.5,236.1,45.9
d5117851-d259-493e-b112-8b10f402ace1,101328,2026-07-31T12:11:04.978728+00:00,46.9,407.1,333.5,46.0
d5117851-d259-493e-b112-8b10f402ace1,101328,2026-07-31T13:11:04.978728+00:00,36.32,409.9,255.3,40.4
d5117851-d259-493e-b112-8b10f402ace1,101328,2026-07-31T14:11:04.978728+00:00,55.02,407.9,387.5,42.8
d5117851-d259-493e-b112-8b10f402ace1,101328,2026-07-31T15:11:04.978728+00:00,46.92,406.6,333.9,45.0
d5117851-d259-493e-b112-8b10f402ace1,101328,2026-07-31T16:11:04.978728+00:00,35.31,410.5,246.6,41.7
d5117851-d259-493e-b112-8b10f402ace1,101328,2026-07-31T17:11:04.978728+00:00,49.74,406.5,353.9,38.6
d5117851-d259-493e-b112-8b10f402ace1,101328,2026-07-31T18:11:04.978728+00:00,56.12,408.1,398.3,40.5
d5117851-d259-493e-b112-8b10f402ace1,101328,2026-07-31T19:11:04.978728+00:00,49.95,408.0,354.9,39.7
d5117851-d259-493e-b112-8b10f402ace1,101328,2026-07-31T20:11:04.978728+00:00,53.82,406.6,382.5,40.4
d5683f8d-d306-4ee1-ac7e-a14df79d32a5,100577,2026-07-30T21:11:04.978728+00:00,73.43,404.3,66.2,43.3
d5683f8d-d306-4ee1-ac7e-a14df79d32a5,100577,2026-07-30T22:11:04.978728+00:00,65.99,406.2,59.9,42.7
d5683f8d-d306-4ee1-ac7e-a14df79d32a5,100577,2026-07-30T23:11:04.978728+00:00,55.53,408.1,49.4,39.4
d5683f8d-d306-4ee1-ac7e-a14df79d32a5,100577,2026-07-31T00:11:04.978728+00:00,38.43,408.7,35.4,34.8
d5683f8d-d306-4ee1-ac7e-a14df79d32a5,100577,2026-07-31T01:11:04.978728+00:00,49.8,406.7,46.5,38.7
d5683f8d-d306-4ee1-ac7e-a14df79d32a5,100577,2026-07-31T02:11:04.978728+00:00,47.04,406.8,43.0,36.4
d5683f8d-d306-4ee1-ac7e-a14df79d32a5,100577,2026-07-31T03:11:04.978728+00:00,37.75,407.5,33.7,34.7
d5683f8d-d306-4ee1-ac7e-a14df79d32a5,100577,2026-07-31T04:11:04.978728+00:00,45.25,408.2,41.1,35.9
d5683f8d-d306-4ee1-ac7e-a14df79d32a5,100577,2026-07-31T05:11:04.978728+00:00,38.07,409.4,34.9,35.4
d5683f8d-d306-4ee1-ac7e-a14df79d32a5,100577,2026-07-31T06:11:04.978728+00:00,39.84,409.8,33.7,39.4
d5683f8d-d306-4ee1-ac7e-a14df79d32a5,100577,2026-07-31T07:11:04.978728+00:00,62.12,404.0,55.4,40.9
d5683f8d-d306-4ee1-ac7e-a14df79d32a5,100577,2026-07-31T08:11:04.978728+00:00,50.11,406.9,43.8,38.0
d5683f8d-d306-4ee1-ac7e-a14df79d32a5,100577,2026-07-31T09:11:04.978728+00:00,43.12,409.7,37.7,39.3
d5683f8d-d306-4ee1-ac7e-a14df79d32a5,100577,2026-07-31T10:11:04.978728+00:00,60.67,407.0,54.3,38.9
d5683f8d-d306-4ee1-ac7e-a14df79d32a5,100577,2026-07-31T11:11:04.978728+00:00,55.11,407.9,48.2,50.1
d5683f8d-d306-4ee1-ac7e-a14df79d32a5,100577,2026-07-31T12:11:04.978728+00:00,48.69,407.3,41.5,42.3
d5683f8d-d306-4ee1-ac7e-a14df79d32a5,100577,2026-07-31T13:11:04.978728+00:00,39.53,409.7,35.2,42.2
d5683f8d-d306-4ee1-ac7e-a14df79d32a5,100577,2026-07-31T14:11:04.978728+00:00,56.92,405.8,52.5,46.7
d5683f8d-d306-4ee1-ac7e-a14df79d32a5,100577,2026-07-31T15:11:04.978728+00:00,40.72,410.1,35.8,41.7
d5683f8d-d306-4ee1-ac7e-a14df79d32a5,100577,2026-07-31T16:11:04.978728+00:00,54.19,405.3,50.3,47.2
d5683f8d-d306-4ee1-ac7e-a14df79d32a5,100577,2026-07-31T17:11:04.978728+00:00,33.43,410.2,30.5,37.8
d5683f8d-d306-4ee1-ac7e-a14df79d32a5,100577,2026-07-31T18:11:04.978728+00:00,74.05,402.9,65.0,44.3
d5683f8d-d306-4ee1-ac7e-a14df79d32a5,100577,2026-07-31T19:11:04.978728+00:00,76.44,405.0,68.5,45.5
d5683f8d-d306-4ee1-ac7e-a14df79d32a5,100577,2026-07-31T20:11:04.978728+00:00,62.31,406.2,55.8,43.1
d60252c8-18e1-4625-849c-3dfbbb7c58f3,450,2026-07-30T21:11:04.978728+00:00,60.37,406.2,22.8,40.4
d60252c8-18e1-4625-849c-3dfbbb7c58f3,450,2026-07-30T22:11:04.978728+00:00,71.96,403.4,26.7,43.6
d60252c8-18e1-4625-849c-3dfbbb7c58f3,450,2026-07-30T23:11:04.978728+00:00,48.83,409.0,19.1,37.3
d60252c8-18e1-4625-849c-3dfbbb7c58f3,450,2026-07-31T00:11:04.978728+00:00,56.14,405.6,20.2,37.7
d60252c8-18e1-4625-849c-3dfbbb7c58f3,450,2026-07-31T01:11:04.978728+00:00,43.63,409.4,15.7,36.5
d60252c8-18e1-4625-849c-3dfbbb7c58f3,450,2026-07-31T02:11:04.978728+00:00,47.18,409.9,14.7,33.6
d60252c8-18e1-4625-849c-3dfbbb7c58f3,450,2026-07-31T03:11:04.978728+00:00,35.02,411.4,11.7,33.8
d60252c8-18e1-4625-849c-3dfbbb7c58f3,450,2026-07-31T04:11:04.978728+00:00,59.61,405.4,22.8,38.2
d60252c8-18e1-4625-849c-3dfbbb7c58f3,450,2026-07-31T05:11:04.978728+00:00,53.76,406.1,20.5,34.5
d60252c8-18e1-4625-849c-3dfbbb7c58f3,450,2026-07-31T06:11:04.978728+00:00,57.0,407.6,21.1,36.1
d60252c8-18e1-4625-849c-3dfbbb7c58f3,450,2026-07-31T07:11:04.978728+00:00,61.36,406.0,22.4,40.2
d60252c8-18e1-4625-849c-3dfbbb7c58f3,450,2026-07-31T08:11:04.978728+00:00,51.26,408.7,16.4,36.2
d60252c8-18e1-4625-849c-3dfbbb7c58f3,450,2026-07-31T09:11:04.978728+00:00,37.51,407.4,14.3,34.6
d60252c8-18e1-4625-849c-3dfbbb7c58f3,450,2026-07-31T10:11:04.978728+00:00,30.32,410.6,11.4,30.5
d60252c8-18e1-4625-849c-3dfbbb7c58f3,450,2026-07-31T11:11:04.978728+00:00,51.53,407.3,19.9,40.3
d60252c8-18e1-4625-849c-3dfbbb7c58f3,450,2026-07-31T12:11:04.978728+00:00,56.09,405.0,20.2,41.6
d60252c8-18e1-4625-849c-3dfbbb7c58f3,450,2026-07-31T13:11:04.978728+00:00,49.2,407.0,18.5,41.8
d60252c8-18e1-4625-849c-3dfbbb7c58f3,450,2026-07-31T14:11:04.978728+00:00,39.76,410.8,12.9,42.0
d60252c8-18e1-4625-849c-3dfbbb7c58f3,450,2026-07-31T15:11:04.978728+00:00,38.97,410.9,15.2,42.3
d60252c8-18e1-4625-849c-3dfbbb7c58f3,450,2026-07-31T16:11:04.978728+00:00,46.53,407.3,15.9,44.0
d60252c8-18e1-4625-849c-3dfbbb7c58f3,450,2026-07-31T17:11:04.978728+00:00,55.51,408.5,19.4,38.7
d60252c8-18e1-4625-849c-3dfbbb7c58f3,450,2026-07-31T18:11:04.978728+00:00,65.96,405.1,22.9,42.5
d60252c8-18e1-4625-849c-3dfbbb7c58f3,450,2026-07-31T19:11:04.978728+00:00,54.18,407.0,17.7,34.5
d60252c8-18e1-4625-849c-3dfbbb7c58f3,450,2026-07-31T20:11:04.978728+00:00,70.28,403.9,24.3,41.9
d6315249-699a-44d9-a720-b29b2c3ba8cd,100231,2026-07-30T21:11:04.978728+00:00,56.71,404.8,81.0,49.5
d6315249-699a-44d9-a720-b29b2c3ba8cd,100231,2026-07-30T22:11:04.978728+00:00,74.95,405.1,105.5,54.2
d6315249-699a-44d9-a720-b29b2c3ba8cd,100231,2026-07-30T23:11:04.978728+00:00,53.32,407.9,74.9,47.1
d6315249-699a-44d9-a720-b29b2c3ba8cd,100231,2026-07-31T00:11:04.978728+00:00,43.11,410.3,59.6,48.5
d6315249-699a-44d9-a720-b29b2c3ba8cd,100231,2026-07-31T01:11:04.978728+00:00,49.35,408.3,71.2,47.5
d6315249-699a-44d9-a720-b29b2c3ba8cd,100231,2026-07-31T02:11:04.978728+00:00,38.22,408.2,53.6,44.8
d6315249-699a-44d9-a720-b29b2c3ba8cd,100231,2026-07-31T03:11:04.978728+00:00,34.92,409.7,49.1,45.3
d6315249-699a-44d9-a720-b29b2c3ba8cd,100231,2026-07-31T04:11:04.978728+00:00,33.83,411.3,49.2,44.8
d6315249-699a-44d9-a720-b29b2c3ba8cd,100231,2026-07-31T05:11:04.978728+00:00,64.19,407.0,90.6,51.8
d6315249-699a-44d9-a720-b29b2c3ba8cd,100231,2026-07-31T06:11:04.978728+00:00,41.67,409.4,58.7,44.6
d6315249-699a-44d9-a720-b29b2c3ba8cd,100231,2026-07-31T07:11:04.978728+00:00,42.73,407.0,58.9,46.6
d6315249-699a-44d9-a720-b29b2c3ba8cd,100231,2026-07-31T08:11:04.978728+00:00,39.71,409.7,57.3,47.5
d6315249-699a-44d9-a720-b29b2c3ba8cd,100231,2026-07-31T09:11:04.978728+00:00,61.0,406.1,88.7,50.6
d6315249-699a-44d9-a720-b29b2c3ba8cd,100231,2026-07-31T10:11:04.978728+00:00,50.2,409.2,71.0,48.8
d6315249-699a-44d9-a720-b29b2c3ba8cd,100231,2026-07-31T11:11:04.978728+00:00,34.96,411.7,47.4,52.6
d6315249-699a-44d9-a720-b29b2c3ba8cd,100231,2026-07-31T12:11:04.978728+00:00,54.75,407.7,77.9,56.9
d6315249-699a-44d9-a720-b29b2c3ba8cd,100231,2026-07-31T13:11:04.978728+00:00,43.23,410.0,59.0,52.3
d6315249-699a-44d9-a720-b29b2c3ba8cd,100231,2026-07-31T14:11:04.978728+00:00,40.74,407.5,58.9,54.5
d6315249-699a-44d9-a720-b29b2c3ba8cd,100231,2026-07-31T15:11:04.978728+00:00,61.43,406.9,87.9,54.7
d6315249-699a-44d9-a720-b29b2c3ba8cd,100231,2026-07-31T16:11:04.978728+00:00,55.74,405.7,78.5,52.4
d6315249-699a-44d9-a720-b29b2c3ba8cd,100231,2026-07-31T17:11:04.978728+00:00,60.35,404.7,86.7,49.7
d6315249-699a-44d9-a720-b29b2c3ba8cd,100231,2026-07-31T18:11:04.978728+00:00,80.28,403.9,114.3,54.7
d6315249-699a-44d9-a720-b29b2c3ba8cd,100231,2026-07-31T19:11:04.978728+00:00,67.89,405.6,98.4,54.5
d6315249-699a-44d9-a720-b29b2c3ba8cd,100231,2026-07-31T20:11:04.978728+00:00,70.67,406.0,100.7,53.7
e17c22d9-9ec2-4023-bf66-af581e9f5668,100610,2026-07-30T21:11:04.978728+00:00,72.45,405.9,517.2,44.8
e17c22d9-9ec2-4023-bf66-af581e9f5668,100610,2026-07-30T22:11:04.978728+00:00,56.62,405.7,401.2,40.8
e17c22d9-9ec2-4023-bf66-af581e9f5668,100610,2026-07-30T23:11:04.978728+00:00,39.21,408.6,276.1,37.4
e17c22d9-9ec2-4023-bf66-af581e9f5668,100610,2026-07-31T00:11:04.978728+00:00,50.0,407.2,355.4,37.7
e17c22d9-9ec2-4023-bf66-af581e9f5668,100610,2026-07-31T01:11:04.978728+00:00,54.5,407.2,387.8,38.9
e17c22d9-9ec2-4023-bf66-af581e9f5668,100610,2026-07-31T02:11:04.978728+00:00,39.06,410.1,275.4,37.2
e17c22d9-9ec2-4023-bf66-af581e9f5668,100610,2026-07-31T03:11:04.978728+00:00,36.5,407.6,259.2,35.2
e17c22d9-9ec2-4023-bf66-af581e9f5668,100610,2026-07-31T04:11:04.978728+00:00,51.17,408.8,362.5,37.8
e17c22d9-9ec2-4023-bf66-af581e9f5668,100610,2026-07-31T05:11:04.978728+00:00,39.41,408.7,280.2,34.5
e17c22d9-9ec2-4023-bf66-af581e9f5668,100610,2026-07-31T06:11:04.978728+00:00,43.49,406.9,308.6,38.8
e17c22d9-9ec2-4023-bf66-af581e9f5668,100610,2026-07-31T07:11:04.978728+00:00,62.25,404.0,443.1,39.6
e17c22d9-9ec2-4023-bf66-af581e9f5668,100610,2026-07-31T08:11:04.978728+00:00,48.96,409.6,346.0,39.2
e17c22d9-9ec2-4023-bf66-af581e9f5668,100610,2026-07-31T09:11:04.978728+00:00,50.41,408.9,357.3,37.8
e17c22d9-9ec2-4023-bf66-af581e9f5668,100610,2026-07-31T10:11:04.978728+00:00,46.61,407.5,331.4,38.4
e17c22d9-9ec2-4023-bf66-af581e9f5668,100610,2026-07-31T11:11:04.978728+00:00,33.51,408.5,236.7,45.0
e17c22d9-9ec2-4023-bf66-af581e9f5668,100610,2026-07-31T12:11:04.978728+00:00,42.23,407.3,299.1,43.3
e17c22d9-9ec2-4023-bf66-af581e9f5668,100610,2026-07-31T13:11:04.978728+00:00,53.68,405.1,383.9,46.4
e17c22d9-9ec2-4023-bf66-af581e9f5668,100610,2026-07-31T14:11:04.978728+00:00,55.47,406.1,396.1,42.0
e17c22d9-9ec2-4023-bf66-af581e9f5668,100610,2026-07-31T15:11:04.978728+00:00,61.5,406.2,436.2,46.4
e17c22d9-9ec2-4023-bf66-af581e9f5668,100610,2026-07-31T16:11:04.978728+00:00,31.6,410.1,223.5,44.5
e17c22d9-9ec2-4023-bf66-af581e9f5668,100610,2026-07-31T17:11:04.978728+00:00,32.41,410.1,227.3,34.1
e17c22d9-9ec2-4023-bf66-af581e9f5668,100610,2026-07-31T18:11:04.978728+00:00,61.65,403.9,440.9,40.1
e17c22d9-9ec2-4023-bf66-af581e9f5668,100610,2026-07-31T19:11:04.978728+00:00,50.63,407.1,360.3,37.0
e17c22d9-9ec2-4023-bf66-af581e9f5668,100610,2026-07-31T20:11:04.978728+00:00,68.68,406.7,489.1,43.6
e200a0c5-69df-4f6a-b489-db9eea0ddf75,100943,2026-07-30T21:11:04.978728+00:00,55.2,406.5,19.2,38.0
e200a0c5-69df-4f6a-b489-db9eea0ddf75,100943,2026-07-30T22:11:04.978728+00:00,81.47,403.9,30.8,45.3
e200a0c5-69df-4f6a-b489-db9eea0ddf75,100943,2026-07-30T23:11:04.978728+00:00,56.94,405.2,21.5,39.8
e200a0c5-69df-4f6a-b489-db9eea0ddf75,100943,2026-07-31T00:11:04.978728+00:00,57.53,404.6,20.4,41.0
e200a0c5-69df-4f6a-b489-db9eea0ddf75,100943,2026-07-31T01:11:04.978728+00:00,55.62,406.2,18.4,39.5
e200a0c5-69df-4f6a-b489-db9eea0ddf75,100943,2026-07-31T02:11:04.978728+00:00,57.48,407.2,19.0,38.9
e200a0c5-69df-4f6a-b489-db9eea0ddf75,100943,2026-07-31T03:11:04.978728+00:00,48.95,405.9,18.0,36.1
e200a0c5-69df-4f6a-b489-db9eea0ddf75,100943,2026-07-31T04:11:04.978728+00:00,47.06,407.0,18.6,39.5
e200a0c5-69df-4f6a-b489-db9eea0ddf75,100943,2026-07-31T05:11:04.978728+00:00,45.53,407.6,16.2,38.1
e200a0c5-69df-4f6a-b489-db9eea0ddf75,100943,2026-07-31T06:11:04.978728+00:00,29.57,410.8,11.4,34.0
e200a0c5-69df-4f6a-b489-db9eea0ddf75,100943,2026-07-31T07:11:04.978728+00:00,47.32,409.5,17.1,38.4
e200a0c5-69df-4f6a-b489-db9eea0ddf75,100943,2026-07-31T08:11:04.978728+00:00,38.15,408.5,13.3,35.3
e200a0c5-69df-4f6a-b489-db9eea0ddf75,100943,2026-07-31T09:11:04.978728+00:00,44.64,407.1,17.3,35.8
e200a0c5-69df-4f6a-b489-db9eea0ddf75,100943,2026-07-31T10:11:04.978728+00:00,59.83,406.6,22.2,40.5
e200a0c5-69df-4f6a-b489-db9eea0ddf75,100943,2026-07-31T11:11:04.978728+00:00,43.88,406.6,14.0,41.0
e200a0c5-69df-4f6a-b489-db9eea0ddf75,100943,2026-07-31T12:11:04.978728+00:00,42.5,407.7,16.9,46.1
e200a0c5-69df-4f6a-b489-db9eea0ddf75,100943,2026-07-31T13:11:04.978728+00:00,58.07,406.5,21.5,47.2
e200a0c5-69df-4f6a-b489-db9eea0ddf75,100943,2026-07-31T14:11:04.978728+00:00,43.31,409.0,14.4,46.8
e200a0c5-69df-4f6a-b489-db9eea0ddf75,100943,2026-07-31T15:11:04.978728+00:00,58.04,407.9,20.7,47.9
e200a0c5-69df-4f6a-b489-db9eea0ddf75,100943,2026-07-31T16:11:04.978728+00:00,50.45,405.5,17.8,47.3
e200a0c5-69df-4f6a-b489-db9eea0ddf75,100943,2026-07-31T17:11:04.978728+00:00,36.64,408.6,14.9,37.1
e200a0c5-69df-4f6a-b489-db9eea0ddf75,100943,2026-07-31T18:11:04.978728+00:00,80.53,401.9,28.3,46.8
e200a0c5-69df-4f6a-b489-db9eea0ddf75,100943,2026-07-31T19:11:04.978728+00:00,64.63,407.2,24.8,43.0
e200a0c5-69df-4f6a-b489-db9eea0ddf75,100943,2026-07-31T20:11:04.978728+00:00,70.41,405.4,26.2,41.5
e2343920-4526-494b-b7a4-42c00f53a1e4,241,2026-07-30T21:11:04.978728+00:00,73.85,405.3,25.8,41.0
e2343920-4526-494b-b7a4-42c00f53a1e4,241,2026-07-30T22:11:04.978728+00:00,74.11,403.5,26.7,39.9
e2343920-4526-494b-b7a4-42c00f53a1e4,241,2026-07-30T23:11:04.978728+00:00,45.28,409.0,14.1,37.4
e2343920-4526-494b-b7a4-42c00f53a1e4,241,2026-07-31T00:11:04.978728+00:00,50.36,408.0,19.0,34.4
e2343920-4526-494b-b7a4-42c00f53a1e4,241,2026-07-31T01:11:04.978728+00:00,51.64,408.9,19.1,37.5
e2343920-4526-494b-b7a4-42c00f53a1e4,241,2026-07-31T02:11:04.978728+00:00,32.73,411.4,12.9,31.6
e2343920-4526-494b-b7a4-42c00f53a1e4,241,2026-07-31T03:11:04.978728+00:00,39.33,410.6,13.9,35.6
e2343920-4526-494b-b7a4-42c00f53a1e4,241,2026-07-31T04:11:04.978728+00:00,33.55,411.5,13.5,33.2
e2343920-4526-494b-b7a4-42c00f53a1e4,241,2026-07-31T05:11:04.978728+00:00,55.02,407.5,17.6,37.8
e2343920-4526-494b-b7a4-42c00f53a1e4,241,2026-07-31T06:11:04.978728+00:00,36.07,411.5,12.1,32.7
e2343920-4526-494b-b7a4-42c00f53a1e4,241,2026-07-31T07:11:04.978728+00:00,45.11,406.2,16.7,35.7
e2343920-4526-494b-b7a4-42c00f53a1e4,241,2026-07-31T08:11:04.978728+00:00,54.82,405.5,18.0,38.7
e2343920-4526-494b-b7a4-42c00f53a1e4,241,2026-07-31T09:11:04.978728+00:00,33.7,411.0,11.0,31.4
e2343920-4526-494b-b7a4-42c00f53a1e4,241,2026-07-31T10:11:04.978728+00:00,43.59,406.7,15.1,37.4
e2343920-4526-494b-b7a4-42c00f53a1e4,241,2026-07-31T11:11:04.978728+00:00,40.51,407.5,13.2,42.0
e2343920-4526-494b-b7a4-42c00f53a1e4,241,2026-07-31T12:11:04.978728+00:00,45.49,406.2,14.3,39.1
e2343920-4526-494b-b7a4-42c00f53a1e4,241,2026-07-31T13:11:04.978728+00:00,58.9,405.0,20.4,45.3
e2343920-4526-494b-b7a4-42c00f53a1e4,241,2026-07-31T14:11:04.978728+00:00,47.1,409.2,15.3,41.1
e2343920-4526-494b-b7a4-42c00f53a1e4,241,2026-07-31T15:11:04.978728+00:00,50.8,407.4,16.0,40.7
e2343920-4526-494b-b7a4-42c00f53a1e4,241,2026-07-31T16:11:04.978728+00:00,42.3,407.2,16.9,44.5
e2343920-4526-494b-b7a4-42c00f53a1e4,241,2026-07-31T17:11:04.978728+00:00,46.53,407.7,15.9,34.8
e2343920-4526-494b-b7a4-42c00f53a1e4,241,2026-07-31T18:11:04.978728+00:00,78.29,401.8,27.8,44.1
e2343920-4526-494b-b7a4-42c00f53a1e4,241,2026-07-31T19:11:04.978728+00:00,60.43,404.5,22.4,40.6
e2343920-4526-494b-b7a4-42c00f53a1e4,241,2026-07-31T20:11:04.978728+00:00,61.8,407.5,23.6,39.2
e2ef05d2-90e0-4f1d-9f99-982c6c1a2d7f,100442,2026-07-30T21:11:04.978728+00:00,48.31,409.0,67.7,38.7
e2ef05d2-90e0-4f1d-9f99-982c6c1a2d7f,100442,2026-07-30T22:11:04.978728+00:00,70.14,403.8,100.2,41.9
e2ef05d2-90e0-4f1d-9f99-982c6c1a2d7f,100442,2026-07-30T23:11:04.978728+00:00,28.73,412.2,40.2,37.1
e2ef05d2-90e0-4f1d-9f99-982c6c1a2d7f,100442,2026-07-31T00:11:04.978728+00:00,36.71,408.6,50.3,38.1
e2ef05d2-90e0-4f1d-9f99-982c6c1a2d7f,100442,2026-07-31T01:11:04.978728+00:00,36.33,409.7,52.2,35.1
e2ef05d2-90e0-4f1d-9f99-982c6c1a2d7f,100442,2026-07-31T02:11:04.978728+00:00,44.19,407.3,61.9,38.1
e2ef05d2-90e0-4f1d-9f99-982c6c1a2d7f,100442,2026-07-31T03:11:04.978728+00:00,35.05,408.9,51.4,38.2
e2ef05d2-90e0-4f1d-9f99-982c6c1a2d7f,100442,2026-07-31T04:11:04.978728+00:00,54.19,407.5,76.2,40.2
e2ef05d2-90e0-4f1d-9f99-982c6c1a2d7f,100442,2026-07-31T05:11:04.978728+00:00,50.41,406.2,70.9,37.9
e2ef05d2-90e0-4f1d-9f99-982c6c1a2d7f,100442,2026-07-31T06:11:04.978728+00:00,32.95,410.2,44.9,39.0
e2ef05d2-90e0-4f1d-9f99-982c6c1a2d7f,100442,2026-07-31T07:11:04.978728+00:00,34.12,411.6,48.2,37.8
e2ef05d2-90e0-4f1d-9f99-982c6c1a2d7f,100442,2026-07-31T08:11:04.978728+00:00,40.17,407.6,58.7,39.7
e2ef05d2-90e0-4f1d-9f99-982c6c1a2d7f,100442,2026-07-31T09:11:04.978728+00:00,45.16,406.3,64.1,39.5
e2ef05d2-90e0-4f1d-9f99-982c6c1a2d7f,100442,2026-07-31T10:11:04.978728+00:00,25.11,410.2,35.7,37.4
e2ef05d2-90e0-4f1d-9f99-982c6c1a2d7f,100442,2026-07-31T11:11:04.978728+00:00,59.42,405.7,85.3,45.0
e2ef05d2-90e0-4f1d-9f99-982c6c1a2d7f,100442,2026-07-31T12:11:04.978728+00:00,29.04,409.9,42.1,39.9
e2ef05d2-90e0-4f1d-9f99-982c6c1a2d7f,100442,2026-07-31T13:11:04.978728+00:00,34.15,411.6,49.8,41.7
e2ef05d2-90e0-4f1d-9f99-982c6c1a2d7f,100442,2026-07-31T14:11:04.978728+00:00,33.4,408.0,46.0,43.3
e2ef05d2-90e0-4f1d-9f99-982c6c1a2d7f,100442,2026-07-31T15:11:04.978728+00:00,53.78,407.5,76.9,47.6
e2ef05d2-90e0-4f1d-9f99-982c6c1a2d7f,100442,2026-07-31T16:11:04.978728+00:00,40.08,407.3,54.8,44.4
e2ef05d2-90e0-4f1d-9f99-982c6c1a2d7f,100442,2026-07-31T17:11:04.978728+00:00,37.37,408.0,53.3,38.0
e2ef05d2-90e0-4f1d-9f99-982c6c1a2d7f,100442,2026-07-31T18:11:04.978728+00:00,58.13,408.1,83.6,41.7
e2ef05d2-90e0-4f1d-9f99-982c6c1a2d7f,100442,2026-07-31T19:11:04.978728+00:00,58.01,405.1,82.1,40.8
e2ef05d2-90e0-4f1d-9f99-982c6c1a2d7f,100442,2026-07-31T20:11:04.978728+00:00,55.23,407.4,78.0,39.8
e3b0139e-c77d-4d7c-b6d4-cdb69660572b,100075,2026-07-30T21:11:04.978728+00:00,57.53,404.8,165.6,39.6
e3b0139e-c77d-4d7c-b6d4-cdb69660572b,100075,2026-07-30T22:11:04.978728+00:00,55.86,405.9,159.8,39.6
e3b0139e-c77d-4d7c-b6d4-cdb69660572b,100075,2026-07-30T23:11:04.978728+00:00,55.46,406.7,158.7,37.4
e3b0139e-c77d-4d7c-b6d4-cdb69660572b,100075,2026-07-31T00:11:04.978728+00:00,32.02,411.9,91.0,33.5
e3b0139e-c77d-4d7c-b6d4-cdb69660572b,100075,2026-07-31T01:11:04.978728+00:00,47.14,408.8,131.6,38.0
e3b0139e-c77d-4d7c-b6d4-cdb69660572b,100075,2026-07-31T02:11:04.978728+00:00,61.42,406.4,175.4,41.0
e3b0139e-c77d-4d7c-b6d4-cdb69660572b,100075,2026-07-31T03:11:04.978728+00:00,48.29,408.5,137.2,38.4
e3b0139e-c77d-4d7c-b6d4-cdb69660572b,100075,2026-07-31T04:11:04.978728+00:00,39.14,409.0,111.6,38.7
e3b0139e-c77d-4d7c-b6d4-cdb69660572b,100075,2026-07-31T05:11:04.978728+00:00,38.26,409.6,109.2,36.3
e3b0139e-c77d-4d7c-b6d4-cdb69660572b,100075,2026-07-31T06:11:04.978728+00:00,34.44,409.7,97.8,35.4
e3b0139e-c77d-4d7c-b6d4-cdb69660572b,100075,2026-07-31T07:11:04.978728+00:00,62.84,406.3,178.2,38.9
e3b0139e-c77d-4d7c-b6d4-cdb69660572b,100075,2026-07-31T08:11:04.978728+00:00,39.2,410.9,109.1,36.1
e3b0139e-c77d-4d7c-b6d4-cdb69660572b,100075,2026-07-31T09:11:04.978728+00:00,49.25,408.3,138.1,38.1
e3b0139e-c77d-4d7c-b6d4-cdb69660572b,100075,2026-07-31T10:11:04.978728+00:00,51.79,406.2,149.2,37.2
e3b0139e-c77d-4d7c-b6d4-cdb69660572b,100075,2026-07-31T11:11:04.978728+00:00,57.87,407.3,164.2,50.0
e3b0139e-c77d-4d7c-b6d4-cdb69660572b,100075,2026-07-31T12:11:04.978728+00:00,31.45,412.2,89.9,41.2
e3b0139e-c77d-4d7c-b6d4-cdb69660572b,100075,2026-07-31T13:11:04.978728+00:00,51.62,408.3,147.2,46.5
e3b0139e-c77d-4d7c-b6d4-cdb69660572b,100075,2026-07-31T14:11:04.978728+00:00,49.01,408.8,139.2,44.9
e3b0139e-c77d-4d7c-b6d4-cdb69660572b,100075,2026-07-31T15:11:04.978728+00:00,55.94,406.0,158.4,41.7
e3b0139e-c77d-4d7c-b6d4-cdb69660572b,100075,2026-07-31T16:11:04.978728+00:00,41.36,410.2,118.2,40.1
e3b0139e-c77d-4d7c-b6d4-cdb69660572b,100075,2026-07-31T17:11:04.978728+00:00,48.16,409.4,137.2,38.7
e3b0139e-c77d-4d7c-b6d4-cdb69660572b,100075,2026-07-31T18:11:04.978728+00:00,61.26,407.4,175.2,40.1
e3b0139e-c77d-4d7c-b6d4-cdb69660572b,100075,2026-07-31T19:11:04.978728+00:00,74.07,403.7,210.7,42.9
e3b0139e-c77d-4d7c-b6d4-cdb69660572b,100075,2026-07-31T20:11:04.978728+00:00,63.18,407.3,177.4,39.1
e3e010ef-d789-4563-9198-ecf940320de3,100319,2026-07-30T21:11:04.978728+00:00,57.43,405.2,82.1,45.5
e3e010ef-d789-4563-9198-ecf940320de3,100319,2026-07-30T22:11:04.978728+00:00,75.19,405.7,108.5,48.5
e3e010ef-d789-4563-9198-ecf940320de3,100319,2026-07-30T23:11:04.978728+00:00,33.05,408.6,47.4,38.9
e3e010ef-d789-4563-9198-ecf940320de3,100319,2026-07-31T00:11:04.978728+00:00,60.87,405.0,88.0,44.2
e3e010ef-d789-4563-9198-ecf940320de3,100319,2026-07-31T01:11:04.978728+00:00,46.47,408.0,67.8,40.9
e3e010ef-d789-4563-9198-ecf940320de3,100319,2026-07-31T02:11:04.978728+00:00,56.04,406.6,79.0,42.5
e3e010ef-d789-4563-9198-ecf940320de3,100319,2026-07-31T03:11:04.978728+00:00,40.44,410.6,55.2,40.7
e3e010ef-d789-4563-9198-ecf940320de3,100319,2026-07-31T04:11:04.978728+00:00,52.14,409.1,72.4,40.8
e3e010ef-d789-4563-9198-ecf940320de3,100319,2026-07-31T05:11:04.978728+00:00,45.08,407.8,63.4,42.6
e3e010ef-d789-4563-9198-ecf940320de3,100319,2026-07-31T06:11:04.978728+00:00,33.23,409.4,46.4,38.0
e3e010ef-d789-4563-9198-ecf940320de3,100319,2026-07-31T07:11:04.978728+00:00,30.92,410.2,45.4,38.9
e3e010ef-d789-4563-9198-ecf940320de3,100319,2026-07-31T08:11:04.978728+00:00,43.04,409.3,59.1,41.6
e3e010ef-d789-4563-9198-ecf940320de3,100319,2026-07-31T09:11:04.978728+00:00,50.99,406.2,73.6,41.6
e3e010ef-d789-4563-9198-ecf940320de3,100319,2026-07-31T10:11:04.978728+00:00,37.79,409.2,55.1,38.4
e3e010ef-d789-4563-9198-ecf940320de3,100319,2026-07-31T11:11:04.978728+00:00,30.16,410.0,41.7,47.5
e3e010ef-d789-4563-9198-ecf940320de3,100319,2026-07-31T12:11:04.978728+00:00,51.61,408.5,74.8,52.0
e3e010ef-d789-4563-9198-ecf940320de3,100319,2026-07-31T13:11:04.978728+00:00,39.93,408.7,57.0,50.9
e3e010ef-d789-4563-9198-ecf940320de3,100319,2026-07-31T14:11:04.978728+00:00,44.34,410.2,60.7,47.0
e3e010ef-d789-4563-9198-ecf940320de3,100319,2026-07-31T15:11:04.978728+00:00,40.0,407.8,57.8,49.6
e3e010ef-d789-4563-9198-ecf940320de3,100319,2026-07-31T16:11:04.978728+00:00,46.88,407.0,67.4,50.7
e3e010ef-d789-4563-9198-ecf940320de3,100319,2026-07-31T17:11:04.978728+00:00,31.39,411.8,45.1,39.9
e3e010ef-d789-4563-9198-ecf940320de3,100319,2026-07-31T18:11:04.978728+00:00,76.33,401.8,108.2,48.3
e3e010ef-d789-4563-9198-ecf940320de3,100319,2026-07-31T19:11:04.978728+00:00,71.29,402.8,103.2,48.1
e3e010ef-d789-4563-9198-ecf940320de3,100319,2026-07-31T20:11:04.978728+00:00,76.18,403.5,108.9,49.7
e47339b2-1dbf-4226-9e94-3a3729e94434,100989,2026-07-30T21:11:04.978728+00:00,63.88,403.7,93.1,45.1
e47339b2-1dbf-4226-9e94-3a3729e94434,100989,2026-07-30T22:11:04.978728+00:00,52.25,405.7,76.1,41.7
e47339b2-1dbf-4226-9e94-3a3729e94434,100989,2026-07-30T23:11:04.978728+00:00,36.16,408.7,49.6,40.9
e47339b2-1dbf-4226-9e94-3a3729e94434,100989,2026-07-31T00:11:04.978728+00:00,47.49,408.8,68.6,41.9
e47339b2-1dbf-4226-9e94-3a3729e94434,100989,2026-07-31T01:11:04.978728+00:00,56.63,407.2,78.7,41.4
e47339b2-1dbf-4226-9e94-3a3729e94434,100989,2026-07-31T02:11:04.978728+00:00,56.91,406.1,80.9,41.3
e47339b2-1dbf-4226-9e94-3a3729e94434,100989,2026-07-31T03:11:04.978728+00:00,29.16,412.2,40.1,36.2
e47339b2-1dbf-4226-9e94-3a3729e94434,100989,2026-07-31T04:11:04.978728+00:00,42.13,407.3,60.2,38.4
e47339b2-1dbf-4226-9e94-3a3729e94434,100989,2026-07-31T05:11:04.978728+00:00,53.41,406.8,76.9,42.5
e47339b2-1dbf-4226-9e94-3a3729e94434,100989,2026-07-31T06:11:04.978728+00:00,52.75,408.1,75.2,40.1
e47339b2-1dbf-4226-9e94-3a3729e94434,100989,2026-07-31T07:11:04.978728+00:00,39.85,408.3,56.5,37.5
e47339b2-1dbf-4226-9e94-3a3729e94434,100989,2026-07-31T08:11:04.978728+00:00,32.9,408.2,48.1,40.2
e47339b2-1dbf-4226-9e94-3a3729e94434,100989,2026-07-31T09:11:04.978728+00:00,45.83,408.3,64.0,42.4
e47339b2-1dbf-4226-9e94-3a3729e94434,100989,2026-07-31T10:11:04.978728+00:00,40.66,409.1,56.5,40.2
e47339b2-1dbf-4226-9e94-3a3729e94434,100989,2026-07-31T11:11:04.978728+00:00,33.58,411.2,45.3,42.2
e47339b2-1dbf-4226-9e94-3a3729e94434,100989,2026-07-31T12:11:04.978728+00:00,50.1,409.3,71.1,50.0
e47339b2-1dbf-4226-9e94-3a3729e94434,100989,2026-07-31T13:11:04.978728+00:00,28.32,411.2,39.2,45.3
e47339b2-1dbf-4226-9e94-3a3729e94434,100989,2026-07-31T14:11:04.978728+00:00,42.67,409.1,59.5,46.5
e47339b2-1dbf-4226-9e94-3a3729e94434,100989,2026-07-31T15:11:04.978728+00:00,37.68,410.9,54.9,48.7
e47339b2-1dbf-4226-9e94-3a3729e94434,100989,2026-07-31T16:11:04.978728+00:00,60.74,407.0,86.9,47.4
e47339b2-1dbf-4226-9e94-3a3729e94434,100989,2026-07-31T17:11:04.978728+00:00,35.03,411.7,48.0,37.6
e47339b2-1dbf-4226-9e94-3a3729e94434,100989,2026-07-31T18:11:04.978728+00:00,77.89,402.6,110.8,49.2
e47339b2-1dbf-4226-9e94-3a3729e94434,100989,2026-07-31T19:11:04.978728+00:00,54.73,407.0,76.7,40.6
e47339b2-1dbf-4226-9e94-3a3729e94434,100989,2026-07-31T20:11:04.978728+00:00,52.32,407.0,75.0,39.3
e53aa0dc-b66a-43a1-8a89-176f0875b3d5,100963,2026-07-30T21:11:04.978728+00:00,52.53,405.6,234.3,40.0
e53aa0dc-b66a-43a1-8a89-176f0875b3d5,100963,2026-07-30T22:11:04.978728+00:00,70.94,405.0,318.2,42.6
e53aa0dc-b66a-43a1-8a89-176f0875b3d5,100963,2026-07-30T23:11:04.978728+00:00,42.44,408.7,190.7,36.6
e53aa0dc-b66a-43a1-8a89-176f0875b3d5,100963,2026-07-31T00:11:04.978728+00:00,56.51,407.2,253.6,41.6
e53aa0dc-b66a-43a1-8a89-176f0875b3d5,100963,2026-07-31T01:11:04.978728+00:00,51.48,406.8,230.5,40.5
e53aa0dc-b66a-43a1-8a89-176f0875b3d5,100963,2026-07-31T02:11:04.978728+00:00,51.32,405.8,229.1,37.7
e53aa0dc-b66a-43a1-8a89-176f0875b3d5,100963,2026-07-31T03:11:04.978728+00:00,49.92,409.0,223.6,40.5
e53aa0dc-b66a-43a1-8a89-176f0875b3d5,100963,2026-07-31T04:11:04.978728+00:00,35.52,411.7,157.5,35.7
e53aa0dc-b66a-43a1-8a89-176f0875b3d5,100963,2026-07-31T05:11:04.978728+00:00,51.71,407.2,231.0,41.9
e53aa0dc-b66a-43a1-8a89-176f0875b3d5,100963,2026-07-31T06:11:04.978728+00:00,27.44,410.4,121.6,35.8
e53aa0dc-b66a-43a1-8a89-176f0875b3d5,100963,2026-07-31T07:11:04.978728+00:00,54.79,406.2,246.8,40.5
e53aa0dc-b66a-43a1-8a89-176f0875b3d5,100963,2026-07-31T08:11:04.978728+00:00,41.07,409.9,182.7,38.9
e53aa0dc-b66a-43a1-8a89-176f0875b3d5,100963,2026-07-31T09:11:04.978728+00:00,37.34,410.2,165.2,37.4
e53aa0dc-b66a-43a1-8a89-176f0875b3d5,100963,2026-07-31T10:11:04.978728+00:00,50.1,405.6,225.4,38.0
e53aa0dc-b66a-43a1-8a89-176f0875b3d5,100963,2026-07-31T11:11:04.978728+00:00,50.87,406.3,227.2,46.1
e53aa0dc-b66a-43a1-8a89-176f0875b3d5,100963,2026-07-31T12:11:04.978728+00:00,48.12,407.2,215.1,41.5
e53aa0dc-b66a-43a1-8a89-176f0875b3d5,100963,2026-07-31T13:11:04.978728+00:00,44.39,409.4,195.9,43.4
e53aa0dc-b66a-43a1-8a89-176f0875b3d5,100963,2026-07-31T14:11:04.978728+00:00,40.2,409.6,179.5,43.0
e53aa0dc-b66a-43a1-8a89-176f0875b3d5,100963,2026-07-31T15:11:04.978728+00:00,52.0,406.1,232.8,46.6
e53aa0dc-b66a-43a1-8a89-176f0875b3d5,100963,2026-07-31T16:11:04.978728+00:00,62.23,404.0,279.1,51.6
e53aa0dc-b66a-43a1-8a89-176f0875b3d5,100963,2026-07-31T17:11:04.978728+00:00,51.0,406.6,229.8,39.6
e53aa0dc-b66a-43a1-8a89-176f0875b3d5,100963,2026-07-31T18:11:04.978728+00:00,81.85,404.4,366.5,49.3
e53aa0dc-b66a-43a1-8a89-176f0875b3d5,100963,2026-07-31T19:11:04.978728+00:00,65.47,406.2,294.6,43.3
e53aa0dc-b66a-43a1-8a89-176f0875b3d5,100963,2026-07-31T20:11:04.978728+00:00,76.62,401.6,345.7,45.5
e5a84044-e7e9-4a10-b8fc-3853c8b88359,1042,2026-07-30T21:11:04.978728+00:00,46.03,406.7,15.4,43.6
e5a84044-e7e9-4a10-b8fc-3853c8b88359,1042,2026-07-30T22:11:04.978728+00:00,78.99,402.8,26.9,52.7
e5a84044-e7e9-4a10-b8fc-3853c8b88359,1042,2026-07-30T23:11:04.978728+00:00,55.43,407.4,18.7,42.7
e5a84044-e7e9-4a10-b8fc-3853c8b88359,1042,2026-07-31T00:11:04.978728+00:00,30.33,412.0,10.9,40.8
e5a84044-e7e9-4a10-b8fc-3853c8b88359,1042,2026-07-31T01:11:04.978728+00:00,47.91,406.6,15.8,41.6
e5a84044-e7e9-4a10-b8fc-3853c8b88359,1042,2026-07-31T02:11:04.978728+00:00,34.46,408.9,13.5,41.0
e5a84044-e7e9-4a10-b8fc-3853c8b88359,1042,2026-07-31T03:11:04.978728+00:00,38.84,407.2,12.4,38.5
e5a84044-e7e9-4a10-b8fc-3853c8b88359,1042,2026-07-31T04:11:04.978728+00:00,35.64,408.6,12.2,40.0
e5a84044-e7e9-4a10-b8fc-3853c8b88359,1042,2026-07-31T05:11:04.978728+00:00,58.79,405.9,22.1,44.7
e5a84044-e7e9-4a10-b8fc-3853c8b88359,1042,2026-07-31T06:11:04.978728+00:00,39.55,409.6,13.4,41.4
e5a84044-e7e9-4a10-b8fc-3853c8b88359,1042,2026-07-31T07:11:04.978728+00:00,35.53,408.0,13.5,41.9
e5a84044-e7e9-4a10-b8fc-3853c8b88359,1042,2026-07-31T08:11:04.978728+00:00,45.7,408.2,14.2,42.4
e5a84044-e7e9-4a10-b8fc-3853c8b88359,1042,2026-07-31T09:11:04.978728+00:00,43.99,408.8,16.4,41.2
e5a84044-e7e9-4a10-b8fc-3853c8b88359,1042,2026-07-31T10:11:04.978728+00:00,42.44,407.9,16.3,40.3
e5a84044-e7e9-4a10-b8fc-3853c8b88359,1042,2026-07-31T11:11:04.978728+00:00,27.4,409.9,11.0,45.9
e5a84044-e7e9-4a10-b8fc-3853c8b88359,1042,2026-07-31T12:11:04.978728+00:00,35.9,410.6,13.2,50.0
e5a84044-e7e9-4a10-b8fc-3853c8b88359,1042,2026-07-31T13:11:04.978728+00:00,47.26,406.2,18.3,49.7
e5a84044-e7e9-4a10-b8fc-3853c8b88359,1042,2026-07-31T14:11:04.978728+00:00,51.19,405.4,19.1,46.6
e5a84044-e7e9-4a10-b8fc-3853c8b88359,1042,2026-07-31T15:11:04.978728+00:00,41.26,408.3,14.8,51.4
e5a84044-e7e9-4a10-b8fc-3853c8b88359,1042,2026-07-31T16:11:04.978728+00:00,35.85,408.4,12.3,50.9
e5a84044-e7e9-4a10-b8fc-3853c8b88359,1042,2026-07-31T17:11:04.978728+00:00,37.63,411.1,13.8,42.3
e5a84044-e7e9-4a10-b8fc-3853c8b88359,1042,2026-07-31T18:11:04.978728+00:00,62.49,404.4,22.1,47.5
e5a84044-e7e9-4a10-b8fc-3853c8b88359,1042,2026-07-31T19:11:04.978728+00:00,58.67,406.3,22.8,44.1
e5a84044-e7e9-4a10-b8fc-3853c8b88359,1042,2026-07-31T20:11:04.978728+00:00,72.02,406.2,26.0,47.4
fadaa1fc-bff9-4420-ae3b-708611d0fe99,101336,2026-07-30T21:11:04.978728+00:00,71.3,404.9,508.3,44.2
fadaa1fc-bff9-4420-ae3b-708611d0fe99,101336,2026-07-30T22:11:04.978728+00:00,73.36,403.5,526.2,42.3
fadaa1fc-bff9-4420-ae3b-708611d0fe99,101336,2026-07-30T23:11:04.978728+00:00,56.56,408.0,400.7,39.6
fadaa1fc-bff9-4420-ae3b-708611d0fe99,101336,2026-07-31T00:11:04.978728+00:00,53.52,408.8,379.4,36.7
fadaa1fc-bff9-4420-ae3b-708611d0fe99,101336,2026-07-31T01:11:04.978728+00:00,54.56,405.6,389.4,38.3
fadaa1fc-bff9-4420-ae3b-708611d0fe99,101336,2026-07-31T02:11:04.978728+00:00,56.96,405.6,404.6,38.9
fadaa1fc-bff9-4420-ae3b-708611d0fe99,101336,2026-07-31T03:11:04.978728+00:00,39.46,410.0,276.3,34.8
fadaa1fc-bff9-4420-ae3b-708611d0fe99,101336,2026-07-31T04:11:04.978728+00:00,41.59,408.5,294.5,36.8
fadaa1fc-bff9-4420-ae3b-708611d0fe99,101336,2026-07-31T05:11:04.978728+00:00,31.48,411.9,219.0,32.9
fadaa1fc-bff9-4420-ae3b-708611d0fe99,101336,2026-07-31T06:11:04.978728+00:00,48.92,407.8,346.5,35.0
fadaa1fc-bff9-4420-ae3b-708611d0fe99,101336,2026-07-31T07:11:04.978728+00:00,29.07,410.3,203.3,36.1
fadaa1fc-bff9-4420-ae3b-708611d0fe99,101336,2026-07-31T08:11:04.978728+00:00,37.09,410.5,259.4,37.2
fadaa1fc-bff9-4420-ae3b-708611d0fe99,101336,2026-07-31T09:11:04.978728+00:00,48.89,407.0,348.1,38.6
fadaa1fc-bff9-4420-ae3b-708611d0fe99,101336,2026-07-31T10:11:04.978728+00:00,38.4,411.0,269.2,35.7
fadaa1fc-bff9-4420-ae3b-708611d0fe99,101336,2026-07-31T11:11:04.978728+00:00,43.81,408.1,308.2,39.5
fadaa1fc-bff9-4420-ae3b-708611d0fe99,101336,2026-07-31T12:11:04.978728+00:00,31.46,412.1,221.0,42.3
fadaa1fc-bff9-4420-ae3b-708611d0fe99,101336,2026-07-31T13:11:04.978728+00:00,46.24,406.5,327.5,40.3
fadaa1fc-bff9-4420-ae3b-708611d0fe99,101336,2026-07-31T14:11:04.978728+00:00,56.65,404.7,404.0,43.1
fadaa1fc-bff9-4420-ae3b-708611d0fe99,101336,2026-07-31T15:11:04.978728+00:00,55.44,405.0,397.0,48.0
fadaa1fc-bff9-4420-ae3b-708611d0fe99,101336,2026-07-31T16:11:04.978728+00:00,44.92,409.8,317.4,45.6
fadaa1fc-bff9-4420-ae3b-708611d0fe99,101336,2026-07-31T17:11:04.978728+00:00,41.99,408.0,297.2,34.4
fadaa1fc-bff9-4420-ae3b-708611d0fe99,101336,2026-07-31T18:11:04.978728+00:00,76.05,403.3,545.3,46.0
fadaa1fc-bff9-4420-ae3b-708611d0fe99,101336,2026-07-31T19:11:04.978728+00:00,54.37,406.6,386.5,37.8
fadaa1fc-bff9-4420-ae3b-708611d0fe99,101336,2026-07-31T20:11:04.978728+00:00,57.2,405.0,408.4,38.3
fb1ab85f-7d08-45d3-98a5-965c2d85daab,100138,2026-07-30T21:11:04.978728+00:00,54.08,408.6,78.1,47.4
fb1ab85f-7d08-45d3-98a5-965c2d85daab,100138,2026-07-30T22:11:04.978728+00:00,64.6,403.7,91.9,48.4
fb1ab85f-7d08-45d3-98a5-965c2d85daab,100138,2026-07-30T23:11:04.978728+00:00,33.2,410.9,48.1,44.8
fb1ab85f-7d08-45d3-98a5-965c2d85daab,100138,2026-07-31T00:11:04.978728+00:00,57.57,406.5,80.5,45.8
fb1ab85f-7d08-45d3-98a5-965c2d85daab,100138,2026-07-31T01:11:04.978728+00:00,31.07,411.2,42.2,42.8
fb1ab85f-7d08-45d3-98a5-965c2d85daab,100138,2026-07-31T02:11:04.978728+00:00,33.27,409.0,46.7,42.0
fb1ab85f-7d08-45d3-98a5-965c2d85daab,100138,2026-07-31T03:11:04.978728+00:00,43.71,410.3,63.2,41.8
fb1ab85f-7d08-45d3-98a5-965c2d85daab,100138,2026-07-31T04:11:04.978728+00:00,51.08,405.4,71.1,47.9
fb1ab85f-7d08-45d3-98a5-965c2d85daab,100138,2026-07-31T05:11:04.978728+00:00,44.45,408.8,62.0,44.0
fb1ab85f-7d08-45d3-98a5-965c2d85daab,100138,2026-07-31T06:11:04.978728+00:00,34.59,408.4,49.5,41.7
fb1ab85f-7d08-45d3-98a5-965c2d85daab,100138,2026-07-31T07:11:04.978728+00:00,59.8,406.9,84.7,47.6
fb1ab85f-7d08-45d3-98a5-965c2d85daab,100138,2026-07-31T08:11:04.978728+00:00,60.01,405.0,85.9,47.0
fb1ab85f-7d08-45d3-98a5-965c2d85daab,100138,2026-07-31T09:11:04.978728+00:00,35.95,407.7,50.7,40.9
fb1ab85f-7d08-45d3-98a5-965c2d85daab,100138,2026-07-31T10:11:04.978728+00:00,40.33,407.3,55.4,43.7
fb1ab85f-7d08-45d3-98a5-965c2d85daab,100138,2026-07-31T11:11:04.978728+00:00,40.16,407.1,57.5,46.9
fb1ab85f-7d08-45d3-98a5-965c2d85daab,100138,2026-07-31T12:11:04.978728+00:00,49.75,408.4,72.3,49.5
fb1ab85f-7d08-45d3-98a5-965c2d85daab,100138,2026-07-31T13:11:04.978728+00:00,31.94,410.0,43.9,50.2
fb1ab85f-7d08-45d3-98a5-965c2d85daab,100138,2026-07-31T14:11:04.978728+00:00,36.18,407.9,51.5,51.8
fb1ab85f-7d08-45d3-98a5-965c2d85daab,100138,2026-07-31T15:11:04.978728+00:00,50.59,405.6,72.1,53.1
fb1ab85f-7d08-45d3-98a5-965c2d85daab,100138,2026-07-31T16:11:04.978728+00:00,61.31,406.9,88.5,51.6
fb1ab85f-7d08-45d3-98a5-965c2d85daab,100138,2026-07-31T17:11:04.978728+00:00,33.44,411.9,46.8,42.4
fb1ab85f-7d08-45d3-98a5-965c2d85daab,100138,2026-07-31T18:11:04.978728+00:00,79.89,403.8,114.5,52.8
fb1ab85f-7d08-45d3-98a5-965c2d85daab,100138,2026-07-31T19:11:04.978728+00:00,76.21,402.6,108.2,52.6
fb1ab85f-7d08-45d3-98a5-965c2d85daab,100138,2026-07-31T20:11:04.978728+00:00,51.51,408.1,73.3,46.1
fb853949-ec96-40ca-882c-18df45a29f54,100973,2026-07-30T21:11:04.978728+00:00,53.2,407.2,377.5,50.1
fb853949-ec96-40ca-882c-18df45a29f54,100973,2026-07-30T22:11:04.978728+00:00,72.48,403.7,516.8,51.0
fb853949-ec96-40ca-882c-18df45a29f54,100973,2026-07-30T23:11:04.978728+00:00,33.51,410.0,234.1,42.8
fb853949-ec96-40ca-882c-18df45a29f54,100973,2026-07-31T00:11:04.978728+00:00,52.72,409.1,372.8,50.3
fb853949-ec96-40ca-882c-18df45a29f54,100973,2026-07-31T01:11:04.978728+00:00,58.1,408.1,410.1,47.8
fb853949-ec96-40ca-882c-18df45a29f54,100973,2026-07-31T02:11:04.978728+00:00,51.07,406.2,361.8,50.1
fb853949-ec96-40ca-882c-18df45a29f54,100973,2026-07-31T03:11:04.978728+00:00,39.05,410.9,273.6,45.2
fb853949-ec96-40ca-882c-18df45a29f54,100973,2026-07-31T04:11:04.978728+00:00,52.47,405.9,374.6,48.5
fb853949-ec96-40ca-882c-18df45a29f54,100973,2026-07-31T05:11:04.978728+00:00,56.81,406.8,403.6,48.3
fb853949-ec96-40ca-882c-18df45a29f54,100973,2026-07-31T06:11:04.978728+00:00,31.54,411.1,222.7,43.5
fb853949-ec96-40ca-882c-18df45a29f54,100973,2026-07-31T07:11:04.978728+00:00,43.09,408.0,303.2,45.9
fb853949-ec96-40ca-882c-18df45a29f54,100973,2026-07-31T08:11:04.978728+00:00,52.84,405.5,377.9,48.3
fb853949-ec96-40ca-882c-18df45a29f54,100973,2026-07-31T09:11:04.978728+00:00,47.12,408.6,331.2,47.2
fb853949-ec96-40ca-882c-18df45a29f54,100973,2026-07-31T10:11:04.978728+00:00,52.37,406.8,369.8,46.5
fb853949-ec96-40ca-882c-18df45a29f54,100973,2026-07-31T11:11:04.978728+00:00,48.58,406.7,344.9,57.5
fb853949-ec96-40ca-882c-18df45a29f54,100973,2026-07-31T12:11:04.978728+00:00,34.21,408.7,243.5,51.7
fb853949-ec96-40ca-882c-18df45a29f54,100973,2026-07-31T13:11:04.978728+00:00,52.03,406.4,369.0,55.9
fb853949-ec96-40ca-882c-18df45a29f54,100973,2026-07-31T14:11:04.978728+00:00,28.95,412.0,203.5,48.1
fb853949-ec96-40ca-882c-18df45a29f54,100973,2026-07-31T15:11:04.978728+00:00,56.91,407.8,403.6,58.1
fb853949-ec96-40ca-882c-18df45a29f54,100973,2026-07-31T16:11:04.978728+00:00,60.21,404.6,430.0,57.7
fb853949-ec96-40ca-882c-18df45a29f54,100973,2026-07-31T17:11:04.978728+00:00,45.58,406.3,322.6,44.3
fb853949-ec96-40ca-882c-18df45a29f54,100973,2026-07-31T18:11:04.978728+00:00,66.96,405.8,476.2,52.0
fb853949-ec96-40ca-882c-18df45a29f54,100973,2026-07-31T19:11:04.978728+00:00,73.92,405.7,525.4,51.1
fb853949-ec96-40ca-882c-18df45a29f54,100973,2026-07-31T20:11:04.978728+00:00,61.3,404.3,439.1,48.8
fc0877d5-2a38-41e7-874d-bc5539471f9c,100330,2026-07-30T21:11:04.978728+00:00,63.98,403.6,92.2,40.0
fc0877d5-2a38-41e7-874d-bc5539471f9c,100330,2026-07-30T22:11:04.978728+00:00,82.41,402.5,117.9,45.0
fc0877d5-2a38-41e7-874d-bc5539471f9c,100330,2026-07-30T23:11:04.978728+00:00,31.79,410.7,45.0,34.9
fc0877d5-2a38-41e7-874d-bc5539471f9c,100330,2026-07-31T00:11:04.978728+00:00,59.3,404.8,84.4,39.8
fc0877d5-2a38-41e7-874d-bc5539471f9c,100330,2026-07-31T01:11:04.978728+00:00,47.15,408.2,66.4,35.6
fc0877d5-2a38-41e7-874d-bc5539471f9c,100330,2026-07-31T02:11:04.978728+00:00,30.11,410.8,41.9,34.9
fc0877d5-2a38-41e7-874d-bc5539471f9c,100330,2026-07-31T03:11:04.978728+00:00,41.6,409.7,59.8,34.5
fc0877d5-2a38-41e7-874d-bc5539471f9c,100330,2026-07-31T04:11:04.978728+00:00,47.03,408.9,67.5,36.9
fc0877d5-2a38-41e7-874d-bc5539471f9c,100330,2026-07-31T05:11:04.978728+00:00,35.91,410.7,51.8,34.6
fc0877d5-2a38-41e7-874d-bc5539471f9c,100330,2026-07-31T06:11:04.978728+00:00,40.12,407.0,58.8,36.3
fc0877d5-2a38-41e7-874d-bc5539471f9c,100330,2026-07-31T07:11:04.978728+00:00,47.76,407.0,67.1,34.1
fc0877d5-2a38-41e7-874d-bc5539471f9c,100330,2026-07-31T08:11:04.978728+00:00,49.9,409.0,68.9,35.6
fc0877d5-2a38-41e7-874d-bc5539471f9c,100330,2026-07-31T09:11:04.978728+00:00,56.73,405.4,82.6,38.1
fc0877d5-2a38-41e7-874d-bc5539471f9c,100330,2026-07-31T10:11:04.978728+00:00,35.66,409.9,50.9,35.2
fc0877d5-2a38-41e7-874d-bc5539471f9c,100330,2026-07-31T11:11:04.978728+00:00,59.5,404.7,83.2,47.1
fc0877d5-2a38-41e7-874d-bc5539471f9c,100330,2026-07-31T12:11:04.978728+00:00,49.21,406.5,68.7,45.3
fc0877d5-2a38-41e7-874d-bc5539471f9c,100330,2026-07-31T13:11:04.978728+00:00,34.68,409.8,49.1,43.7
fc0877d5-2a38-41e7-874d-bc5539471f9c,100330,2026-07-31T14:11:04.978728+00:00,49.16,408.9,67.7,44.0
fc0877d5-2a38-41e7-874d-bc5539471f9c,100330,2026-07-31T15:11:04.978728+00:00,60.52,407.9,85.8,44.7
fc0877d5-2a38-41e7-874d-bc5539471f9c,100330,2026-07-31T16:11:04.978728+00:00,36.55,408.1,50.7,41.3
fc0877d5-2a38-41e7-874d-bc5539471f9c,100330,2026-07-31T17:11:04.978728+00:00,34.14,409.1,48.5,34.3
fc0877d5-2a38-41e7-874d-bc5539471f9c,100330,2026-07-31T18:11:04.978728+00:00,51.23,406.1,72.6,37.9
fc0877d5-2a38-41e7-874d-bc5539471f9c,100330,2026-07-31T19:11:04.978728+00:00,70.49,405.8,99.4,41.5
fc0877d5-2a38-41e7-874d-bc5539471f9c,100330,2026-07-31T20:11:04.978728+00:00,63.17,406.8,89.3,40.7
fc65781c-2b86-4879-87b0-0834d7fb7481,100015,2026-07-30T21:11:04.978728+00:00,68.26,403.5,96.6,41.7
fc65781c-2b86-4879-87b0-0834d7fb7481,100015,2026-07-30T22:11:04.978728+00:00,59.58,404.7,84.5,40.6
fc65781c-2b86-4879-87b0-0834d7fb7481,100015,2026-07-30T23:11:04.978728+00:00,36.73,408.2,51.1,33.5
fc65781c-2b86-4879-87b0-0834d7fb7481,100015,2026-07-31T00:11:04.978728+00:00,48.11,407.3,66.8,36.0
fc65781c-2b86-4879-87b0-0834d7fb7481,100015,2026-07-31T01:11:04.978728+00:00,37.19,408.2,51.1,37.0
fc65781c-2b86-4879-87b0-0834d7fb7481,100015,2026-07-31T02:11:04.978728+00:00,33.04,410.1,47.5,35.5
fc65781c-2b86-4879-87b0-0834d7fb7481,100015,2026-07-31T03:11:04.978728+00:00,57.57,405.5,80.6,40.4
fc65781c-2b86-4879-87b0-0834d7fb7481,100015,2026-07-31T04:11:04.978728+00:00,58.58,404.4,85.4,40.7
fc65781c-2b86-4879-87b0-0834d7fb7481,100015,2026-07-31T05:11:04.978728+00:00,48.64,407.9,69.4,36.4
fc65781c-2b86-4879-87b0-0834d7fb7481,100015,2026-07-31T06:11:04.978728+00:00,53.76,407.8,77.9,37.8
fc65781c-2b86-4879-87b0-0834d7fb7481,100015,2026-07-31T07:11:04.978728+00:00,41.83,409.8,59.0,38.3
fc65781c-2b86-4879-87b0-0834d7fb7481,100015,2026-07-31T08:11:04.978728+00:00,49.94,408.7,71.2,36.8
fc65781c-2b86-4879-87b0-0834d7fb7481,100015,2026-07-31T09:11:04.978728+00:00,35.92,409.6,49.4,35.3
fc65781c-2b86-4879-87b0-0834d7fb7481,100015,2026-07-31T10:11:04.978728+00:00,49.64,407.3,71.6,39.1
fc65781c-2b86-4879-87b0-0834d7fb7481,100015,2026-07-31T11:11:04.978728+00:00,44.84,406.4,63.1,45.1
fc65781c-2b86-4879-87b0-0834d7fb7481,100015,2026-07-31T12:11:04.978728+00:00,48.04,406.5,66.7,44.7
fc65781c-2b86-4879-87b0-0834d7fb7481,100015,2026-07-31T13:11:04.978728+00:00,32.3,408.6,45.8,39.4
fc65781c-2b86-4879-87b0-0834d7fb7481,100015,2026-07-31T14:11:04.978728+00:00,30.34,412.3,41.0,37.2
fc65781c-2b86-4879-87b0-0834d7fb7481,100015,2026-07-31T15:11:04.978728+00:00,37.47,410.9,53.7,37.2
fc65781c-2b86-4879-87b0-0834d7fb7481,100015,2026-07-31T16:11:04.978728+00:00,28.9,411.3,40.2,42.4
fc65781c-2b86-4879-87b0-0834d7fb7481,100015,2026-07-31T17:11:04.978728+00:00,38.02,410.6,55.0,37.2
fc65781c-2b86-4879-87b0-0834d7fb7481,100015,2026-07-31T18:11:04.978728+00:00,48.85,406.9,71.1,35.2
fc65781c-2b86-4879-87b0-0834d7fb7481,100015,2026-07-31T19:11:04.978728+00:00,62.12,404.6,87.4,40.4
fc65781c-2b86-4879-87b0-0834d7fb7481,100015,2026-07-31T20:11:04.978728+00:00,65.87,407.0,91.5,40.4
fcc97f85-6805-4f63-90e1-ee67dba6596b,2103,2026-07-30T21:11:04.978728+00:00,77.31,401.9,26.9,55.3
fcc97f85-6805-4f63-90e1-ee67dba6596b,2103,2026-07-30T22:11:04.978728+00:00,78.94,404.0,28.1,53.1
fcc97f85-6805-4f63-90e1-ee67dba6596b,2103,2026-07-30T23:11:04.978728+00:00,52.47,407.1,17.4,47.6
fcc97f85-6805-4f63-90e1-ee67dba6596b,2103,2026-07-31T00:11:04.978728+00:00,52.45,406.8,19.4,50.9
fcc97f85-6805-4f63-90e1-ee67dba6596b,2103,2026-07-31T01:11:04.978728+00:00,25.33,410.7,7.4,41.9
fcc97f85-6805-4f63-90e1-ee67dba6596b,2103,2026-07-31T02:11:04.978728+00:00,43.02,409.2,14.3,45.9
fcc97f85-6805-4f63-90e1-ee67dba6596b,2103,2026-07-31T03:11:04.978728+00:00,42.55,409.6,13.4,44.8
fcc97f85-6805-4f63-90e1-ee67dba6596b,2103,2026-07-31T04:11:04.978728+00:00,33.73,410.4,11.3,45.9
fcc97f85-6805-4f63-90e1-ee67dba6596b,2103,2026-07-31T05:11:04.978728+00:00,42.75,410.0,16.3,46.4
fcc97f85-6805-4f63-90e1-ee67dba6596b,2103,2026-07-31T06:11:04.978728+00:00,53.89,408.3,17.9,47.0
fcc97f85-6805-4f63-90e1-ee67dba6596b,2103,2026-07-31T07:11:04.978728+00:00,62.75,405.1,24.2,50.7
fcc97f85-6805-4f63-90e1-ee67dba6596b,2103,2026-07-31T08:11:04.978728+00:00,62.47,405.7,24.0,51.6
fcc97f85-6805-4f63-90e1-ee67dba6596b,2103,2026-07-31T09:11:04.978728+00:00,51.08,407.9,18.6,45.8
fcc97f85-6805-4f63-90e1-ee67dba6596b,2103,2026-07-31T10:11:04.978728+00:00,50.94,405.8,16.8,48.1
fcc97f85-6805-4f63-90e1-ee67dba6596b,2103,2026-07-31T11:11:04.978728+00:00,36.67,410.5,10.9,52.1
fcc97f85-6805-4f63-90e1-ee67dba6596b,2103,2026-07-31T12:11:04.978728+00:00,36.38,408.8,14.3,55.0
fcc97f85-6805-4f63-90e1-ee67dba6596b,2103,2026-07-31T13:11:04.978728+00:00,39.75,409.0,13.2,53.9
fcc97f85-6805-4f63-90e1-ee67dba6596b,2103,2026-07-31T14:11:04.978728+00:00,37.16,407.9,13.2,54.0
fcc97f85-6805-4f63-90e1-ee67dba6596b,2103,2026-07-31T15:11:04.978728+00:00,28.97,409.0,9.9,48.9
fcc97f85-6805-4f63-90e1-ee67dba6596b,2103,2026-07-31T16:11:04.978728+00:00,42.39,407.4,16.8,54.4
fcc97f85-6805-4f63-90e1-ee67dba6596b,2103,2026-07-31T17:11:04.978728+00:00,59.24,407.6,23.0,50.2
fcc97f85-6805-4f63-90e1-ee67dba6596b,2103,2026-07-31T18:11:04.978728+00:00,68.51,404.2,24.0,50.5
fcc97f85-6805-4f63-90e1-ee67dba6596b,2103,2026-07-31T19:11:04.978728+00:00,51.33,406.6,19.0,48.0
fcc97f85-6805-4f63-90e1-ee67dba6596b,2103,2026-07-31T20:11:04.978728+00:00,65.98,405.7,25.0,50.0
feb55969-be79-4e00-94a0-2f03aa4b3342,231,2026-07-30T21:11:04.978728+00:00,72.87,403.2,26.3,43.2
feb55969-be79-4e00-94a0-2f03aa4b3342,231,2026-07-30T22:11:04.978728+00:00,60.41,404.0,22.1,38.8
feb55969-be79-4e00-94a0-2f03aa4b3342,231,2026-07-30T23:11:04.978728+00:00,50.22,407.9,19.4,38.5
feb55969-be79-4e00-94a0-2f03aa4b3342,231,2026-07-31T00:11:04.978728+00:00,33.37,411.9,10.6,34.5
feb55969-be79-4e00-94a0-2f03aa4b3342,231,2026-07-31T01:11:04.978728+00:00,33.47,411.7,10.0,37.5
feb55969-be79-4e00-94a0-2f03aa4b3342,231,2026-07-31T02:11:04.978728+00:00,53.97,406.0,20.1,41.0
feb55969-be79-4e00-94a0-2f03aa4b3342,231,2026-07-31T03:11:04.978728+00:00,30.43,412.1,8.7,33.7
feb55969-be79-4e00-94a0-2f03aa4b3342,231,2026-07-31T04:11:04.978728+00:00,46.07,407.9,15.6,37.2
feb55969-be79-4e00-94a0-2f03aa4b3342,231,2026-07-31T05:11:04.978728+00:00,41.98,407.2,16.2,37.9
feb55969-be79-4e00-94a0-2f03aa4b3342,231,2026-07-31T06:11:04.978728+00:00,37.99,407.6,14.9,36.5
feb55969-be79-4e00-94a0-2f03aa4b3342,231,2026-07-31T07:11:04.978728+00:00,58.17,405.7,18.7,38.7
feb55969-be79-4e00-94a0-2f03aa4b3342,231,2026-07-31T08:11:04.978728+00:00,38.89,410.0,15.5,34.8
feb55969-be79-4e00-94a0-2f03aa4b3342,231,2026-07-31T09:11:04.978728+00:00,43.64,409.2,15.6,37.3
feb55969-be79-4e00-94a0-2f03aa4b3342,231,2026-07-31T10:11:04.978728+00:00,55.81,407.3,19.4,39.9
feb55969-be79-4e00-94a0-2f03aa4b3342,231,2026-07-31T11:11:04.978728+00:00,52.35,407.6,19.0,49.4
feb55969-be79-4e00-94a0-2f03aa4b3342,231,2026-07-31T12:11:04.978728+00:00,54.75,405.2,21.2,45.2
feb55969-be79-4e00-94a0-2f03aa4b3342,231,2026-07-31T13:11:04.978728+00:00,44.1,407.7,16.6,46.3
feb55969-be79-4e00-94a0-2f03aa4b3342,231,2026-07-31T14:11:04.978728+00:00,40.28,407.1,16.0,44.7
feb55969-be79-4e00-94a0-2f03aa4b3342,231,2026-07-31T15:11:04.978728+00:00,33.74,410.9,13.6,40.4
feb55969-be79-4e00-94a0-2f03aa4b3342,231,2026-07-31T16:11:04.978728+00:00,39.15,410.1,14.1,40.2
feb55969-be79-4e00-94a0-2f03aa4b3342,231,2026-07-31T17:11:04.978728+00:00,51.26,405.6,18.9,37.3
feb55969-be79-4e00-94a0-2f03aa4b3342,231,2026-07-31T18:11:04.978728+00:00,69.24,405.6,26.0,43.7
feb55969-be79-4e00-94a0-2f03aa4b3342,231,2026-07-31T19:11:04.978728+00:00,67.53,404.7,23.7,42.9
feb55969-be79-4e00-94a0-2f03aa4b3342,231,2026-07-31T20:11:04.978728+00:00,62.87,406.0,20.9,39.9
01016e61-2df1-4108-9701-b32a6d856808,101273,2026-07-30T21:11:04.978728+00:00,74.72,402.4,105.4,46.9
01016e61-2df1-4108-9701-b32a6d856808,101273,2026-07-30T22:11:04.978728+00:00,75.18,403.2,108.2,45.9
01016e61-2df1-4108-9701-b32a6d856808,101273,2026-07-30T23:11:04.978728+00:00,39.8,410.7,56.6,35.5
01016e61-2df1-4108-9701-b32a6d856808,101273,2026-07-31T00:11:04.978728+00:00,46.91,407.4,67.3,39.0
01016e61-2df1-4108-9701-b32a6d856808,101273,2026-07-31T01:11:04.978728+00:00,37.59,409.4,53.3,36.9
01016e61-2df1-4108-9701-b32a6d856808,101273,2026-07-31T02:11:04.978728+00:00,42.86,408.0,59.3,38.1
01016e61-2df1-4108-9701-b32a6d856808,101273,2026-07-31T03:11:04.978728+00:00,44.25,408.5,62.7,36.1
01016e61-2df1-4108-9701-b32a6d856808,101273,2026-07-31T04:11:04.978728+00:00,47.47,405.9,65.7,37.0
01016e61-2df1-4108-9701-b32a6d856808,101273,2026-07-31T05:11:04.978728+00:00,32.06,408.3,43.9,35.8
01016e61-2df1-4108-9701-b32a6d856808,101273,2026-07-31T06:11:04.978728+00:00,33.47,408.4,47.2,36.1
01016e61-2df1-4108-9701-b32a6d856808,101273,2026-07-31T07:11:04.978728+00:00,39.08,407.4,55.7,39.0
01016e61-2df1-4108-9701-b32a6d856808,101273,2026-07-31T08:11:04.978728+00:00,59.15,404.8,85.1,39.0
01016e61-2df1-4108-9701-b32a6d856808,101273,2026-07-31T09:11:04.978728+00:00,53.14,405.7,76.1,39.0
01016e61-2df1-4108-9701-b32a6d856808,101273,2026-07-31T10:11:04.978728+00:00,57.69,404.7,83.6,39.9
01016e61-2df1-4108-9701-b32a6d856808,101273,2026-07-31T11:11:04.978728+00:00,45.17,408.1,65.7,46.5
01016e61-2df1-4108-9701-b32a6d856808,101273,2026-07-31T12:11:04.978728+00:00,36.92,409.3,51.5,43.3
01016e61-2df1-4108-9701-b32a6d856808,101273,2026-07-31T13:11:04.978728+00:00,45.78,406.2,66.5,43.4
01016e61-2df1-4108-9701-b32a6d856808,101273,2026-07-31T14:11:04.978728+00:00,44.57,408.7,62.9,40.9
01016e61-2df1-4108-9701-b32a6d856808,101273,2026-07-31T15:11:04.978728+00:00,39.32,410.4,54.4,41.7
01016e61-2df1-4108-9701-b32a6d856808,101273,2026-07-31T16:11:04.978728+00:00,35.5,409.2,49.6,44.3
01016e61-2df1-4108-9701-b32a6d856808,101273,2026-07-31T17:11:04.978728+00:00,38.92,407.7,54.7,36.8
01016e61-2df1-4108-9701-b32a6d856808,101273,2026-07-31T18:11:04.978728+00:00,74.47,402.9,108.5,45.2
01016e61-2df1-4108-9701-b32a6d856808,101273,2026-07-31T19:11:04.978728+00:00,48.99,408.6,69.1,38.5
01016e61-2df1-4108-9701-b32a6d856808,101273,2026-07-31T20:11:04.978728+00:00,61.79,406.0,86.7,42.6
0d913f61-8048-49c6-8f61-6f5f8b4af08e,100074,2026-07-30T21:11:04.978728+00:00,62.35,404.2,57.7,43.1
0d913f61-8048-49c6-8f61-6f5f8b4af08e,100074,2026-07-30T22:11:04.978728+00:00,72.08,405.5,65.6,47.8
0d913f61-8048-49c6-8f61-6f5f8b4af08e,100074,2026-07-30T23:11:04.978728+00:00,36.43,408.0,32.8,37.6
0d913f61-8048-49c6-8f61-6f5f8b4af08e,100074,2026-07-31T00:11:04.978728+00:00,33.85,410.4,31.7,37.3
0d913f61-8048-49c6-8f61-6f5f8b4af08e,100074,2026-07-31T01:11:04.978728+00:00,29.98,411.3,24.8,39.3
0d913f61-8048-49c6-8f61-6f5f8b4af08e,100074,2026-07-31T02:11:04.978728+00:00,39.63,407.5,36.8,38.9
0d913f61-8048-49c6-8f61-6f5f8b4af08e,100074,2026-07-31T03:11:04.978728+00:00,41.37,407.2,37.9,38.3
0d913f61-8048-49c6-8f61-6f5f8b4af08e,100074,2026-07-31T04:11:04.978728+00:00,26.81,409.1,23.7,37.7
0d913f61-8048-49c6-8f61-6f5f8b4af08e,100074,2026-07-31T05:11:04.978728+00:00,55.52,408.3,49.9,41.2
0d913f61-8048-49c6-8f61-6f5f8b4af08e,100074,2026-07-31T06:11:04.978728+00:00,48.19,407.0,44.3,39.3
0d913f61-8048-49c6-8f61-6f5f8b4af08e,100074,2026-07-31T07:11:04.978728+00:00,59.76,406.1,52.2,42.4
0d913f61-8048-49c6-8f61-6f5f8b4af08e,100074,2026-07-31T08:11:04.978728+00:00,42.11,407.9,37.5,40.7
0d913f61-8048-49c6-8f61-6f5f8b4af08e,100074,2026-07-31T09:11:04.978728+00:00,61.75,406.7,56.1,45.3
0d913f61-8048-49c6-8f61-6f5f8b4af08e,100074,2026-07-31T10:11:04.978728+00:00,40.48,409.9,34.0,40.7
0d913f61-8048-49c6-8f61-6f5f8b4af08e,100074,2026-07-31T11:11:04.978728+00:00,39.19,408.5,34.0,44.3
0d913f61-8048-49c6-8f61-6f5f8b4af08e,100074,2026-07-31T12:11:04.978728+00:00,38.5,407.4,36.2,43.6
0d913f61-8048-49c6-8f61-6f5f8b4af08e,100074,2026-07-31T13:11:04.978728+00:00,47.38,408.8,41.2,44.2
0d913f61-8048-49c6-8f61-6f5f8b4af08e,100074,2026-07-31T14:11:04.978728+00:00,56.19,406.9,52.1,48.7
0d913f61-8048-49c6-8f61-6f5f8b4af08e,100074,2026-07-31T15:11:04.978728+00:00,38.38,410.9,35.6,47.7
0d913f61-8048-49c6-8f61-6f5f8b4af08e,100074,2026-07-31T16:11:04.978728+00:00,34.8,410.0,30.5,42.0
0d913f61-8048-49c6-8f61-6f5f8b4af08e,100074,2026-07-31T17:11:04.978728+00:00,49.73,407.7,46.0,39.3
0d913f61-8048-49c6-8f61-6f5f8b4af08e,100074,2026-07-31T18:11:04.978728+00:00,64.33,405.4,58.1,43.3
0d913f61-8048-49c6-8f61-6f5f8b4af08e,100074,2026-07-31T19:11:04.978728+00:00,79.58,403.2,70.7,45.7
0d913f61-8048-49c6-8f61-6f5f8b4af08e,100074,2026-07-31T20:11:04.978728+00:00,56.81,405.2,50.0,41.4
1164083b-8735-4824-b997-0734f5fe04d3,100067,2026-07-30T21:11:04.978728+00:00,64.6,405.8,93.7,40.9
1164083b-8735-4824-b997-0734f5fe04d3,100067,2026-07-30T22:11:04.978728+00:00,52.65,407.6,74.8,37.6
1164083b-8735-4824-b997-0734f5fe04d3,100067,2026-07-30T23:11:04.978728+00:00,62.4,406.5,86.8,41.4
1164083b-8735-4824-b997-0734f5fe04d3,100067,2026-07-31T00:11:04.978728+00:00,59.19,405.9,83.2,38.1
1164083b-8735-4824-b997-0734f5fe04d3,100067,2026-07-31T01:11:04.978728+00:00,59.04,404.3,83.8,39.1
1164083b-8735-4824-b997-0734f5fe04d3,100067,2026-07-31T02:11:04.978728+00:00,51.25,405.4,71.1,40.1
1164083b-8735-4824-b997-0734f5fe04d3,100067,2026-07-31T03:11:04.978728+00:00,41.3,408.4,56.4,35.7
1164083b-8735-4824-b997-0734f5fe04d3,100067,2026-07-31T04:11:04.978728+00:00,48.32,406.6,67.1,37.9
1164083b-8735-4824-b997-0734f5fe04d3,100067,2026-07-31T05:11:04.978728+00:00,42.31,408.2,58.3,35.6
1164083b-8735-4824-b997-0734f5fe04d3,100067,2026-07-31T06:11:04.978728+00:00,33.2,408.7,48.4,37.2
1164083b-8735-4824-b997-0734f5fe04d3,100067,2026-07-31T07:11:04.978728+00:00,54.93,406.7,78.1,37.1
1164083b-8735-4824-b997-0734f5fe04d3,100067,2026-07-31T08:11:04.978728+00:00,50.02,406.8,70.6,38.4
1164083b-8735-4824-b997-0734f5fe04d3,100067,2026-07-31T09:11:04.978728+00:00,54.1,406.7,76.5,38.7
1164083b-8735-4824-b997-0734f5fe04d3,100067,2026-07-31T10:11:04.978728+00:00,34.93,409.1,49.2,33.1
1164083b-8735-4824-b997-0734f5fe04d3,100067,2026-07-31T11:11:04.978728+00:00,58.52,405.4,82.6,48.2
1164083b-8735-4824-b997-0734f5fe04d3,100067,2026-07-31T12:11:04.978728+00:00,48.01,406.5,68.6,41.6
1164083b-8735-4824-b997-0734f5fe04d3,100067,2026-07-31T13:11:04.978728+00:00,38.58,410.2,56.1,39.1
1164083b-8735-4824-b997-0734f5fe04d3,100067,2026-07-31T14:11:04.978728+00:00,44.72,406.5,64.6,45.7
1164083b-8735-4824-b997-0734f5fe04d3,100067,2026-07-31T15:11:04.978728+00:00,56.56,408.1,81.4,42.3
1164083b-8735-4824-b997-0734f5fe04d3,100067,2026-07-31T16:11:04.978728+00:00,46.83,409.0,66.4,41.6
1164083b-8735-4824-b997-0734f5fe04d3,100067,2026-07-31T17:11:04.978728+00:00,48.41,408.6,68.9,36.4
1164083b-8735-4824-b997-0734f5fe04d3,100067,2026-07-31T18:11:04.978728+00:00,60.44,406.1,86.5,40.0
1164083b-8735-4824-b997-0734f5fe04d3,100067,2026-07-31T19:11:04.978728+00:00,63.66,403.9,91.9,40.6
1164083b-8735-4824-b997-0734f5fe04d3,100067,2026-07-31T20:11:04.978728+00:00,52.57,407.9,73.2,37.5
11fdc435-550a-4d04-8794-3ed84295666c,100212,2026-07-30T21:11:04.978728+00:00,82.47,400.9,117.7,48.4
11fdc435-550a-4d04-8794-3ed84295666c,100212,2026-07-30T22:11:04.978728+00:00,56.36,404.9,78.8,40.0
11fdc435-550a-4d04-8794-3ed84295666c,100212,2026-07-30T23:11:04.978728+00:00,35.96,410.4,51.8,36.1
11fdc435-550a-4d04-8794-3ed84295666c,100212,2026-07-31T00:11:04.978728+00:00,34.13,409.3,47.4,35.9
11fdc435-550a-4d04-8794-3ed84295666c,100212,2026-07-31T01:11:04.978728+00:00,50.94,408.5,72.5,39.1
11fdc435-550a-4d04-8794-3ed84295666c,100212,2026-07-31T02:11:04.978728+00:00,38.66,410.1,54.2,36.7
11fdc435-550a-4d04-8794-3ed84295666c,100212,2026-07-31T03:11:04.978728+00:00,43.51,406.8,62.7,38.7
11fdc435-550a-4d04-8794-3ed84295666c,100212,2026-07-31T04:11:04.978728+00:00,48.0,406.6,66.3,40.7
11fdc435-550a-4d04-8794-3ed84295666c,100212,2026-07-31T05:11:04.978728+00:00,35.2,408.4,48.8,37.1
11fdc435-550a-4d04-8794-3ed84295666c,100212,2026-07-31T06:11:04.978728+00:00,43.64,408.6,62.7,37.8
11fdc435-550a-4d04-8794-3ed84295666c,100212,2026-07-31T07:11:04.978728+00:00,59.31,406.0,85.1,42.1
11fdc435-550a-4d04-8794-3ed84295666c,100212,2026-07-31T08:11:04.978728+00:00,57.36,407.4,79.3,41.8
11fdc435-550a-4d04-8794-3ed84295666c,100212,2026-07-31T09:11:04.978728+00:00,52.37,408.2,75.5,39.1
11fdc435-550a-4d04-8794-3ed84295666c,100212,2026-07-31T10:11:04.978728+00:00,37.26,407.6,53.8,37.1
11fdc435-550a-4d04-8794-3ed84295666c,100212,2026-07-31T11:11:04.978728+00:00,45.71,406.9,65.4,45.9
11fdc435-550a-4d04-8794-3ed84295666c,100212,2026-07-31T12:11:04.978728+00:00,39.73,409.7,54.8,48.7
11fdc435-550a-4d04-8794-3ed84295666c,100212,2026-07-31T13:11:04.978728+00:00,51.28,408.0,73.7,48.3
11fdc435-550a-4d04-8794-3ed84295666c,100212,2026-07-31T14:11:04.978728+00:00,42.15,409.7,57.8,45.1
11fdc435-550a-4d04-8794-3ed84295666c,100212,2026-07-31T15:11:04.978728+00:00,35.3,411.7,50.1,44.0
11fdc435-550a-4d04-8794-3ed84295666c,100212,2026-07-31T16:11:04.978728+00:00,35.77,410.7,52.0,45.1
11fdc435-550a-4d04-8794-3ed84295666c,100212,2026-07-31T17:11:04.978728+00:00,48.44,408.6,68.5,40.2
11fdc435-550a-4d04-8794-3ed84295666c,100212,2026-07-31T18:11:04.978728+00:00,70.8,404.1,101.7,43.2
11fdc435-550a-4d04-8794-3ed84295666c,100212,2026-07-31T19:11:04.978728+00:00,57.26,408.0,80.9,39.4
11fdc435-550a-4d04-8794-3ed84295666c,100212,2026-07-31T20:11:04.978728+00:00,76.64,404.7,107.9,46.2
1271ad90-1165-4732-a36f-877444382b52,101302,2026-07-30T21:11:04.978728+00:00,49.66,406.4,46.0,36.9
1271ad90-1165-4732-a36f-877444382b52,101302,2026-07-30T22:11:04.978728+00:00,81.22,400.8,74.5,47.3
1271ad90-1165-4732-a36f-877444382b52,101302,2026-07-30T23:11:04.978728+00:00,39.59,409.7,34.7,36.2
1271ad90-1165-4732-a36f-877444382b52,101302,2026-07-31T00:11:04.978728+00:00,45.67,407.4,42.4,37.6
1271ad90-1165-4732-a36f-877444382b52,101302,2026-07-31T01:11:04.978728+00:00,49.82,406.2,46.5,36.8
1271ad90-1165-4732-a36f-877444382b52,101302,2026-07-31T02:11:04.978728+00:00,44.17,407.9,39.6,37.1
1271ad90-1165-4732-a36f-877444382b52,101302,2026-07-31T03:11:04.978728+00:00,49.33,405.7,42.4,38.4
1271ad90-1165-4732-a36f-877444382b52,101302,2026-07-31T04:11:04.978728+00:00,50.06,406.5,44.9,38.6
1271ad90-1165-4732-a36f-877444382b52,101302,2026-07-31T05:11:04.978728+00:00,55.18,408.3,47.2,38.8
1271ad90-1165-4732-a36f-877444382b52,101302,2026-07-31T06:11:04.978728+00:00,57.22,405.1,53.1,40.5
1271ad90-1165-4732-a36f-877444382b52,101302,2026-07-31T07:11:04.978728+00:00,29.38,411.0,25.0,32.1
1271ad90-1165-4732-a36f-877444382b52,101302,2026-07-31T08:11:04.978728+00:00,47.46,409.5,42.8,35.1
1271ad90-1165-4732-a36f-877444382b52,101302,2026-07-31T09:11:04.978728+00:00,35.93,408.6,31.0,33.7
1271ad90-1165-4732-a36f-877444382b52,101302,2026-07-31T10:11:04.978728+00:00,48.89,405.8,42.7,34.8
1271ad90-1165-4732-a36f-877444382b52,101302,2026-07-31T11:11:04.978728+00:00,49.46,409.0,44.8,42.3
1271ad90-1165-4732-a36f-877444382b52,101302,2026-07-31T12:11:04.978728+00:00,55.63,405.7,49.9,48.4
1271ad90-1165-4732-a36f-877444382b52,101302,2026-07-31T13:11:04.978728+00:00,52.89,408.6,46.9,43.9
1271ad90-1165-4732-a36f-877444382b52,101302,2026-07-31T14:11:04.978728+00:00,26.44,411.9,24.1,38.5
1271ad90-1165-4732-a36f-877444382b52,101302,2026-07-31T15:11:04.978728+00:00,46.66,408.1,42.6,43.9
1271ad90-1165-4732-a36f-877444382b52,101302,2026-07-31T16:11:04.978728+00:00,48.18,408.0,43.3,41.4
1271ad90-1165-4732-a36f-877444382b52,101302,2026-07-31T17:11:04.978728+00:00,45.03,408.1,38.2,35.2
1271ad90-1165-4732-a36f-877444382b52,101302,2026-07-31T18:11:04.978728+00:00,65.01,403.9,59.6,42.3
1271ad90-1165-4732-a36f-877444382b52,101302,2026-07-31T19:11:04.978728+00:00,72.53,402.8,63.8,43.9
1271ad90-1165-4732-a36f-877444382b52,101302,2026-07-31T20:11:04.978728+00:00,64.48,405.3,59.4,42.9
133fd767-3d02-4db1-a69a-288561254e43,100735,2026-07-30T21:11:04.978728+00:00,64.63,407.0,459.9,40.7
133fd767-3d02-4db1-a69a-288561254e43,100735,2026-07-30T22:11:04.978728+00:00,79.48,402.5,570.5,46.2
133fd767-3d02-4db1-a69a-288561254e43,100735,2026-07-30T23:11:04.978728+00:00,34.5,410.2,242.6,37.3
133fd767-3d02-4db1-a69a-288561254e43,100735,2026-07-31T00:11:04.978728+00:00,59.74,404.9,425.6,42.2
133fd767-3d02-4db1-a69a-288561254e43,100735,2026-07-31T01:11:04.978728+00:00,37.52,410.1,263.8,36.3
133fd767-3d02-4db1-a69a-288561254e43,100735,2026-07-31T02:11:04.978728+00:00,35.0,408.4,246.5,34.2
133fd767-3d02-4db1-a69a-288561254e43,100735,2026-07-31T03:11:04.978728+00:00,56.11,406.7,396.9,38.8
133fd767-3d02-4db1-a69a-288561254e43,100735,2026-07-31T04:11:04.978728+00:00,48.69,406.8,344.2,37.0
133fd767-3d02-4db1-a69a-288561254e43,100735,2026-07-31T05:11:04.978728+00:00,26.88,410.8,187.8,34.0
133fd767-3d02-4db1-a69a-288561254e43,100735,2026-07-31T06:11:04.978728+00:00,44.39,406.4,314.5,37.1
133fd767-3d02-4db1-a69a-288561254e43,100735,2026-07-31T07:11:04.978728+00:00,33.2,410.1,231.7,36.3
133fd767-3d02-4db1-a69a-288561254e43,100735,2026-07-31T08:11:04.978728+00:00,45.28,407.3,321.8,35.9
133fd767-3d02-4db1-a69a-288561254e43,100735,2026-07-31T09:11:04.978728+00:00,50.72,406.5,360.1,39.1
133fd767-3d02-4db1-a69a-288561254e43,100735,2026-07-31T10:11:04.978728+00:00,48.16,409.6,340.7,38.4
133fd767-3d02-4db1-a69a-288561254e43,100735,2026-07-31T11:11:04.978728+00:00,60.84,405.9,430.9,45.4
133fd767-3d02-4db1-a69a-288561254e43,100735,2026-07-31T12:11:04.978728+00:00,52.46,408.7,370.3,43.5
133fd767-3d02-4db1-a69a-288561254e43,100735,2026-07-31T13:11:04.978728+00:00,48.43,407.9,341.5,46.7
133fd767-3d02-4db1-a69a-288561254e43,100735,2026-07-31T14:11:04.978728+00:00,63.69,406.8,450.5,45.0
133fd767-3d02-4db1-a69a-288561254e43,100735,2026-07-31T15:11:04.978728+00:00,37.25,408.2,265.0,40.7
133fd767-3d02-4db1-a69a-288561254e43,100735,2026-07-31T16:11:04.978728+00:00,35.55,408.3,253.3,39.8
133fd767-3d02-4db1-a69a-288561254e43,100735,2026-07-31T17:11:04.978728+00:00,34.92,411.2,246.0,37.0
133fd767-3d02-4db1-a69a-288561254e43,100735,2026-07-31T18:11:04.978728+00:00,65.44,405.5,467.7,41.3
133fd767-3d02-4db1-a69a-288561254e43,100735,2026-07-31T19:11:04.978728+00:00,49.42,407.1,350.9,38.2
133fd767-3d02-4db1-a69a-288561254e43,100735,2026-07-31T20:11:04.978728+00:00,74.12,404.8,530.3,44.5
140338f8-df5c-4f3f-8079-2a5b4cf830f0,100845,2026-07-30T21:11:04.978728+00:00,65.07,403.8,58.8,48.0
140338f8-df5c-4f3f-8079-2a5b4cf830f0,100845,2026-07-30T22:11:04.978728+00:00,63.66,405.6,58.0,47.5
140338f8-df5c-4f3f-8079-2a5b4cf830f0,100845,2026-07-30T23:11:04.978728+00:00,28.97,409.6,24.8,37.8
140338f8-df5c-4f3f-8079-2a5b4cf830f0,100845,2026-07-31T00:11:04.978728+00:00,28.09,412.2,23.2,36.9
140338f8-df5c-4f3f-8079-2a5b4cf830f0,100845,2026-07-31T01:11:04.978728+00:00,56.9,406.1,51.5,44.2
140338f8-df5c-4f3f-8079-2a5b4cf830f0,100845,2026-07-31T02:11:04.978728+00:00,45.79,408.0,41.3,42.7
140338f8-df5c-4f3f-8079-2a5b4cf830f0,100845,2026-07-31T03:11:04.978728+00:00,33.22,410.6,29.6,39.1
140338f8-df5c-4f3f-8079-2a5b4cf830f0,100845,2026-07-31T04:11:04.978728+00:00,46.28,406.3,42.7,43.8
140338f8-df5c-4f3f-8079-2a5b4cf830f0,100845,2026-07-31T05:11:04.978728+00:00,52.23,406.4,45.3,41.9
140338f8-df5c-4f3f-8079-2a5b4cf830f0,100845,2026-07-31T06:11:04.978728+00:00,55.46,405.6,49.5,44.8
140338f8-df5c-4f3f-8079-2a5b4cf830f0,100845,2026-07-31T07:11:04.978728+00:00,45.42,408.5,39.1,41.6
140338f8-df5c-4f3f-8079-2a5b4cf830f0,100845,2026-07-31T08:11:04.978728+00:00,29.69,411.3,24.8,38.0
140338f8-df5c-4f3f-8079-2a5b4cf830f0,100845,2026-07-31T09:11:04.978728+00:00,39.3,409.9,35.9,38.9
140338f8-df5c-4f3f-8079-2a5b4cf830f0,100845,2026-07-31T10:11:04.978728+00:00,59.72,404.4,53.9,44.7
140338f8-df5c-4f3f-8079-2a5b4cf830f0,100845,2026-07-31T11:11:04.978728+00:00,49.75,408.0,45.0,50.2
140338f8-df5c-4f3f-8079-2a5b4cf830f0,100845,2026-07-31T12:11:04.978728+00:00,41.09,407.4,36.8,45.9
140338f8-df5c-4f3f-8079-2a5b4cf830f0,100845,2026-07-31T13:11:04.978728+00:00,32.67,408.1,28.6,45.2
140338f8-df5c-4f3f-8079-2a5b4cf830f0,100845,2026-07-31T14:11:04.978728+00:00,53.6,406.7,46.0,51.8
140338f8-df5c-4f3f-8079-2a5b4cf830f0,100845,2026-07-31T15:11:04.978728+00:00,53.46,406.9,48.6,46.3
140338f8-df5c-4f3f-8079-2a5b4cf830f0,100845,2026-07-31T16:11:04.978728+00:00,55.44,405.3,49.0,46.5
140338f8-df5c-4f3f-8079-2a5b4cf830f0,100845,2026-07-31T17:11:04.978728+00:00,52.38,406.3,45.6,43.9
140338f8-df5c-4f3f-8079-2a5b4cf830f0,100845,2026-07-31T18:11:04.978728+00:00,60.34,404.8,55.2,43.4
140338f8-df5c-4f3f-8079-2a5b4cf830f0,100845,2026-07-31T19:11:04.978728+00:00,72.24,403.8,66.1,49.2
140338f8-df5c-4f3f-8079-2a5b4cf830f0,100845,2026-07-31T20:11:04.978728+00:00,76.28,404.4,67.5,48.4
15363fe0-248e-41c5-9b5c-9354195c86ab,101308,2026-07-30T21:11:04.978728+00:00,86.86,382.5,83.7,62.6
15363fe0-248e-41c5-9b5c-9354195c86ab,101308,2026-07-30T22:11:04.978728+00:00,85.53,387.5,79.0,64.9
15363fe0-248e-41c5-9b5c-9354195c86ab,101308,2026-07-30T23:11:04.978728+00:00,80.5,389.1,75.6,59.4
15363fe0-248e-41c5-9b5c-9354195c86ab,101308,2026-07-31T00:11:04.978728+00:00,92.54,385.1,88.1,66.1
15363fe0-248e-41c5-9b5c-9354195c86ab,101308,2026-07-31T01:11:04.978728+00:00,87.74,386.2,81.5,63.9
15363fe0-248e-41c5-9b5c-9354195c86ab,101308,2026-07-31T02:11:04.978728+00:00,91.61,384.1,88.3,68.7
15363fe0-248e-41c5-9b5c-9354195c86ab,101308,2026-07-31T03:11:04.978728+00:00,86.25,382.8,83.3,62.8
15363fe0-248e-41c5-9b5c-9354195c86ab,101308,2026-07-31T04:11:04.978728+00:00,82.43,384.5,77.4,59.7
15363fe0-248e-41c5-9b5c-9354195c86ab,101308,2026-07-31T05:11:04.978728+00:00,84.16,384.7,80.0,61.8
15363fe0-248e-41c5-9b5c-9354195c86ab,101308,2026-07-31T06:11:04.978728+00:00,81.95,385.8,76.5,60.5
15363fe0-248e-41c5-9b5c-9354195c86ab,101308,2026-07-31T07:11:04.978728+00:00,95.41,380.5,93.0,70.7
15363fe0-248e-41c5-9b5c-9354195c86ab,101308,2026-07-31T08:11:04.978728+00:00,81.9,388.8,75.1,59.4
15363fe0-248e-41c5-9b5c-9354195c86ab,101308,2026-07-31T09:11:04.978728+00:00,82.97,384.0,78.7,61.2
15363fe0-248e-41c5-9b5c-9354195c86ab,101308,2026-07-31T10:11:04.978728+00:00,97.73,378.3,95.1,71.0
15363fe0-248e-41c5-9b5c-9354195c86ab,101308,2026-07-31T11:11:04.978728+00:00,81.38,384.7,78.0,61.1
15363fe0-248e-41c5-9b5c-9354195c86ab,101308,2026-07-31T12:11:04.978728+00:00,89.42,385.4,85.1,64.7
15363fe0-248e-41c5-9b5c-9354195c86ab,101308,2026-07-31T13:11:04.978728+00:00,94.6,382.3,91.2,71.0
15363fe0-248e-41c5-9b5c-9354195c86ab,101308,2026-07-31T14:11:04.978728+00:00,101.47,382.3,96.8,72.2
15363fe0-248e-41c5-9b5c-9354195c86ab,101308,2026-07-31T15:11:04.978728+00:00,93.53,385.2,88.9,66.7
15363fe0-248e-41c5-9b5c-9354195c86ab,101308,2026-07-31T16:11:04.978728+00:00,90.47,383.9,83.9,66.7
15363fe0-248e-41c5-9b5c-9354195c86ab,101308,2026-07-31T17:11:04.978728+00:00,103.89,376.2,99.7,75.1
15363fe0-248e-41c5-9b5c-9354195c86ab,101308,2026-07-31T18:11:04.978728+00:00,97.22,378.7,92.0,70.7
15363fe0-248e-41c5-9b5c-9354195c86ab,101308,2026-07-31T19:11:04.978728+00:00,88.01,381.3,84.8,64.7
15363fe0-248e-41c5-9b5c-9354195c86ab,101308,2026-07-31T20:11:04.978728+00:00,80.48,385.6,77.5,59.6
17878d15-d445-444c-9abd-5b983a74345e,100393,2026-07-30T21:11:04.978728+00:00,65.14,404.0,464.3,37.1
17878d15-d445-444c-9abd-5b983a74345e,100393,2026-07-30T22:11:04.978728+00:00,63.2,404.8,451.1,38.4
17878d15-d445-444c-9abd-5b983a74345e,100393,2026-07-30T23:11:04.978728+00:00,53.95,405.8,384.4,36.8
17878d15-d445-444c-9abd-5b983a74345e,100393,2026-07-31T00:11:04.978728+00:00,60.33,405.2,429.1,38.0
17878d15-d445-444c-9abd-5b983a74345e,100393,2026-07-31T01:11:04.978728+00:00,35.58,411.4,250.8,34.5
17878d15-d445-444c-9abd-5b983a74345e,100393,2026-07-31T02:11:04.978728+00:00,39.72,408.5,279.2,33.5
17878d15-d445-444c-9abd-5b983a74345e,100393,2026-07-31T03:11:04.978728+00:00,52.11,408.5,368.6,34.7
17878d15-d445-444c-9abd-5b983a74345e,100393,2026-07-31T04:11:04.978728+00:00,46.19,407.5,327.0,32.0
17878d15-d445-444c-9abd-5b983a74345e,100393,2026-07-31T05:11:04.978728+00:00,47.29,406.0,334.9,35.8
17878d15-d445-444c-9abd-5b983a74345e,100393,2026-07-31T06:11:04.978728+00:00,36.72,409.2,257.8,31.9
17878d15-d445-444c-9abd-5b983a74345e,100393,2026-07-31T07:11:04.978728+00:00,28.81,409.9,203.6,31.0
17878d15-d445-444c-9abd-5b983a74345e,100393,2026-07-31T08:11:04.978728+00:00,43.57,407.4,310.7,34.9
17878d15-d445-444c-9abd-5b983a74345e,100393,2026-07-31T09:11:04.978728+00:00,32.77,408.4,233.5,33.4
17878d15-d445-444c-9abd-5b983a74345e,100393,2026-07-31T10:11:04.978728+00:00,56.98,404.8,406.5,36.7
17878d15-d445-444c-9abd-5b983a74345e,100393,2026-07-31T11:11:04.978728+00:00,50.99,405.5,362.0,41.7
17878d15-d445-444c-9abd-5b983a74345e,100393,2026-07-31T12:11:04.978728+00:00,45.08,409.7,318.4,37.6
17878d15-d445-444c-9abd-5b983a74345e,100393,2026-07-31T13:11:04.978728+00:00,52.62,405.6,373.4,42.2
17878d15-d445-444c-9abd-5b983a74345e,100393,2026-07-31T14:11:04.978728+00:00,35.72,407.7,251.5,36.3
17878d15-d445-444c-9abd-5b983a74345e,100393,2026-07-31T15:11:04.978728+00:00,60.3,407.7,427.1,42.1
17878d15-d445-444c-9abd-5b983a74345e,100393,2026-07-31T16:11:04.978728+00:00,37.41,408.4,266.3,38.4
17878d15-d445-444c-9abd-5b983a74345e,100393,2026-07-31T17:11:04.978728+00:00,27.45,412.7,192.9,32.6
17878d15-d445-444c-9abd-5b983a74345e,100393,2026-07-31T18:11:04.978728+00:00,57.69,405.8,409.0,35.3
17878d15-d445-444c-9abd-5b983a74345e,100393,2026-07-31T19:11:04.978728+00:00,52.36,406.7,371.1,37.0
17878d15-d445-444c-9abd-5b983a74345e,100393,2026-07-31T20:11:04.978728+00:00,71.94,406.0,510.4,39.7
1793aefb-c301-4aea-8279-89e23a864c65,100052,2026-07-30T21:11:04.978728+00:00,67.27,405.4,96.4,39.8
1793aefb-c301-4aea-8279-89e23a864c65,100052,2026-07-30T22:11:04.978728+00:00,55.7,405.2,79.0,36.9
1793aefb-c301-4aea-8279-89e23a864c65,100052,2026-07-30T23:11:04.978728+00:00,47.57,408.7,68.6,35.5
1793aefb-c301-4aea-8279-89e23a864c65,100052,2026-07-31T00:11:04.978728+00:00,37.53,409.2,54.2,35.4
1793aefb-c301-4aea-8279-89e23a864c65,100052,2026-07-31T01:11:04.978728+00:00,34.71,408.9,47.7,35.6
1793aefb-c301-4aea-8279-89e23a864c65,100052,2026-07-31T02:11:04.978728+00:00,41.66,407.0,57.4,36.4
1793aefb-c301-4aea-8279-89e23a864c65,100052,2026-07-31T03:11:04.978728+00:00,39.92,407.4,58.5,36.1
1793aefb-c301-4aea-8279-89e23a864c65,100052,2026-07-31T04:11:04.978728+00:00,33.41,409.8,47.8,35.3
1793aefb-c301-4aea-8279-89e23a864c65,100052,2026-07-31T05:11:04.978728+00:00,36.52,410.2,53.4,34.6
1793aefb-c301-4aea-8279-89e23a864c65,100052,2026-07-31T06:11:04.978728+00:00,48.3,409.0,69.2,38.1
1793aefb-c301-4aea-8279-89e23a864c65,100052,2026-07-31T07:11:04.978728+00:00,60.09,406.2,83.7,38.3
1793aefb-c301-4aea-8279-89e23a864c65,100052,2026-07-31T08:11:04.978728+00:00,34.42,411.5,48.0,33.1
1793aefb-c301-4aea-8279-89e23a864c65,100052,2026-07-31T09:11:04.978728+00:00,33.08,411.8,45.5,34.7
1793aefb-c301-4aea-8279-89e23a864c65,100052,2026-07-31T10:11:04.978728+00:00,45.48,410.2,62.4,34.9
1793aefb-c301-4aea-8279-89e23a864c65,100052,2026-07-31T11:11:04.978728+00:00,35.24,407.8,51.0,38.2
1793aefb-c301-4aea-8279-89e23a864c65,100052,2026-07-31T12:11:04.978728+00:00,42.69,410.1,61.3,43.1
1793aefb-c301-4aea-8279-89e23a864c65,100052,2026-07-31T13:11:04.978728+00:00,37.61,410.7,53.3,38.3
1793aefb-c301-4aea-8279-89e23a864c65,100052,2026-07-31T14:11:04.978728+00:00,34.44,408.4,46.8,44.0
1793aefb-c301-4aea-8279-89e23a864c65,100052,2026-07-31T15:11:04.978728+00:00,35.63,410.7,52.0,42.0
1793aefb-c301-4aea-8279-89e23a864c65,100052,2026-07-31T16:11:04.978728+00:00,39.18,407.2,55.7,41.9
1793aefb-c301-4aea-8279-89e23a864c65,100052,2026-07-31T17:11:04.978728+00:00,52.23,407.9,75.0,36.8
1793aefb-c301-4aea-8279-89e23a864c65,100052,2026-07-31T18:11:04.978728+00:00,61.97,404.3,88.0,40.2
1793aefb-c301-4aea-8279-89e23a864c65,100052,2026-07-31T19:11:04.978728+00:00,51.41,406.0,75.0,37.7
1793aefb-c301-4aea-8279-89e23a864c65,100052,2026-07-31T20:11:04.978728+00:00,73.5,403.1,105.6,44.2
18b11603-c5fe-4f66-b42e-a46d2801ba42,100637,2026-07-30T21:11:04.978728+00:00,72.83,405.0,105.3,46.3
18b11603-c5fe-4f66-b42e-a46d2801ba42,100637,2026-07-30T22:11:04.978728+00:00,75.97,405.1,106.7,46.8
18b11603-c5fe-4f66-b42e-a46d2801ba42,100637,2026-07-30T23:11:04.978728+00:00,58.63,407.5,82.4,42.3
18b11603-c5fe-4f66-b42e-a46d2801ba42,100637,2026-07-31T00:11:04.978728+00:00,41.85,408.2,58.9,39.2
18b11603-c5fe-4f66-b42e-a46d2801ba42,100637,2026-07-31T01:11:04.978728+00:00,41.12,408.5,58.0,38.1
18b11603-c5fe-4f66-b42e-a46d2801ba42,100637,2026-07-31T02:11:04.978728+00:00,44.21,410.1,63.2,40.3
18b11603-c5fe-4f66-b42e-a46d2801ba42,100637,2026-07-31T03:11:04.978728+00:00,39.88,409.0,54.7,37.6
18b11603-c5fe-4f66-b42e-a46d2801ba42,100637,2026-07-31T04:11:04.978728+00:00,45.45,409.1,65.6,39.7
18b11603-c5fe-4f66-b42e-a46d2801ba42,100637,2026-07-31T05:11:04.978728+00:00,32.41,410.9,45.4,37.4
18b11603-c5fe-4f66-b42e-a46d2801ba42,100637,2026-07-31T06:11:04.978728+00:00,41.83,410.5,60.4,39.6
18b11603-c5fe-4f66-b42e-a46d2801ba42,100637,2026-07-31T07:11:04.978728+00:00,49.2,407.7,70.6,41.2
18b11603-c5fe-4f66-b42e-a46d2801ba42,100637,2026-07-31T08:11:04.978728+00:00,50.3,409.0,72.9,40.2
18b11603-c5fe-4f66-b42e-a46d2801ba42,100637,2026-07-31T09:11:04.978728+00:00,36.31,409.9,51.2,38.6
18b11603-c5fe-4f66-b42e-a46d2801ba42,100637,2026-07-31T10:11:04.978728+00:00,56.97,407.0,79.7,42.9
18b11603-c5fe-4f66-b42e-a46d2801ba42,100637,2026-07-31T11:11:04.978728+00:00,43.32,406.7,60.9,43.3
18b11603-c5fe-4f66-b42e-a46d2801ba42,100637,2026-07-31T12:11:04.978728+00:00,56.92,406.6,80.6,51.2
18b11603-c5fe-4f66-b42e-a46d2801ba42,100637,2026-07-31T13:11:04.978728+00:00,32.35,408.4,46.6,45.1
18b11603-c5fe-4f66-b42e-a46d2801ba42,100637,2026-07-31T14:11:04.978728+00:00,35.54,408.6,51.7,41.7
18b11603-c5fe-4f66-b42e-a46d2801ba42,100637,2026-07-31T15:11:04.978728+00:00,37.67,409.8,51.5,41.4
18b11603-c5fe-4f66-b42e-a46d2801ba42,100637,2026-07-31T16:11:04.978728+00:00,57.65,406.9,80.1,48.8
18b11603-c5fe-4f66-b42e-a46d2801ba42,100637,2026-07-31T17:11:04.978728+00:00,40.79,407.9,57.9,41.5
18b11603-c5fe-4f66-b42e-a46d2801ba42,100637,2026-07-31T18:11:04.978728+00:00,77.97,404.7,111.4,47.2
18b11603-c5fe-4f66-b42e-a46d2801ba42,100637,2026-07-31T19:11:04.978728+00:00,79.49,401.1,115.0,47.9
18b11603-c5fe-4f66-b42e-a46d2801ba42,100637,2026-07-31T20:11:04.978728+00:00,77.62,404.7,110.7,47.9
18bf12d4-4337-4786-a032-604b93d5f0a8,100976,2026-07-30T21:11:04.978728+00:00,101.0,380.3,484.5,76.3
18bf12d4-4337-4786-a032-604b93d5f0a8,100976,2026-07-30T22:11:04.978728+00:00,80.42,389.3,375.9,64.0
18bf12d4-4337-4786-a032-604b93d5f0a8,100976,2026-07-30T23:11:04.978728+00:00,88.86,383.9,419.3,70.1
18bf12d4-4337-4786-a032-604b93d5f0a8,100976,2026-07-31T00:11:04.978728+00:00,81.91,386.8,383.4,62.3
18bf12d4-4337-4786-a032-604b93d5f0a8,100976,2026-07-31T01:11:04.978728+00:00,83.75,388.2,391.7,66.7
18bf12d4-4337-4786-a032-604b93d5f0a8,100976,2026-07-31T02:11:04.978728+00:00,101.73,380.1,486.2,75.5
18bf12d4-4337-4786-a032-604b93d5f0a8,100976,2026-07-31T03:11:04.978728+00:00,93.77,385.0,442.0,71.4
18bf12d4-4337-4786-a032-604b93d5f0a8,100976,2026-07-31T04:11:04.978728+00:00,88.98,385.2,419.1,68.2
18bf12d4-4337-4786-a032-604b93d5f0a8,100976,2026-07-31T05:11:04.978728+00:00,81.98,384.2,389.4,63.2
18bf12d4-4337-4786-a032-604b93d5f0a8,100976,2026-07-31T06:11:04.978728+00:00,86.02,386.3,403.8,64.5
18bf12d4-4337-4786-a032-604b93d5f0a8,100976,2026-07-31T07:11:04.978728+00:00,87.37,383.1,416.3,65.3
18bf12d4-4337-4786-a032-604b93d5f0a8,100976,2026-07-31T08:11:04.978728+00:00,82.41,389.1,386.3,65.1
18bf12d4-4337-4786-a032-604b93d5f0a8,100976,2026-07-31T09:11:04.978728+00:00,97.29,381.1,463.6,73.9
18bf12d4-4337-4786-a032-604b93d5f0a8,100976,2026-07-31T10:11:04.978728+00:00,91.16,382.1,433.7,69.2
18bf12d4-4337-4786-a032-604b93d5f0a8,100976,2026-07-31T11:11:04.978728+00:00,95.96,383.7,454.4,74.3
18bf12d4-4337-4786-a032-604b93d5f0a8,100976,2026-07-31T12:11:04.978728+00:00,91.91,383.6,435.6,70.7
18bf12d4-4337-4786-a032-604b93d5f0a8,100976,2026-07-31T13:11:04.978728+00:00,99.43,381.2,475.9,75.1
18bf12d4-4337-4786-a032-604b93d5f0a8,100976,2026-07-31T14:11:04.978728+00:00,85.13,382.7,404.0,65.1
18bf12d4-4337-4786-a032-604b93d5f0a8,100976,2026-07-31T15:11:04.978728+00:00,82.04,387.4,386.3,65.4
18bf12d4-4337-4786-a032-604b93d5f0a8,100976,2026-07-31T16:11:04.978728+00:00,98.31,380.8,471.2,74.5
18bf12d4-4337-4786-a032-604b93d5f0a8,100976,2026-07-31T17:11:04.978728+00:00,103.14,376.0,500.5,75.9
18bf12d4-4337-4786-a032-604b93d5f0a8,100976,2026-07-31T18:11:04.978728+00:00,89.41,381.4,428.3,67.7
18bf12d4-4337-4786-a032-604b93d5f0a8,100976,2026-07-31T19:11:04.978728+00:00,80.14,384.2,379.5,64.7
18bf12d4-4337-4786-a032-604b93d5f0a8,100976,2026-07-31T20:11:04.978728+00:00,102.74,380.5,492.5,75.6
18e65218-98a8-4656-b5df-895d12eb0737,2212,2026-07-30T21:11:04.978728+00:00,125.72,343.2,132.2,143.9
18e65218-98a8-4656-b5df-895d12eb0737,2212,2026-07-30T22:11:04.978728+00:00,133.32,339.1,141.3,152.9
18e65218-98a8-4656-b5df-895d12eb0737,2212,2026-07-30T23:11:04.978728+00:00,123.8,344.5,129.5,143.3
18e65218-98a8-4656-b5df-895d12eb0737,2212,2026-07-31T00:11:04.978728+00:00,137.03,342.1,144.8,160.8
18e65218-98a8-4656-b5df-895d12eb0737,2212,2026-07-31T01:11:04.978728+00:00,127.57,344.5,135.9,148.7
18e65218-98a8-4656-b5df-895d12eb0737,2212,2026-07-31T02:11:04.978728+00:00,125.7,347.9,130.4,146.7
18e65218-98a8-4656-b5df-895d12eb0737,2212,2026-07-31T03:11:04.978728+00:00,112.74,350.6,116.7,130.1
18e65218-98a8-4656-b5df-895d12eb0737,2212,2026-07-31T04:11:04.978728+00:00,111.38,353.4,116.5,131.3
18e65218-98a8-4656-b5df-895d12eb0737,2212,2026-07-31T05:11:04.978728+00:00,120.36,351.2,126.2,141.2
18e65218-98a8-4656-b5df-895d12eb0737,2212,2026-07-31T06:11:04.978728+00:00,139.18,335.8,149.4,163.0
18e65218-98a8-4656-b5df-895d12eb0737,2212,2026-07-31T07:11:04.978728+00:00,127.47,344.2,136.1,149.4
18e65218-98a8-4656-b5df-895d12eb0737,2212,2026-07-31T08:11:04.978728+00:00,125.65,348.1,133.0,145.3
18e65218-98a8-4656-b5df-895d12eb0737,2212,2026-07-31T09:11:04.978728+00:00,136.14,340.7,145.1,156.8
18e65218-98a8-4656-b5df-895d12eb0737,2212,2026-07-31T10:11:04.978728+00:00,128.02,343.4,136.4,148.8
18e65218-98a8-4656-b5df-895d12eb0737,2212,2026-07-31T11:11:04.978728+00:00,132.0,343.4,140.2,153.4
18e65218-98a8-4656-b5df-895d12eb0737,2212,2026-07-31T12:11:04.978728+00:00,135.28,341.2,145.1,154.9
18e65218-98a8-4656-b5df-895d12eb0737,2212,2026-07-31T13:11:04.978728+00:00,137.77,340.0,146.6,158.9
18e65218-98a8-4656-b5df-895d12eb0737,2212,2026-07-31T14:11:04.978728+00:00,115.08,349.3,121.5,133.6
18e65218-98a8-4656-b5df-895d12eb0737,2212,2026-07-31T15:11:04.978728+00:00,119.13,347.9,124.2,138.4
18e65218-98a8-4656-b5df-895d12eb0737,2212,2026-07-31T16:11:04.978728+00:00,114.54,351.5,118.6,132.4
18e65218-98a8-4656-b5df-895d12eb0737,2212,2026-07-31T17:11:04.978728+00:00,127.83,342.1,135.6,147.5
18e65218-98a8-4656-b5df-895d12eb0737,2212,2026-07-31T18:11:04.978728+00:00,130.66,342.5,137.2,152.2
18e65218-98a8-4656-b5df-895d12eb0737,2212,2026-07-31T19:11:04.978728+00:00,112.33,355.0,113.5,131.6
18e65218-98a8-4656-b5df-895d12eb0737,2212,2026-07-31T20:11:04.978728+00:00,114.99,350.9,119.7,134.3
197b5580-4a2e-4346-b4ef-52bbc029400d,100741,2026-07-30T21:11:04.978728+00:00,72.93,405.6,206.4,46.0
197b5580-4a2e-4346-b4ef-52bbc029400d,100741,2026-07-30T22:11:04.978728+00:00,73.82,402.0,212.8,46.8
197b5580-4a2e-4346-b4ef-52bbc029400d,100741,2026-07-30T23:11:04.978728+00:00,55.33,407.0,158.8,42.0
197b5580-4a2e-4346-b4ef-52bbc029400d,100741,2026-07-31T00:11:04.978728+00:00,51.32,405.3,148.1,42.4
197b5580-4a2e-4346-b4ef-52bbc029400d,100741,2026-07-31T01:11:04.978728+00:00,31.92,409.7,89.4,38.0
197b5580-4a2e-4346-b4ef-52bbc029400d,100741,2026-07-31T02:11:04.978728+00:00,34.69,409.8,96.5,36.8
197b5580-4a2e-4346-b4ef-52bbc029400d,100741,2026-07-31T03:11:04.978728+00:00,40.4,410.5,114.4,40.4
197b5580-4a2e-4346-b4ef-52bbc029400d,100741,2026-07-31T04:11:04.978728+00:00,38.52,407.4,110.3,38.1
197b5580-4a2e-4346-b4ef-52bbc029400d,100741,2026-07-31T05:11:04.978728+00:00,50.95,405.9,146.5,42.4
197b5580-4a2e-4346-b4ef-52bbc029400d,100741,2026-07-31T06:11:04.978728+00:00,34.93,409.8,97.7,37.3
197b5580-4a2e-4346-b4ef-52bbc029400d,100741,2026-07-31T07:11:04.978728+00:00,37.73,410.0,107.6,36.6
197b5580-4a2e-4346-b4ef-52bbc029400d,100741,2026-07-31T08:11:04.978728+00:00,53.48,407.5,151.2,41.5
197b5580-4a2e-4346-b4ef-52bbc029400d,100741,2026-07-31T09:11:04.978728+00:00,39.56,407.2,112.9,38.8
197b5580-4a2e-4346-b4ef-52bbc029400d,100741,2026-07-31T10:11:04.978728+00:00,34.2,410.7,96.7,35.0
197b5580-4a2e-4346-b4ef-52bbc029400d,100741,2026-07-31T11:11:04.978728+00:00,33.12,411.7,93.7,46.7
197b5580-4a2e-4346-b4ef-52bbc029400d,100741,2026-07-31T12:11:04.978728+00:00,42.65,407.4,121.5,43.1
197b5580-4a2e-4346-b4ef-52bbc029400d,100741,2026-07-31T13:11:04.978728+00:00,37.93,411.2,106.1,44.1
197b5580-4a2e-4346-b4ef-52bbc029400d,100741,2026-07-31T14:11:04.978728+00:00,51.13,405.4,144.5,43.1
197b5580-4a2e-4346-b4ef-52bbc029400d,100741,2026-07-31T15:11:04.978728+00:00,45.7,407.0,128.1,42.0
197b5580-4a2e-4346-b4ef-52bbc029400d,100741,2026-07-31T16:11:04.978728+00:00,42.62,410.1,121.0,43.4
197b5580-4a2e-4346-b4ef-52bbc029400d,100741,2026-07-31T17:11:04.978728+00:00,58.08,404.5,164.9,43.8
197b5580-4a2e-4346-b4ef-52bbc029400d,100741,2026-07-31T18:11:04.978728+00:00,73.65,405.6,208.4,47.3
197b5580-4a2e-4346-b4ef-52bbc029400d,100741,2026-07-31T19:11:04.978728+00:00,79.53,402.3,227.0,48.8
197b5580-4a2e-4346-b4ef-52bbc029400d,100741,2026-07-31T20:11:04.978728+00:00,66.57,403.4,190.7,43.2
22948822-ae82-4108-b711-79709d6c63f4,160,2026-07-30T21:11:04.978728+00:00,55.03,405.9,78.5,42.4
22948822-ae82-4108-b711-79709d6c63f4,160,2026-07-30T22:11:04.978728+00:00,78.98,403.3,115.0,47.1
22948822-ae82-4108-b711-79709d6c63f4,160,2026-07-30T23:11:04.978728+00:00,34.37,408.3,49.0,38.3
22948822-ae82-4108-b711-79709d6c63f4,160,2026-07-31T00:11:04.978728+00:00,29.64,409.7,42.5,34.7
22948822-ae82-4108-b711-79709d6c63f4,160,2026-07-31T01:11:04.978728+00:00,37.47,407.5,52.0,37.5
22948822-ae82-4108-b711-79709d6c63f4,160,2026-07-31T02:11:04.978728+00:00,40.39,408.1,55.3,40.7
22948822-ae82-4108-b711-79709d6c63f4,160,2026-07-31T03:11:04.978728+00:00,38.13,410.6,51.9,36.6
22948822-ae82-4108-b711-79709d6c63f4,160,2026-07-31T04:11:04.978728+00:00,50.92,405.9,73.7,38.0
22948822-ae82-4108-b711-79709d6c63f4,160,2026-07-31T05:11:04.978728+00:00,53.69,407.7,76.0,42.8
22948822-ae82-4108-b711-79709d6c63f4,160,2026-07-31T06:11:04.978728+00:00,36.39,408.1,51.6,38.8
22948822-ae82-4108-b711-79709d6c63f4,160,2026-07-31T07:11:04.978728+00:00,54.33,405.3,78.0,39.4
22948822-ae82-4108-b711-79709d6c63f4,160,2026-07-31T08:11:04.978728+00:00,54.79,404.9,76.4,39.8
22948822-ae82-4108-b711-79709d6c63f4,160,2026-07-31T09:11:04.978728+00:00,49.62,409.5,70.3,40.1
22948822-ae82-4108-b711-79709d6c63f4,160,2026-07-31T10:11:04.978728+00:00,45.92,406.1,63.4,39.1
22948822-ae82-4108-b711-79709d6c63f4,160,2026-07-31T11:11:04.978728+00:00,55.98,405.6,79.8,44.7
22948822-ae82-4108-b711-79709d6c63f4,160,2026-07-31T12:11:04.978728+00:00,45.61,408.2,64.1,46.9
22948822-ae82-4108-b711-79709d6c63f4,160,2026-07-31T13:11:04.978728+00:00,40.1,407.3,55.7,44.3
22948822-ae82-4108-b711-79709d6c63f4,160,2026-07-31T14:11:04.978728+00:00,38.29,407.3,54.1,44.6
22948822-ae82-4108-b711-79709d6c63f4,160,2026-07-31T15:11:04.978728+00:00,38.47,408.1,53.3,41.3
22948822-ae82-4108-b711-79709d6c63f4,160,2026-07-31T16:11:04.978728+00:00,42.52,407.3,60.1,41.3
22948822-ae82-4108-b711-79709d6c63f4,160,2026-07-31T17:11:04.978728+00:00,35.29,411.0,48.5,36.7
22948822-ae82-4108-b711-79709d6c63f4,160,2026-07-31T18:11:04.978728+00:00,77.44,403.2,110.9,45.2
22948822-ae82-4108-b711-79709d6c63f4,160,2026-07-31T19:11:04.978728+00:00,54.21,406.2,75.6,41.1
22948822-ae82-4108-b711-79709d6c63f4,160,2026-07-31T20:11:04.978728+00:00,58.95,407.5,85.1,39.6
230f132c-4d43-468f-b58d-f06c6916234d,101087,2026-07-30T21:11:04.978728+00:00,79.14,405.0,281.5,49.3
230f132c-4d43-468f-b58d-f06c6916234d,101087,2026-07-30T22:11:04.978728+00:00,83.61,402.3,300.0,47.1
230f132c-4d43-468f-b58d-f06c6916234d,101087,2026-07-30T23:11:04.978728+00:00,57.58,404.9,204.5,39.9
230f132c-4d43-468f-b58d-f06c6916234d,101087,2026-07-31T00:11:04.978728+00:00,59.7,406.3,212.5,42.2
230f132c-4d43-468f-b58d-f06c6916234d,101087,2026-07-31T01:11:04.978728+00:00,36.6,409.3,129.7,37.0
230f132c-4d43-468f-b58d-f06c6916234d,101087,2026-07-31T02:11:04.978728+00:00,48.69,406.1,174.4,38.9
230f132c-4d43-468f-b58d-f06c6916234d,101087,2026-07-31T03:11:04.978728+00:00,38.41,410.4,133.9,36.7
230f132c-4d43-468f-b58d-f06c6916234d,101087,2026-07-31T04:11:04.978728+00:00,40.73,409.2,144.1,40.5
230f132c-4d43-468f-b58d-f06c6916234d,101087,2026-07-31T05:11:04.978728+00:00,43.88,409.8,154.4,39.1
230f132c-4d43-468f-b58d-f06c6916234d,101087,2026-07-31T06:11:04.978728+00:00,44.51,409.3,157.1,37.1
230f132c-4d43-468f-b58d-f06c6916234d,101087,2026-07-31T07:11:04.978728+00:00,36.3,410.3,126.1,37.2
230f132c-4d43-468f-b58d-f06c6916234d,101087,2026-07-31T08:11:04.978728+00:00,58.08,406.1,207.3,41.5
230f132c-4d43-468f-b58d-f06c6916234d,101087,2026-07-31T09:11:04.978728+00:00,46.74,408.6,164.5,38.2
230f132c-4d43-468f-b58d-f06c6916234d,101087,2026-07-31T10:11:04.978728+00:00,56.47,408.4,200.5,40.6
230f132c-4d43-468f-b58d-f06c6916234d,101087,2026-07-31T11:11:04.978728+00:00,29.9,411.6,105.6,42.0
230f132c-4d43-468f-b58d-f06c6916234d,101087,2026-07-31T12:11:04.978728+00:00,63.07,406.2,223.8,51.6
230f132c-4d43-468f-b58d-f06c6916234d,101087,2026-07-31T13:11:04.978728+00:00,57.39,405.5,205.7,50.6
230f132c-4d43-468f-b58d-f06c6916234d,101087,2026-07-31T14:11:04.978728+00:00,51.11,405.7,181.1,49.1
230f132c-4d43-468f-b58d-f06c6916234d,101087,2026-07-31T15:11:04.978728+00:00,60.9,404.5,216.2,50.9
230f132c-4d43-468f-b58d-f06c6916234d,101087,2026-07-31T16:11:04.978728+00:00,33.48,410.2,119.4,42.2
230f132c-4d43-468f-b58d-f06c6916234d,101087,2026-07-31T17:11:04.978728+00:00,51.3,408.5,180.7,41.4
230f132c-4d43-468f-b58d-f06c6916234d,101087,2026-07-31T18:11:04.978728+00:00,62.48,405.9,222.1,40.4
230f132c-4d43-468f-b58d-f06c6916234d,101087,2026-07-31T19:11:04.978728+00:00,67.31,403.0,242.3,43.4
230f132c-4d43-468f-b58d-f06c6916234d,101087,2026-07-31T20:11:04.978728+00:00,62.1,407.0,221.1,44.0
232778a1-ad34-4e41-aea6-b8157424654c,100901,2026-07-30T21:11:04.978728+00:00,75.59,404.0,107.2,55.4
232778a1-ad34-4e41-aea6-b8157424654c,100901,2026-07-30T22:11:04.978728+00:00,72.49,404.1,104.8,54.1
232778a1-ad34-4e41-aea6-b8157424654c,100901,2026-07-30T23:11:04.978728+00:00,54.76,408.5,75.9,46.4
232778a1-ad34-4e41-aea6-b8157424654c,100901,2026-07-31T00:11:04.978728+00:00,40.99,407.3,59.9,44.6
232778a1-ad34-4e41-aea6-b8157424654c,100901,2026-07-31T01:11:04.978728+00:00,33.32,409.0,47.9,46.4
232778a1-ad34-4e41-aea6-b8157424654c,100901,2026-07-31T02:11:04.978728+00:00,59.01,406.6,83.2,48.8
232778a1-ad34-4e41-aea6-b8157424654c,100901,2026-07-31T03:11:04.978728+00:00,60.54,406.0,84.4,51.1
232778a1-ad34-4e41-aea6-b8157424654c,100901,2026-07-31T04:11:04.978728+00:00,31.66,409.6,46.5,44.6
232778a1-ad34-4e41-aea6-b8157424654c,100901,2026-07-31T05:11:04.978728+00:00,52.13,406.6,73.4,49.7
232778a1-ad34-4e41-aea6-b8157424654c,100901,2026-07-31T06:11:04.978728+00:00,43.46,407.5,62.5,45.2
232778a1-ad34-4e41-aea6-b8157424654c,100901,2026-07-31T07:11:04.978728+00:00,37.56,408.0,53.6,45.3
232778a1-ad34-4e41-aea6-b8157424654c,100901,2026-07-31T08:11:04.978728+00:00,54.54,405.1,76.8,50.7
232778a1-ad34-4e41-aea6-b8157424654c,100901,2026-07-31T09:11:04.978728+00:00,54.54,405.2,78.2,48.1
232778a1-ad34-4e41-aea6-b8157424654c,100901,2026-07-31T10:11:04.978728+00:00,32.61,409.4,44.3,43.4
232778a1-ad34-4e41-aea6-b8157424654c,100901,2026-07-31T11:11:04.978728+00:00,42.21,408.1,61.3,54.0
232778a1-ad34-4e41-aea6-b8157424654c,100901,2026-07-31T12:11:04.978728+00:00,41.01,407.8,58.8,50.0
232778a1-ad34-4e41-aea6-b8157424654c,100901,2026-07-31T13:11:04.978728+00:00,43.68,410.1,61.9,50.3
232778a1-ad34-4e41-aea6-b8157424654c,100901,2026-07-31T14:11:04.978728+00:00,47.09,407.4,68.2,49.2
232778a1-ad34-4e41-aea6-b8157424654c,100901,2026-07-31T15:11:04.978728+00:00,48.45,406.0,68.5,54.4
232778a1-ad34-4e41-aea6-b8157424654c,100901,2026-07-31T16:11:04.978728+00:00,56.59,406.3,82.2,52.6
232778a1-ad34-4e41-aea6-b8157424654c,100901,2026-07-31T17:11:04.978728+00:00,42.08,406.9,57.8,44.6
232778a1-ad34-4e41-aea6-b8157424654c,100901,2026-07-31T18:11:04.978728+00:00,69.67,404.5,100.9,54.7
232778a1-ad34-4e41-aea6-b8157424654c,100901,2026-07-31T19:11:04.978728+00:00,62.74,403.8,88.7,49.3
232778a1-ad34-4e41-aea6-b8157424654c,100901,2026-07-31T20:11:04.978728+00:00,67.11,403.5,96.0,51.6
237bd232-6b30-4926-b1de-31ef4c99e7a4,100004,2026-07-30T21:11:04.978728+00:00,58.66,405.5,210.3,44.2
237bd232-6b30-4926-b1de-31ef4c99e7a4,100004,2026-07-30T22:11:04.978728+00:00,66.48,405.5,234.8,45.6
237bd232-6b30-4926-b1de-31ef4c99e7a4,100004,2026-07-30T23:11:04.978728+00:00,54.03,406.7,190.4,43.4
237bd232-6b30-4926-b1de-31ef4c99e7a4,100004,2026-07-31T00:11:04.978728+00:00,46.37,408.8,165.6,40.7
237bd232-6b30-4926-b1de-31ef4c99e7a4,100004,2026-07-31T01:11:04.978728+00:00,32.16,410.1,114.4,39.7
237bd232-6b30-4926-b1de-31ef4c99e7a4,100004,2026-07-31T02:11:04.978728+00:00,37.84,408.6,134.8,39.1
237bd232-6b30-4926-b1de-31ef4c99e7a4,100004,2026-07-31T03:11:04.978728+00:00,34.9,408.6,125.2,39.4
237bd232-6b30-4926-b1de-31ef4c99e7a4,100004,2026-07-31T04:11:04.978728+00:00,48.28,409.5,171.8,42.2
237bd232-6b30-4926-b1de-31ef4c99e7a4,100004,2026-07-31T05:11:04.978728+00:00,42.33,407.5,149.3,41.1
237bd232-6b30-4926-b1de-31ef4c99e7a4,100004,2026-07-31T06:11:04.978728+00:00,48.82,405.9,175.0,44.0
237bd232-6b30-4926-b1de-31ef4c99e7a4,100004,2026-07-31T07:11:04.978728+00:00,45.24,409.8,158.4,38.4
237bd232-6b30-4926-b1de-31ef4c99e7a4,100004,2026-07-31T08:11:04.978728+00:00,51.69,407.4,181.8,43.3
237bd232-6b30-4926-b1de-31ef4c99e7a4,100004,2026-07-31T09:11:04.978728+00:00,40.72,410.9,143.1,40.2
237bd232-6b30-4926-b1de-31ef4c99e7a4,100004,2026-07-31T10:11:04.978728+00:00,60.1,407.1,214.1,45.1
237bd232-6b30-4926-b1de-31ef4c99e7a4,100004,2026-07-31T11:11:04.978728+00:00,33.95,411.5,118.8,41.2
237bd232-6b30-4926-b1de-31ef4c99e7a4,100004,2026-07-31T12:11:04.978728+00:00,41.49,407.7,148.2,45.1
237bd232-6b30-4926-b1de-31ef4c99e7a4,100004,2026-07-31T13:11:04.978728+00:00,45.06,407.4,158.0,46.7
237bd232-6b30-4926-b1de-31ef4c99e7a4,100004,2026-07-31T14:11:04.978728+00:00,44.52,406.6,159.1,45.9
237bd232-6b30-4926-b1de-31ef4c99e7a4,100004,2026-07-31T15:11:04.978728+00:00,36.71,407.6,128.2,48.3
237bd232-6b30-4926-b1de-31ef4c99e7a4,100004,2026-07-31T16:11:04.978728+00:00,35.36,408.8,126.2,41.9
237bd232-6b30-4926-b1de-31ef4c99e7a4,100004,2026-07-31T17:11:04.978728+00:00,54.87,405.6,196.4,42.0
237bd232-6b30-4926-b1de-31ef4c99e7a4,100004,2026-07-31T18:11:04.978728+00:00,62.67,405.6,224.2,45.1
237bd232-6b30-4926-b1de-31ef4c99e7a4,100004,2026-07-31T19:11:04.978728+00:00,80.38,404.4,286.4,50.5
237bd232-6b30-4926-b1de-31ef4c99e7a4,100004,2026-07-31T20:11:04.978728+00:00,68.86,405.5,243.2,47.0
2a978b2e-8c76-4c23-bf42-09c619ed6e3b,101194,2026-07-30T21:11:04.978728+00:00,52.12,408.2,74.0,36.8
2a978b2e-8c76-4c23-bf42-09c619ed6e3b,101194,2026-07-30T22:11:04.978728+00:00,72.41,403.2,105.5,43.4
2a978b2e-8c76-4c23-bf42-09c619ed6e3b,101194,2026-07-30T23:11:04.978728+00:00,56.67,406.7,79.1,37.3
2a978b2e-8c76-4c23-bf42-09c619ed6e3b,101194,2026-07-31T00:11:04.978728+00:00,56.45,405.2,81.0,38.3
2a978b2e-8c76-4c23-bf42-09c619ed6e3b,101194,2026-07-31T01:11:04.978728+00:00,48.38,409.1,68.7,35.3
2a978b2e-8c76-4c23-bf42-09c619ed6e3b,101194,2026-07-31T02:11:04.978728+00:00,44.49,409.1,64.7,34.3
2a978b2e-8c76-4c23-bf42-09c619ed6e3b,101194,2026-07-31T03:11:04.978728+00:00,48.87,406.7,70.5,36.9
2a978b2e-8c76-4c23-bf42-09c619ed6e3b,101194,2026-07-31T04:11:04.978728+00:00,52.96,407.9,73.5,35.1
2a978b2e-8c76-4c23-bf42-09c619ed6e3b,101194,2026-07-31T05:11:04.978728+00:00,40.71,408.0,56.1,33.6
2a978b2e-8c76-4c23-bf42-09c619ed6e3b,101194,2026-07-31T06:11:04.978728+00:00,42.86,406.8,58.9,35.9
2a978b2e-8c76-4c23-bf42-09c619ed6e3b,101194,2026-07-31T07:11:04.978728+00:00,34.33,408.7,49.3,32.5
2a978b2e-8c76-4c23-bf42-09c619ed6e3b,101194,2026-07-31T08:11:04.978728+00:00,32.38,409.3,44.2,36.3
2a978b2e-8c76-4c23-bf42-09c619ed6e3b,101194,2026-07-31T09:11:04.978728+00:00,50.3,409.2,72.7,38.6
2a978b2e-8c76-4c23-bf42-09c619ed6e3b,101194,2026-07-31T10:11:04.978728+00:00,42.8,409.2,60.8,35.6
2a978b2e-8c76-4c23-bf42-09c619ed6e3b,101194,2026-07-31T11:11:04.978728+00:00,51.33,408.2,71.0,44.9
2a978b2e-8c76-4c23-bf42-09c619ed6e3b,101194,2026-07-31T12:11:04.978728+00:00,57.77,406.4,83.8,45.1
2a978b2e-8c76-4c23-bf42-09c619ed6e3b,101194,2026-07-31T13:11:04.978728+00:00,46.7,408.3,66.7,46.1
2a978b2e-8c76-4c23-bf42-09c619ed6e3b,101194,2026-07-31T14:11:04.978728+00:00,41.17,408.6,56.6,43.0
2a978b2e-8c76-4c23-bf42-09c619ed6e3b,101194,2026-07-31T15:11:04.978728+00:00,58.05,407.7,81.7,44.0
2a978b2e-8c76-4c23-bf42-09c619ed6e3b,101194,2026-07-31T16:11:04.978728+00:00,38.71,408.2,54.9,38.3
2a978b2e-8c76-4c23-bf42-09c619ed6e3b,101194,2026-07-31T17:11:04.978728+00:00,36.05,409.3,50.6,36.0
2a978b2e-8c76-4c23-bf42-09c619ed6e3b,101194,2026-07-31T18:11:04.978728+00:00,76.52,405.2,109.2,43.9
2a978b2e-8c76-4c23-bf42-09c619ed6e3b,101194,2026-07-31T19:11:04.978728+00:00,64.35,403.8,91.7,40.0
2a978b2e-8c76-4c23-bf42-09c619ed6e3b,101194,2026-07-31T20:11:04.978728+00:00,73.07,404.7,102.8,44.1
2abce79c-3bce-48f1-b0e6-87fb2c17d1ab,100530,2026-07-30T21:11:04.978728+00:00,78.34,404.3,110.3,47.3
2abce79c-3bce-48f1-b0e6-87fb2c17d1ab,100530,2026-07-30T22:11:04.978728+00:00,72.33,404.0,103.6,48.2
2abce79c-3bce-48f1-b0e6-87fb2c17d1ab,100530,2026-07-30T23:11:04.978728+00:00,61.08,407.5,86.6,41.6
2abce79c-3bce-48f1-b0e6-87fb2c17d1ab,100530,2026-07-31T00:11:04.978728+00:00,46.28,407.3,66.5,39.7
2abce79c-3bce-48f1-b0e6-87fb2c17d1ab,100530,2026-07-31T01:11:04.978728+00:00,47.06,406.6,67.7,38.2
2abce79c-3bce-48f1-b0e6-87fb2c17d1ab,100530,2026-07-31T02:11:04.978728+00:00,46.65,406.0,67.9,38.1
2abce79c-3bce-48f1-b0e6-87fb2c17d1ab,100530,2026-07-31T03:11:04.978728+00:00,40.01,409.5,56.8,39.6
2abce79c-3bce-48f1-b0e6-87fb2c17d1ab,100530,2026-07-31T04:11:04.978728+00:00,33.09,409.5,48.4,38.8
2abce79c-3bce-48f1-b0e6-87fb2c17d1ab,100530,2026-07-31T05:11:04.978728+00:00,41.9,406.9,60.1,38.2
2abce79c-3bce-48f1-b0e6-87fb2c17d1ab,100530,2026-07-31T06:11:04.978728+00:00,48.38,406.8,70.5,40.2
2abce79c-3bce-48f1-b0e6-87fb2c17d1ab,100530,2026-07-31T07:11:04.978728+00:00,55.17,405.9,79.6,39.3
2abce79c-3bce-48f1-b0e6-87fb2c17d1ab,100530,2026-07-31T08:11:04.978728+00:00,33.04,411.0,45.6,38.2
2abce79c-3bce-48f1-b0e6-87fb2c17d1ab,100530,2026-07-31T09:11:04.978728+00:00,39.73,409.3,55.2,40.1
2abce79c-3bce-48f1-b0e6-87fb2c17d1ab,100530,2026-07-31T10:11:04.978728+00:00,60.38,404.0,85.5,43.1
2abce79c-3bce-48f1-b0e6-87fb2c17d1ab,100530,2026-07-31T11:11:04.978728+00:00,54.9,407.9,77.2,48.4
2abce79c-3bce-48f1-b0e6-87fb2c17d1ab,100530,2026-07-31T12:11:04.978728+00:00,54.16,405.6,77.8,45.9
2abce79c-3bce-48f1-b0e6-87fb2c17d1ab,100530,2026-07-31T13:11:04.978728+00:00,48.95,408.8,67.6,48.6
2abce79c-3bce-48f1-b0e6-87fb2c17d1ab,100530,2026-07-31T14:11:04.978728+00:00,40.83,408.8,58.4,45.6
2abce79c-3bce-48f1-b0e6-87fb2c17d1ab,100530,2026-07-31T15:11:04.978728+00:00,51.86,406.7,73.8,46.3
2abce79c-3bce-48f1-b0e6-87fb2c17d1ab,100530,2026-07-31T16:11:04.978728+00:00,62.94,404.1,88.4,53.1
2abce79c-3bce-48f1-b0e6-87fb2c17d1ab,100530,2026-07-31T17:11:04.978728+00:00,55.47,406.8,79.3,40.4
2abce79c-3bce-48f1-b0e6-87fb2c17d1ab,100530,2026-07-31T18:11:04.978728+00:00,67.01,403.2,96.5,44.4
2abce79c-3bce-48f1-b0e6-87fb2c17d1ab,100530,2026-07-31T19:11:04.978728+00:00,69.99,404.4,99.5,46.8
2abce79c-3bce-48f1-b0e6-87fb2c17d1ab,100530,2026-07-31T20:11:04.978728+00:00,54.9,406.0,78.6,39.1
2b339178-f41f-4021-8186-74112da577a6,157,2026-07-30T21:11:04.978728+00:00,81.42,403.3,28.5,48.6
2b339178-f41f-4021-8186-74112da577a6,157,2026-07-30T22:11:04.978728+00:00,76.29,405.5,29.0,46.0
2b339178-f41f-4021-8186-74112da577a6,157,2026-07-30T23:11:04.978728+00:00,25.62,412.9,9.9,34.3
2b339178-f41f-4021-8186-74112da577a6,157,2026-07-31T00:11:04.978728+00:00,48.25,406.3,17.6,36.9
2b339178-f41f-4021-8186-74112da577a6,157,2026-07-31T01:11:04.978728+00:00,47.95,407.9,16.0,39.3
2b339178-f41f-4021-8186-74112da577a6,157,2026-07-31T02:11:04.978728+00:00,31.41,408.4,12.9,36.8
2b339178-f41f-4021-8186-74112da577a6,157,2026-07-31T03:11:04.978728+00:00,40.19,407.6,14.8,36.7
2b339178-f41f-4021-8186-74112da577a6,157,2026-07-31T04:11:04.978728+00:00,51.67,407.4,19.2,39.1
2b339178-f41f-4021-8186-74112da577a6,157,2026-07-31T05:11:04.978728+00:00,46.46,410.0,16.7,38.3
2b339178-f41f-4021-8186-74112da577a6,157,2026-07-31T06:11:04.978728+00:00,41.06,408.1,15.6,36.2
2b339178-f41f-4021-8186-74112da577a6,157,2026-07-31T07:11:04.978728+00:00,57.21,405.0,19.1,41.3
2b339178-f41f-4021-8186-74112da577a6,157,2026-07-31T08:11:04.978728+00:00,59.96,405.9,19.7,40.0
2b339178-f41f-4021-8186-74112da577a6,157,2026-07-31T09:11:04.978728+00:00,57.91,405.0,19.3,41.8
2b339178-f41f-4021-8186-74112da577a6,157,2026-07-31T10:11:04.978728+00:00,49.41,408.7,15.8,38.2
2b339178-f41f-4021-8186-74112da577a6,157,2026-07-31T11:11:04.978728+00:00,43.35,408.0,14.2,46.1
2b339178-f41f-4021-8186-74112da577a6,157,2026-07-31T12:11:04.978728+00:00,50.73,407.4,18.4,48.5
2b339178-f41f-4021-8186-74112da577a6,157,2026-07-31T13:11:04.978728+00:00,47.3,406.0,15.9,43.3
2b339178-f41f-4021-8186-74112da577a6,157,2026-07-31T14:11:04.978728+00:00,42.3,410.0,12.9,47.6
2b339178-f41f-4021-8186-74112da577a6,157,2026-07-31T15:11:04.978728+00:00,57.43,407.2,20.4,50.9
2b339178-f41f-4021-8186-74112da577a6,157,2026-07-31T16:11:04.978728+00:00,34.62,408.0,13.6,44.6
2b339178-f41f-4021-8186-74112da577a6,157,2026-07-31T17:11:04.978728+00:00,41.51,408.0,12.7,39.6
2b339178-f41f-4021-8186-74112da577a6,157,2026-07-31T18:11:04.978728+00:00,73.52,404.0,27.2,46.9
2b339178-f41f-4021-8186-74112da577a6,157,2026-07-31T19:11:04.978728+00:00,72.03,402.2,24.9,46.5
2b339178-f41f-4021-8186-74112da577a6,157,2026-07-31T20:11:04.978728+00:00,54.64,407.7,20.9,40.6
2bc5ba32-2952-46ff-a10f-979ec28d2ce3,100585,2026-07-30T21:11:04.978728+00:00,98.69,379.5,299.1,68.8
2bc5ba32-2952-46ff-a10f-979ec28d2ce3,100585,2026-07-30T22:11:04.978728+00:00,82.78,384.5,249.1,57.1
2bc5ba32-2952-46ff-a10f-979ec28d2ce3,100585,2026-07-30T23:11:04.978728+00:00,103.75,378.1,315.1,69.6
2bc5ba32-2952-46ff-a10f-979ec28d2ce3,100585,2026-07-31T00:11:04.978728+00:00,94.98,381.3,286.2,63.4
2bc5ba32-2952-46ff-a10f-979ec28d2ce3,100585,2026-07-31T01:11:04.978728+00:00,98.3,381.5,298.9,69.0
2bc5ba32-2952-46ff-a10f-979ec28d2ce3,100585,2026-07-31T02:11:04.978728+00:00,91.72,380.5,278.5,61.5
2bc5ba32-2952-46ff-a10f-979ec28d2ce3,100585,2026-07-31T03:11:04.978728+00:00,102.27,377.4,312.5,71.8
2bc5ba32-2952-46ff-a10f-979ec28d2ce3,100585,2026-07-31T04:11:04.978728+00:00,95.04,384.2,283.9,63.2
2bc5ba32-2952-46ff-a10f-979ec28d2ce3,100585,2026-07-31T05:11:04.978728+00:00,80.38,385.4,239.0,55.2
2bc5ba32-2952-46ff-a10f-979ec28d2ce3,100585,2026-07-31T06:11:04.978728+00:00,96.33,383.9,289.2,66.3
2bc5ba32-2952-46ff-a10f-979ec28d2ce3,100585,2026-07-31T07:11:04.978728+00:00,101.42,377.7,309.9,69.3
2bc5ba32-2952-46ff-a10f-979ec28d2ce3,100585,2026-07-31T08:11:04.978728+00:00,90.26,386.2,269.8,63.1
2bc5ba32-2952-46ff-a10f-979ec28d2ce3,100585,2026-07-31T09:11:04.978728+00:00,91.09,381.6,274.3,63.0
2bc5ba32-2952-46ff-a10f-979ec28d2ce3,100585,2026-07-31T10:11:04.978728+00:00,98.53,380.3,299.4,65.9
2bc5ba32-2952-46ff-a10f-979ec28d2ce3,100585,2026-07-31T11:11:04.978728+00:00,102.7,380.5,313.0,70.9
2bc5ba32-2952-46ff-a10f-979ec28d2ce3,100585,2026-07-31T12:11:04.978728+00:00,99.41,377.7,302.0,69.9
2bc5ba32-2952-46ff-a10f-979ec28d2ce3,100585,2026-07-31T13:11:04.978728+00:00,88.15,385.9,264.5,60.7
2bc5ba32-2952-46ff-a10f-979ec28d2ce3,100585,2026-07-31T14:11:04.978728+00:00,88.02,385.5,262.1,59.4
2bc5ba32-2952-46ff-a10f-979ec28d2ce3,100585,2026-07-31T15:11:04.978728+00:00,99.05,382.1,299.9,67.7
2bc5ba32-2952-46ff-a10f-979ec28d2ce3,100585,2026-07-31T16:11:04.978728+00:00,88.93,386.5,267.6,59.7
2bc5ba32-2952-46ff-a10f-979ec28d2ce3,100585,2026-07-31T17:11:04.978728+00:00,95.52,381.2,289.4,64.9
2bc5ba32-2952-46ff-a10f-979ec28d2ce3,100585,2026-07-31T18:11:04.978728+00:00,84.78,382.8,254.8,58.9
2bc5ba32-2952-46ff-a10f-979ec28d2ce3,100585,2026-07-31T19:11:04.978728+00:00,96.27,381.7,292.7,64.5
2bc5ba32-2952-46ff-a10f-979ec28d2ce3,100585,2026-07-31T20:11:04.978728+00:00,90.98,384.1,275.0,61.9
2c2fdd4d-97a0-406d-90cb-02c63d9fdad0,101258,2026-07-30T21:11:04.978728+00:00,70.74,402.9,100.1,42.8
2c2fdd4d-97a0-406d-90cb-02c63d9fdad0,101258,2026-07-30T22:11:04.978728+00:00,66.55,405.7,96.6,43.6
2c2fdd4d-97a0-406d-90cb-02c63d9fdad0,101258,2026-07-30T23:11:04.978728+00:00,36.62,410.5,52.6,36.9
2c2fdd4d-97a0-406d-90cb-02c63d9fdad0,101258,2026-07-31T00:11:04.978728+00:00,46.46,409.4,66.6,38.1
2c2fdd4d-97a0-406d-90cb-02c63d9fdad0,101258,2026-07-31T01:11:04.978728+00:00,54.45,405.1,76.2,38.8
2c2fdd4d-97a0-406d-90cb-02c63d9fdad0,101258,2026-07-31T02:11:04.978728+00:00,50.08,408.1,71.6,38.9
2c2fdd4d-97a0-406d-90cb-02c63d9fdad0,101258,2026-07-31T03:11:04.978728+00:00,53.52,408.5,76.3,38.5
2c2fdd4d-97a0-406d-90cb-02c63d9fdad0,101258,2026-07-31T04:11:04.978728+00:00,47.06,406.1,66.0,37.9
2c2fdd4d-97a0-406d-90cb-02c63d9fdad0,101258,2026-07-31T05:11:04.978728+00:00,47.59,406.3,68.3,38.0
2c2fdd4d-97a0-406d-90cb-02c63d9fdad0,101258,2026-07-31T06:11:04.978728+00:00,43.64,407.6,63.3,38.2
2c2fdd4d-97a0-406d-90cb-02c63d9fdad0,101258,2026-07-31T07:11:04.978728+00:00,57.34,406.6,83.1,40.5
2c2fdd4d-97a0-406d-90cb-02c63d9fdad0,101258,2026-07-31T08:11:04.978728+00:00,34.61,410.0,47.1,36.8
2c2fdd4d-97a0-406d-90cb-02c63d9fdad0,101258,2026-07-31T09:11:04.978728+00:00,40.83,410.0,55.8,35.2
2c2fdd4d-97a0-406d-90cb-02c63d9fdad0,101258,2026-07-31T10:11:04.978728+00:00,48.62,406.5,71.0,37.1
2c2fdd4d-97a0-406d-90cb-02c63d9fdad0,101258,2026-07-31T11:11:04.978728+00:00,59.32,404.2,83.4,47.0
2c2fdd4d-97a0-406d-90cb-02c63d9fdad0,101258,2026-07-31T12:11:04.978728+00:00,50.95,409.2,71.9,43.1
2c2fdd4d-97a0-406d-90cb-02c63d9fdad0,101258,2026-07-31T13:11:04.978728+00:00,48.79,405.7,69.3,42.9
2c2fdd4d-97a0-406d-90cb-02c63d9fdad0,101258,2026-07-31T14:11:04.978728+00:00,48.74,408.0,69.5,47.3
2c2fdd4d-97a0-406d-90cb-02c63d9fdad0,101258,2026-07-31T15:11:04.978728+00:00,39.92,407.8,57.8,43.0
2c2fdd4d-97a0-406d-90cb-02c63d9fdad0,101258,2026-07-31T16:11:04.978728+00:00,48.44,408.6,68.4,43.3
2c2fdd4d-97a0-406d-90cb-02c63d9fdad0,101258,2026-07-31T17:11:04.978728+00:00,32.63,408.8,45.1,37.0
2c2fdd4d-97a0-406d-90cb-02c63d9fdad0,101258,2026-07-31T18:11:04.978728+00:00,65.29,405.0,94.6,42.8
2c2fdd4d-97a0-406d-90cb-02c63d9fdad0,101258,2026-07-31T19:11:04.978728+00:00,68.05,403.4,97.6,42.6
2c2fdd4d-97a0-406d-90cb-02c63d9fdad0,101258,2026-07-31T20:11:04.978728+00:00,79.67,401.6,114.8,47.1
2c5a39f8-b0eb-4a10-bddb-642846935bcc,100493,2026-07-30T21:11:04.978728+00:00,73.4,403.0,210.2,44.6
2c5a39f8-b0eb-4a10-bddb-642846935bcc,100493,2026-07-30T22:11:04.978728+00:00,77.04,402.4,219.5,46.1
2c5a39f8-b0eb-4a10-bddb-642846935bcc,100493,2026-07-30T23:11:04.978728+00:00,60.37,404.7,172.0,41.8
2c5a39f8-b0eb-4a10-bddb-642846935bcc,100493,2026-07-31T00:11:04.978728+00:00,50.87,406.1,145.7,40.4
2c5a39f8-b0eb-4a10-bddb-642846935bcc,100493,2026-07-31T01:11:04.978728+00:00,40.18,407.3,113.9,36.6
2c5a39f8-b0eb-4a10-bddb-642846935bcc,100493,2026-07-31T02:11:04.978728+00:00,58.99,404.5,169.1,37.9
2c5a39f8-b0eb-4a10-bddb-642846935bcc,100493,2026-07-31T03:11:04.978728+00:00,39.51,410.1,112.7,37.5
2c5a39f8-b0eb-4a10-bddb-642846935bcc,100493,2026-07-31T04:11:04.978728+00:00,38.1,409.6,106.1,36.0
2c5a39f8-b0eb-4a10-bddb-642846935bcc,100493,2026-07-31T05:11:04.978728+00:00,52.97,405.4,151.9,40.4
2c5a39f8-b0eb-4a10-bddb-642846935bcc,100493,2026-07-31T06:11:04.978728+00:00,51.98,406.9,145.7,37.1
2c5a39f8-b0eb-4a10-bddb-642846935bcc,100493,2026-07-31T07:11:04.978728+00:00,44.64,410.0,124.3,36.4
2c5a39f8-b0eb-4a10-bddb-642846935bcc,100493,2026-07-31T08:11:04.978728+00:00,36.7,409.6,102.8,35.1
2c5a39f8-b0eb-4a10-bddb-642846935bcc,100493,2026-07-31T09:11:04.978728+00:00,46.66,408.8,130.2,36.4
2c5a39f8-b0eb-4a10-bddb-642846935bcc,100493,2026-07-31T10:11:04.978728+00:00,31.73,410.4,90.4,34.2
2c5a39f8-b0eb-4a10-bddb-642846935bcc,100493,2026-07-31T11:11:04.978728+00:00,35.95,408.7,101.2,42.3
2c5a39f8-b0eb-4a10-bddb-642846935bcc,100493,2026-07-31T12:11:04.978728+00:00,55.77,406.4,157.7,50.0
2c5a39f8-b0eb-4a10-bddb-642846935bcc,100493,2026-07-31T13:11:04.978728+00:00,47.25,406.3,135.8,46.2
2c5a39f8-b0eb-4a10-bddb-642846935bcc,100493,2026-07-31T14:11:04.978728+00:00,30.94,410.5,86.8,46.0
2c5a39f8-b0eb-4a10-bddb-642846935bcc,100493,2026-07-31T15:11:04.978728+00:00,36.15,409.5,103.5,44.7
2c5a39f8-b0eb-4a10-bddb-642846935bcc,100493,2026-07-31T16:11:04.978728+00:00,38.56,408.4,110.7,40.2
2c5a39f8-b0eb-4a10-bddb-642846935bcc,100493,2026-07-31T17:11:04.978728+00:00,30.53,412.2,87.4,34.2
2c5a39f8-b0eb-4a10-bddb-642846935bcc,100493,2026-07-31T18:11:04.978728+00:00,78.95,402.9,227.3,46.4
2c5a39f8-b0eb-4a10-bddb-642846935bcc,100493,2026-07-31T19:11:04.978728+00:00,59.03,407.6,166.4,41.2
2c5a39f8-b0eb-4a10-bddb-642846935bcc,100493,2026-07-31T20:11:04.978728+00:00,59.92,406.9,171.1,40.3
2f73c275-c6a4-45e9-854c-4a6d8ea536c9,100558,2026-07-30T21:11:04.978728+00:00,99.52,380.6,476.3,74.8
2f73c275-c6a4-45e9-854c-4a6d8ea536c9,100558,2026-07-30T22:11:04.978728+00:00,88.72,383.9,422.2,67.5
2f73c275-c6a4-45e9-854c-4a6d8ea536c9,100558,2026-07-30T23:11:04.978728+00:00,97.42,382.4,464.6,74.4
2f73c275-c6a4-45e9-854c-4a6d8ea536c9,100558,2026-07-31T00:11:04.978728+00:00,98.86,377.9,474.4,74.1
2f73c275-c6a4-45e9-854c-4a6d8ea536c9,100558,2026-07-31T01:11:04.978728+00:00,96.77,380.5,462.2,73.2
2f73c275-c6a4-45e9-854c-4a6d8ea536c9,100558,2026-07-31T02:11:04.978728+00:00,93.91,382.4,446.5,70.5
2f73c275-c6a4-45e9-854c-4a6d8ea536c9,100558,2026-07-31T03:11:04.978728+00:00,93.77,380.9,447.2,70.7
2f73c275-c6a4-45e9-854c-4a6d8ea536c9,100558,2026-07-31T04:11:04.978728+00:00,86.08,387.9,402.8,64.3
2f73c275-c6a4-45e9-854c-4a6d8ea536c9,100558,2026-07-31T05:11:04.978728+00:00,98.03,378.3,472.3,73.7
2f73c275-c6a4-45e9-854c-4a6d8ea536c9,100558,2026-07-31T06:11:04.978728+00:00,90.43,381.1,431.4,68.3
2f73c275-c6a4-45e9-854c-4a6d8ea536c9,100558,2026-07-31T07:11:04.978728+00:00,90.27,381.4,431.4,69.6
2f73c275-c6a4-45e9-854c-4a6d8ea536c9,100558,2026-07-31T08:11:04.978728+00:00,80.31,385.4,380.4,60.8
2f73c275-c6a4-45e9-854c-4a6d8ea536c9,100558,2026-07-31T09:11:04.978728+00:00,80.84,384.8,382.6,64.2
2f73c275-c6a4-45e9-854c-4a6d8ea536c9,100558,2026-07-31T10:11:04.978728+00:00,99.22,382.8,470.8,74.8
2f73c275-c6a4-45e9-854c-4a6d8ea536c9,100558,2026-07-31T11:11:04.978728+00:00,98.21,378.1,472.7,74.9
2f73c275-c6a4-45e9-854c-4a6d8ea536c9,100558,2026-07-31T12:11:04.978728+00:00,104.62,377.2,503.3,76.1
2f73c275-c6a4-45e9-854c-4a6d8ea536c9,100558,2026-07-31T13:11:04.978728+00:00,104.55,378.4,501.2,76.8
2f73c275-c6a4-45e9-854c-4a6d8ea536c9,100558,2026-07-31T14:11:04.978728+00:00,91.73,382.1,434.7,69.1
2f73c275-c6a4-45e9-854c-4a6d8ea536c9,100558,2026-07-31T15:11:04.978728+00:00,93.63,381.7,448.1,71.0
2f73c275-c6a4-45e9-854c-4a6d8ea536c9,100558,2026-07-31T16:11:04.978728+00:00,104.14,379.2,499.2,77.8
2f73c275-c6a4-45e9-854c-4a6d8ea536c9,100558,2026-07-31T17:11:04.978728+00:00,104.87,380.4,501.3,79.8
2f73c275-c6a4-45e9-854c-4a6d8ea536c9,100558,2026-07-31T18:11:04.978728+00:00,101.22,381.7,482.3,73.8
2f73c275-c6a4-45e9-854c-4a6d8ea536c9,100558,2026-07-31T19:11:04.978728+00:00,85.89,383.3,407.1,64.8
2f73c275-c6a4-45e9-854c-4a6d8ea536c9,100558,2026-07-31T20:11:04.978728+00:00,92.25,382.2,440.3,69.6
6aacc9f8-c10d-400f-98d4-08b5de72f858,100576,2026-07-30T21:11:04.978728+00:00,85.06,385.8,256.4,58.2
6aacc9f8-c10d-400f-98d4-08b5de72f858,100576,2026-07-30T22:11:04.978728+00:00,84.8,387.1,251.5,58.0
6aacc9f8-c10d-400f-98d4-08b5de72f858,100576,2026-07-30T23:11:04.978728+00:00,91.21,385.1,275.0,61.2
6aacc9f8-c10d-400f-98d4-08b5de72f858,100576,2026-07-31T00:11:04.978728+00:00,84.99,384.4,255.2,59.6
6aacc9f8-c10d-400f-98d4-08b5de72f858,100576,2026-07-31T01:11:04.978728+00:00,99.46,379.6,301.7,69.0
6aacc9f8-c10d-400f-98d4-08b5de72f858,100576,2026-07-31T02:11:04.978728+00:00,83.94,387.7,250.4,59.9
6aacc9f8-c10d-400f-98d4-08b5de72f858,100576,2026-07-31T03:11:04.978728+00:00,102.84,381.1,312.4,70.0
6aacc9f8-c10d-400f-98d4-08b5de72f858,100576,2026-07-31T04:11:04.978728+00:00,88.4,383.1,266.3,59.8
6aacc9f8-c10d-400f-98d4-08b5de72f858,100576,2026-07-31T05:11:04.978728+00:00,103.84,377.9,318.1,73.4
6aacc9f8-c10d-400f-98d4-08b5de72f858,100576,2026-07-31T06:11:04.978728+00:00,102.24,380.4,309.6,72.2
6aacc9f8-c10d-400f-98d4-08b5de72f858,100576,2026-07-31T07:11:04.978728+00:00,104.24,379.5,316.2,70.8
6aacc9f8-c10d-400f-98d4-08b5de72f858,100576,2026-07-31T08:11:04.978728+00:00,81.66,384.6,243.5,57.7
6aacc9f8-c10d-400f-98d4-08b5de72f858,100576,2026-07-31T09:11:04.978728+00:00,103.02,377.8,313.9,70.5
6aacc9f8-c10d-400f-98d4-08b5de72f858,100576,2026-07-31T10:11:04.978728+00:00,85.85,384.2,256.3,60.6
6aacc9f8-c10d-400f-98d4-08b5de72f858,100576,2026-07-31T11:11:04.978728+00:00,94.34,383.9,282.8,66.7
6aacc9f8-c10d-400f-98d4-08b5de72f858,100576,2026-07-31T12:11:04.978728+00:00,95.57,381.7,290.2,65.5
6aacc9f8-c10d-400f-98d4-08b5de72f858,100576,2026-07-31T13:11:04.978728+00:00,103.8,381.6,315.3,70.5
6aacc9f8-c10d-400f-98d4-08b5de72f858,100576,2026-07-31T14:11:04.978728+00:00,96.62,380.2,295.3,65.3
6aacc9f8-c10d-400f-98d4-08b5de72f858,100576,2026-07-31T15:11:04.978728+00:00,87.39,385.0,261.6,62.6
6aacc9f8-c10d-400f-98d4-08b5de72f858,100576,2026-07-31T16:11:04.978728+00:00,83.81,388.1,250.7,56.7
6aacc9f8-c10d-400f-98d4-08b5de72f858,100576,2026-07-31T17:11:04.978728+00:00,84.23,387.6,249.9,60.6
6aacc9f8-c10d-400f-98d4-08b5de72f858,100576,2026-07-31T18:11:04.978728+00:00,103.78,379.4,317.3,73.2
6aacc9f8-c10d-400f-98d4-08b5de72f858,100576,2026-07-31T19:11:04.978728+00:00,82.31,385.8,246.6,59.1
6aacc9f8-c10d-400f-98d4-08b5de72f858,100576,2026-07-31T20:11:04.978728+00:00,89.43,383.4,269.7,60.6
6ad1855f-89d4-4151-aa53-1a3f71d660d8,100168,2026-07-30T21:11:04.978728+00:00,101.05,379.8,152.1,68.9
6ad1855f-89d4-4151-aa53-1a3f71d660d8,100168,2026-07-30T22:11:04.978728+00:00,102.14,380.8,155.0,72.1
6ad1855f-89d4-4151-aa53-1a3f71d660d8,100168,2026-07-30T23:11:04.978728+00:00,104.35,376.3,161.3,73.2
6ad1855f-89d4-4151-aa53-1a3f71d660d8,100168,2026-07-31T00:11:04.978728+00:00,91.58,385.4,138.1,62.3
6ad1855f-89d4-4151-aa53-1a3f71d660d8,100168,2026-07-31T01:11:04.978728+00:00,87.61,381.6,133.3,61.3
6ad1855f-89d4-4151-aa53-1a3f71d660d8,100168,2026-07-31T02:11:04.978728+00:00,100.24,378.2,153.6,71.2
6ad1855f-89d4-4151-aa53-1a3f71d660d8,100168,2026-07-31T03:11:04.978728+00:00,88.64,384.4,134.5,62.3
6ad1855f-89d4-4151-aa53-1a3f71d660d8,100168,2026-07-31T04:11:04.978728+00:00,83.45,383.4,126.9,59.9
6ad1855f-89d4-4151-aa53-1a3f71d660d8,100168,2026-07-31T05:11:04.978728+00:00,86.19,382.9,128.6,59.0
6ad1855f-89d4-4151-aa53-1a3f71d660d8,100168,2026-07-31T06:11:04.978728+00:00,99.21,380.7,150.2,68.3
6ad1855f-89d4-4151-aa53-1a3f71d660d8,100168,2026-07-31T07:11:04.978728+00:00,91.21,384.6,136.1,62.1
6ad1855f-89d4-4151-aa53-1a3f71d660d8,100168,2026-07-31T08:11:04.978728+00:00,82.39,389.1,123.6,56.5
6ad1855f-89d4-4151-aa53-1a3f71d660d8,100168,2026-07-31T09:11:04.978728+00:00,94.7,380.4,144.4,66.2
6ad1855f-89d4-4151-aa53-1a3f71d660d8,100168,2026-07-31T10:11:04.978728+00:00,102.43,378.6,154.4,69.9
6ad1855f-89d4-4151-aa53-1a3f71d660d8,100168,2026-07-31T11:11:04.978728+00:00,95.76,382.7,142.8,65.5
6ad1855f-89d4-4151-aa53-1a3f71d660d8,100168,2026-07-31T12:11:04.978728+00:00,82.52,383.2,122.6,57.8
6ad1855f-89d4-4151-aa53-1a3f71d660d8,100168,2026-07-31T13:11:04.978728+00:00,87.01,386.0,129.0,59.2
6ad1855f-89d4-4151-aa53-1a3f71d660d8,100168,2026-07-31T14:11:04.978728+00:00,91.55,383.0,136.3,64.1
6ad1855f-89d4-4151-aa53-1a3f71d660d8,100168,2026-07-31T15:11:04.978728+00:00,98.27,378.2,149.8,66.8
6ad1855f-89d4-4151-aa53-1a3f71d660d8,100168,2026-07-31T16:11:04.978728+00:00,85.82,387.8,129.3,60.6
6ad1855f-89d4-4151-aa53-1a3f71d660d8,100168,2026-07-31T17:11:04.978728+00:00,93.01,380.7,140.5,65.5
6ad1855f-89d4-4151-aa53-1a3f71d660d8,100168,2026-07-31T18:11:04.978728+00:00,85.04,383.9,126.9,59.8
6ad1855f-89d4-4151-aa53-1a3f71d660d8,100168,2026-07-31T19:11:04.978728+00:00,101.69,382.2,153.7,71.4
6ad1855f-89d4-4151-aa53-1a3f71d660d8,100168,2026-07-31T20:11:04.978728+00:00,89.76,385.8,136.0,62.0
6af2d287-c169-48f3-bc41-1cd580b3ab3f,100276,2026-07-30T21:11:04.978728+00:00,87.11,381.9,414.3,66.2
6af2d287-c169-48f3-bc41-1cd580b3ab3f,100276,2026-07-30T22:11:04.978728+00:00,103.46,376.0,500.0,77.6
6af2d287-c169-48f3-bc41-1cd580b3ab3f,100276,2026-07-30T23:11:04.978728+00:00,98.9,379.8,475.6,71.2
6af2d287-c169-48f3-bc41-1cd580b3ab3f,100276,2026-07-31T00:11:04.978728+00:00,100.38,380.8,479.3,74.1
6af2d287-c169-48f3-bc41-1cd580b3ab3f,100276,2026-07-31T01:11:04.978728+00:00,103.6,378.7,497.1,78.0
6af2d287-c169-48f3-bc41-1cd580b3ab3f,100276,2026-07-31T02:11:04.978728+00:00,99.9,378.1,481.7,71.7
6af2d287-c169-48f3-bc41-1cd580b3ab3f,100276,2026-07-31T03:11:04.978728+00:00,96.04,379.2,459.0,69.6
6af2d287-c169-48f3-bc41-1cd580b3ab3f,100276,2026-07-31T04:11:04.978728+00:00,87.55,387.3,412.2,64.9
6af2d287-c169-48f3-bc41-1cd580b3ab3f,100276,2026-07-31T05:11:04.978728+00:00,96.04,383.5,453.7,70.2
6af2d287-c169-48f3-bc41-1cd580b3ab3f,100276,2026-07-31T06:11:04.978728+00:00,85.53,384.6,403.2,63.9
6af2d287-c169-48f3-bc41-1cd580b3ab3f,100276,2026-07-31T07:11:04.978728+00:00,102.67,381.4,491.0,73.7
6af2d287-c169-48f3-bc41-1cd580b3ab3f,100276,2026-07-31T08:11:04.978728+00:00,103.39,381.2,493.8,74.3
6af2d287-c169-48f3-bc41-1cd580b3ab3f,100276,2026-07-31T09:11:04.978728+00:00,103.62,377.6,499.2,74.5
6af2d287-c169-48f3-bc41-1cd580b3ab3f,100276,2026-07-31T10:11:04.978728+00:00,102.12,377.5,494.0,74.3
6af2d287-c169-48f3-bc41-1cd580b3ab3f,100276,2026-07-31T11:11:04.978728+00:00,100.78,377.2,485.9,73.8
6af2d287-c169-48f3-bc41-1cd580b3ab3f,100276,2026-07-31T12:11:04.978728+00:00,88.42,386.2,415.7,64.6
6af2d287-c169-48f3-bc41-1cd580b3ab3f,100276,2026-07-31T13:11:04.978728+00:00,84.35,384.9,400.4,65.1
6af2d287-c169-48f3-bc41-1cd580b3ab3f,100276,2026-07-31T14:11:04.978728+00:00,87.75,383.8,417.6,64.5
6af2d287-c169-48f3-bc41-1cd580b3ab3f,100276,2026-07-31T15:11:04.978728+00:00,87.73,384.9,413.6,66.4
6af2d287-c169-48f3-bc41-1cd580b3ab3f,100276,2026-07-31T16:11:04.978728+00:00,86.64,383.9,412.3,66.5
6af2d287-c169-48f3-bc41-1cd580b3ab3f,100276,2026-07-31T17:11:04.978728+00:00,82.77,384.5,393.2,61.5
6af2d287-c169-48f3-bc41-1cd580b3ab3f,100276,2026-07-31T18:11:04.978728+00:00,81.39,388.2,380.5,62.3
6af2d287-c169-48f3-bc41-1cd580b3ab3f,100276,2026-07-31T19:11:04.978728+00:00,88.79,383.7,419.1,65.7
6af2d287-c169-48f3-bc41-1cd580b3ab3f,100276,2026-07-31T20:11:04.978728+00:00,95.7,379.2,458.8,68.9
6c052064-3adc-488c-8842-0186f6b0f490,101002,2026-07-30T21:11:04.978728+00:00,88.63,381.8,268.9,60.9
6c052064-3adc-488c-8842-0186f6b0f490,101002,2026-07-30T22:11:04.978728+00:00,82.07,386.2,244.1,56.1
6c052064-3adc-488c-8842-0186f6b0f490,101002,2026-07-30T23:11:04.978728+00:00,81.26,388.0,242.9,53.7
6c052064-3adc-488c-8842-0186f6b0f490,101002,2026-07-31T00:11:04.978728+00:00,93.65,379.6,284.7,61.8
6c052064-3adc-488c-8842-0186f6b0f490,101002,2026-07-31T01:11:04.978728+00:00,104.53,381.2,318.2,72.0
6c052064-3adc-488c-8842-0186f6b0f490,101002,2026-07-31T02:11:04.978728+00:00,94.23,383.7,283.5,63.0
6c052064-3adc-488c-8842-0186f6b0f490,101002,2026-07-31T03:11:04.978728+00:00,81.55,385.1,244.6,53.4
6c052064-3adc-488c-8842-0186f6b0f490,101002,2026-07-31T04:11:04.978728+00:00,104.9,377.9,321.6,70.9
6c052064-3adc-488c-8842-0186f6b0f490,101002,2026-07-31T05:11:04.978728+00:00,90.67,382.2,273.1,58.8
6c052064-3adc-488c-8842-0186f6b0f490,101002,2026-07-31T06:11:04.978728+00:00,94.69,382.6,285.4,61.5
6c052064-3adc-488c-8842-0186f6b0f490,101002,2026-07-31T07:11:04.978728+00:00,83.3,384.9,251.8,56.3
6c052064-3adc-488c-8842-0186f6b0f490,101002,2026-07-31T08:11:04.978728+00:00,100.09,382.4,301.0,68.6
6c052064-3adc-488c-8842-0186f6b0f490,101002,2026-07-31T09:11:04.978728+00:00,99.59,377.4,304.8,67.9
6c052064-3adc-488c-8842-0186f6b0f490,101002,2026-07-31T10:11:04.978728+00:00,85.11,385.4,256.0,58.7
6c052064-3adc-488c-8842-0186f6b0f490,101002,2026-07-31T11:11:04.978728+00:00,102.08,381.4,307.2,67.8
6c052064-3adc-488c-8842-0186f6b0f490,101002,2026-07-31T12:11:04.978728+00:00,81.5,384.2,245.4,54.6
6c052064-3adc-488c-8842-0186f6b0f490,101002,2026-07-31T13:11:04.978728+00:00,86.91,383.1,261.2,59.3
6c052064-3adc-488c-8842-0186f6b0f490,101002,2026-07-31T14:11:04.978728+00:00,82.19,386.1,245.6,56.8
6c052064-3adc-488c-8842-0186f6b0f490,101002,2026-07-31T15:11:04.978728+00:00,88.86,383.8,265.4,61.0
6c052064-3adc-488c-8842-0186f6b0f490,101002,2026-07-31T16:11:04.978728+00:00,90.19,385.0,271.9,61.0
6c052064-3adc-488c-8842-0186f6b0f490,101002,2026-07-31T17:11:04.978728+00:00,81.72,387.8,241.7,55.8
6c052064-3adc-488c-8842-0186f6b0f490,101002,2026-07-31T18:11:04.978728+00:00,99.1,380.8,300.6,66.3
6c052064-3adc-488c-8842-0186f6b0f490,101002,2026-07-31T19:11:04.978728+00:00,90.68,383.5,272.7,62.4
6c052064-3adc-488c-8842-0186f6b0f490,101002,2026-07-31T20:11:04.978728+00:00,96.29,379.6,293.1,66.0
6c5325de-2497-48e8-8f93-8ce1db297bc8,100864,2026-07-30T21:11:04.978728+00:00,88.44,383.9,265.0,63.4
6c5325de-2497-48e8-8f93-8ce1db297bc8,100864,2026-07-30T22:11:04.978728+00:00,95.2,379.3,290.7,66.2
6c5325de-2497-48e8-8f93-8ce1db297bc8,100864,2026-07-30T23:11:04.978728+00:00,83.97,386.1,249.9,59.7
6c5325de-2497-48e8-8f93-8ce1db297bc8,100864,2026-07-31T00:11:04.978728+00:00,83.21,387.1,246.7,59.6
6c5325de-2497-48e8-8f93-8ce1db297bc8,100864,2026-07-31T01:11:04.978728+00:00,81.98,383.9,246.6,58.0
6c5325de-2497-48e8-8f93-8ce1db297bc8,100864,2026-07-31T02:11:04.978728+00:00,82.72,388.1,246.3,59.7
6c5325de-2497-48e8-8f93-8ce1db297bc8,100864,2026-07-31T03:11:04.978728+00:00,95.25,381.5,286.5,66.5
6c5325de-2497-48e8-8f93-8ce1db297bc8,100864,2026-07-31T04:11:04.978728+00:00,86.78,382.6,262.9,61.0
6c5325de-2497-48e8-8f93-8ce1db297bc8,100864,2026-07-31T05:11:04.978728+00:00,93.65,380.3,285.6,65.1
6c5325de-2497-48e8-8f93-8ce1db297bc8,100864,2026-07-31T06:11:04.978728+00:00,90.43,383.2,270.9,63.8
6c5325de-2497-48e8-8f93-8ce1db297bc8,100864,2026-07-31T07:11:04.978728+00:00,85.21,386.6,255.6,60.0
6c5325de-2497-48e8-8f93-8ce1db297bc8,100864,2026-07-31T08:11:04.978728+00:00,87.25,384.2,263.4,63.1
6c5325de-2497-48e8-8f93-8ce1db297bc8,100864,2026-07-31T09:11:04.978728+00:00,85.26,386.1,254.0,59.7
6c5325de-2497-48e8-8f93-8ce1db297bc8,100864,2026-07-31T10:11:04.978728+00:00,100.86,382.3,305.1,71.5
6c5325de-2497-48e8-8f93-8ce1db297bc8,100864,2026-07-31T11:11:04.978728+00:00,96.0,381.5,290.2,68.2
6c5325de-2497-48e8-8f93-8ce1db297bc8,100864,2026-07-31T12:11:04.978728+00:00,99.9,377.8,303.5,69.7
6c5325de-2497-48e8-8f93-8ce1db297bc8,100864,2026-07-31T13:11:04.978728+00:00,80.1,389.7,236.8,58.2
6c5325de-2497-48e8-8f93-8ce1db297bc8,100864,2026-07-31T14:11:04.978728+00:00,83.94,387.5,249.7,61.4
6c5325de-2497-48e8-8f93-8ce1db297bc8,100864,2026-07-31T15:11:04.978728+00:00,87.96,384.4,262.3,61.2
6c5325de-2497-48e8-8f93-8ce1db297bc8,100864,2026-07-31T16:11:04.978728+00:00,93.4,381.4,281.1,66.1
6c5325de-2497-48e8-8f93-8ce1db297bc8,100864,2026-07-31T17:11:04.978728+00:00,84.21,385.3,251.5,57.8
6c5325de-2497-48e8-8f93-8ce1db297bc8,100864,2026-07-31T18:11:04.978728+00:00,81.15,384.3,243.7,59.8
6c5325de-2497-48e8-8f93-8ce1db297bc8,100864,2026-07-31T19:11:04.978728+00:00,104.91,377.1,322.7,74.6
6c5325de-2497-48e8-8f93-8ce1db297bc8,100864,2026-07-31T20:11:04.978728+00:00,104.73,375.4,320.6,72.1
6c9fc1b5-af52-4479-b902-7ef5ba4646f5,151,2026-07-30T21:11:04.978728+00:00,136.01,338.4,233.1,142.1
6c9fc1b5-af52-4479-b902-7ef5ba4646f5,151,2026-07-30T22:11:04.978728+00:00,133.05,340.1,226.2,139.2
6c9fc1b5-af52-4479-b902-7ef5ba4646f5,151,2026-07-30T23:11:04.978728+00:00,128.74,345.3,215.0,133.4
6c9fc1b5-af52-4479-b902-7ef5ba4646f5,151,2026-07-31T00:11:04.978728+00:00,123.01,347.8,204.4,127.8
6c9fc1b5-af52-4479-b902-7ef5ba4646f5,151,2026-07-31T01:11:04.978728+00:00,132.25,341.3,223.3,138.7
6c9fc1b5-af52-4479-b902-7ef5ba4646f5,151,2026-07-31T02:11:04.978728+00:00,111.04,354.0,182.4,114.8
6c9fc1b5-af52-4479-b902-7ef5ba4646f5,151,2026-07-31T03:11:04.978728+00:00,126.11,347.6,211.3,129.1
6c9fc1b5-af52-4479-b902-7ef5ba4646f5,151,2026-07-31T04:11:04.978728+00:00,117.4,348.9,194.1,119.4
6c9fc1b5-af52-4479-b902-7ef5ba4646f5,151,2026-07-31T05:11:04.978728+00:00,119.2,348.3,197.1,121.9
6c9fc1b5-af52-4479-b902-7ef5ba4646f5,151,2026-07-31T06:11:04.978728+00:00,111.2,352.6,181.3,113.4
6c9fc1b5-af52-4479-b902-7ef5ba4646f5,151,2026-07-31T07:11:04.978728+00:00,139.8,336.2,240.9,144.7
6c9fc1b5-af52-4479-b902-7ef5ba4646f5,151,2026-07-31T08:11:04.978728+00:00,111.75,354.9,183.6,113.0
6c9fc1b5-af52-4479-b902-7ef5ba4646f5,151,2026-07-31T09:11:04.978728+00:00,136.05,342.4,228.0,141.5
6c9fc1b5-af52-4479-b902-7ef5ba4646f5,151,2026-07-31T10:11:04.978728+00:00,119.02,348.0,198.6,123.1
6c9fc1b5-af52-4479-b902-7ef5ba4646f5,151,2026-07-31T11:11:04.978728+00:00,139.53,335.3,240.8,144.6
6c9fc1b5-af52-4479-b902-7ef5ba4646f5,151,2026-07-31T12:11:04.978728+00:00,130.88,341.9,220.2,134.0
6c9fc1b5-af52-4479-b902-7ef5ba4646f5,151,2026-07-31T13:11:04.978728+00:00,121.31,348.3,203.1,126.0
6c9fc1b5-af52-4479-b902-7ef5ba4646f5,151,2026-07-31T14:11:04.978728+00:00,125.97,344.6,212.3,130.8
6c9fc1b5-af52-4479-b902-7ef5ba4646f5,151,2026-07-31T15:11:04.978728+00:00,131.67,343.7,223.1,137.2
6c9fc1b5-af52-4479-b902-7ef5ba4646f5,151,2026-07-31T16:11:04.978728+00:00,133.91,340.9,225.2,138.1
6c9fc1b5-af52-4479-b902-7ef5ba4646f5,151,2026-07-31T17:11:04.978728+00:00,138.77,341.3,235.0,145.5
6c9fc1b5-af52-4479-b902-7ef5ba4646f5,151,2026-07-31T18:11:04.978728+00:00,123.35,346.0,205.2,125.7
6c9fc1b5-af52-4479-b902-7ef5ba4646f5,151,2026-07-31T19:11:04.978728+00:00,133.52,342.0,224.1,140.0
6c9fc1b5-af52-4479-b902-7ef5ba4646f5,151,2026-07-31T20:11:04.978728+00:00,139.89,335.9,240.4,148.2
6d5bde17-27cd-4171-a9b1-051d11feeca3,100554,2026-07-30T21:11:04.978728+00:00,101.15,379.0,95.9,67.6
6d5bde17-27cd-4171-a9b1-051d11feeca3,100554,2026-07-30T22:11:04.978728+00:00,87.55,383.8,83.9,60.0
6d5bde17-27cd-4171-a9b1-051d11feeca3,100554,2026-07-30T23:11:04.978728+00:00,99.7,378.3,97.4,66.2
6d5bde17-27cd-4171-a9b1-051d11feeca3,100554,2026-07-31T00:11:04.978728+00:00,94.16,384.5,89.4,65.3
6d5bde17-27cd-4171-a9b1-051d11feeca3,100554,2026-07-31T01:11:04.978728+00:00,95.66,379.5,90.1,65.5
6d5bde17-27cd-4171-a9b1-051d11feeca3,100554,2026-07-31T02:11:04.978728+00:00,102.86,379.8,99.8,72.0
6d5bde17-27cd-4171-a9b1-051d11feeca3,100554,2026-07-31T03:11:04.978728+00:00,92.02,382.5,87.1,61.2
6d5bde17-27cd-4171-a9b1-051d11feeca3,100554,2026-07-31T04:11:04.978728+00:00,98.31,383.0,95.4,68.8
6d5bde17-27cd-4171-a9b1-051d11feeca3,100554,2026-07-31T05:11:04.978728+00:00,103.36,380.0,98.4,69.4
6d5bde17-27cd-4171-a9b1-051d11feeca3,100554,2026-07-31T06:11:04.978728+00:00,92.21,382.8,88.4,63.2
6d5bde17-27cd-4171-a9b1-051d11feeca3,100554,2026-07-31T07:11:04.978728+00:00,96.0,384.4,89.6,64.5
6d5bde17-27cd-4171-a9b1-051d11feeca3,100554,2026-07-31T08:11:04.978728+00:00,95.01,380.1,89.1,63.5
6d5bde17-27cd-4171-a9b1-051d11feeca3,100554,2026-07-31T09:11:04.978728+00:00,80.03,385.7,75.8,56.3
6d5bde17-27cd-4171-a9b1-051d11feeca3,100554,2026-07-31T10:11:04.978728+00:00,89.79,386.1,83.0,62.5
6d5bde17-27cd-4171-a9b1-051d11feeca3,100554,2026-07-31T11:11:04.978728+00:00,90.6,384.6,86.9,60.9
6d5bde17-27cd-4171-a9b1-051d11feeca3,100554,2026-07-31T12:11:04.978728+00:00,95.89,379.5,89.9,65.3
6d5bde17-27cd-4171-a9b1-051d11feeca3,100554,2026-07-31T13:11:04.978728+00:00,92.29,384.2,85.5,64.1
6d5bde17-27cd-4171-a9b1-051d11feeca3,100554,2026-07-31T14:11:04.978728+00:00,95.05,378.9,89.6,64.8
6d5bde17-27cd-4171-a9b1-051d11feeca3,100554,2026-07-31T15:11:04.978728+00:00,97.26,383.6,90.4,67.2
6d5bde17-27cd-4171-a9b1-051d11feeca3,100554,2026-07-31T16:11:04.978728+00:00,85.04,383.8,81.3,57.6
6d5bde17-27cd-4171-a9b1-051d11feeca3,100554,2026-07-31T17:11:04.978728+00:00,80.2,385.8,76.8,54.9
6d5bde17-27cd-4171-a9b1-051d11feeca3,100554,2026-07-31T18:11:04.978728+00:00,82.01,388.5,76.7,57.2
6d5bde17-27cd-4171-a9b1-051d11feeca3,100554,2026-07-31T19:11:04.978728+00:00,84.83,387.3,79.1,58.8
6d5bde17-27cd-4171-a9b1-051d11feeca3,100554,2026-07-31T20:11:04.978728+00:00,91.5,384.5,84.9,61.5
6daf5f6a-91d9-4a98-99b1-3580881d1789,100214,2026-07-30T21:11:04.978728+00:00,85.65,385.7,258.0,66.9
6daf5f6a-91d9-4a98-99b1-3580881d1789,100214,2026-07-30T22:11:04.978728+00:00,88.85,382.5,269.8,69.7
6daf5f6a-91d9-4a98-99b1-3580881d1789,100214,2026-07-30T23:11:04.978728+00:00,101.09,377.6,308.9,77.3
6daf5f6a-91d9-4a98-99b1-3580881d1789,100214,2026-07-31T00:11:04.978728+00:00,83.49,383.4,253.3,63.3
6daf5f6a-91d9-4a98-99b1-3580881d1789,100214,2026-07-31T01:11:04.978728+00:00,82.96,384.5,250.1,65.3
6daf5f6a-91d9-4a98-99b1-3580881d1789,100214,2026-07-31T02:11:04.978728+00:00,100.84,376.7,307.8,77.3
6daf5f6a-91d9-4a98-99b1-3580881d1789,100214,2026-07-31T03:11:04.978728+00:00,95.28,382.2,287.1,71.3
6daf5f6a-91d9-4a98-99b1-3580881d1789,100214,2026-07-31T04:11:04.978728+00:00,83.84,386.8,249.2,65.9
6daf5f6a-91d9-4a98-99b1-3580881d1789,100214,2026-07-31T05:11:04.978728+00:00,100.48,379.2,307.8,75.6
6daf5f6a-91d9-4a98-99b1-3580881d1789,100214,2026-07-31T06:11:04.978728+00:00,84.16,387.8,252.2,67.4
6daf5f6a-91d9-4a98-99b1-3580881d1789,100214,2026-07-31T07:11:04.978728+00:00,85.98,382.3,259.0,64.7
6daf5f6a-91d9-4a98-99b1-3580881d1789,100214,2026-07-31T08:11:04.978728+00:00,94.95,384.5,285.3,74.0
6daf5f6a-91d9-4a98-99b1-3580881d1789,100214,2026-07-31T09:11:04.978728+00:00,104.78,378.7,318.6,80.1
6daf5f6a-91d9-4a98-99b1-3580881d1789,100214,2026-07-31T10:11:04.978728+00:00,102.28,380.5,311.0,76.7
6daf5f6a-91d9-4a98-99b1-3580881d1789,100214,2026-07-31T11:11:04.978728+00:00,104.91,379.7,317.6,80.6
6daf5f6a-91d9-4a98-99b1-3580881d1789,100214,2026-07-31T12:11:04.978728+00:00,94.17,380.2,285.3,71.9
6daf5f6a-91d9-4a98-99b1-3580881d1789,100214,2026-07-31T13:11:04.978728+00:00,92.9,381.8,279.4,72.7
6daf5f6a-91d9-4a98-99b1-3580881d1789,100214,2026-07-31T14:11:04.978728+00:00,93.89,384.7,282.3,71.3
6daf5f6a-91d9-4a98-99b1-3580881d1789,100214,2026-07-31T15:11:04.978728+00:00,87.38,384.4,262.8,67.9
6daf5f6a-91d9-4a98-99b1-3580881d1789,100214,2026-07-31T16:11:04.978728+00:00,103.41,381.2,312.8,77.2
6daf5f6a-91d9-4a98-99b1-3580881d1789,100214,2026-07-31T17:11:04.978728+00:00,99.92,381.1,303.9,77.3
6daf5f6a-91d9-4a98-99b1-3580881d1789,100214,2026-07-31T18:11:04.978728+00:00,83.97,384.6,251.8,66.4
6daf5f6a-91d9-4a98-99b1-3580881d1789,100214,2026-07-31T19:11:04.978728+00:00,95.09,379.1,287.7,72.6
6daf5f6a-91d9-4a98-99b1-3580881d1789,100214,2026-07-31T20:11:04.978728+00:00,90.5,385.0,272.7,69.0
6ddc7d4c-e94c-41b0-93a4-2d5f30ba5dd0,101041,2026-07-30T21:11:04.978728+00:00,82.29,383.9,124.7,79.6
6ddc7d4c-e94c-41b0-93a4-2d5f30ba5dd0,101041,2026-07-30T22:11:04.978728+00:00,103.49,377.5,159.8,93.7
6ddc7d4c-e94c-41b0-93a4-2d5f30ba5dd0,101041,2026-07-30T23:11:04.978728+00:00,80.78,386.4,119.7,78.5
6ddc7d4c-e94c-41b0-93a4-2d5f30ba5dd0,101041,2026-07-31T00:11:04.978728+00:00,88.66,384.6,134.1,82.1
6ddc7d4c-e94c-41b0-93a4-2d5f30ba5dd0,101041,2026-07-31T01:11:04.978728+00:00,93.98,380.0,144.6,86.9
6ddc7d4c-e94c-41b0-93a4-2d5f30ba5dd0,101041,2026-07-31T02:11:04.978728+00:00,94.45,383.1,141.7,89.0
6ddc7d4c-e94c-41b0-93a4-2d5f30ba5dd0,101041,2026-07-31T03:11:04.978728+00:00,93.92,382.8,142.8,87.6
6ddc7d4c-e94c-41b0-93a4-2d5f30ba5dd0,101041,2026-07-31T04:11:04.978728+00:00,98.69,382.0,148.9,90.6
6ddc7d4c-e94c-41b0-93a4-2d5f30ba5dd0,101041,2026-07-31T05:11:04.978728+00:00,89.74,385.9,134.9,83.2
6ddc7d4c-e94c-41b0-93a4-2d5f30ba5dd0,101041,2026-07-31T06:11:04.978728+00:00,96.96,380.1,147.7,89.7
6ddc7d4c-e94c-41b0-93a4-2d5f30ba5dd0,101041,2026-07-31T07:11:04.978728+00:00,85.3,384.5,128.7,80.1
6ddc7d4c-e94c-41b0-93a4-2d5f30ba5dd0,101041,2026-07-31T08:11:04.978728+00:00,101.36,379.9,153.6,92.9
6ddc7d4c-e94c-41b0-93a4-2d5f30ba5dd0,101041,2026-07-31T09:11:04.978728+00:00,89.91,385.4,133.7,84.7
6ddc7d4c-e94c-41b0-93a4-2d5f30ba5dd0,101041,2026-07-31T10:11:04.978728+00:00,96.0,383.0,142.8,87.0
6ddc7d4c-e94c-41b0-93a4-2d5f30ba5dd0,101041,2026-07-31T11:11:04.978728+00:00,83.55,386.6,123.9,79.6
6ddc7d4c-e94c-41b0-93a4-2d5f30ba5dd0,101041,2026-07-31T12:11:04.978728+00:00,93.04,385.2,140.1,88.5
6ddc7d4c-e94c-41b0-93a4-2d5f30ba5dd0,101041,2026-07-31T13:11:04.978728+00:00,82.25,385.2,122.4,80.8
6ddc7d4c-e94c-41b0-93a4-2d5f30ba5dd0,101041,2026-07-31T14:11:04.978728+00:00,104.91,375.3,160.4,96.6
6ddc7d4c-e94c-41b0-93a4-2d5f30ba5dd0,101041,2026-07-31T15:11:04.978728+00:00,97.69,381.5,148.4,90.9
6ddc7d4c-e94c-41b0-93a4-2d5f30ba5dd0,101041,2026-07-31T16:11:04.978728+00:00,93.81,384.3,141.5,86.6
6ddc7d4c-e94c-41b0-93a4-2d5f30ba5dd0,101041,2026-07-31T17:11:04.978728+00:00,92.52,380.9,141.8,87.5
6ddc7d4c-e94c-41b0-93a4-2d5f30ba5dd0,101041,2026-07-31T18:11:04.978728+00:00,103.16,378.6,158.7,94.0
6ddc7d4c-e94c-41b0-93a4-2d5f30ba5dd0,101041,2026-07-31T19:11:04.978728+00:00,102.51,378.6,157.9,94.2
6ddc7d4c-e94c-41b0-93a4-2d5f30ba5dd0,101041,2026-07-31T20:11:04.978728+00:00,82.12,388.4,123.0,78.7
6e51ae86-5060-4557-971b-4f540c4f6d5d,100712,2026-07-30T21:11:04.978728+00:00,52.25,407.4,19.9,43.4
6e51ae86-5060-4557-971b-4f540c4f6d5d,100712,2026-07-30T22:11:04.978728+00:00,65.89,405.9,21.9,44.9
6e51ae86-5060-4557-971b-4f540c4f6d5d,100712,2026-07-30T23:11:04.978728+00:00,47.3,406.1,17.7,40.0
6e51ae86-5060-4557-971b-4f540c4f6d5d,100712,2026-07-31T00:11:04.978728+00:00,43.34,406.9,14.4,41.3
6e51ae86-5060-4557-971b-4f540c4f6d5d,100712,2026-07-31T01:11:04.978728+00:00,51.69,406.9,16.8,45.6
6e51ae86-5060-4557-971b-4f540c4f6d5d,100712,2026-07-31T02:11:04.978728+00:00,48.5,406.8,15.2,43.6
6e51ae86-5060-4557-971b-4f540c4f6d5d,100712,2026-07-31T03:11:04.978728+00:00,32.29,409.5,12.0,41.6
6e51ae86-5060-4557-971b-4f540c4f6d5d,100712,2026-07-31T04:11:04.978728+00:00,53.06,407.5,18.5,42.6
6e51ae86-5060-4557-971b-4f540c4f6d5d,100712,2026-07-31T05:11:04.978728+00:00,38.66,410.1,14.4,39.4
6e51ae86-5060-4557-971b-4f540c4f6d5d,100712,2026-07-31T06:11:04.978728+00:00,36.21,408.8,13.4,39.1
6e51ae86-5060-4557-971b-4f540c4f6d5d,100712,2026-07-31T07:11:04.978728+00:00,40.55,409.6,12.7,39.9
6e51ae86-5060-4557-971b-4f540c4f6d5d,100712,2026-07-31T08:11:04.978728+00:00,45.41,406.5,17.6,44.1
6e51ae86-5060-4557-971b-4f540c4f6d5d,100712,2026-07-31T09:11:04.978728+00:00,42.96,410.3,14.8,41.4
6e51ae86-5060-4557-971b-4f540c4f6d5d,100712,2026-07-31T10:11:04.978728+00:00,39.16,407.4,15.8,42.4
6e51ae86-5060-4557-971b-4f540c4f6d5d,100712,2026-07-31T11:11:04.978728+00:00,50.02,407.0,17.5,51.5
6e51ae86-5060-4557-971b-4f540c4f6d5d,100712,2026-07-31T12:11:04.978728+00:00,32.52,411.1,11.9,49.3
6e51ae86-5060-4557-971b-4f540c4f6d5d,100712,2026-07-31T13:11:04.978728+00:00,40.6,407.4,15.4,50.7
6e51ae86-5060-4557-971b-4f540c4f6d5d,100712,2026-07-31T14:11:04.978728+00:00,42.66,410.0,14.6,44.8
6e51ae86-5060-4557-971b-4f540c4f6d5d,100712,2026-07-31T15:11:04.978728+00:00,46.77,409.6,15.5,47.1
6e51ae86-5060-4557-971b-4f540c4f6d5d,100712,2026-07-31T16:11:04.978728+00:00,42.64,406.9,15.8,49.7
6e51ae86-5060-4557-971b-4f540c4f6d5d,100712,2026-07-31T17:11:04.978728+00:00,32.31,411.8,9.9,40.4
6e51ae86-5060-4557-971b-4f540c4f6d5d,100712,2026-07-31T18:11:04.978728+00:00,49.27,406.8,17.5,40.7
6e51ae86-5060-4557-971b-4f540c4f6d5d,100712,2026-07-31T19:11:04.978728+00:00,55.14,405.5,18.7,45.0
6e51ae86-5060-4557-971b-4f540c4f6d5d,100712,2026-07-31T20:11:04.978728+00:00,73.37,403.8,26.1,47.2
75176865-8309-4580-aceb-34963b6fff53,100476,2026-07-30T21:11:04.978728+00:00,91.76,384.2,136.8,63.8
75176865-8309-4580-aceb-34963b6fff53,100476,2026-07-30T22:11:04.978728+00:00,97.18,382.7,145.9,65.5
75176865-8309-4580-aceb-34963b6fff53,100476,2026-07-30T23:11:04.978728+00:00,84.18,383.6,124.9,57.9
75176865-8309-4580-aceb-34963b6fff53,100476,2026-07-31T00:11:04.978728+00:00,101.8,378.0,155.7,67.2
75176865-8309-4580-aceb-34963b6fff53,100476,2026-07-31T01:11:04.978728+00:00,97.09,379.7,148.6,64.1
75176865-8309-4580-aceb-34963b6fff53,100476,2026-07-31T02:11:04.978728+00:00,100.98,381.6,151.1,70.3
75176865-8309-4580-aceb-34963b6fff53,100476,2026-07-31T03:11:04.978728+00:00,100.08,380.0,150.1,69.5
75176865-8309-4580-aceb-34963b6fff53,100476,2026-07-31T04:11:04.978728+00:00,90.4,382.1,137.6,61.1
75176865-8309-4580-aceb-34963b6fff53,100476,2026-07-31T05:11:04.978728+00:00,92.84,382.8,141.0,61.4
75176865-8309-4580-aceb-34963b6fff53,100476,2026-07-31T06:11:04.978728+00:00,85.36,385.5,126.6,57.2
75176865-8309-4580-aceb-34963b6fff53,100476,2026-07-31T07:11:04.978728+00:00,83.07,384.8,123.2,58.5
75176865-8309-4580-aceb-34963b6fff53,100476,2026-07-31T08:11:04.978728+00:00,82.49,383.9,124.8,57.2
75176865-8309-4580-aceb-34963b6fff53,100476,2026-07-31T09:11:04.978728+00:00,90.61,384.7,134.2,60.1
75176865-8309-4580-aceb-34963b6fff53,100476,2026-07-31T10:11:04.978728+00:00,93.33,380.6,140.4,64.8
75176865-8309-4580-aceb-34963b6fff53,100476,2026-07-31T11:11:04.978728+00:00,85.92,385.4,127.1,59.9
75176865-8309-4580-aceb-34963b6fff53,100476,2026-07-31T12:11:04.978728+00:00,104.4,377.5,159.6,70.7
75176865-8309-4580-aceb-34963b6fff53,100476,2026-07-31T13:11:04.978728+00:00,98.66,379.5,148.5,67.7
75176865-8309-4580-aceb-34963b6fff53,100476,2026-07-31T14:11:04.978728+00:00,90.84,383.7,138.7,63.0
75176865-8309-4580-aceb-34963b6fff53,100476,2026-07-31T15:11:04.978728+00:00,90.58,385.6,135.8,63.3
75176865-8309-4580-aceb-34963b6fff53,100476,2026-07-31T16:11:04.978728+00:00,84.23,388.5,123.5,57.2
75176865-8309-4580-aceb-34963b6fff53,100476,2026-07-31T17:11:04.978728+00:00,80.65,385.6,121.8,57.1
75176865-8309-4580-aceb-34963b6fff53,100476,2026-07-31T18:11:04.978728+00:00,103.53,378.3,156.2,69.3
75176865-8309-4580-aceb-34963b6fff53,100476,2026-07-31T19:11:04.978728+00:00,92.29,385.1,137.4,63.5
75176865-8309-4580-aceb-34963b6fff53,100476,2026-07-31T20:11:04.978728+00:00,84.79,385.4,127.3,59.8
76327464-7bf8-4363-a0b3-a381464c64c2,101119,2026-07-30T21:11:04.978728+00:00,84.35,386.0,124.8,59.2
76327464-7bf8-4363-a0b3-a381464c64c2,101119,2026-07-30T22:11:04.978728+00:00,104.83,377.1,159.3,71.6
76327464-7bf8-4363-a0b3-a381464c64c2,101119,2026-07-30T23:11:04.978728+00:00,97.56,382.1,145.5,66.7
76327464-7bf8-4363-a0b3-a381464c64c2,101119,2026-07-31T00:11:04.978728+00:00,83.47,385.5,126.8,59.7
76327464-7bf8-4363-a0b3-a381464c64c2,101119,2026-07-31T01:11:04.978728+00:00,104.15,377.9,159.0,70.5
76327464-7bf8-4363-a0b3-a381464c64c2,101119,2026-07-31T02:11:04.978728+00:00,92.3,380.6,140.9,64.8
76327464-7bf8-4363-a0b3-a381464c64c2,101119,2026-07-31T03:11:04.978728+00:00,81.23,384.7,123.3,56.7
76327464-7bf8-4363-a0b3-a381464c64c2,101119,2026-07-31T04:11:04.978728+00:00,84.82,384.8,128.1,57.7
76327464-7bf8-4363-a0b3-a381464c64c2,101119,2026-07-31T05:11:04.978728+00:00,91.02,383.6,136.4,61.9
76327464-7bf8-4363-a0b3-a381464c64c2,101119,2026-07-31T06:11:04.978728+00:00,88.28,385.6,133.8,60.3
76327464-7bf8-4363-a0b3-a381464c64c2,101119,2026-07-31T07:11:04.978728+00:00,84.77,387.7,127.4,60.3
76327464-7bf8-4363-a0b3-a381464c64c2,101119,2026-07-31T08:11:04.978728+00:00,94.57,384.1,140.5,65.1
76327464-7bf8-4363-a0b3-a381464c64c2,101119,2026-07-31T09:11:04.978728+00:00,87.05,383.3,130.5,62.2
76327464-7bf8-4363-a0b3-a381464c64c2,101119,2026-07-31T10:11:04.978728+00:00,86.89,386.3,129.8,59.3
76327464-7bf8-4363-a0b3-a381464c64c2,101119,2026-07-31T11:11:04.978728+00:00,95.26,380.0,143.1,66.9
76327464-7bf8-4363-a0b3-a381464c64c2,101119,2026-07-31T12:11:04.978728+00:00,86.45,384.1,130.9,59.1
76327464-7bf8-4363-a0b3-a381464c64c2,101119,2026-07-31T13:11:04.978728+00:00,88.31,383.2,132.6,59.7
76327464-7bf8-4363-a0b3-a381464c64c2,101119,2026-07-31T14:11:04.978728+00:00,90.72,383.5,135.5,63.7
76327464-7bf8-4363-a0b3-a381464c64c2,101119,2026-07-31T15:11:04.978728+00:00,92.74,383.5,140.4,65.4
76327464-7bf8-4363-a0b3-a381464c64c2,101119,2026-07-31T16:11:04.978728+00:00,96.65,380.5,148.4,68.6
76327464-7bf8-4363-a0b3-a381464c64c2,101119,2026-07-31T17:11:04.978728+00:00,101.01,380.1,153.7,69.3
76327464-7bf8-4363-a0b3-a381464c64c2,101119,2026-07-31T18:11:04.978728+00:00,103.7,379.4,156.4,71.6
76327464-7bf8-4363-a0b3-a381464c64c2,101119,2026-07-31T19:11:04.978728+00:00,84.49,386.8,126.7,57.8
76327464-7bf8-4363-a0b3-a381464c64c2,101119,2026-07-31T20:11:04.978728+00:00,92.7,383.5,138.8,65.3
7b1f6c86-4f7a-4350-b021-39f8e24652ad,100818,2026-07-30T21:11:04.978728+00:00,66.8,405.3,191.7,49.3
7b1f6c86-4f7a-4350-b021-39f8e24652ad,100818,2026-07-30T22:11:04.978728+00:00,80.55,402.2,233.0,52.7
7b1f6c86-4f7a-4350-b021-39f8e24652ad,100818,2026-07-30T23:11:04.978728+00:00,51.44,406.1,147.1,47.8
7b1f6c86-4f7a-4350-b021-39f8e24652ad,100818,2026-07-31T00:11:04.978728+00:00,44.1,409.4,122.8,43.0
7b1f6c86-4f7a-4350-b021-39f8e24652ad,100818,2026-07-31T01:11:04.978728+00:00,59.01,407.1,168.7,45.8
7b1f6c86-4f7a-4350-b021-39f8e24652ad,100818,2026-07-31T02:11:04.978728+00:00,45.72,407.2,130.2,47.0
7b1f6c86-4f7a-4350-b021-39f8e24652ad,100818,2026-07-31T03:11:04.978728+00:00,47.97,408.3,136.7,44.2
7b1f6c86-4f7a-4350-b021-39f8e24652ad,100818,2026-07-31T04:11:04.978728+00:00,42.05,408.2,117.4,43.8
7b1f6c86-4f7a-4350-b021-39f8e24652ad,100818,2026-07-31T05:11:04.978728+00:00,35.49,408.3,99.8,45.5
7b1f6c86-4f7a-4350-b021-39f8e24652ad,100818,2026-07-31T06:11:04.978728+00:00,28.87,410.6,82.2,44.0
7b1f6c86-4f7a-4350-b021-39f8e24652ad,100818,2026-07-31T07:11:04.978728+00:00,52.7,406.8,149.9,48.7
7b1f6c86-4f7a-4350-b021-39f8e24652ad,100818,2026-07-31T08:11:04.978728+00:00,38.09,409.6,107.5,45.5
7b1f6c86-4f7a-4350-b021-39f8e24652ad,100818,2026-07-31T09:11:04.978728+00:00,45.08,407.5,126.5,45.3
7b1f6c86-4f7a-4350-b021-39f8e24652ad,100818,2026-07-31T10:11:04.978728+00:00,53.46,408.7,149.5,44.9
7b1f6c86-4f7a-4350-b021-39f8e24652ad,100818,2026-07-31T11:11:04.978728+00:00,27.97,411.6,77.6,47.7
7b1f6c86-4f7a-4350-b021-39f8e24652ad,100818,2026-07-31T12:11:04.978728+00:00,29.35,410.8,82.2,51.9
7b1f6c86-4f7a-4350-b021-39f8e24652ad,100818,2026-07-31T13:11:04.978728+00:00,34.02,411.2,94.5,53.8
7b1f6c86-4f7a-4350-b021-39f8e24652ad,100818,2026-07-31T14:11:04.978728+00:00,35.24,408.9,97.6,52.7
7b1f6c86-4f7a-4350-b021-39f8e24652ad,100818,2026-07-31T15:11:04.978728+00:00,40.17,407.8,114.1,47.4
7b1f6c86-4f7a-4350-b021-39f8e24652ad,100818,2026-07-31T16:11:04.978728+00:00,53.13,406.6,151.6,54.2
7b1f6c86-4f7a-4350-b021-39f8e24652ad,100818,2026-07-31T17:11:04.978728+00:00,35.21,408.9,98.2,43.7
7b1f6c86-4f7a-4350-b021-39f8e24652ad,100818,2026-07-31T18:11:04.978728+00:00,63.58,406.3,179.6,49.0
7b1f6c86-4f7a-4350-b021-39f8e24652ad,100818,2026-07-31T19:11:04.978728+00:00,71.27,402.8,205.7,51.7
7b1f6c86-4f7a-4350-b021-39f8e24652ad,100818,2026-07-31T20:11:04.978728+00:00,67.89,406.3,194.1,48.9
7b33e578-e3c5-4a72-898b-61fba6edca55,100357,2026-07-30T21:11:04.978728+00:00,60.93,407.3,173.5,42.4
7b33e578-e3c5-4a72-898b-61fba6edca55,100357,2026-07-30T22:11:04.978728+00:00,67.91,403.6,195.9,42.0
7b33e578-e3c5-4a72-898b-61fba6edca55,100357,2026-07-30T23:11:04.978728+00:00,42.69,409.2,120.9,37.5
7b33e578-e3c5-4a72-898b-61fba6edca55,100357,2026-07-31T00:11:04.978728+00:00,45.82,407.2,129.8,37.2
7b33e578-e3c5-4a72-898b-61fba6edca55,100357,2026-07-31T01:11:04.978728+00:00,47.14,406.0,132.3,39.8
7b33e578-e3c5-4a72-898b-61fba6edca55,100357,2026-07-31T02:11:04.978728+00:00,37.63,408.1,107.9,35.4
7b33e578-e3c5-4a72-898b-61fba6edca55,100357,2026-07-31T03:11:04.978728+00:00,33.87,408.1,97.1,32.9
7b33e578-e3c5-4a72-898b-61fba6edca55,100357,2026-07-31T04:11:04.978728+00:00,55.84,408.2,156.1,39.7
7b33e578-e3c5-4a72-898b-61fba6edca55,100357,2026-07-31T05:11:04.978728+00:00,41.25,409.3,115.9,35.9
7b33e578-e3c5-4a72-898b-61fba6edca55,100357,2026-07-31T06:11:04.978728+00:00,39.78,408.6,114.0,35.5
7b33e578-e3c5-4a72-898b-61fba6edca55,100357,2026-07-31T07:11:04.978728+00:00,42.67,410.0,121.3,36.0
7b33e578-e3c5-4a72-898b-61fba6edca55,100357,2026-07-31T08:11:04.978728+00:00,63.79,405.6,183.0,39.5
7b33e578-e3c5-4a72-898b-61fba6edca55,100357,2026-07-31T09:11:04.978728+00:00,36.4,410.4,103.7,36.7
7b33e578-e3c5-4a72-898b-61fba6edca55,100357,2026-07-31T10:11:04.978728+00:00,36.5,409.0,104.5,35.0
7b33e578-e3c5-4a72-898b-61fba6edca55,100357,2026-07-31T11:11:04.978728+00:00,35.22,408.5,100.7,43.0
7b33e578-e3c5-4a72-898b-61fba6edca55,100357,2026-07-31T12:11:04.978728+00:00,49.69,408.7,141.9,45.8
7b33e578-e3c5-4a72-898b-61fba6edca55,100357,2026-07-31T13:11:04.978728+00:00,30.78,408.7,87.7,41.1
7b33e578-e3c5-4a72-898b-61fba6edca55,100357,2026-07-31T14:11:04.978728+00:00,44.21,408.7,124.3,43.4
7b33e578-e3c5-4a72-898b-61fba6edca55,100357,2026-07-31T15:11:04.978728+00:00,53.22,406.1,152.7,45.6
7b33e578-e3c5-4a72-898b-61fba6edca55,100357,2026-07-31T16:11:04.978728+00:00,54.66,406.4,155.9,48.1
7b33e578-e3c5-4a72-898b-61fba6edca55,100357,2026-07-31T17:11:04.978728+00:00,41.22,410.0,114.6,34.8
7b33e578-e3c5-4a72-898b-61fba6edca55,100357,2026-07-31T18:11:04.978728+00:00,81.86,402.8,233.5,46.6
7b33e578-e3c5-4a72-898b-61fba6edca55,100357,2026-07-31T19:11:04.978728+00:00,52.53,405.2,149.0,39.3
7b33e578-e3c5-4a72-898b-61fba6edca55,100357,2026-07-31T20:11:04.978728+00:00,64.3,405.4,182.8,42.9
7b367378-b12b-4971-8377-b6546e229023,100367,2026-07-30T21:11:04.978728+00:00,65.72,405.5,295.8,40.8
7b367378-b12b-4971-8377-b6546e229023,100367,2026-07-30T22:11:04.978728+00:00,58.38,405.7,260.6,37.1
7b367378-b12b-4971-8377-b6546e229023,100367,2026-07-30T23:11:04.978728+00:00,41.43,410.1,183.1,36.0
7b367378-b12b-4971-8377-b6546e229023,100367,2026-07-31T00:11:04.978728+00:00,28.92,409.0,127.7,31.2
7b367378-b12b-4971-8377-b6546e229023,100367,2026-07-31T01:11:04.978728+00:00,38.03,409.2,169.8,33.7
7b367378-b12b-4971-8377-b6546e229023,100367,2026-07-31T02:11:04.978728+00:00,43.69,409.1,193.4,35.9
7b367378-b12b-4971-8377-b6546e229023,100367,2026-07-31T03:11:04.978728+00:00,43.4,408.3,194.4,34.4
7b367378-b12b-4971-8377-b6546e229023,100367,2026-07-31T04:11:04.978728+00:00,51.35,406.6,230.3,36.6
7b367378-b12b-4971-8377-b6546e229023,100367,2026-07-31T05:11:04.978728+00:00,47.92,409.8,211.3,36.2
7b367378-b12b-4971-8377-b6546e229023,100367,2026-07-31T06:11:04.978728+00:00,47.29,408.5,211.5,34.0
7b367378-b12b-4971-8377-b6546e229023,100367,2026-07-31T07:11:04.978728+00:00,43.54,407.4,192.9,35.6
7b367378-b12b-4971-8377-b6546e229023,100367,2026-07-31T08:11:04.978728+00:00,47.62,408.8,212.3,35.9
7b367378-b12b-4971-8377-b6546e229023,100367,2026-07-31T09:11:04.978728+00:00,44.55,407.9,200.1,37.2
7b367378-b12b-4971-8377-b6546e229023,100367,2026-07-31T10:11:04.978728+00:00,51.48,406.1,230.3,37.2
7b367378-b12b-4971-8377-b6546e229023,100367,2026-07-31T11:11:04.978728+00:00,56.4,405.9,253.0,46.5
7b367378-b12b-4971-8377-b6546e229023,100367,2026-07-31T12:11:04.978728+00:00,33.73,411.5,149.8,38.6
7b367378-b12b-4971-8377-b6546e229023,100367,2026-07-31T13:11:04.978728+00:00,31.53,411.8,140.2,40.9
7b367378-b12b-4971-8377-b6546e229023,100367,2026-07-31T14:11:04.978728+00:00,36.7,407.6,164.9,37.5
7b367378-b12b-4971-8377-b6546e229023,100367,2026-07-31T15:11:04.978728+00:00,32.57,409.9,143.9,42.0
7b367378-b12b-4971-8377-b6546e229023,100367,2026-07-31T16:11:04.978728+00:00,28.83,411.2,128.8,39.8
7b367378-b12b-4971-8377-b6546e229023,100367,2026-07-31T17:11:04.978728+00:00,41.52,409.7,182.7,34.2
7b367378-b12b-4971-8377-b6546e229023,100367,2026-07-31T18:11:04.978728+00:00,64.13,405.8,285.9,39.1
7b367378-b12b-4971-8377-b6546e229023,100367,2026-07-31T19:11:04.978728+00:00,51.48,408.1,228.4,33.7
7b367378-b12b-4971-8377-b6546e229023,100367,2026-07-31T20:11:04.978728+00:00,62.2,406.5,277.7,37.0
7b3eb7c0-f611-4242-80b2-cb98d06e126c,100545,2026-07-30T21:11:04.978728+00:00,68.23,406.6,60.4,52.6
7b3eb7c0-f611-4242-80b2-cb98d06e126c,100545,2026-07-30T22:11:04.978728+00:00,61.15,407.0,54.1,51.4
7b3eb7c0-f611-4242-80b2-cb98d06e126c,100545,2026-07-30T23:11:04.978728+00:00,56.72,407.9,49.5,46.5
7b3eb7c0-f611-4242-80b2-cb98d06e126c,100545,2026-07-31T00:11:04.978728+00:00,61.21,403.9,53.2,50.3
7b3eb7c0-f611-4242-80b2-cb98d06e126c,100545,2026-07-31T01:11:04.978728+00:00,47.26,405.9,41.6,46.5
7b3eb7c0-f611-4242-80b2-cb98d06e126c,100545,2026-07-31T02:11:04.978728+00:00,31.69,409.1,26.2,44.9
7b3eb7c0-f611-4242-80b2-cb98d06e126c,100545,2026-07-31T03:11:04.978728+00:00,32.42,409.3,27.0,46.1
7b3eb7c0-f611-4242-80b2-cb98d06e126c,100545,2026-07-31T04:11:04.978728+00:00,28.74,411.8,26.1,43.6
7b3eb7c0-f611-4242-80b2-cb98d06e126c,100545,2026-07-31T05:11:04.978728+00:00,35.0,409.1,30.1,44.4
7b3eb7c0-f611-4242-80b2-cb98d06e126c,100545,2026-07-31T06:11:04.978728+00:00,44.85,409.3,38.6,47.5
7b3eb7c0-f611-4242-80b2-cb98d06e126c,100545,2026-07-31T07:11:04.978728+00:00,42.37,406.7,39.2,43.0
7b3eb7c0-f611-4242-80b2-cb98d06e126c,100545,2026-07-31T08:11:04.978728+00:00,31.71,410.9,26.7,42.4
7b3eb7c0-f611-4242-80b2-cb98d06e126c,100545,2026-07-31T09:11:04.978728+00:00,31.94,410.5,28.8,42.0
7b3eb7c0-f611-4242-80b2-cb98d06e126c,100545,2026-07-31T10:11:04.978728+00:00,44.02,410.0,37.5,45.2
7b3eb7c0-f611-4242-80b2-cb98d06e126c,100545,2026-07-31T11:11:04.978728+00:00,42.49,408.4,37.2,51.4
7b3eb7c0-f611-4242-80b2-cb98d06e126c,100545,2026-07-31T12:11:04.978728+00:00,38.37,409.9,34.3,53.6
7b3eb7c0-f611-4242-80b2-cb98d06e126c,100545,2026-07-31T13:11:04.978728+00:00,41.82,406.9,39.0,50.3
7b3eb7c0-f611-4242-80b2-cb98d06e126c,100545,2026-07-31T14:11:04.978728+00:00,41.32,409.0,35.2,52.2
7b3eb7c0-f611-4242-80b2-cb98d06e126c,100545,2026-07-31T15:11:04.978728+00:00,35.83,408.6,33.5,50.3
7b3eb7c0-f611-4242-80b2-cb98d06e126c,100545,2026-07-31T16:11:04.978728+00:00,47.72,408.0,40.9,55.7
7b3eb7c0-f611-4242-80b2-cb98d06e126c,100545,2026-07-31T17:11:04.978728+00:00,43.5,407.4,38.0,46.9
7b3eb7c0-f611-4242-80b2-cb98d06e126c,100545,2026-07-31T18:11:04.978728+00:00,55.36,406.7,48.2,49.5
7b3eb7c0-f611-4242-80b2-cb98d06e126c,100545,2026-07-31T19:11:04.978728+00:00,66.47,406.0,58.0,50.0
7b3eb7c0-f611-4242-80b2-cb98d06e126c,100545,2026-07-31T20:11:04.978728+00:00,72.79,403.9,65.6,54.4
7b5da86e-beb0-4739-bd3f-338e1321d771,100854,2026-07-30T21:11:04.978728+00:00,55.64,407.0,158.8,41.6
7b5da86e-beb0-4739-bd3f-338e1321d771,100854,2026-07-30T22:11:04.978728+00:00,79.04,401.7,228.5,49.1
7b5da86e-beb0-4739-bd3f-338e1321d771,100854,2026-07-30T23:11:04.978728+00:00,49.7,408.9,140.0,39.3
7b5da86e-beb0-4739-bd3f-338e1321d771,100854,2026-07-31T00:11:04.978728+00:00,56.75,407.3,159.4,40.4
7b5da86e-beb0-4739-bd3f-338e1321d771,100854,2026-07-31T01:11:04.978728+00:00,56.99,406.5,163.5,41.3
7b5da86e-beb0-4739-bd3f-338e1321d771,100854,2026-07-31T02:11:04.978728+00:00,53.18,407.1,149.4,41.8
7b5da86e-beb0-4739-bd3f-338e1321d771,100854,2026-07-31T03:11:04.978728+00:00,32.94,411.1,91.5,38.0
7b5da86e-beb0-4739-bd3f-338e1321d771,100854,2026-07-31T04:11:04.978728+00:00,33.91,409.1,94.0,38.2
7b5da86e-beb0-4739-bd3f-338e1321d771,100854,2026-07-31T05:11:04.978728+00:00,33.92,409.1,96.5,37.9
7b5da86e-beb0-4739-bd3f-338e1321d771,100854,2026-07-31T06:11:04.978728+00:00,37.76,410.0,106.0,40.3
7b5da86e-beb0-4739-bd3f-338e1321d771,100854,2026-07-31T07:11:04.978728+00:00,59.33,406.7,169.8,43.6
7b5da86e-beb0-4739-bd3f-338e1321d771,100854,2026-07-31T08:11:04.978728+00:00,36.71,409.8,102.8,38.8
7b5da86e-beb0-4739-bd3f-338e1321d771,100854,2026-07-31T09:11:04.978728+00:00,37.04,407.6,104.2,39.5
7b5da86e-beb0-4739-bd3f-338e1321d771,100854,2026-07-31T10:11:04.978728+00:00,40.37,407.0,112.9,39.5
7b5da86e-beb0-4739-bd3f-338e1321d771,100854,2026-07-31T11:11:04.978728+00:00,39.67,407.5,112.9,49.2
7b5da86e-beb0-4739-bd3f-338e1321d771,100854,2026-07-31T12:11:04.978728+00:00,29.74,411.1,84.1,40.9
7b5da86e-beb0-4739-bd3f-338e1321d771,100854,2026-07-31T13:11:04.978728+00:00,49.99,407.8,141.8,49.6
7b5da86e-beb0-4739-bd3f-338e1321d771,100854,2026-07-31T14:11:04.978728+00:00,46.96,407.5,132.4,47.8
7b5da86e-beb0-4739-bd3f-338e1321d771,100854,2026-07-31T15:11:04.978728+00:00,43.72,409.0,121.6,42.4
7b5da86e-beb0-4739-bd3f-338e1321d771,100854,2026-07-31T16:11:04.978728+00:00,41.69,408.9,118.8,42.6
7b5da86e-beb0-4739-bd3f-338e1321d771,100854,2026-07-31T17:11:04.978728+00:00,39.3,408.6,111.2,37.7
7b5da86e-beb0-4739-bd3f-338e1321d771,100854,2026-07-31T18:11:04.978728+00:00,67.29,403.3,191.4,44.4
7b5da86e-beb0-4739-bd3f-338e1321d771,100854,2026-07-31T19:11:04.978728+00:00,64.71,406.7,182.5,44.6
7b5da86e-beb0-4739-bd3f-338e1321d771,100854,2026-07-31T20:11:04.978728+00:00,59.24,405.9,168.8,45.1
7bf06757-1146-47ff-accf-2bde2d536723,100959,2026-07-30T21:11:04.978728+00:00,74.25,402.3,212.5,43.6
7bf06757-1146-47ff-accf-2bde2d536723,100959,2026-07-30T22:11:04.978728+00:00,64.74,405.9,185.2,43.2
7bf06757-1146-47ff-accf-2bde2d536723,100959,2026-07-30T23:11:04.978728+00:00,48.7,407.5,136.6,39.0
7bf06757-1146-47ff-accf-2bde2d536723,100959,2026-07-31T00:11:04.978728+00:00,32.48,409.7,92.0,38.4
7bf06757-1146-47ff-accf-2bde2d536723,100959,2026-07-31T01:11:04.978728+00:00,44.78,409.5,127.0,39.4
7bf06757-1146-47ff-accf-2bde2d536723,100959,2026-07-31T02:11:04.978728+00:00,48.87,407.1,137.4,38.9
7bf06757-1146-47ff-accf-2bde2d536723,100959,2026-07-31T03:11:04.978728+00:00,50.63,409.2,143.1,40.4
7bf06757-1146-47ff-accf-2bde2d536723,100959,2026-07-31T04:11:04.978728+00:00,52.6,408.1,149.3,41.3
7bf06757-1146-47ff-accf-2bde2d536723,100959,2026-07-31T05:11:04.978728+00:00,38.56,410.9,106.6,38.5
7bf06757-1146-47ff-accf-2bde2d536723,100959,2026-07-31T06:11:04.978728+00:00,40.87,407.7,115.5,39.7
7bf06757-1146-47ff-accf-2bde2d536723,100959,2026-07-31T07:11:04.978728+00:00,55.76,407.3,157.7,40.8
7bf06757-1146-47ff-accf-2bde2d536723,100959,2026-07-31T08:11:04.978728+00:00,48.38,408.3,136.0,39.8
7bf06757-1146-47ff-accf-2bde2d536723,100959,2026-07-31T09:11:04.978728+00:00,34.04,408.0,96.7,37.6
7bf06757-1146-47ff-accf-2bde2d536723,100959,2026-07-31T10:11:04.978728+00:00,56.1,406.7,157.6,39.6
7bf06757-1146-47ff-accf-2bde2d536723,100959,2026-07-31T11:11:04.978728+00:00,36.84,408.6,103.0,41.6
7bf06757-1146-47ff-accf-2bde2d536723,100959,2026-07-31T12:11:04.978728+00:00,42.69,406.7,121.7,48.8
7bf06757-1146-47ff-accf-2bde2d536723,100959,2026-07-31T13:11:04.978728+00:00,59.27,404.4,168.8,47.5
7bf06757-1146-47ff-accf-2bde2d536723,100959,2026-07-31T14:11:04.978728+00:00,45.95,407.2,129.5,48.4
7bf06757-1146-47ff-accf-2bde2d536723,100959,2026-07-31T15:11:04.978728+00:00,51.4,409.1,145.6,47.5
7bf06757-1146-47ff-accf-2bde2d536723,100959,2026-07-31T16:11:04.978728+00:00,43.13,408.1,121.6,44.2
7bf06757-1146-47ff-accf-2bde2d536723,100959,2026-07-31T17:11:04.978728+00:00,31.33,412.2,86.6,35.8
7bf06757-1146-47ff-accf-2bde2d536723,100959,2026-07-31T18:11:04.978728+00:00,66.25,406.7,189.3,43.2
7bf06757-1146-47ff-accf-2bde2d536723,100959,2026-07-31T19:11:04.978728+00:00,63.33,405.3,179.2,45.6
7bf06757-1146-47ff-accf-2bde2d536723,100959,2026-07-31T20:11:04.978728+00:00,73.82,403.1,211.8,44.2
80cb4f22-a5b7-41c3-9891-9813a94909c5,100088,2026-07-30T21:11:04.978728+00:00,65.58,404.6,59.2,38.3
80cb4f22-a5b7-41c3-9891-9813a94909c5,100088,2026-07-30T22:11:04.978728+00:00,65.16,405.7,59.8,39.3
80cb4f22-a5b7-41c3-9891-9813a94909c5,100088,2026-07-30T23:11:04.978728+00:00,37.6,407.8,35.3,34.4
80cb4f22-a5b7-41c3-9891-9813a94909c5,100088,2026-07-31T00:11:04.978728+00:00,33.64,409.9,30.2,32.2
80cb4f22-a5b7-41c3-9891-9813a94909c5,100088,2026-07-31T01:11:04.978728+00:00,33.62,409.7,29.7,33.8
80cb4f22-a5b7-41c3-9891-9813a94909c5,100088,2026-07-31T02:11:04.978728+00:00,42.02,408.9,35.6,37.6
80cb4f22-a5b7-41c3-9891-9813a94909c5,100088,2026-07-31T03:11:04.978728+00:00,38.44,409.2,36.1,34.0
80cb4f22-a5b7-41c3-9891-9813a94909c5,100088,2026-07-31T04:11:04.978728+00:00,45.27,408.9,39.0,35.6
80cb4f22-a5b7-41c3-9891-9813a94909c5,100088,2026-07-31T05:11:04.978728+00:00,34.17,411.6,29.4,33.7
80cb4f22-a5b7-41c3-9891-9813a94909c5,100088,2026-07-31T06:11:04.978728+00:00,46.47,406.8,42.6,36.0
80cb4f22-a5b7-41c3-9891-9813a94909c5,100088,2026-07-31T07:11:04.978728+00:00,51.18,407.7,45.4,36.5
80cb4f22-a5b7-41c3-9891-9813a94909c5,100088,2026-07-31T08:11:04.978728+00:00,60.7,405.5,55.0,38.6
80cb4f22-a5b7-41c3-9891-9813a94909c5,100088,2026-07-31T09:11:04.978728+00:00,48.79,409.2,43.6,37.1
80cb4f22-a5b7-41c3-9891-9813a94909c5,100088,2026-07-31T10:11:04.978728+00:00,41.26,407.6,38.4,34.1
80cb4f22-a5b7-41c3-9891-9813a94909c5,100088,2026-07-31T11:11:04.978728+00:00,41.33,410.2,36.4,41.2
80cb4f22-a5b7-41c3-9891-9813a94909c5,100088,2026-07-31T12:11:04.978728+00:00,35.05,408.5,32.8,39.8
80cb4f22-a5b7-41c3-9891-9813a94909c5,100088,2026-07-31T13:11:04.978728+00:00,39.86,408.3,33.8,39.2
80cb4f22-a5b7-41c3-9891-9813a94909c5,100088,2026-07-31T14:11:04.978728+00:00,44.63,408.5,40.5,37.8
80cb4f22-a5b7-41c3-9891-9813a94909c5,100088,2026-07-31T15:11:04.978728+00:00,60.74,405.5,55.3,46.2
80cb4f22-a5b7-41c3-9891-9813a94909c5,100088,2026-07-31T16:11:04.978728+00:00,62.51,404.1,55.7,47.7
80cb4f22-a5b7-41c3-9891-9813a94909c5,100088,2026-07-31T17:11:04.978728+00:00,59.39,405.0,51.9,35.9
80cb4f22-a5b7-41c3-9891-9813a94909c5,100088,2026-07-31T18:11:04.978728+00:00,79.47,401.7,70.4,44.9
80cb4f22-a5b7-41c3-9891-9813a94909c5,100088,2026-07-31T19:11:04.978728+00:00,61.25,406.9,53.3,37.4
80cb4f22-a5b7-41c3-9891-9813a94909c5,100088,2026-07-31T20:11:04.978728+00:00,79.6,403.0,70.2,45.3
80d488c8-6ef8-4b2b-a852-67a35eb8788d,100572,2026-07-30T21:11:04.978728+00:00,69.01,406.4,196.2,41.6
80d488c8-6ef8-4b2b-a852-67a35eb8788d,100572,2026-07-30T22:11:04.978728+00:00,68.52,403.2,194.4,40.5
80d488c8-6ef8-4b2b-a852-67a35eb8788d,100572,2026-07-30T23:11:04.978728+00:00,29.8,412.2,85.3,32.9
80d488c8-6ef8-4b2b-a852-67a35eb8788d,100572,2026-07-31T00:11:04.978728+00:00,50.73,408.7,145.2,37.1
80d488c8-6ef8-4b2b-a852-67a35eb8788d,100572,2026-07-31T01:11:04.978728+00:00,29.05,412.3,79.9,32.7
80d488c8-6ef8-4b2b-a852-67a35eb8788d,100572,2026-07-31T02:11:04.978728+00:00,40.15,410.5,113.4,33.5
80d488c8-6ef8-4b2b-a852-67a35eb8788d,100572,2026-07-31T03:11:04.978728+00:00,54.06,406.5,154.9,37.3
80d488c8-6ef8-4b2b-a852-67a35eb8788d,100572,2026-07-31T04:11:04.978728+00:00,35.54,411.3,100.5,31.2
80d488c8-6ef8-4b2b-a852-67a35eb8788d,100572,2026-07-31T05:11:04.978728+00:00,52.46,409.0,147.4,35.9
80d488c8-6ef8-4b2b-a852-67a35eb8788d,100572,2026-07-31T06:11:04.978728+00:00,39.96,409.2,111.3,32.3
80d488c8-6ef8-4b2b-a852-67a35eb8788d,100572,2026-07-31T07:11:04.978728+00:00,53.98,407.1,153.0,34.9
80d488c8-6ef8-4b2b-a852-67a35eb8788d,100572,2026-07-31T08:11:04.978728+00:00,32.98,408.3,93.9,29.4
80d488c8-6ef8-4b2b-a852-67a35eb8788d,100572,2026-07-31T09:11:04.978728+00:00,27.69,412.1,78.5,32.7
80d488c8-6ef8-4b2b-a852-67a35eb8788d,100572,2026-07-31T10:11:04.978728+00:00,53.05,406.6,152.6,37.1
80d488c8-6ef8-4b2b-a852-67a35eb8788d,100572,2026-07-31T11:11:04.978728+00:00,56.25,407.0,160.1,41.0
80d488c8-6ef8-4b2b-a852-67a35eb8788d,100572,2026-07-31T12:11:04.978728+00:00,57.94,406.8,165.2,45.2
80d488c8-6ef8-4b2b-a852-67a35eb8788d,100572,2026-07-31T13:11:04.978728+00:00,40.53,408.2,113.8,40.8
80d488c8-6ef8-4b2b-a852-67a35eb8788d,100572,2026-07-31T14:11:04.978728+00:00,58.92,407.1,165.7,44.5
80d488c8-6ef8-4b2b-a852-67a35eb8788d,100572,2026-07-31T15:11:04.978728+00:00,44.58,406.4,127.6,37.8
80d488c8-6ef8-4b2b-a852-67a35eb8788d,100572,2026-07-31T16:11:04.978728+00:00,37.75,409.8,108.0,40.1
80d488c8-6ef8-4b2b-a852-67a35eb8788d,100572,2026-07-31T17:11:04.978728+00:00,33.85,408.9,95.4,34.4
80d488c8-6ef8-4b2b-a852-67a35eb8788d,100572,2026-07-31T18:11:04.978728+00:00,69.14,406.6,194.5,40.8
80d488c8-6ef8-4b2b-a852-67a35eb8788d,100572,2026-07-31T19:11:04.978728+00:00,59.42,406.4,170.1,35.1
80d488c8-6ef8-4b2b-a852-67a35eb8788d,100572,2026-07-31T20:11:04.978728+00:00,70.93,405.0,200.9,40.1
81436120-c731-4895-82cb-fa8c046ccc5d,100398,2026-07-30T21:11:04.978728+00:00,66.97,406.0,97.0,39.4
81436120-c731-4895-82cb-fa8c046ccc5d,100398,2026-07-30T22:11:04.978728+00:00,52.25,406.8,75.6,35.9
81436120-c731-4895-82cb-fa8c046ccc5d,100398,2026-07-30T23:11:04.978728+00:00,47.07,408.1,68.3,36.2
81436120-c731-4895-82cb-fa8c046ccc5d,100398,2026-07-31T00:11:04.978728+00:00,33.36,409.0,45.4,33.7
81436120-c731-4895-82cb-fa8c046ccc5d,100398,2026-07-31T01:11:04.978728+00:00,55.13,408.3,78.7,36.5
81436120-c731-4895-82cb-fa8c046ccc5d,100398,2026-07-31T02:11:04.978728+00:00,35.13,410.3,49.9,32.2
81436120-c731-4895-82cb-fa8c046ccc5d,100398,2026-07-31T03:11:04.978728+00:00,28.66,412.7,42.0,33.8
81436120-c731-4895-82cb-fa8c046ccc5d,100398,2026-07-31T04:11:04.978728+00:00,60.22,407.4,83.4,38.6
81436120-c731-4895-82cb-fa8c046ccc5d,100398,2026-07-31T05:11:04.978728+00:00,36.08,409.6,51.3,34.8
81436120-c731-4895-82cb-fa8c046ccc5d,100398,2026-07-31T06:11:04.978728+00:00,44.78,410.1,61.5,35.7
81436120-c731-4895-82cb-fa8c046ccc5d,100398,2026-07-31T07:11:04.978728+00:00,47.61,409.2,69.0,35.9
81436120-c731-4895-82cb-fa8c046ccc5d,100398,2026-07-31T08:11:04.978728+00:00,36.08,409.4,48.9,34.6
81436120-c731-4895-82cb-fa8c046ccc5d,100398,2026-07-31T09:11:04.978728+00:00,54.26,408.3,76.0,35.0
81436120-c731-4895-82cb-fa8c046ccc5d,100398,2026-07-31T10:11:04.978728+00:00,47.78,409.2,68.5,36.3
81436120-c731-4895-82cb-fa8c046ccc5d,100398,2026-07-31T11:11:04.978728+00:00,39.97,408.9,57.3,38.9
81436120-c731-4895-82cb-fa8c046ccc5d,100398,2026-07-31T12:11:04.978728+00:00,37.69,409.0,51.6,43.7
81436120-c731-4895-82cb-fa8c046ccc5d,100398,2026-07-31T13:11:04.978728+00:00,54.88,407.6,78.9,43.7
81436120-c731-4895-82cb-fa8c046ccc5d,100398,2026-07-31T14:11:04.978728+00:00,61.51,406.3,85.6,47.7
81436120-c731-4895-82cb-fa8c046ccc5d,100398,2026-07-31T15:11:04.978728+00:00,43.24,409.8,61.2,44.3
81436120-c731-4895-82cb-fa8c046ccc5d,100398,2026-07-31T16:11:04.978728+00:00,41.0,407.5,56.5,41.2
81436120-c731-4895-82cb-fa8c046ccc5d,100398,2026-07-31T17:11:04.978728+00:00,37.43,410.7,54.4,33.3
81436120-c731-4895-82cb-fa8c046ccc5d,100398,2026-07-31T18:11:04.978728+00:00,83.54,401.2,119.0,45.0
81436120-c731-4895-82cb-fa8c046ccc5d,100398,2026-07-31T19:11:04.978728+00:00,59.8,407.6,85.9,39.4
81436120-c731-4895-82cb-fa8c046ccc5d,100398,2026-07-31T20:11:04.978728+00:00,62.13,407.0,86.5,38.5
81446410-3e9a-46fc-b38a-f11e6d620a33,2255,2026-07-30T21:11:04.978728+00:00,72.3,403.4,15.1,54.7
81446410-3e9a-46fc-b38a-f11e6d620a33,2255,2026-07-30T22:11:04.978728+00:00,63.3,403.5,13.7,52.0
81446410-3e9a-46fc-b38a-f11e6d620a33,2255,2026-07-30T23:11:04.978728+00:00,41.41,408.6,8.4,46.3
81446410-3e9a-46fc-b38a-f11e6d620a33,2255,2026-07-31T00:11:04.978728+00:00,38.62,409.5,7.9,47.9
81446410-3e9a-46fc-b38a-f11e6d620a33,2255,2026-07-31T01:11:04.978728+00:00,43.72,408.4,11.4,45.7
81446410-3e9a-46fc-b38a-f11e6d620a33,2255,2026-07-31T02:11:04.978728+00:00,46.74,407.4,11.2,47.8
81446410-3e9a-46fc-b38a-f11e6d620a33,2255,2026-07-31T03:11:04.978728+00:00,38.49,407.6,9.4,45.2
81446410-3e9a-46fc-b38a-f11e6d620a33,2255,2026-07-31T04:11:04.978728+00:00,50.94,406.3,12.4,49.9
81446410-3e9a-46fc-b38a-f11e6d620a33,2255,2026-07-31T05:11:04.978728+00:00,45.14,406.8,9.2,49.4
81446410-3e9a-46fc-b38a-f11e6d620a33,2255,2026-07-31T06:11:04.978728+00:00,56.65,405.1,11.2,50.9
81446410-3e9a-46fc-b38a-f11e6d620a33,2255,2026-07-31T07:11:04.978728+00:00,36.91,408.4,6.8,46.0
81446410-3e9a-46fc-b38a-f11e6d620a33,2255,2026-07-31T08:11:04.978728+00:00,59.5,407.4,13.2,50.1
81446410-3e9a-46fc-b38a-f11e6d620a33,2255,2026-07-31T09:11:04.978728+00:00,53.42,405.1,14.1,50.7
81446410-3e9a-46fc-b38a-f11e6d620a33,2255,2026-07-31T10:11:04.978728+00:00,56.39,407.2,12.5,50.0
81446410-3e9a-46fc-b38a-f11e6d620a33,2255,2026-07-31T11:11:04.978728+00:00,43.81,408.9,10.5,56.1
81446410-3e9a-46fc-b38a-f11e6d620a33,2255,2026-07-31T12:11:04.978728+00:00,44.05,409.3,8.7,57.4
81446410-3e9a-46fc-b38a-f11e6d620a33,2255,2026-07-31T13:11:04.978728+00:00,35.94,409.3,7.3,55.0
81446410-3e9a-46fc-b38a-f11e6d620a33,2255,2026-07-31T14:11:04.978728+00:00,46.61,409.3,10.5,53.6
81446410-3e9a-46fc-b38a-f11e6d620a33,2255,2026-07-31T15:11:04.978728+00:00,35.04,408.0,7.6,53.5
81446410-3e9a-46fc-b38a-f11e6d620a33,2255,2026-07-31T16:11:04.978728+00:00,53.55,405.4,12.3,60.7
81446410-3e9a-46fc-b38a-f11e6d620a33,2255,2026-07-31T17:11:04.978728+00:00,36.43,411.2,10.1,47.0
81446410-3e9a-46fc-b38a-f11e6d620a33,2255,2026-07-31T18:11:04.978728+00:00,59.74,404.1,15.6,52.1
81446410-3e9a-46fc-b38a-f11e6d620a33,2255,2026-07-31T19:11:04.978728+00:00,76.59,404.8,17.9,55.2
81446410-3e9a-46fc-b38a-f11e6d620a33,2255,2026-07-31T20:11:04.978728+00:00,51.16,407.6,9.7,51.2
86a105af-9d7e-41db-98c0-a82017a4d34b,457,2026-07-30T21:11:04.978728+00:00,80.32,404.7,27.0,52.1
86a105af-9d7e-41db-98c0-a82017a4d34b,457,2026-07-30T22:11:04.978728+00:00,58.5,404.3,20.9,44.4
86a105af-9d7e-41db-98c0-a82017a4d34b,457,2026-07-30T23:11:04.978728+00:00,48.75,405.8,16.5,44.3
86a105af-9d7e-41db-98c0-a82017a4d34b,457,2026-07-31T00:11:04.978728+00:00,41.63,410.5,14.8,43.8
86a105af-9d7e-41db-98c0-a82017a4d34b,457,2026-07-31T01:11:04.978728+00:00,52.57,408.2,18.1,42.7
86a105af-9d7e-41db-98c0-a82017a4d34b,457,2026-07-31T02:11:04.978728+00:00,42.43,406.9,13.6,43.1
86a105af-9d7e-41db-98c0-a82017a4d34b,457,2026-07-31T03:11:04.978728+00:00,46.82,408.3,17.3,43.9
86a105af-9d7e-41db-98c0-a82017a4d34b,457,2026-07-31T04:11:04.978728+00:00,30.48,411.6,11.1,42.1
86a105af-9d7e-41db-98c0-a82017a4d34b,457,2026-07-31T05:11:04.978728+00:00,56.47,406.0,20.2,46.3
86a105af-9d7e-41db-98c0-a82017a4d34b,457,2026-07-31T06:11:04.978728+00:00,63.16,403.7,22.0,47.9
86a105af-9d7e-41db-98c0-a82017a4d34b,457,2026-07-31T07:11:04.978728+00:00,41.47,406.9,14.7,40.7
86a105af-9d7e-41db-98c0-a82017a4d34b,457,2026-07-31T08:11:04.978728+00:00,54.07,408.7,17.7,46.7
86a105af-9d7e-41db-98c0-a82017a4d34b,457,2026-07-31T09:11:04.978728+00:00,52.5,406.6,19.4,44.4
86a105af-9d7e-41db-98c0-a82017a4d34b,457,2026-07-31T10:11:04.978728+00:00,46.1,406.2,14.9,43.3
86a105af-9d7e-41db-98c0-a82017a4d34b,457,2026-07-31T11:11:04.978728+00:00,48.62,408.1,16.6,51.8
86a105af-9d7e-41db-98c0-a82017a4d34b,457,2026-07-31T12:11:04.978728+00:00,47.42,408.5,16.3,54.3
86a105af-9d7e-41db-98c0-a82017a4d34b,457,2026-07-31T13:11:04.978728+00:00,40.3,408.7,16.2,47.2
86a105af-9d7e-41db-98c0-a82017a4d34b,457,2026-07-31T14:11:04.978728+00:00,49.47,407.9,16.9,50.7
86a105af-9d7e-41db-98c0-a82017a4d34b,457,2026-07-31T15:11:04.978728+00:00,57.85,405.1,20.3,50.4
86a105af-9d7e-41db-98c0-a82017a4d34b,457,2026-07-31T16:11:04.978728+00:00,50.28,409.4,17.9,55.5
86a105af-9d7e-41db-98c0-a82017a4d34b,457,2026-07-31T17:11:04.978728+00:00,52.17,406.4,19.3,47.7
86a105af-9d7e-41db-98c0-a82017a4d34b,457,2026-07-31T18:11:04.978728+00:00,75.63,402.4,27.0,49.9
86a105af-9d7e-41db-98c0-a82017a4d34b,457,2026-07-31T19:11:04.978728+00:00,69.38,402.6,23.8,48.6
86a105af-9d7e-41db-98c0-a82017a4d34b,457,2026-07-31T20:11:04.978728+00:00,63.43,404.8,23.6,46.6
87bd8e49-1818-47a0-976a-f77e13fb82d4,100085,2026-07-30T21:11:04.978728+00:00,70.36,404.2,314.8,45.4
87bd8e49-1818-47a0-976a-f77e13fb82d4,100085,2026-07-30T22:11:04.978728+00:00,56.66,404.8,256.1,42.5
87bd8e49-1818-47a0-976a-f77e13fb82d4,100085,2026-07-30T23:11:04.978728+00:00,43.9,407.0,196.1,37.3
87bd8e49-1818-47a0-976a-f77e13fb82d4,100085,2026-07-31T00:11:04.978728+00:00,43.4,409.7,191.5,39.3
87bd8e49-1818-47a0-976a-f77e13fb82d4,100085,2026-07-31T01:11:04.978728+00:00,45.26,410.0,201.7,38.8
87bd8e49-1818-47a0-976a-f77e13fb82d4,100085,2026-07-31T02:11:04.978728+00:00,43.29,406.6,192.3,39.8
87bd8e49-1818-47a0-976a-f77e13fb82d4,100085,2026-07-31T03:11:04.978728+00:00,36.6,409.3,164.5,37.4
87bd8e49-1818-47a0-976a-f77e13fb82d4,100085,2026-07-31T04:11:04.978728+00:00,60.75,404.9,272.8,39.5
87bd8e49-1818-47a0-976a-f77e13fb82d4,100085,2026-07-31T05:11:04.978728+00:00,39.88,408.8,179.0,36.2
87bd8e49-1818-47a0-976a-f77e13fb82d4,100085,2026-07-31T06:11:04.978728+00:00,52.94,406.9,238.6,39.7
87bd8e49-1818-47a0-976a-f77e13fb82d4,100085,2026-07-31T07:11:04.978728+00:00,52.37,406.1,233.6,37.9
87bd8e49-1818-47a0-976a-f77e13fb82d4,100085,2026-07-31T08:11:04.978728+00:00,46.78,406.6,210.9,39.1
87bd8e49-1818-47a0-976a-f77e13fb82d4,100085,2026-07-31T09:11:04.978728+00:00,54.17,408.1,241.0,38.3
87bd8e49-1818-47a0-976a-f77e13fb82d4,100085,2026-07-31T10:11:04.978728+00:00,38.92,410.2,171.8,38.2
87bd8e49-1818-47a0-976a-f77e13fb82d4,100085,2026-07-31T11:11:04.978728+00:00,40.17,409.0,177.0,42.1
87bd8e49-1818-47a0-976a-f77e13fb82d4,100085,2026-07-31T12:11:04.978728+00:00,41.35,410.5,181.4,43.5
87bd8e49-1818-47a0-976a-f77e13fb82d4,100085,2026-07-31T13:11:04.978728+00:00,47.54,406.6,213.8,42.0
87bd8e49-1818-47a0-976a-f77e13fb82d4,100085,2026-07-31T14:11:04.978728+00:00,31.99,409.0,141.6,41.7
87bd8e49-1818-47a0-976a-f77e13fb82d4,100085,2026-07-31T15:11:04.978728+00:00,37.68,411.1,168.4,44.5
87bd8e49-1818-47a0-976a-f77e13fb82d4,100085,2026-07-31T16:11:04.978728+00:00,35.01,408.9,154.6,41.3
87bd8e49-1818-47a0-976a-f77e13fb82d4,100085,2026-07-31T17:11:04.978728+00:00,30.96,411.3,135.8,38.5
87bd8e49-1818-47a0-976a-f77e13fb82d4,100085,2026-07-31T18:11:04.978728+00:00,52.71,408.8,236.3,37.6
87bd8e49-1818-47a0-976a-f77e13fb82d4,100085,2026-07-31T19:11:04.978728+00:00,61.7,407.7,277.1,40.1
87bd8e49-1818-47a0-976a-f77e13fb82d4,100085,2026-07-31T20:11:04.978728+00:00,64.85,405.5,292.5,42.2
87bdbedf-8f0d-4a86-a7c9-8443789be6b2,100411,2026-07-30T21:11:04.978728+00:00,56.01,408.2,159.1,47.6
87bdbedf-8f0d-4a86-a7c9-8443789be6b2,100411,2026-07-30T22:11:04.978728+00:00,63.4,405.3,180.2,46.8
87bdbedf-8f0d-4a86-a7c9-8443789be6b2,100411,2026-07-30T23:11:04.978728+00:00,34.01,409.7,95.4,39.1
87bdbedf-8f0d-4a86-a7c9-8443789be6b2,100411,2026-07-31T00:11:04.978728+00:00,51.03,407.3,145.1,44.1
87bdbedf-8f0d-4a86-a7c9-8443789be6b2,100411,2026-07-31T01:11:04.978728+00:00,37.09,411.0,103.6,41.6
87bdbedf-8f0d-4a86-a7c9-8443789be6b2,100411,2026-07-31T02:11:04.978728+00:00,53.27,407.0,152.8,45.3
87bdbedf-8f0d-4a86-a7c9-8443789be6b2,100411,2026-07-31T03:11:04.978728+00:00,45.12,407.5,127.7,43.2
87bdbedf-8f0d-4a86-a7c9-8443789be6b2,100411,2026-07-31T04:11:04.978728+00:00,54.2,406.3,152.2,43.8
87bdbedf-8f0d-4a86-a7c9-8443789be6b2,100411,2026-07-31T05:11:04.978728+00:00,43.52,407.3,124.1,42.3
87bdbedf-8f0d-4a86-a7c9-8443789be6b2,100411,2026-07-31T06:11:04.978728+00:00,55.3,407.2,155.2,44.3
87bdbedf-8f0d-4a86-a7c9-8443789be6b2,100411,2026-07-31T07:11:04.978728+00:00,31.21,410.4,88.0,40.8
87bdbedf-8f0d-4a86-a7c9-8443789be6b2,100411,2026-07-31T08:11:04.978728+00:00,59.11,404.5,169.0,46.0
87bdbedf-8f0d-4a86-a7c9-8443789be6b2,100411,2026-07-31T09:11:04.978728+00:00,34.92,409.0,97.2,40.4
87bdbedf-8f0d-4a86-a7c9-8443789be6b2,100411,2026-07-31T10:11:04.978728+00:00,42.54,408.4,122.0,43.2
87bdbedf-8f0d-4a86-a7c9-8443789be6b2,100411,2026-07-31T11:11:04.978728+00:00,51.95,405.3,146.3,47.9
87bdbedf-8f0d-4a86-a7c9-8443789be6b2,100411,2026-07-31T12:11:04.978728+00:00,47.33,406.8,133.9,49.2
87bdbedf-8f0d-4a86-a7c9-8443789be6b2,100411,2026-07-31T13:11:04.978728+00:00,51.45,406.9,146.8,46.4
87bdbedf-8f0d-4a86-a7c9-8443789be6b2,100411,2026-07-31T14:11:04.978728+00:00,34.27,410.7,97.6,45.6
87bdbedf-8f0d-4a86-a7c9-8443789be6b2,100411,2026-07-31T15:11:04.978728+00:00,30.81,409.4,85.9,48.7
87bdbedf-8f0d-4a86-a7c9-8443789be6b2,100411,2026-07-31T16:11:04.978728+00:00,31.06,409.8,86.9,45.7
87bdbedf-8f0d-4a86-a7c9-8443789be6b2,100411,2026-07-31T17:11:04.978728+00:00,47.99,409.6,136.1,42.6
87bdbedf-8f0d-4a86-a7c9-8443789be6b2,100411,2026-07-31T18:11:04.978728+00:00,79.84,401.1,229.0,51.9
87bdbedf-8f0d-4a86-a7c9-8443789be6b2,100411,2026-07-31T19:11:04.978728+00:00,71.72,403.4,205.3,47.4
87bdbedf-8f0d-4a86-a7c9-8443789be6b2,100411,2026-07-31T20:11:04.978728+00:00,59.6,405.3,168.2,46.2
8b704c10-c31b-4dfb-a682-7802153c7cf9,100611,2026-07-30T21:11:04.978728+00:00,75.62,402.4,343.4,40.0
8b704c10-c31b-4dfb-a682-7802153c7cf9,100611,2026-07-30T22:11:04.978728+00:00,56.12,405.0,252.9,39.3
8b704c10-c31b-4dfb-a682-7802153c7cf9,100611,2026-07-30T23:11:04.978728+00:00,47.8,408.7,214.4,37.9
8b704c10-c31b-4dfb-a682-7802153c7cf9,100611,2026-07-31T00:11:04.978728+00:00,35.43,407.8,159.1,32.3
8b704c10-c31b-4dfb-a682-7802153c7cf9,100611,2026-07-31T01:11:04.978728+00:00,46.2,408.9,205.2,37.0
8b704c10-c31b-4dfb-a682-7802153c7cf9,100611,2026-07-31T02:11:04.978728+00:00,36.59,410.4,162.5,35.2
8b704c10-c31b-4dfb-a682-7802153c7cf9,100611,2026-07-31T03:11:04.978728+00:00,49.44,408.3,218.4,36.4
8b704c10-c31b-4dfb-a682-7802153c7cf9,100611,2026-07-31T04:11:04.978728+00:00,53.04,408.8,236.2,36.1
8b704c10-c31b-4dfb-a682-7802153c7cf9,100611,2026-07-31T05:11:04.978728+00:00,32.3,412.0,140.8,33.7
8b704c10-c31b-4dfb-a682-7802153c7cf9,100611,2026-07-31T06:11:04.978728+00:00,38.08,411.0,169.7,31.6
8b704c10-c31b-4dfb-a682-7802153c7cf9,100611,2026-07-31T07:11:04.978728+00:00,43.79,408.8,195.0,34.3
8b704c10-c31b-4dfb-a682-7802153c7cf9,100611,2026-07-31T08:11:04.978728+00:00,47.98,409.4,211.7,35.9
8b704c10-c31b-4dfb-a682-7802153c7cf9,100611,2026-07-31T09:11:04.978728+00:00,59.28,404.1,265.6,35.8
8b704c10-c31b-4dfb-a682-7802153c7cf9,100611,2026-07-31T10:11:04.978728+00:00,30.87,410.6,136.4,31.2
8b704c10-c31b-4dfb-a682-7802153c7cf9,100611,2026-07-31T11:11:04.978728+00:00,37.44,407.6,166.0,41.8
8b704c10-c31b-4dfb-a682-7802153c7cf9,100611,2026-07-31T12:11:04.978728+00:00,45.29,409.3,200.0,43.9
8b704c10-c31b-4dfb-a682-7802153c7cf9,100611,2026-07-31T13:11:04.978728+00:00,30.6,411.9,134.6,37.9
8b704c10-c31b-4dfb-a682-7802153c7cf9,100611,2026-07-31T14:11:04.978728+00:00,29.93,408.6,132.3,38.9
8b704c10-c31b-4dfb-a682-7802153c7cf9,100611,2026-07-31T15:11:04.978728+00:00,50.64,408.2,227.0,43.3
8b704c10-c31b-4dfb-a682-7802153c7cf9,100611,2026-07-31T16:11:04.978728+00:00,42.84,408.8,190.1,40.8
8b704c10-c31b-4dfb-a682-7802153c7cf9,100611,2026-07-31T17:11:04.978728+00:00,30.39,410.1,136.0,31.7
8b704c10-c31b-4dfb-a682-7802153c7cf9,100611,2026-07-31T18:11:04.978728+00:00,62.66,405.1,279.5,39.5
8b704c10-c31b-4dfb-a682-7802153c7cf9,100611,2026-07-31T19:11:04.978728+00:00,55.68,405.3,251.7,35.4
8b704c10-c31b-4dfb-a682-7802153c7cf9,100611,2026-07-31T20:11:04.978728+00:00,64.79,404.4,291.6,40.0
8bf4d5fd-d84d-4a88-91dd-5aca61cde9fb,100621,2026-07-30T21:11:04.978728+00:00,57.32,404.6,22.2,41.8
8bf4d5fd-d84d-4a88-91dd-5aca61cde9fb,100621,2026-07-30T22:11:04.978728+00:00,66.25,406.6,25.4,41.6
8bf4d5fd-d84d-4a88-91dd-5aca61cde9fb,100621,2026-07-30T23:11:04.978728+00:00,50.32,407.1,18.8,40.1
8bf4d5fd-d84d-4a88-91dd-5aca61cde9fb,100621,2026-07-31T00:11:04.978728+00:00,50.34,406.1,16.7,40.6
8bf4d5fd-d84d-4a88-91dd-5aca61cde9fb,100621,2026-07-31T01:11:04.978728+00:00,48.29,406.4,19.0,37.9
8bf4d5fd-d84d-4a88-91dd-5aca61cde9fb,100621,2026-07-31T02:11:04.978728+00:00,45.19,407.4,15.6,38.8
8bf4d5fd-d84d-4a88-91dd-5aca61cde9fb,100621,2026-07-31T03:11:04.978728+00:00,48.59,408.5,15.2,39.1
8bf4d5fd-d84d-4a88-91dd-5aca61cde9fb,100621,2026-07-31T04:11:04.978728+00:00,47.31,408.5,17.9,36.5
8bf4d5fd-d84d-4a88-91dd-5aca61cde9fb,100621,2026-07-31T05:11:04.978728+00:00,44.49,409.5,17.2,36.3
8bf4d5fd-d84d-4a88-91dd-5aca61cde9fb,100621,2026-07-31T06:11:04.978728+00:00,54.14,405.5,19.3,39.9
8bf4d5fd-d84d-4a88-91dd-5aca61cde9fb,100621,2026-07-31T07:11:04.978728+00:00,35.6,409.9,13.9,34.8
8bf4d5fd-d84d-4a88-91dd-5aca61cde9fb,100621,2026-07-31T08:11:04.978728+00:00,41.1,407.6,16.4,39.1
8bf4d5fd-d84d-4a88-91dd-5aca61cde9fb,100621,2026-07-31T09:11:04.978728+00:00,37.31,408.9,11.7,35.4
8bf4d5fd-d84d-4a88-91dd-5aca61cde9fb,100621,2026-07-31T10:11:04.978728+00:00,28.22,410.3,11.5,36.0
8bf4d5fd-d84d-4a88-91dd-5aca61cde9fb,100621,2026-07-31T11:11:04.978728+00:00,55.51,407.5,19.0,47.2
8bf4d5fd-d84d-4a88-91dd-5aca61cde9fb,100621,2026-07-31T12:11:04.978728+00:00,52.99,405.9,19.4,50.7
8bf4d5fd-d84d-4a88-91dd-5aca61cde9fb,100621,2026-07-31T13:11:04.978728+00:00,39.48,408.0,15.1,46.0
8bf4d5fd-d84d-4a88-91dd-5aca61cde9fb,100621,2026-07-31T14:11:04.978728+00:00,39.92,410.3,13.4,44.0
8bf4d5fd-d84d-4a88-91dd-5aca61cde9fb,100621,2026-07-31T15:11:04.978728+00:00,52.05,408.8,16.8,47.7
8bf4d5fd-d84d-4a88-91dd-5aca61cde9fb,100621,2026-07-31T16:11:04.978728+00:00,44.18,408.4,16.5,45.0
8bf4d5fd-d84d-4a88-91dd-5aca61cde9fb,100621,2026-07-31T17:11:04.978728+00:00,51.37,406.6,18.3,39.2
8bf4d5fd-d84d-4a88-91dd-5aca61cde9fb,100621,2026-07-31T18:11:04.978728+00:00,69.66,402.9,23.8,45.0
8bf4d5fd-d84d-4a88-91dd-5aca61cde9fb,100621,2026-07-31T19:11:04.978728+00:00,75.54,402.7,25.8,45.5
8bf4d5fd-d84d-4a88-91dd-5aca61cde9fb,100621,2026-07-31T20:11:04.978728+00:00,72.04,402.4,26.9,43.3
9430e5eb-a99e-4361-a464-e05bea28a8cb,100179,2026-07-30T21:11:04.978728+00:00,53.5,407.5,381.0,44.9
9430e5eb-a99e-4361-a464-e05bea28a8cb,100179,2026-07-30T22:11:04.978728+00:00,72.59,403.2,519.2,49.2
9430e5eb-a99e-4361-a464-e05bea28a8cb,100179,2026-07-30T23:11:04.978728+00:00,40.36,409.0,286.4,40.1
9430e5eb-a99e-4361-a464-e05bea28a8cb,100179,2026-07-31T00:11:04.978728+00:00,56.51,407.6,398.6,42.6
9430e5eb-a99e-4361-a464-e05bea28a8cb,100179,2026-07-31T01:11:04.978728+00:00,40.78,410.8,284.9,42.1
9430e5eb-a99e-4361-a464-e05bea28a8cb,100179,2026-07-31T02:11:04.978728+00:00,43.06,407.2,305.0,42.5
9430e5eb-a99e-4361-a464-e05bea28a8cb,100179,2026-07-31T03:11:04.978728+00:00,60.44,405.0,431.1,44.2
9430e5eb-a99e-4361-a464-e05bea28a8cb,100179,2026-07-31T04:11:04.978728+00:00,34.33,409.4,242.0,39.4
9430e5eb-a99e-4361-a464-e05bea28a8cb,100179,2026-07-31T05:11:04.978728+00:00,47.72,406.6,339.2,44.0
9430e5eb-a99e-4361-a464-e05bea28a8cb,100179,2026-07-31T06:11:04.978728+00:00,32.72,410.8,230.5,38.0
9430e5eb-a99e-4361-a464-e05bea28a8cb,100179,2026-07-31T07:11:04.978728+00:00,38.28,408.1,272.3,38.4
9430e5eb-a99e-4361-a464-e05bea28a8cb,100179,2026-07-31T08:11:04.978728+00:00,25.45,412.5,180.1,40.4
9430e5eb-a99e-4361-a464-e05bea28a8cb,100179,2026-07-31T09:11:04.978728+00:00,58.33,405.5,416.3,42.3
9430e5eb-a99e-4361-a464-e05bea28a8cb,100179,2026-07-31T10:11:04.978728+00:00,51.3,408.6,360.5,42.4
9430e5eb-a99e-4361-a464-e05bea28a8cb,100179,2026-07-31T11:11:04.978728+00:00,61.72,407.6,438.1,50.8
9430e5eb-a99e-4361-a464-e05bea28a8cb,100179,2026-07-31T12:11:04.978728+00:00,32.93,411.1,231.7,45.2
9430e5eb-a99e-4361-a464-e05bea28a8cb,100179,2026-07-31T13:11:04.978728+00:00,52.02,407.1,369.9,51.7
9430e5eb-a99e-4361-a464-e05bea28a8cb,100179,2026-07-31T14:11:04.978728+00:00,39.13,410.3,274.5,46.9
9430e5eb-a99e-4361-a464-e05bea28a8cb,100179,2026-07-31T15:11:04.978728+00:00,60.27,406.4,427.7,48.9
9430e5eb-a99e-4361-a464-e05bea28a8cb,100179,2026-07-31T16:11:04.978728+00:00,58.45,404.8,418.2,47.6
9430e5eb-a99e-4361-a464-e05bea28a8cb,100179,2026-07-31T17:11:04.978728+00:00,57.96,407.9,409.2,44.6
9430e5eb-a99e-4361-a464-e05bea28a8cb,100179,2026-07-31T18:11:04.978728+00:00,63.15,406.9,447.8,44.9
9430e5eb-a99e-4361-a464-e05bea28a8cb,100179,2026-07-31T19:11:04.978728+00:00,56.92,405.5,403.4,44.3
9430e5eb-a99e-4361-a464-e05bea28a8cb,100179,2026-07-31T20:11:04.978728+00:00,56.75,408.5,400.8,41.2
97093c88-5046-43d9-9a35-050f48a7a3ea,100687,2026-07-30T21:11:04.978728+00:00,62.77,406.6,223.1,47.4
97093c88-5046-43d9-9a35-050f48a7a3ea,100687,2026-07-30T22:11:04.978728+00:00,65.8,406.2,233.9,50.4
97093c88-5046-43d9-9a35-050f48a7a3ea,100687,2026-07-30T23:11:04.978728+00:00,34.31,410.0,121.7,42.0
97093c88-5046-43d9-9a35-050f48a7a3ea,100687,2026-07-31T00:11:04.978728+00:00,33.76,408.7,118.4,39.4
97093c88-5046-43d9-9a35-050f48a7a3ea,100687,2026-07-31T01:11:04.978728+00:00,55.75,408.3,195.3,46.2
97093c88-5046-43d9-9a35-050f48a7a3ea,100687,2026-07-31T02:11:04.978728+00:00,32.37,408.9,113.3,41.9
97093c88-5046-43d9-9a35-050f48a7a3ea,100687,2026-07-31T03:11:04.978728+00:00,44.36,408.6,157.0,42.7
97093c88-5046-43d9-9a35-050f48a7a3ea,100687,2026-07-31T04:11:04.978728+00:00,58.72,407.3,207.0,47.9
97093c88-5046-43d9-9a35-050f48a7a3ea,100687,2026-07-31T05:11:04.978728+00:00,50.03,405.8,178.6,45.8
97093c88-5046-43d9-9a35-050f48a7a3ea,100687,2026-07-31T06:11:04.978728+00:00,40.88,407.3,145.2,43.0
97093c88-5046-43d9-9a35-050f48a7a3ea,100687,2026-07-31T07:11:04.978728+00:00,27.71,409.6,98.9,42.1
97093c88-5046-43d9-9a35-050f48a7a3ea,100687,2026-07-31T08:11:04.978728+00:00,27.9,410.7,96.8,41.9
97093c88-5046-43d9-9a35-050f48a7a3ea,100687,2026-07-31T09:11:04.978728+00:00,48.66,407.8,170.3,44.6
97093c88-5046-43d9-9a35-050f48a7a3ea,100687,2026-07-31T10:11:04.978728+00:00,58.09,404.7,206.4,45.3
97093c88-5046-43d9-9a35-050f48a7a3ea,100687,2026-07-31T11:11:04.978728+00:00,33.24,410.9,116.1,48.7
97093c88-5046-43d9-9a35-050f48a7a3ea,100687,2026-07-31T12:11:04.978728+00:00,33.16,410.6,117.9,45.7
97093c88-5046-43d9-9a35-050f48a7a3ea,100687,2026-07-31T13:11:04.978728+00:00,54.78,408.4,194.6,52.9
97093c88-5046-43d9-9a35-050f48a7a3ea,100687,2026-07-31T14:11:04.978728+00:00,31.85,410.7,110.0,50.4
97093c88-5046-43d9-9a35-050f48a7a3ea,100687,2026-07-31T15:11:04.978728+00:00,38.48,407.7,135.9,50.9
97093c88-5046-43d9-9a35-050f48a7a3ea,100687,2026-07-31T16:11:04.978728+00:00,31.43,410.5,109.0,44.7
97093c88-5046-43d9-9a35-050f48a7a3ea,100687,2026-07-31T17:11:04.978728+00:00,50.84,407.5,180.7,44.1
97093c88-5046-43d9-9a35-050f48a7a3ea,100687,2026-07-31T18:11:04.978728+00:00,55.31,406.9,197.2,45.8
97093c88-5046-43d9-9a35-050f48a7a3ea,100687,2026-07-31T19:11:04.978728+00:00,76.7,402.4,275.6,49.9
97093c88-5046-43d9-9a35-050f48a7a3ea,100687,2026-07-31T20:11:04.978728+00:00,68.58,404.1,243.3,48.9
a0273fe2-e46f-4d3c-b67e-8017d2a1f5cd,101199,2026-07-30T21:11:04.978728+00:00,57.67,406.5,53.3,41.2
a0273fe2-e46f-4d3c-b67e-8017d2a1f5cd,101199,2026-07-30T22:11:04.978728+00:00,55.62,406.3,50.8,42.3
a0273fe2-e46f-4d3c-b67e-8017d2a1f5cd,101199,2026-07-30T23:11:04.978728+00:00,57.62,405.2,53.0,39.7
a0273fe2-e46f-4d3c-b67e-8017d2a1f5cd,101199,2026-07-31T00:11:04.978728+00:00,38.75,410.7,35.9,39.1
a0273fe2-e46f-4d3c-b67e-8017d2a1f5cd,101199,2026-07-31T01:11:04.978728+00:00,42.31,410.2,37.0,37.3
a0273fe2-e46f-4d3c-b67e-8017d2a1f5cd,101199,2026-07-31T02:11:04.978728+00:00,48.66,407.9,44.0,37.6
a0273fe2-e46f-4d3c-b67e-8017d2a1f5cd,101199,2026-07-31T03:11:04.978728+00:00,48.42,406.8,44.4,39.1
a0273fe2-e46f-4d3c-b67e-8017d2a1f5cd,101199,2026-07-31T04:11:04.978728+00:00,59.79,405.3,55.3,41.8
a0273fe2-e46f-4d3c-b67e-8017d2a1f5cd,101199,2026-07-31T05:11:04.978728+00:00,45.9,408.6,40.7,39.6
a0273fe2-e46f-4d3c-b67e-8017d2a1f5cd,101199,2026-07-31T06:11:04.978728+00:00,57.09,408.3,51.9,42.1
a0273fe2-e46f-4d3c-b67e-8017d2a1f5cd,101199,2026-07-31T07:11:04.978728+00:00,37.48,410.6,32.0,36.5
a0273fe2-e46f-4d3c-b67e-8017d2a1f5cd,101199,2026-07-31T08:11:04.978728+00:00,52.88,406.9,46.8,39.7
a0273fe2-e46f-4d3c-b67e-8017d2a1f5cd,101199,2026-07-31T09:11:04.978728+00:00,57.84,407.3,52.7,40.1
a0273fe2-e46f-4d3c-b67e-8017d2a1f5cd,101199,2026-07-31T10:11:04.978728+00:00,35.31,410.1,32.3,38.8
a0273fe2-e46f-4d3c-b67e-8017d2a1f5cd,101199,2026-07-31T11:11:04.978728+00:00,36.25,411.4,30.9,44.7
a0273fe2-e46f-4d3c-b67e-8017d2a1f5cd,101199,2026-07-31T12:11:04.978728+00:00,54.26,408.2,47.0,46.0
a0273fe2-e46f-4d3c-b67e-8017d2a1f5cd,101199,2026-07-31T13:11:04.978728+00:00,48.68,406.6,44.9,41.1
a0273fe2-e46f-4d3c-b67e-8017d2a1f5cd,101199,2026-07-31T14:11:04.978728+00:00,38.83,410.3,35.0,42.9
a0273fe2-e46f-4d3c-b67e-8017d2a1f5cd,101199,2026-07-31T15:11:04.978728+00:00,56.53,405.9,50.5,45.6
a0273fe2-e46f-4d3c-b67e-8017d2a1f5cd,101199,2026-07-31T16:11:04.978728+00:00,28.26,412.0,26.4,41.2
a0273fe2-e46f-4d3c-b67e-8017d2a1f5cd,101199,2026-07-31T17:11:04.978728+00:00,56.91,405.8,52.0,38.3
a0273fe2-e46f-4d3c-b67e-8017d2a1f5cd,101199,2026-07-31T18:11:04.978728+00:00,60.84,405.0,55.3,39.4
a0273fe2-e46f-4d3c-b67e-8017d2a1f5cd,101199,2026-07-31T19:11:04.978728+00:00,64.61,403.4,56.6,42.2
a0273fe2-e46f-4d3c-b67e-8017d2a1f5cd,101199,2026-07-31T20:11:04.978728+00:00,81.22,402.3,73.8,48.7
a029f9b3-1cfa-4816-b838-8d2dd0a713fb,353,2026-07-30T21:11:04.978728+00:00,49.05,407.9,45.4,39.5
a029f9b3-1cfa-4816-b838-8d2dd0a713fb,353,2026-07-30T22:11:04.978728+00:00,69.48,404.6,63.8,41.2
a029f9b3-1cfa-4816-b838-8d2dd0a713fb,353,2026-07-30T23:11:04.978728+00:00,55.17,406.7,50.0,40.0
a029f9b3-1cfa-4816-b838-8d2dd0a713fb,353,2026-07-31T00:11:04.978728+00:00,40.6,410.6,34.1,36.7
a029f9b3-1cfa-4816-b838-8d2dd0a713fb,353,2026-07-31T01:11:04.978728+00:00,38.68,409.7,33.3,35.3
a029f9b3-1cfa-4816-b838-8d2dd0a713fb,353,2026-07-31T02:11:04.978728+00:00,47.87,406.1,42.1,36.6
a029f9b3-1cfa-4816-b838-8d2dd0a713fb,353,2026-07-31T03:11:04.978728+00:00,31.11,410.3,29.4,34.9
a029f9b3-1cfa-4816-b838-8d2dd0a713fb,353,2026-07-31T04:11:04.978728+00:00,59.51,406.9,54.4,39.9
a029f9b3-1cfa-4816-b838-8d2dd0a713fb,353,2026-07-31T05:11:04.978728+00:00,43.38,407.8,39.6,35.8
a029f9b3-1cfa-4816-b838-8d2dd0a713fb,353,2026-07-31T06:11:04.978728+00:00,41.51,408.6,36.2,37.1
a029f9b3-1cfa-4816-b838-8d2dd0a713fb,353,2026-07-31T07:11:04.978728+00:00,41.2,408.3,36.5,38.0
a029f9b3-1cfa-4816-b838-8d2dd0a713fb,353,2026-07-31T08:11:04.978728+00:00,39.83,408.1,36.4,36.1
a029f9b3-1cfa-4816-b838-8d2dd0a713fb,353,2026-07-31T09:11:04.978728+00:00,49.92,409.4,42.8,40.2
a029f9b3-1cfa-4816-b838-8d2dd0a713fb,353,2026-07-31T10:11:04.978728+00:00,40.7,408.1,37.8,34.7
a029f9b3-1cfa-4816-b838-8d2dd0a713fb,353,2026-07-31T11:11:04.978728+00:00,57.31,408.2,50.0,47.7
a029f9b3-1cfa-4816-b838-8d2dd0a713fb,353,2026-07-31T12:11:04.978728+00:00,37.43,407.9,32.9,42.3
a029f9b3-1cfa-4816-b838-8d2dd0a713fb,353,2026-07-31T13:11:04.978728+00:00,42.76,408.1,37.7,42.2
a029f9b3-1cfa-4816-b838-8d2dd0a713fb,353,2026-07-31T14:11:04.978728+00:00,55.82,406.5,49.6,45.1
a029f9b3-1cfa-4816-b838-8d2dd0a713fb,353,2026-07-31T15:11:04.978728+00:00,47.31,407.8,41.2,43.8
a029f9b3-1cfa-4816-b838-8d2dd0a713fb,353,2026-07-31T16:11:04.978728+00:00,54.92,408.0,48.0,43.7
a029f9b3-1cfa-4816-b838-8d2dd0a713fb,353,2026-07-31T17:11:04.978728+00:00,55.87,405.3,50.7,38.0
a029f9b3-1cfa-4816-b838-8d2dd0a713fb,353,2026-07-31T18:11:04.978728+00:00,70.85,402.5,63.2,44.5
a029f9b3-1cfa-4816-b838-8d2dd0a713fb,353,2026-07-31T19:11:04.978728+00:00,49.43,409.2,44.7,36.4
a029f9b3-1cfa-4816-b838-8d2dd0a713fb,353,2026-07-31T20:11:04.978728+00:00,59.65,407.7,53.7,39.1
aca45ce6-bd08-41cd-81f2-27da5d12e30a,101095,2026-07-30T21:11:04.978728+00:00,73.19,403.5,26.7,41.3
aca45ce6-bd08-41cd-81f2-27da5d12e30a,101095,2026-07-30T22:11:04.978728+00:00,82.26,402.5,29.5,43.6
aca45ce6-bd08-41cd-81f2-27da5d12e30a,101095,2026-07-30T23:11:04.978728+00:00,33.29,409.6,10.9,33.3
aca45ce6-bd08-41cd-81f2-27da5d12e30a,101095,2026-07-31T00:11:04.978728+00:00,32.22,408.7,11.6,33.7
aca45ce6-bd08-41cd-81f2-27da5d12e30a,101095,2026-07-31T01:11:04.978728+00:00,29.33,409.5,10.4,30.5
aca45ce6-bd08-41cd-81f2-27da5d12e30a,101095,2026-07-31T02:11:04.978728+00:00,42.9,407.7,17.0,34.3
aca45ce6-bd08-41cd-81f2-27da5d12e30a,101095,2026-07-31T03:11:04.978728+00:00,41.04,407.6,14.0,32.1
aca45ce6-bd08-41cd-81f2-27da5d12e30a,101095,2026-07-31T04:11:04.978728+00:00,42.44,409.7,16.2,34.9
aca45ce6-bd08-41cd-81f2-27da5d12e30a,101095,2026-07-31T05:11:04.978728+00:00,42.43,410.3,14.5,35.2
aca45ce6-bd08-41cd-81f2-27da5d12e30a,101095,2026-07-31T06:11:04.978728+00:00,41.15,407.4,13.0,34.8
aca45ce6-bd08-41cd-81f2-27da5d12e30a,101095,2026-07-31T07:11:04.978728+00:00,46.15,409.7,16.5,33.7
aca45ce6-bd08-41cd-81f2-27da5d12e30a,101095,2026-07-31T08:11:04.978728+00:00,57.41,408.1,18.6,35.1
aca45ce6-bd08-41cd-81f2-27da5d12e30a,101095,2026-07-31T09:11:04.978728+00:00,37.49,409.2,14.5,32.9
aca45ce6-bd08-41cd-81f2-27da5d12e30a,101095,2026-07-31T10:11:04.978728+00:00,33.19,410.6,12.2,32.4
aca45ce6-bd08-41cd-81f2-27da5d12e30a,101095,2026-07-31T11:11:04.978728+00:00,56.98,406.4,21.5,41.0
aca45ce6-bd08-41cd-81f2-27da5d12e30a,101095,2026-07-31T12:11:04.978728+00:00,36.47,410.5,13.0,40.8
aca45ce6-bd08-41cd-81f2-27da5d12e30a,101095,2026-07-31T13:11:04.978728+00:00,30.7,410.4,10.5,36.3
aca45ce6-bd08-41cd-81f2-27da5d12e30a,101095,2026-07-31T14:11:04.978728+00:00,39.44,407.7,15.3,36.1
aca45ce6-bd08-41cd-81f2-27da5d12e30a,101095,2026-07-31T15:11:04.978728+00:00,56.17,407.2,18.8,45.4
aca45ce6-bd08-41cd-81f2-27da5d12e30a,101095,2026-07-31T16:11:04.978728+00:00,59.64,404.9,22.9,42.1
aca45ce6-bd08-41cd-81f2-27da5d12e30a,101095,2026-07-31T17:11:04.978728+00:00,64.09,404.7,23.7,39.5
aca45ce6-bd08-41cd-81f2-27da5d12e30a,101095,2026-07-31T18:11:04.978728+00:00,77.49,402.7,27.6,43.6
aca45ce6-bd08-41cd-81f2-27da5d12e30a,101095,2026-07-31T19:11:04.978728+00:00,76.02,405.3,27.6,41.6
aca45ce6-bd08-41cd-81f2-27da5d12e30a,101095,2026-07-31T20:11:04.978728+00:00,60.37,404.0,22.8,39.2
adbd1699-fbb4-4dac-ace1-291f405cc281,100220,2026-07-30T21:11:04.978728+00:00,86.85,385.3,408.2,78.4
adbd1699-fbb4-4dac-ace1-291f405cc281,100220,2026-07-30T22:11:04.978728+00:00,80.63,389.0,378.2,73.1
adbd1699-fbb4-4dac-ace1-291f405cc281,100220,2026-07-30T23:11:04.978728+00:00,86.56,384.6,409.5,74.6
adbd1699-fbb4-4dac-ace1-291f405cc281,100220,2026-07-31T00:11:04.978728+00:00,80.91,388.7,379.8,71.3
adbd1699-fbb4-4dac-ace1-291f405cc281,100220,2026-07-31T01:11:04.978728+00:00,89.2,381.6,423.3,78.1
adbd1699-fbb4-4dac-ace1-291f405cc281,100220,2026-07-31T02:11:04.978728+00:00,99.55,379.8,475.0,86.6
adbd1699-fbb4-4dac-ace1-291f405cc281,100220,2026-07-31T03:11:04.978728+00:00,89.72,380.8,430.3,79.3
adbd1699-fbb4-4dac-ace1-291f405cc281,100220,2026-07-31T04:11:04.978728+00:00,91.78,384.6,432.7,80.9
adbd1699-fbb4-4dac-ace1-291f405cc281,100220,2026-07-31T05:11:04.978728+00:00,88.48,384.4,417.8,79.6
adbd1699-fbb4-4dac-ace1-291f405cc281,100220,2026-07-31T06:11:04.978728+00:00,96.42,380.6,459.0,83.2
adbd1699-fbb4-4dac-ace1-291f405cc281,100220,2026-07-31T07:11:04.978728+00:00,84.42,386.6,398.1,76.7
adbd1699-fbb4-4dac-ace1-291f405cc281,100220,2026-07-31T08:11:04.978728+00:00,101.17,378.5,486.2,84.1
adbd1699-fbb4-4dac-ace1-291f405cc281,100220,2026-07-31T09:11:04.978728+00:00,100.63,381.1,479.8,87.6
adbd1699-fbb4-4dac-ace1-291f405cc281,100220,2026-07-31T10:11:04.978728+00:00,96.98,380.7,464.1,82.1
adbd1699-fbb4-4dac-ace1-291f405cc281,100220,2026-07-31T11:11:04.978728+00:00,95.73,379.5,459.3,84.2
adbd1699-fbb4-4dac-ace1-291f405cc281,100220,2026-07-31T12:11:04.978728+00:00,89.89,384.3,425.3,78.2
adbd1699-fbb4-4dac-ace1-291f405cc281,100220,2026-07-31T13:11:04.978728+00:00,90.52,385.5,428.4,79.0
adbd1699-fbb4-4dac-ace1-291f405cc281,100220,2026-07-31T14:11:04.978728+00:00,94.07,380.4,448.5,79.3
adbd1699-fbb4-4dac-ace1-291f405cc281,100220,2026-07-31T15:11:04.978728+00:00,89.65,386.6,423.1,76.7
adbd1699-fbb4-4dac-ace1-291f405cc281,100220,2026-07-31T16:11:04.978728+00:00,86.38,382.2,410.6,76.2
adbd1699-fbb4-4dac-ace1-291f405cc281,100220,2026-07-31T17:11:04.978728+00:00,85.2,388.1,400.6,74.8
adbd1699-fbb4-4dac-ace1-291f405cc281,100220,2026-07-31T18:11:04.978728+00:00,96.81,382.6,462.2,84.6
adbd1699-fbb4-4dac-ace1-291f405cc281,100220,2026-07-31T19:11:04.978728+00:00,95.48,380.9,457.9,81.8
adbd1699-fbb4-4dac-ace1-291f405cc281,100220,2026-07-31T20:11:04.978728+00:00,82.09,383.8,389.2,73.9
bcd5ef57-7581-4849-8b1d-457716ae6169,101106,2026-07-30T21:11:04.978728+00:00,60.13,407.0,53.4,41.8
bcd5ef57-7581-4849-8b1d-457716ae6169,101106,2026-07-30T22:11:04.978728+00:00,63.06,404.6,55.0,40.8
bcd5ef57-7581-4849-8b1d-457716ae6169,101106,2026-07-30T23:11:04.978728+00:00,54.94,407.1,50.3,36.5
bcd5ef57-7581-4849-8b1d-457716ae6169,101106,2026-07-31T00:11:04.978728+00:00,28.59,410.3,26.2,33.2
bcd5ef57-7581-4849-8b1d-457716ae6169,101106,2026-07-31T01:11:04.978728+00:00,49.21,408.8,44.9,36.4
bcd5ef57-7581-4849-8b1d-457716ae6169,101106,2026-07-31T02:11:04.978728+00:00,31.39,412.1,25.7,33.5
bcd5ef57-7581-4849-8b1d-457716ae6169,101106,2026-07-31T03:11:04.978728+00:00,31.94,410.8,28.9,35.3
bcd5ef57-7581-4849-8b1d-457716ae6169,101106,2026-07-31T04:11:04.978728+00:00,59.66,405.4,54.6,39.8
bcd5ef57-7581-4849-8b1d-457716ae6169,101106,2026-07-31T05:11:04.978728+00:00,35.78,410.0,32.0,35.7
bcd5ef57-7581-4849-8b1d-457716ae6169,101106,2026-07-31T06:11:04.978728+00:00,31.63,408.9,28.5,34.6
bcd5ef57-7581-4849-8b1d-457716ae6169,101106,2026-07-31T07:11:04.978728+00:00,50.81,407.2,45.0,37.8
bcd5ef57-7581-4849-8b1d-457716ae6169,101106,2026-07-31T08:11:04.978728+00:00,56.34,406.8,50.0,40.4
bcd5ef57-7581-4849-8b1d-457716ae6169,101106,2026-07-31T09:11:04.978728+00:00,56.97,405.7,51.0,38.3
bcd5ef57-7581-4849-8b1d-457716ae6169,101106,2026-07-31T10:11:04.978728+00:00,51.45,408.9,46.0,37.1
bcd5ef57-7581-4849-8b1d-457716ae6169,101106,2026-07-31T11:11:04.978728+00:00,57.78,405.1,52.8,48.1
bcd5ef57-7581-4849-8b1d-457716ae6169,101106,2026-07-31T12:11:04.978728+00:00,39.81,409.8,37.2,43.5
bcd5ef57-7581-4849-8b1d-457716ae6169,101106,2026-07-31T13:11:04.978728+00:00,41.69,409.7,38.2,42.8
bcd5ef57-7581-4849-8b1d-457716ae6169,101106,2026-07-31T14:11:04.978728+00:00,43.88,409.7,40.6,43.9
bcd5ef57-7581-4849-8b1d-457716ae6169,101106,2026-07-31T15:11:04.978728+00:00,44.98,409.2,39.8,46.4
bcd5ef57-7581-4849-8b1d-457716ae6169,101106,2026-07-31T16:11:04.978728+00:00,43.14,408.5,37.3,42.9
bcd5ef57-7581-4849-8b1d-457716ae6169,101106,2026-07-31T17:11:04.978728+00:00,51.66,407.4,47.3,38.3
bcd5ef57-7581-4849-8b1d-457716ae6169,101106,2026-07-31T18:11:04.978728+00:00,50.32,408.9,44.4,39.2
bcd5ef57-7581-4849-8b1d-457716ae6169,101106,2026-07-31T19:11:04.978728+00:00,57.09,407.4,50.5,41.0
bcd5ef57-7581-4849-8b1d-457716ae6169,101106,2026-07-31T20:11:04.978728+00:00,67.13,405.3,62.0,42.0
bd4244b2-3063-467e-9e40-ac2b8d88b7f9,101148,2026-07-30T21:11:04.978728+00:00,73.32,405.6,328.5,48.5
bd4244b2-3063-467e-9e40-ac2b8d88b7f9,101148,2026-07-30T22:11:04.978728+00:00,52.49,405.2,235.3,44.3
bd4244b2-3063-467e-9e40-ac2b8d88b7f9,101148,2026-07-30T23:11:04.978728+00:00,42.55,408.2,189.1,41.9
bd4244b2-3063-467e-9e40-ac2b8d88b7f9,101148,2026-07-31T00:11:04.978728+00:00,40.16,407.3,177.6,44.2
bd4244b2-3063-467e-9e40-ac2b8d88b7f9,101148,2026-07-31T01:11:04.978728+00:00,36.97,410.7,162.0,41.7
bd4244b2-3063-467e-9e40-ac2b8d88b7f9,101148,2026-07-31T02:11:04.978728+00:00,51.42,407.4,230.5,47.3
bd4244b2-3063-467e-9e40-ac2b8d88b7f9,101148,2026-07-31T03:11:04.978728+00:00,48.85,406.8,219.4,44.2
bd4244b2-3063-467e-9e40-ac2b8d88b7f9,101148,2026-07-31T04:11:04.978728+00:00,42.5,408.1,191.1,43.0
bd4244b2-3063-467e-9e40-ac2b8d88b7f9,101148,2026-07-31T05:11:04.978728+00:00,49.87,409.0,221.3,43.1
bd4244b2-3063-467e-9e40-ac2b8d88b7f9,101148,2026-07-31T06:11:04.978728+00:00,56.08,405.6,250.8,43.6
bd4244b2-3063-467e-9e40-ac2b8d88b7f9,101148,2026-07-31T07:11:04.978728+00:00,56.21,406.3,252.3,45.3
bd4244b2-3063-467e-9e40-ac2b8d88b7f9,101148,2026-07-31T08:11:04.978728+00:00,34.65,409.4,154.7,42.2
bd4244b2-3063-467e-9e40-ac2b8d88b7f9,101148,2026-07-31T09:11:04.978728+00:00,45.35,407.9,200.6,42.5
bd4244b2-3063-467e-9e40-ac2b8d88b7f9,101148,2026-07-31T10:11:04.978728+00:00,38.25,411.0,167.4,41.2
bd4244b2-3063-467e-9e40-ac2b8d88b7f9,101148,2026-07-31T11:11:04.978728+00:00,54.28,408.4,240.7,50.8
bd4244b2-3063-467e-9e40-ac2b8d88b7f9,101148,2026-07-31T12:11:04.978728+00:00,44.96,410.0,198.2,51.8
bd4244b2-3063-467e-9e40-ac2b8d88b7f9,101148,2026-07-31T13:11:04.978728+00:00,28.13,411.1,123.2,46.8
bd4244b2-3063-467e-9e40-ac2b8d88b7f9,101148,2026-07-31T14:11:04.978728+00:00,55.5,406.6,248.2,53.6
bd4244b2-3063-467e-9e40-ac2b8d88b7f9,101148,2026-07-31T15:11:04.978728+00:00,42.18,409.8,187.3,46.2
bd4244b2-3063-467e-9e40-ac2b8d88b7f9,101148,2026-07-31T16:11:04.978728+00:00,43.08,409.6,192.0,48.0
bd4244b2-3063-467e-9e40-ac2b8d88b7f9,101148,2026-07-31T17:11:04.978728+00:00,43.28,409.0,193.5,42.6
bd4244b2-3063-467e-9e40-ac2b8d88b7f9,101148,2026-07-31T18:11:04.978728+00:00,55.77,405.8,249.0,46.8
bd4244b2-3063-467e-9e40-ac2b8d88b7f9,101148,2026-07-31T19:11:04.978728+00:00,56.13,404.9,253.8,44.0
bd4244b2-3063-467e-9e40-ac2b8d88b7f9,101148,2026-07-31T20:11:04.978728+00:00,69.68,404.3,312.3,51.3
bd46047b-2d35-4b34-a2db-08a5ef17e68f,100281,2026-07-30T21:11:04.978728+00:00,68.03,405.9,483.5,44.7
bd46047b-2d35-4b34-a2db-08a5ef17e68f,100281,2026-07-30T22:11:04.978728+00:00,57.23,406.5,405.4,40.3
bd46047b-2d35-4b34-a2db-08a5ef17e68f,100281,2026-07-30T23:11:04.978728+00:00,51.84,405.3,370.2,41.4
bd46047b-2d35-4b34-a2db-08a5ef17e68f,100281,2026-07-31T00:11:04.978728+00:00,32.0,408.9,227.3,35.0
bd46047b-2d35-4b34-a2db-08a5ef17e68f,100281,2026-07-31T01:11:04.978728+00:00,35.69,409.9,250.2,38.2
bd46047b-2d35-4b34-a2db-08a5ef17e68f,100281,2026-07-31T02:11:04.978728+00:00,41.66,407.4,296.9,39.5
bd46047b-2d35-4b34-a2db-08a5ef17e68f,100281,2026-07-31T03:11:04.978728+00:00,40.42,410.1,285.5,36.3
bd46047b-2d35-4b34-a2db-08a5ef17e68f,100281,2026-07-31T04:11:04.978728+00:00,33.47,410.4,235.0,38.5
bd46047b-2d35-4b34-a2db-08a5ef17e68f,100281,2026-07-31T05:11:04.978728+00:00,41.77,410.0,295.8,39.0
bd46047b-2d35-4b34-a2db-08a5ef17e68f,100281,2026-07-31T06:11:04.978728+00:00,61.16,406.8,435.3,42.0
bd46047b-2d35-4b34-a2db-08a5ef17e68f,100281,2026-07-31T07:11:04.978728+00:00,53.09,406.1,377.3,37.8
bd46047b-2d35-4b34-a2db-08a5ef17e68f,100281,2026-07-31T08:11:04.978728+00:00,48.51,406.4,346.4,39.4
bd46047b-2d35-4b34-a2db-08a5ef17e68f,100281,2026-07-31T09:11:04.978728+00:00,28.82,411.8,201.8,35.3
bd46047b-2d35-4b34-a2db-08a5ef17e68f,100281,2026-07-31T10:11:04.978728+00:00,53.84,408.2,382.6,38.7
bd46047b-2d35-4b34-a2db-08a5ef17e68f,100281,2026-07-31T11:11:04.978728+00:00,45.48,409.1,321.6,42.7
bd46047b-2d35-4b34-a2db-08a5ef17e68f,100281,2026-07-31T12:11:04.978728+00:00,54.36,404.9,388.6,46.7
bd46047b-2d35-4b34-a2db-08a5ef17e68f,100281,2026-07-31T13:11:04.978728+00:00,44.78,409.6,313.9,47.4
bd46047b-2d35-4b34-a2db-08a5ef17e68f,100281,2026-07-31T14:11:04.978728+00:00,40.96,410.6,286.6,42.5
bd46047b-2d35-4b34-a2db-08a5ef17e68f,100281,2026-07-31T15:11:04.978728+00:00,27.43,410.9,193.4,41.7
bd46047b-2d35-4b34-a2db-08a5ef17e68f,100281,2026-07-31T16:11:04.978728+00:00,41.9,409.1,296.6,42.6
bd46047b-2d35-4b34-a2db-08a5ef17e68f,100281,2026-07-31T17:11:04.978728+00:00,44.07,407.6,312.6,38.1
bd46047b-2d35-4b34-a2db-08a5ef17e68f,100281,2026-07-31T18:11:04.978728+00:00,81.88,402.5,586.5,49.5
bd46047b-2d35-4b34-a2db-08a5ef17e68f,100281,2026-07-31T19:11:04.978728+00:00,61.39,404.9,437.7,43.7
bd46047b-2d35-4b34-a2db-08a5ef17e68f,100281,2026-07-31T20:11:04.978728+00:00,60.68,407.3,429.2,40.4
bd815476-1509-4a72-bd51-04624a63241b,100002,2026-07-30T21:11:04.978728+00:00,57.29,404.8,80.2,49.9
bd815476-1509-4a72-bd51-04624a63241b,100002,2026-07-30T22:11:04.978728+00:00,76.86,403.7,111.8,58.3
bd815476-1509-4a72-bd51-04624a63241b,100002,2026-07-30T23:11:04.978728+00:00,48.03,406.3,68.3,48.7
bd815476-1509-4a72-bd51-04624a63241b,100002,2026-07-31T00:11:04.978728+00:00,60.01,404.6,87.0,50.5
bd815476-1509-4a72-bd51-04624a63241b,100002,2026-07-31T01:11:04.978728+00:00,39.41,408.8,55.0,49.1
bd815476-1509-4a72-bd51-04624a63241b,100002,2026-07-31T02:11:04.978728+00:00,39.86,409.7,57.4,47.3
bd815476-1509-4a72-bd51-04624a63241b,100002,2026-07-31T03:11:04.978728+00:00,51.22,406.9,74.3,49.0
bd815476-1509-4a72-bd51-04624a63241b,100002,2026-07-31T04:11:04.978728+00:00,26.58,409.9,38.3,45.0
bd815476-1509-4a72-bd51-04624a63241b,100002,2026-07-31T05:11:04.978728+00:00,40.12,407.3,55.8,46.9
bd815476-1509-4a72-bd51-04624a63241b,100002,2026-07-31T06:11:04.978728+00:00,40.42,410.0,56.2,45.7
bd815476-1509-4a72-bd51-04624a63241b,100002,2026-07-31T07:11:04.978728+00:00,47.84,407.2,66.3,48.0
bd815476-1509-4a72-bd51-04624a63241b,100002,2026-07-31T08:11:04.978728+00:00,35.94,408.4,49.9,47.1
bd815476-1509-4a72-bd51-04624a63241b,100002,2026-07-31T09:11:04.978728+00:00,38.92,408.0,55.4,48.5
bd815476-1509-4a72-bd51-04624a63241b,100002,2026-07-31T10:11:04.978728+00:00,43.47,408.4,61.6,48.1
bd815476-1509-4a72-bd51-04624a63241b,100002,2026-07-31T11:11:04.978728+00:00,60.96,407.7,87.0,60.6
bd815476-1509-4a72-bd51-04624a63241b,100002,2026-07-31T12:11:04.978728+00:00,36.17,409.3,49.4,54.1
bd815476-1509-4a72-bd51-04624a63241b,100002,2026-07-31T13:11:04.978728+00:00,39.08,411.1,53.3,55.8
bd815476-1509-4a72-bd51-04624a63241b,100002,2026-07-31T14:11:04.978728+00:00,40.39,410.5,58.7,55.6
bd815476-1509-4a72-bd51-04624a63241b,100002,2026-07-31T15:11:04.978728+00:00,33.49,411.2,45.4,56.2
bd815476-1509-4a72-bd51-04624a63241b,100002,2026-07-31T16:11:04.978728+00:00,60.23,407.0,84.3,57.6
bd815476-1509-4a72-bd51-04624a63241b,100002,2026-07-31T17:11:04.978728+00:00,35.69,408.4,51.1,46.7
bd815476-1509-4a72-bd51-04624a63241b,100002,2026-07-31T18:11:04.978728+00:00,58.62,407.4,82.2,50.1
bd815476-1509-4a72-bd51-04624a63241b,100002,2026-07-31T19:11:04.978728+00:00,53.54,407.1,75.9,49.5
bd815476-1509-4a72-bd51-04624a63241b,100002,2026-07-31T20:11:04.978728+00:00,74.78,405.7,104.6,54.1
c185198c-4e3a-4d73-b9f5-f0868bc8f54d,101007,2026-07-30T21:11:04.978728+00:00,50.74,406.7,226.1,38.3
c185198c-4e3a-4d73-b9f5-f0868bc8f54d,101007,2026-07-30T22:11:04.978728+00:00,75.31,405.3,338.4,43.1
c185198c-4e3a-4d73-b9f5-f0868bc8f54d,101007,2026-07-30T23:11:04.978728+00:00,40.44,409.5,181.4,38.1
c185198c-4e3a-4d73-b9f5-f0868bc8f54d,101007,2026-07-31T00:11:04.978728+00:00,42.59,409.3,190.9,35.6
c185198c-4e3a-4d73-b9f5-f0868bc8f54d,101007,2026-07-31T01:11:04.978728+00:00,55.21,408.0,244.5,39.0
c185198c-4e3a-4d73-b9f5-f0868bc8f54d,101007,2026-07-31T02:11:04.978728+00:00,56.72,404.7,253.0,39.0
c185198c-4e3a-4d73-b9f5-f0868bc8f54d,101007,2026-07-31T03:11:04.978728+00:00,41.56,409.6,183.4,34.3
c185198c-4e3a-4d73-b9f5-f0868bc8f54d,101007,2026-07-31T04:11:04.978728+00:00,35.09,408.5,154.3,36.1
c185198c-4e3a-4d73-b9f5-f0868bc8f54d,101007,2026-07-31T05:11:04.978728+00:00,51.61,407.3,230.5,36.2
c185198c-4e3a-4d73-b9f5-f0868bc8f54d,101007,2026-07-31T06:11:04.978728+00:00,31.84,408.5,143.3,33.6
c185198c-4e3a-4d73-b9f5-f0868bc8f54d,101007,2026-07-31T07:11:04.978728+00:00,34.24,409.0,153.3,35.1
c185198c-4e3a-4d73-b9f5-f0868bc8f54d,101007,2026-07-31T08:11:04.978728+00:00,48.58,407.0,215.9,34.4
c185198c-4e3a-4d73-b9f5-f0868bc8f54d,101007,2026-07-31T09:11:04.978728+00:00,38.81,410.4,173.4,34.3
c185198c-4e3a-4d73-b9f5-f0868bc8f54d,101007,2026-07-31T10:11:04.978728+00:00,51.05,406.6,228.6,37.0
c185198c-4e3a-4d73-b9f5-f0868bc8f54d,101007,2026-07-31T11:11:04.978728+00:00,55.46,404.7,249.6,42.5
c185198c-4e3a-4d73-b9f5-f0868bc8f54d,101007,2026-07-31T12:11:04.978728+00:00,48.62,409.3,215.8,41.1
c185198c-4e3a-4d73-b9f5-f0868bc8f54d,101007,2026-07-31T13:11:04.978728+00:00,53.35,405.5,239.5,48.2
c185198c-4e3a-4d73-b9f5-f0868bc8f54d,101007,2026-07-31T14:11:04.978728+00:00,55.21,405.3,248.6,43.2
c185198c-4e3a-4d73-b9f5-f0868bc8f54d,101007,2026-07-31T15:11:04.978728+00:00,55.2,406.5,248.2,44.8
c185198c-4e3a-4d73-b9f5-f0868bc8f54d,101007,2026-07-31T16:11:04.978728+00:00,29.0,412.5,126.6,41.6
c185198c-4e3a-4d73-b9f5-f0868bc8f54d,101007,2026-07-31T17:11:04.978728+00:00,32.84,408.8,145.1,33.1
c185198c-4e3a-4d73-b9f5-f0868bc8f54d,101007,2026-07-31T18:11:04.978728+00:00,77.49,405.0,349.7,46.5
c185198c-4e3a-4d73-b9f5-f0868bc8f54d,101007,2026-07-31T19:11:04.978728+00:00,62.23,404.3,279.1,41.4
c185198c-4e3a-4d73-b9f5-f0868bc8f54d,101007,2026-07-31T20:11:04.978728+00:00,52.29,405.5,235.4,35.8
c1cd517f-606b-4289-b24f-5d9eadb0d9ef,100243,2026-07-30T21:11:04.978728+00:00,62.35,404.3,444.0,44.2
c1cd517f-606b-4289-b24f-5d9eadb0d9ef,100243,2026-07-30T22:11:04.978728+00:00,56.1,406.7,399.5,40.9
c1cd517f-606b-4289-b24f-5d9eadb0d9ef,100243,2026-07-30T23:11:04.978728+00:00,47.91,408.3,340.5,39.1
c1cd517f-606b-4289-b24f-5d9eadb0d9ef,100243,2026-07-31T00:11:04.978728+00:00,28.6,409.1,201.7,33.6
c1cd517f-606b-4289-b24f-5d9eadb0d9ef,100243,2026-07-31T01:11:04.978728+00:00,51.4,406.1,367.4,39.7
c1cd517f-606b-4289-b24f-5d9eadb0d9ef,100243,2026-07-31T02:11:04.978728+00:00,55.26,408.6,390.4,38.1
c1cd517f-606b-4289-b24f-5d9eadb0d9ef,100243,2026-07-31T03:11:04.978728+00:00,45.66,409.2,322.4,37.9
c1cd517f-606b-4289-b24f-5d9eadb0d9ef,100243,2026-07-31T04:11:04.978728+00:00,49.57,409.1,348.8,39.9
c1cd517f-606b-4289-b24f-5d9eadb0d9ef,100243,2026-07-31T05:11:04.978728+00:00,59.28,404.5,422.1,40.1
c1cd517f-606b-4289-b24f-5d9eadb0d9ef,100243,2026-07-31T06:11:04.978728+00:00,54.74,407.7,389.6,41.3
c1cd517f-606b-4289-b24f-5d9eadb0d9ef,100243,2026-07-31T07:11:04.978728+00:00,48.21,406.7,342.9,40.8
c1cd517f-606b-4289-b24f-5d9eadb0d9ef,100243,2026-07-31T08:11:04.978728+00:00,56.68,408.4,401.5,41.0
c1cd517f-606b-4289-b24f-5d9eadb0d9ef,100243,2026-07-31T09:11:04.978728+00:00,54.99,405.8,389.2,40.6
c1cd517f-606b-4289-b24f-5d9eadb0d9ef,100243,2026-07-31T10:11:04.978728+00:00,30.72,408.9,217.6,34.3
c1cd517f-606b-4289-b24f-5d9eadb0d9ef,100243,2026-07-31T11:11:04.978728+00:00,53.46,408.8,376.5,47.7
c1cd517f-606b-4289-b24f-5d9eadb0d9ef,100243,2026-07-31T12:11:04.978728+00:00,37.52,410.9,262.3,41.8
c1cd517f-606b-4289-b24f-5d9eadb0d9ef,100243,2026-07-31T13:11:04.978728+00:00,49.63,409.2,350.5,46.0
c1cd517f-606b-4289-b24f-5d9eadb0d9ef,100243,2026-07-31T14:11:04.978728+00:00,48.86,409.6,346.2,43.0
c1cd517f-606b-4289-b24f-5d9eadb0d9ef,100243,2026-07-31T15:11:04.978728+00:00,52.78,405.8,374.1,47.7
c1cd517f-606b-4289-b24f-5d9eadb0d9ef,100243,2026-07-31T16:11:04.978728+00:00,32.43,409.8,230.1,40.3
c1cd517f-606b-4289-b24f-5d9eadb0d9ef,100243,2026-07-31T17:11:04.978728+00:00,57.33,407.0,405.7,39.3
c1cd517f-606b-4289-b24f-5d9eadb0d9ef,100243,2026-07-31T18:11:04.978728+00:00,63.65,404.9,452.2,42.8
c1cd517f-606b-4289-b24f-5d9eadb0d9ef,100243,2026-07-31T19:11:04.978728+00:00,74.83,405.0,533.0,44.3
c1cd517f-606b-4289-b24f-5d9eadb0d9ef,100243,2026-07-31T20:11:04.978728+00:00,56.6,406.7,400.2,39.8
c1ed15ea-af41-40f5-b1d0-ddfe68b01880,100010,2026-07-30T21:11:04.978728+00:00,72.28,405.2,104.5,47.1
c1ed15ea-af41-40f5-b1d0-ddfe68b01880,100010,2026-07-30T22:11:04.978728+00:00,63.78,407.0,88.6,44.8
c1ed15ea-af41-40f5-b1d0-ddfe68b01880,100010,2026-07-30T23:11:04.978728+00:00,33.49,410.3,49.1,39.0
c1ed15ea-af41-40f5-b1d0-ddfe68b01880,100010,2026-07-31T00:11:04.978728+00:00,35.14,410.3,50.0,38.7
c1ed15ea-af41-40f5-b1d0-ddfe68b01880,100010,2026-07-31T01:11:04.978728+00:00,55.34,406.9,79.0,43.5
c1ed15ea-af41-40f5-b1d0-ddfe68b01880,100010,2026-07-31T02:11:04.978728+00:00,52.21,408.9,74.0,42.9
c1ed15ea-af41-40f5-b1d0-ddfe68b01880,100010,2026-07-31T03:11:04.978728+00:00,60.12,407.2,83.4,47.3
c1ed15ea-af41-40f5-b1d0-ddfe68b01880,100010,2026-07-31T04:11:04.978728+00:00,49.04,408.0,69.6,41.8
c1ed15ea-af41-40f5-b1d0-ddfe68b01880,100010,2026-07-31T05:11:04.978728+00:00,46.14,408.5,66.8,40.4
c1ed15ea-af41-40f5-b1d0-ddfe68b01880,100010,2026-07-31T06:11:04.978728+00:00,34.93,411.7,50.8,40.5
c1ed15ea-af41-40f5-b1d0-ddfe68b01880,100010,2026-07-31T07:11:04.978728+00:00,31.34,409.0,42.7,39.3
c1ed15ea-af41-40f5-b1d0-ddfe68b01880,100010,2026-07-31T08:11:04.978728+00:00,38.98,409.6,55.4,37.9
c1ed15ea-af41-40f5-b1d0-ddfe68b01880,100010,2026-07-31T09:11:04.978728+00:00,37.04,411.3,52.1,42.0
c1ed15ea-af41-40f5-b1d0-ddfe68b01880,100010,2026-07-31T10:11:04.978728+00:00,28.45,409.6,40.6,40.3
c1ed15ea-af41-40f5-b1d0-ddfe68b01880,100010,2026-07-31T11:11:04.978728+00:00,49.1,408.0,68.2,48.8
c1ed15ea-af41-40f5-b1d0-ddfe68b01880,100010,2026-07-31T12:11:04.978728+00:00,56.15,405.9,79.3,53.5
c1ed15ea-af41-40f5-b1d0-ddfe68b01880,100010,2026-07-31T13:11:04.978728+00:00,31.76,410.1,43.2,44.0
c1ed15ea-af41-40f5-b1d0-ddfe68b01880,100010,2026-07-31T14:11:04.978728+00:00,32.61,411.1,45.8,49.4
c1ed15ea-af41-40f5-b1d0-ddfe68b01880,100010,2026-07-31T15:11:04.978728+00:00,31.76,409.4,43.0,44.8
c1ed15ea-af41-40f5-b1d0-ddfe68b01880,100010,2026-07-31T16:11:04.978728+00:00,43.03,410.0,61.4,47.2
c1ed15ea-af41-40f5-b1d0-ddfe68b01880,100010,2026-07-31T17:11:04.978728+00:00,50.8,407.6,70.6,41.8
c1ed15ea-af41-40f5-b1d0-ddfe68b01880,100010,2026-07-31T18:11:04.978728+00:00,53.63,405.8,78.0,45.4
c1ed15ea-af41-40f5-b1d0-ddfe68b01880,100010,2026-07-31T19:11:04.978728+00:00,67.54,403.1,95.2,46.7
c1ed15ea-af41-40f5-b1d0-ddfe68b01880,100010,2026-07-31T20:11:04.978728+00:00,67.49,406.4,95.9,46.9
c212dcbf-3b59-4beb-afd2-6ab13796deec,100182,2026-07-30T21:11:04.978728+00:00,64.56,404.8,185.8,43.8
c212dcbf-3b59-4beb-afd2-6ab13796deec,100182,2026-07-30T22:11:04.978728+00:00,51.71,405.3,148.9,36.3
c212dcbf-3b59-4beb-afd2-6ab13796deec,100182,2026-07-30T23:11:04.978728+00:00,40.49,409.1,112.7,36.2
c212dcbf-3b59-4beb-afd2-6ab13796deec,100182,2026-07-31T00:11:04.978728+00:00,40.92,407.7,116.9,39.2
c212dcbf-3b59-4beb-afd2-6ab13796deec,100182,2026-07-31T01:11:04.978728+00:00,48.07,407.6,137.0,38.9
c212dcbf-3b59-4beb-afd2-6ab13796deec,100182,2026-07-31T02:11:04.978728+00:00,41.44,408.1,118.3,36.5
c212dcbf-3b59-4beb-afd2-6ab13796deec,100182,2026-07-31T03:11:04.978728+00:00,41.09,409.4,115.2,36.6
c212dcbf-3b59-4beb-afd2-6ab13796deec,100182,2026-07-31T04:11:04.978728+00:00,59.8,405.7,171.9,42.3
c212dcbf-3b59-4beb-afd2-6ab13796deec,100182,2026-07-31T05:11:04.978728+00:00,39.85,408.5,111.9,36.9
c212dcbf-3b59-4beb-afd2-6ab13796deec,100182,2026-07-31T06:11:04.978728+00:00,47.4,407.8,135.7,38.8
c212dcbf-3b59-4beb-afd2-6ab13796deec,100182,2026-07-31T07:11:04.978728+00:00,55.16,405.4,155.7,38.1
c212dcbf-3b59-4beb-afd2-6ab13796deec,100182,2026-07-31T08:11:04.978728+00:00,44.3,407.2,127.1,36.2
c212dcbf-3b59-4beb-afd2-6ab13796deec,100182,2026-07-31T09:11:04.978728+00:00,60.01,407.0,168.4,39.6
c212dcbf-3b59-4beb-afd2-6ab13796deec,100182,2026-07-31T10:11:04.978728+00:00,33.47,410.9,92.5,34.3
c212dcbf-3b59-4beb-afd2-6ab13796deec,100182,2026-07-31T11:11:04.978728+00:00,44.4,407.5,126.9,45.8
c212dcbf-3b59-4beb-afd2-6ab13796deec,100182,2026-07-31T12:11:04.978728+00:00,43.13,408.0,120.3,42.8
c212dcbf-3b59-4beb-afd2-6ab13796deec,100182,2026-07-31T13:11:04.978728+00:00,30.34,408.9,85.7,40.9
c212dcbf-3b59-4beb-afd2-6ab13796deec,100182,2026-07-31T14:11:04.978728+00:00,57.1,407.9,161.2,45.7
c212dcbf-3b59-4beb-afd2-6ab13796deec,100182,2026-07-31T15:11:04.978728+00:00,31.01,410.6,86.3,44.0
c212dcbf-3b59-4beb-afd2-6ab13796deec,100182,2026-07-31T16:11:04.978728+00:00,48.99,409.1,140.2,45.1
c212dcbf-3b59-4beb-afd2-6ab13796deec,100182,2026-07-31T17:11:04.978728+00:00,57.0,406.6,161.5,41.0
c212dcbf-3b59-4beb-afd2-6ab13796deec,100182,2026-07-31T18:11:04.978728+00:00,73.62,402.8,211.8,44.1
c212dcbf-3b59-4beb-afd2-6ab13796deec,100182,2026-07-31T19:11:04.978728+00:00,57.35,406.5,162.8,39.5
c212dcbf-3b59-4beb-afd2-6ab13796deec,100182,2026-07-31T20:11:04.978728+00:00,72.09,405.1,203.7,46.0
c2734b55-9056-44bf-946f-2bec8ba07b66,101074,2026-07-30T21:11:04.978728+00:00,73.38,405.8,103.0,43.5
c2734b55-9056-44bf-946f-2bec8ba07b66,101074,2026-07-30T22:11:04.978728+00:00,65.77,404.0,93.5,39.9
c2734b55-9056-44bf-946f-2bec8ba07b66,101074,2026-07-30T23:11:04.978728+00:00,36.91,408.8,52.7,37.2
c2734b55-9056-44bf-946f-2bec8ba07b66,101074,2026-07-31T00:11:04.978728+00:00,37.01,408.3,54.3,34.8
c2734b55-9056-44bf-946f-2bec8ba07b66,101074,2026-07-31T01:11:04.978728+00:00,32.37,409.6,46.6,37.0
c2734b55-9056-44bf-946f-2bec8ba07b66,101074,2026-07-31T02:11:04.978728+00:00,50.46,408.8,73.1,37.9
c2734b55-9056-44bf-946f-2bec8ba07b66,101074,2026-07-31T03:11:04.978728+00:00,33.42,410.1,48.8,34.8
c2734b55-9056-44bf-946f-2bec8ba07b66,101074,2026-07-31T04:11:04.978728+00:00,33.4,408.4,47.5,36.7
c2734b55-9056-44bf-946f-2bec8ba07b66,101074,2026-07-31T05:11:04.978728+00:00,34.74,409.9,48.5,35.4
c2734b55-9056-44bf-946f-2bec8ba07b66,101074,2026-07-31T06:11:04.978728+00:00,37.91,408.8,55.0,36.8
c2734b55-9056-44bf-946f-2bec8ba07b66,101074,2026-07-31T07:11:04.978728+00:00,51.91,407.1,75.5,40.8
c2734b55-9056-44bf-946f-2bec8ba07b66,101074,2026-07-31T08:11:04.978728+00:00,39.09,407.9,53.5,35.5
c2734b55-9056-44bf-946f-2bec8ba07b66,101074,2026-07-31T09:11:04.978728+00:00,35.54,407.9,51.6,37.1
c2734b55-9056-44bf-946f-2bec8ba07b66,101074,2026-07-31T10:11:04.978728+00:00,27.47,411.5,40.0,34.2
c2734b55-9056-44bf-946f-2bec8ba07b66,101074,2026-07-31T11:11:04.978728+00:00,33.66,411.6,48.9,39.7
c2734b55-9056-44bf-946f-2bec8ba07b66,101074,2026-07-31T12:11:04.978728+00:00,46.74,409.5,65.5,47.9
c2734b55-9056-44bf-946f-2bec8ba07b66,101074,2026-07-31T13:11:04.978728+00:00,43.12,407.7,62.8,44.7
c2734b55-9056-44bf-946f-2bec8ba07b66,101074,2026-07-31T14:11:04.978728+00:00,49.7,408.7,69.3,41.7
c2734b55-9056-44bf-946f-2bec8ba07b66,101074,2026-07-31T15:11:04.978728+00:00,53.08,406.9,76.5,48.3
c2734b55-9056-44bf-946f-2bec8ba07b66,101074,2026-07-31T16:11:04.978728+00:00,40.22,410.6,55.3,42.7
c2734b55-9056-44bf-946f-2bec8ba07b66,101074,2026-07-31T17:11:04.978728+00:00,37.64,407.7,52.3,34.8
c2734b55-9056-44bf-946f-2bec8ba07b66,101074,2026-07-31T18:11:04.978728+00:00,61.04,404.6,88.7,39.2
c2734b55-9056-44bf-946f-2bec8ba07b66,101074,2026-07-31T19:11:04.978728+00:00,54.13,408.9,76.7,40.5
c2734b55-9056-44bf-946f-2bec8ba07b66,101074,2026-07-31T20:11:04.978728+00:00,69.13,404.0,96.8,42.8
c3e7c8bc-8904-44a8-ad5d-c19a5f27b970,100016,2026-07-30T21:11:04.978728+00:00,52.73,406.9,73.5,42.1
c3e7c8bc-8904-44a8-ad5d-c19a5f27b970,100016,2026-07-30T22:11:04.978728+00:00,67.41,404.0,94.5,46.4
c3e7c8bc-8904-44a8-ad5d-c19a5f27b970,100016,2026-07-30T23:11:04.978728+00:00,32.49,411.4,44.2,40.2
c3e7c8bc-8904-44a8-ad5d-c19a5f27b970,100016,2026-07-31T00:11:04.978728+00:00,46.6,406.5,68.1,41.9
c3e7c8bc-8904-44a8-ad5d-c19a5f27b970,100016,2026-07-31T01:11:04.978728+00:00,51.75,407.3,72.3,41.2
c3e7c8bc-8904-44a8-ad5d-c19a5f27b970,100016,2026-07-31T02:11:04.978728+00:00,32.07,411.9,45.8,38.9
c3e7c8bc-8904-44a8-ad5d-c19a5f27b970,100016,2026-07-31T03:11:04.978728+00:00,48.38,406.1,68.5,43.2
c3e7c8bc-8904-44a8-ad5d-c19a5f27b970,100016,2026-07-31T04:11:04.978728+00:00,61.54,406.9,86.9,44.0
c3e7c8bc-8904-44a8-ad5d-c19a5f27b970,100016,2026-07-31T05:11:04.978728+00:00,50.58,408.2,70.7,39.9
c3e7c8bc-8904-44a8-ad5d-c19a5f27b970,100016,2026-07-31T06:11:04.978728+00:00,46.12,409.6,64.4,39.3
c3e7c8bc-8904-44a8-ad5d-c19a5f27b970,100016,2026-07-31T07:11:04.978728+00:00,39.74,407.7,54.8,37.5
c3e7c8bc-8904-44a8-ad5d-c19a5f27b970,100016,2026-07-31T08:11:04.978728+00:00,46.59,407.1,66.2,40.8
c3e7c8bc-8904-44a8-ad5d-c19a5f27b970,100016,2026-07-31T09:11:04.978728+00:00,33.13,411.8,44.7,37.6
c3e7c8bc-8904-44a8-ad5d-c19a5f27b970,100016,2026-07-31T10:11:04.978728+00:00,30.2,412.4,44.1,38.5
c3e7c8bc-8904-44a8-ad5d-c19a5f27b970,100016,2026-07-31T11:11:04.978728+00:00,33.1,409.1,44.7,41.8
c3e7c8bc-8904-44a8-ad5d-c19a5f27b970,100016,2026-07-31T12:11:04.978728+00:00,50.93,408.2,70.1,49.1
c3e7c8bc-8904-44a8-ad5d-c19a5f27b970,100016,2026-07-31T13:11:04.978728+00:00,41.68,408.8,58.9,48.4
c3e7c8bc-8904-44a8-ad5d-c19a5f27b970,100016,2026-07-31T14:11:04.978728+00:00,36.51,409.4,49.6,42.8
c3e7c8bc-8904-44a8-ad5d-c19a5f27b970,100016,2026-07-31T15:11:04.978728+00:00,40.42,408.2,55.8,47.6
c3e7c8bc-8904-44a8-ad5d-c19a5f27b970,100016,2026-07-31T16:11:04.978728+00:00,38.99,409.1,56.2,44.1
c3e7c8bc-8904-44a8-ad5d-c19a5f27b970,100016,2026-07-31T17:11:04.978728+00:00,43.25,408.2,61.5,38.5
c3e7c8bc-8904-44a8-ad5d-c19a5f27b970,100016,2026-07-31T18:11:04.978728+00:00,82.01,402.9,116.7,48.0
c3e7c8bc-8904-44a8-ad5d-c19a5f27b970,100016,2026-07-31T19:11:04.978728+00:00,67.63,405.9,97.2,45.7
c3e7c8bc-8904-44a8-ad5d-c19a5f27b970,100016,2026-07-31T20:11:04.978728+00:00,71.59,404.0,103.8,44.6
1ea40088-6d74-41cc-bc14-873564b3d3ab,100328,2026-07-30T21:11:04.978728+00:00,50.76,407.4,73.1,41.9
1ea40088-6d74-41cc-bc14-873564b3d3ab,100328,2026-07-30T22:11:04.978728+00:00,61.84,405.2,89.5,44.3
1ea40088-6d74-41cc-bc14-873564b3d3ab,100328,2026-07-30T23:11:04.978728+00:00,45.88,408.0,66.4,40.5
1ea40088-6d74-41cc-bc14-873564b3d3ab,100328,2026-07-31T00:11:04.978728+00:00,62.83,405.8,88.6,45.8
1ea40088-6d74-41cc-bc14-873564b3d3ab,100328,2026-07-31T01:11:04.978728+00:00,30.9,410.7,42.3,38.7
1ea40088-6d74-41cc-bc14-873564b3d3ab,100328,2026-07-31T02:11:04.978728+00:00,39.37,407.2,57.0,38.7
1ea40088-6d74-41cc-bc14-873564b3d3ab,100328,2026-07-31T03:11:04.978728+00:00,52.38,405.8,72.8,43.7
1ea40088-6d74-41cc-bc14-873564b3d3ab,100328,2026-07-31T04:11:04.978728+00:00,53.14,405.3,76.9,43.5
1ea40088-6d74-41cc-bc14-873564b3d3ab,100328,2026-07-31T05:11:04.978728+00:00,52.57,408.0,75.9,41.6
1ea40088-6d74-41cc-bc14-873564b3d3ab,100328,2026-07-31T06:11:04.978728+00:00,40.65,407.3,57.9,41.1
1ea40088-6d74-41cc-bc14-873564b3d3ab,100328,2026-07-31T07:11:04.978728+00:00,52.69,406.7,75.8,43.7
1ea40088-6d74-41cc-bc14-873564b3d3ab,100328,2026-07-31T08:11:04.978728+00:00,37.01,410.7,50.7,41.2
1ea40088-6d74-41cc-bc14-873564b3d3ab,100328,2026-07-31T09:11:04.978728+00:00,53.47,408.4,74.5,45.3
1ea40088-6d74-41cc-bc14-873564b3d3ab,100328,2026-07-31T10:11:04.978728+00:00,50.86,408.5,70.6,43.3
1ea40088-6d74-41cc-bc14-873564b3d3ab,100328,2026-07-31T11:11:04.978728+00:00,48.77,409.3,69.0,51.0
1ea40088-6d74-41cc-bc14-873564b3d3ab,100328,2026-07-31T12:11:04.978728+00:00,31.58,412.2,42.5,45.3
1ea40088-6d74-41cc-bc14-873564b3d3ab,100328,2026-07-31T13:11:04.978728+00:00,60.07,406.7,85.7,47.4
1ea40088-6d74-41cc-bc14-873564b3d3ab,100328,2026-07-31T14:11:04.978728+00:00,37.99,408.4,52.1,48.9
1ea40088-6d74-41cc-bc14-873564b3d3ab,100328,2026-07-31T15:11:04.978728+00:00,51.02,407.9,72.3,48.2
1ea40088-6d74-41cc-bc14-873564b3d3ab,100328,2026-07-31T16:11:04.978728+00:00,48.78,409.0,67.8,46.5
1ea40088-6d74-41cc-bc14-873564b3d3ab,100328,2026-07-31T17:11:04.978728+00:00,57.37,405.7,81.7,43.4
1ea40088-6d74-41cc-bc14-873564b3d3ab,100328,2026-07-31T18:11:04.978728+00:00,82.33,403.0,116.8,49.9
1ea40088-6d74-41cc-bc14-873564b3d3ab,100328,2026-07-31T19:11:04.978728+00:00,67.07,403.8,95.1,46.1
1ea40088-6d74-41cc-bc14-873564b3d3ab,100328,2026-07-31T20:11:04.978728+00:00,69.93,404.2,98.8,47.3
